date,open,high,low,close,volume,position,settle,ret,rvol20,rvol60,rvol20_rel,pos_chg_5d,pos_chg_5d_pct,pos_chg_20d,pos_chg_20d_pct,pos_price_diverge,vol_chg_5d_pct,vol_chg_20d_pct,spot_price,near_basis_abs,basis_abs,near_basis_rate,basis_rate,basis_rate_chg5,basis_turn,spot_close_gap_pct,vol_rel,amt_proxy,amt_rel,IC_roll,dev_median,dev_mean,dev_p90,alpha_cv_roll,beta_cv_roll,alert_level,flags,fwd20_ret,fwd20_dir,fwd20_up_ratio,regime_gt
2024-02-01,98850.0,99950.0,98000.0,99600.0,58995,145032,99300.0,0.004538577912254205,2.149804035765685,3.187493937017209,,-4135.0,-2.772060844556772,-3950.0,-2.651327005947027,1.0,-30.663454192865956,-69.72364065587232,97050.0,1050.0,-2550.0,1.09,-2.56,2.23,-1.0,-2.5602409638554215,0.5159604915683599,5875902000.0,0.5089325654158577,,,,,,,OK,-,0.1380522088353413,1.0,0.65,VALID
2024-02-02,99600.0,101500.0,99300.0,100150.0,71323,135549,100400.0,0.005522088353413723,2.1117377676774107,3.19064677961228,,-12699.0,-8.566051481301603,-18714.0,-12.131230431146808,1.0,-11.72459032625377,-60.885469223007064,97050.0,1250.0,-3100.0,1.3,-3.1,1.02,-1.0,-3.09535696455317,0.6556079607240063,7142998450.0,0.6491699522200678,,,,,,,OK,-,0.16225661507738387,1.0,0.65,VALID
2024-02-05,100400.0,101250.0,99550.0,100450.0,45180,132983,100550.0,0.0029955067398901303,2.0794956318959548,3.1525765618101094,,-11745.0,-8.115223039080206,-24741.0,-15.686262078060409,1.0,-41.56826735298302,-69.23328362172873,97050.0,750.0,-3400.0,0.78,-3.38,1.7199999999999998,-1.0,-3.3847685415629667,0.435655689293988,4538331000.0,0.4315430526986991,,,,,,,OK,-,0.1931309109009458,1.0,0.65,VALID
2024-02-06,100450.0,100650.0,96400.0,97150.0,110907,142239,98250.0,-0.03285216525634649,2.1800252262062827,3.122763664946952,,1121.0,0.7943706685185449,-19799.0,-12.21873881435219,-1.0,101.95753514458445,-45.46299437945329,97050.0,1800.0,-100.0,1.89,-0.1,4.11,-1.0,-0.1029336078229542,1.1193337306431321,10774615050.0,1.0721946842107508,,,,,,,OK,-,0.22285126093669594,1.0,0.65,VALID
2024-02-07,97100.0,98350.0,97050.0,97650.0,42570,136452,97750.0,0.00514668039114774,2.170761354587881,3.122006701142744,,-13936.0,-9.266696810915764,-22550.0,-14.182211544508874,1.0,-58.26920626206977,-60.270277837403995,97050.0,3250.0,-600.0,3.46,-0.61,1.81,-1.0,-0.6144393241167435,0.44411245841335945,4156960500.0,0.42712262495961023,,,,,,,OK,-,0.1479774705581156,1.0,0.6,VALID
2024-02-08,97600.0,99000.0,95800.0,96300.0,57952,138228,97150.0,-0.01382488479262678,1.4488177108497844,3.1226267967550023,,-6804.0,-4.691378454410061,-19058.0,-12.11678089594751,1.0,-1.7679464361386565,-72.97367881060309,97050.0,4800.0,750.0,5.2,0.78,3.34,1.0,0.778816199376947,0.6583187834188909,5580777600.0,0.6278307735116774,,,,,,,OK,-,0.19470404984423673,1.0,0.65,VALID
2024-02-19,97000.0,97950.0,94550.0,94750.0,66470,148907,96050.0,-0.016095534787123555,1.4414519745562508,3.1244216424872273,,13358.0,9.85473887671617,-7007.0,-4.494144207704247,-1.0,-6.804256691389876,-53.38873111040987,96900.0,5700.0,2150.0,6.25,2.27,5.37,1.0,2.2691292875989446,0.7892091938656112,6298032500.0,0.7435220252525475,,,,,,,OK,-,0.23377308707124,1.0,0.7,VALID
2024-02-20,95000.0,95500.0,92450.0,92800.0,103744,173155,93650.0,-0.02058047493403692,1.4855934154620472,3.124420467168231,,40172.0,30.208372498740438,16185.0,10.310887430719246,-1.0,129.62372731297035,0.68518410683438,96750.0,6750.0,3950.0,7.5,4.26,7.64,1.0,4.256465517241379,1.2312534529013865,9627443200.0,1.1424960572149832,,,,,,,OK,-,0.2386853448275863,1.0,0.7,VALID
2024-02-21,92700.0,103000.0,92700.0,96900.0,324538,165643,97550.0,0.044181034482758674,1.7563897263203576,3.191200013451566,,23404.0,16.45399644260716,6165.0,3.865736966854362,-1.0,192.62174614767326,196.3357286996539,96150.0,-3100.0,-750.0,-3.12,-0.77,-0.67,-1.0,-0.7739938080495357,3.4158335078765476,31447732200.0,3.335301646133861,,,,,,,OK,-,0.2094943240454077,1.0,0.7,VALID
2024-02-22,96950.0,98450.0,96600.0,97650.0,119458,166013,97600.0,0.007739938080495445,1.7099668906660135,3.1702132538748,,29561.0,21.66402837627884,9440.0,6.029136568884801,1.0,180.61545689452666,-9.35593529001123,96150.0,2150.0,-1500.0,2.29,-1.54,-0.93,-1.0,-1.5360983102918586,1.2655333953433185,11665073700.0,1.248732098668021,,,,,,,OK,-,0.20174091141833084,1.0,0.7,VALID
2024-02-23,98150.0,103000.0,98150.0,101800.0,206120,173784,100350.0,0.042498719918074856,1.9727222332061873,3.1501419371936734,,35556.0,25.72271898602309,19190.0,12.413159631033546,1.0,255.67366096079516,63.943814326392314,96250.0,-1350.0,-5550.0,-1.38,-5.45,-6.23,-1.0,-5.451866404715128,2.094436614637685,20983016000.0,2.152773672476899,,,,,,,OK,-,0.12328094302554038,1.0,0.65,VALID
2024-02-26,102000.0,104750.0,101250.0,102300.0,215205,179602,103150.0,0.004911591355599265,1.9621870909142198,3.1514061431385234,,30695.0,20.613537308521426,24524.0,15.81397748229923,1.0,223.76259966902361,146.46403334974863,96650.0,-2100.0,-5650.0,-2.13,-5.52,-7.789999999999999,-1.0,-5.52297165200391,2.0533358776805093,22015471500.0,2.1158460051310075,,,,,,,OK,-,0.04985337243401755,1.0,0.6,VALID
2024-02-27,102300.0,107600.0,101000.0,106650.0,246221,191979,104400.0,0.04252199413489732,2.1337717222461254,3.204927902860702,,18824.0,10.871184776645203,39727.0,26.092924887686202,1.0,137.33517119062307,127.07201682144733,97100.0,-5050.0,-9550.0,-4.94,-8.95,-13.209999999999999,-1.0,-8.954524144397562,2.2043673548683986,26259469650.0,2.3494904012999647,,,,,,,OK,-,0.016408813877168305,1.0,0.6,VALID
2024-02-28,107800.0,112250.0,107150.0,108000.0,376684,190062,109150.0,0.012658227848101333,2.1033403626383103,3.119341423843545,,24419.0,14.741945026351852,41774.0,28.170856711264562,1.0,16.06776402147052,306.7510366275052,98000.0,-6450.0,-10000.0,-6.18,-9.26,-8.49,-1.0,-9.25925925925926,2.9919134683127258,40681872000.0,3.193625886394215,,,,,,,OK,-,0.0037037037037037646,1.0,0.55,VALID
2024-02-29,108450.0,119800.0,108450.0,119200.0,590362,209410,115100.0,0.10370370370370363,3.08049873948793,3.375113884000801,,43397.0,26.140723919211144,61011.0,41.11281073322596,1.0,394.20047213246494,714.0902948233542,99500.0,-15000.0,-19700.0,-13.1,-16.53,-14.990000000000002,-1.0,-16.526845637583893,3.889259642578803,70371150400.0,4.429785276593479,,,,,,,OK,-,-0.08976510067114096,-1.0,0.55,VALID
2024-03-01,119200.0,121000.0,116400.0,119450.0,445315,205233,118700.0,0.002097315436241587,3.0556272390395387,3.350483498180432,,31449.0,18.096602679187956,56066.0,37.5860612601983,1.0,116.04647777993402,423.3766233766234,102500.0,-13200.0,-16950.0,-11.41,-14.19,-8.739999999999998,-1.0,-14.190037672666387,2.6225174377106835,53192876750.0,2.9364998110030656,,,,,,,OK,-,-0.1038091251569695,-1.0,0.5,VALID
2024-03-04,121000.0,125000.0,115250.0,117600.0,669592,208233,120150.0,-0.015487651737128516,3.084547404820241,3.3266707105106534,,28631.0,15.94135922762553,59985.0,40.462603205439535,1.0,211.1414697613903,728.7439972275855,106000.0,-6000.0,-11600.0,-5.36,-9.86,-4.34,-1.0,-9.863945578231291,3.3606599338901706,78744019200.0,3.637981322678945,,,,,,,OK,-,-0.04251700680272108,-1.0,0.55,VALID
2024-03-05,118200.0,118950.0,111500.0,111550.0,472377,202406,115350.0,-0.05144557823129248,3.3569884229537683,3.350327521330445,,10427.0,5.431323217643596,57678.0,39.85268918246642,1.0,91.8508169490011,510.929760349711,107500.0,-1600.0,-4050.0,-1.47,-3.63,5.319999999999999,-1.0,-3.630658897355446,2.1570021507143933,52693654350.0,2.20609243937916,,,,,,,OK,-,-0.004930524428507388,-1.0,0.55,VALID
2024-03-06,110800.0,115200.0,109400.0,114000.0,507862,212004,112700.0,0.02196324518153303,3.3594923519231066,3.280312144008704,,21942.0,11.544653849796383,70886.0,50.2317209711022,1.0,34.824415159656375,824.7978731153033,107500.0,-3000.0,-6500.0,-2.71,-5.7,3.5599999999999996,-1.0,-5.701754385964912,2.101692446293995,57896268000.0,2.184517300884624,,,,,,,OK,-,-0.019298245614035037,-1.0,0.55,VALID
2024-03-07,115000.0,116450.0,111800.0,113000.0,365677,215643,114150.0,-0.00877192982456143,3.3288823902035727,3.247172350924174,,6233.0,2.976457666778091,65255.0,43.39109503417826,-1.0,-38.05885202638382,258.4682044093284,108500.0,-2650.0,-4500.0,-2.38,-3.98,12.55,-1.0,-3.982300884955752,1.4349976219216443,41321501000.0,1.4724360722693945,,,,,,,OK,-,0.004424778761061843,1.0,0.6,VALID
2024-03-08,113200.0,114100.0,111100.0,113350.0,314274,217323,112700.0,0.003097345132743401,3.329615365081401,3.2444294413132653,,12090.0,5.890865504085601,72291.0,49.844861823597554,-1.0,-29.42658567530849,432.71294177472663,108900.0,200.0,-4450.0,0.18,-3.93,10.26,-1.0,-3.925893250992501,1.1744541260738615,35622957900.0,1.205485642722418,,,,,,,OK,-,0.0070577856197617805,1.0,0.6,VALID
2024-03-11,112750.0,117100.0,111400.0,116400.0,362739,229549,115100.0,0.026907807675341955,3.3588341326926203,3.2344419769030996,,21316.0,10.236609951352571,94000.0,69.34761599126516,-1.0,-45.826861730725575,408.58629053741436,109250.0,-3050.0,-7150.0,-2.72,-6.14,3.7199999999999998,-1.0,-6.142611683848797,1.2855683970593526,42222819600.0,1.3487692506505646,,,,,,,OK,-,-0.0038659793814432852,-1.0,0.6,VALID
2024-03-12,117950.0,120000.0,116600.0,119850.0,369891,229075,118350.0,0.029639175257731853,3.3903450312830596,3.1345368881614113,,26669.0,13.175992806537357,96092.0,72.25886015505742,1.0,-21.695806527413485,718.7051792828685,110000.0,-4800.0,-9850.0,-4.18,-8.22,-4.590000000000001,-1.0,-8.218606591572799,1.23958982285063,44331436350.0,1.3314999852382268,,,,,,,OK,-,-0.06132665832290363,-1.0,0.55,VALID
2024-03-13,121200.0,121950.0,118600.0,118800.0,341890,226877,120550.0,-0.008760951188986232,3.273093631485839,3.0488024646907013,,14873.0,7.01543367106281,84638.0,59.50407412875512,1.0,-32.6805313254388,208.26728700623045,111000.0,-5300.0,-7800.0,-4.56,-6.57,-0.8700000000000001,-1.0,-6.565656565656567,1.1030593774001076,40616532000.0,1.1675962404999678,,,,,,,OK,-,-0.05555555555555558,-1.0,0.55,VALID
2024-03-14,119500.0,119800.0,111150.0,112100.0,433149,210848,115800.0,-0.056397306397306446,3.6000804776528996,3.099924417120784,,-4795.0,-2.223582495142434,74396.0,54.52173658136195,1.0,18.451256163226027,917.4982381959126,112250.0,2700.0,150.0,2.46,0.13,4.11,1.0,0.13380909901873325,1.3146602483944203,48556002900.0,1.3120972559719577,,,,,,,OK,-,-0.003122212310437078,-1.0,0.55,VALID
2024-03-15,112300.0,115200.0,112100.0,115050.0,322636,206667,113500.0,0.026315789473684292,3.5866411143831587,2.7702628116107935,,-10656.0,-4.903300617053878,68439.0,49.51167636079521,-1.0,2.6607355365063645,456.7297073440089,112250.0,-2100.0,-2800.0,-1.84,-2.43,1.5,-1.0,-2.4337244676227727,0.9414251457937347,37119271800.0,0.9620546425592935,,,,,,,OK,-,-0.059973924380704036,-1.0,0.5,VALID
2024-03-18,114700.0,119000.0,114550.0,116900.0,333726,205503,117100.0,0.016079965232507654,3.537450019958132,2.7716299616656896,,-24046.0,-10.475323351441304,56596.0,38.00761549154842,-1.0,-7.998312836502275,402.07010681510457,112550.0,-3200.0,-4350.0,-2.76,-3.72,2.4199999999999995,-1.0,-3.721129170230967,0.9372403973342545,39012569400.0,0.9700020938295549,,,,,,,OK,-,-0.06415739948674082,-1.0,0.5,VALID
2024-03-19,116150.0,118200.0,114100.0,114950.0,258624,202175,116050.0,-0.01668092386655262,3.520076024257607,2.772968842322116,,-26900.0,-11.742878969769727,29020.0,16.759550691576912,1.0,-30.081023869193903,149.29056138186306,112550.0,-1450.0,-2400.0,-1.27,-2.09,6.130000000000001,-1.0,-2.0878642888212267,0.7108628788649238,29728828800.0,0.721151217949376,,,,,,,OK,-,-0.05698129621574599,-1.0,0.5,VALID
2024-03-20,114450.0,117550.0,113700.0,117200.0,250314,204597,115800.0,0.01957372770769905,3.4413653623057905,2.7699767068794525,,-22280.0,-9.82029910480128,38954.0,23.51684043394529,1.0,-26.785223317441286,-22.8706653766277,112550.0,-3650.0,-4650.0,-3.14,-3.97,2.6,-1.0,-3.967576791808874,0.6951123808614024,29336800800.0,0.713468244327016,,,,,,,OK,-,-0.08105802047781574,-1.0,0.45,VALID
2024-03-21,118000.0,118850.0,116300.0,117350.0,223038,208023,117500.0,0.0012798634812287712,3.446732695681239,2.7663836995458846,,-2825.0,-1.3398277432083776,42010.0,25.305247179437757,-1.0,-48.50778831302854,86.70829915116609,112550.0,-3850.0,-4800.0,-3.31,-4.09,-4.22,-1.0,-4.090328078397955,0.6105865888753105,26173509300.0,0.6255020656170452,,,,,,,OK,-,-0.07498934810396252,-1.0,0.45,VALID
2024-03-22,117200.0,117350.0,113050.0,114350.0,243895,200633,115000.0,-0.02556455048998718,3.4427449915169723,2.785127064995857,,-6034.0,-2.9196727102053064,26849.0,15.449638631864843,1.0,-24.405522012422665,18.326702891519496,112550.0,-950.0,-1800.0,-0.84,-1.57,0.8600000000000001,-1.0,-1.5741145605596851,0.6642499166947075,27889393250.0,0.6610533918629,,,,,,,OK,-,-0.04547442063839091,-1.0,0.5,VALID
2024-03-25,114650.0,114800.0,107200.0,107400.0,323927,206188,111200.0,-0.060778312199387896,3.756561260390804,2.8695380193882305,,685.0,0.33332846722432274,26586.0,14.802730481843188,-1.0,-2.936241107974802,50.52020166817685,112450.0,5950.0,5050.0,5.59,4.7,8.42,1.0,4.702048417132216,0.8693467815447077,34789759800.0,0.8123127776970287,,,,,,,OK,-,0.027932960893854775,1.0,0.55,VALID
2024-03-26,107900.0,109600.0,106550.0,108400.0,265201,200797,107850.0,0.009310986964618184,3.6448594705784036,2.842722829176424,,-1378.0,-0.6815877333992828,8818.0,4.593210715755369,1.0,2.5430741153180003,7.708522018836739,110500.0,3250.0,2100.0,3.03,1.94,4.029999999999999,1.0,1.9372693726937271,0.7099313588374944,28747788400.0,0.669293323161403,,,,,,,OK,-,0.011070110701107083,1.0,0.5,VALID
2024-03-27,109350.0,109400.0,105800.0,108400.0,284502,201977,107550.0,0.0,3.6353265601606086,2.832113705034886,,-2620.0,-1.280566186209964,11915.0,6.269006955625006,1.0,13.65804549485845,-24.47197120132525,109750.0,2550.0,1350.0,2.38,1.25,5.220000000000001,1.0,1.2453874538745386,0.7711135573955843,30840016800.0,0.7263249385747522,,,,,,,OK,-,0.013837638376383854,1.0,0.55,VALID
2024-03-28,108800.0,109600.0,107000.0,108500.0,199520,199818,108350.0,0.0009225092250921829,2.7138167427531537,2.782863595792848,,-8205.0,-3.944275392624854,-9592.0,-4.580488037820543,1.0,-10.544391538661568,-66.20378682909808,109750.0,2350.0,1250.0,2.19,1.15,5.24,1.0,1.1520737327188941,0.571023886296643,21647920000.0,0.5408708229122537,,,,,,,OK,-,0.06820276497695854,1.0,0.55,VALID
2024-03-29,108900.0,109700.0,106350.0,107050.0,204922,196813,107900.0,-0.013364055299539213,2.7165496467515817,2.7831092937311697,,-3820.0,-1.9039739225351762,-8420.0,-4.10265405660883,1.0,-15.979417372229854,-53.982686412988556,109750.0,4450.0,2700.0,4.23,2.52,4.09,1.0,2.5221858944418494,0.6073782158098189,21936900100.0,0.5703614931602399,,,,,,,OK,-,0.04110228865016352,1.0,0.55,VALID
2024-04-01,107100.0,112850.0,106000.0,112600.0,273984,200099,109750.0,0.051844932274637934,2.985098158610889,2.859398745610513,,-6089.0,-2.953130153064194,-8134.0,-3.9062012265106874,-1.0,-15.41797997697012,-59.081948410375276,109750.0,-150.0,-2850.0,-0.14,-2.53,-7.23,-1.0,-2.5310834813499112,0.8626499256629411,30850598400.0,0.8553756173271566,,,,,,,OK,-,-0.001776198934280604,-1.0,0.55,VALID
2024-04-02,112800.0,112950.0,110500.0,111000.0,186425,191181,111550.0,-0.014209591474245165,2.766925562373559,2.8635720523242014,,-9616.0,-4.788916169066271,-11225.0,-5.545784215882929,-1.0,-29.704262050293927,-60.53470003831685,110750.0,750.0,-250.0,0.68,-0.23,-2.17,-1.0,-0.22522522522522523,0.6146355970034598,20693175000.0,0.6003816295454325,,,,,,,OK,-,0.02612612612612608,1.0,0.6,VALID
2024-04-03,111550.0,113650.0,110700.0,111800.0,199227,183070,112300.0,0.007207207207207134,2.7249714574609833,2.8639681066514577,,-18907.0,-9.360966842759325,-28934.0,-13.647855700835834,-1.0,-29.97342725182951,-60.77143003414314,111050.0,550.0,-750.0,0.5,-0.67,-1.92,-1.0,-0.6708407871198568,0.6920534580528109,22273578600.0,0.6814499473647054,,,,,,,OK,-,0.0022361359570661765,1.0,0.55,VALID
2024-04-08,112500.0,115350.0,112050.0,113500.0,178332,183798,113650.0,0.015205724508050134,2.7399117548883747,2.8608951908776827,,-16020.0,-8.017295739122602,-31845.0,-14.767462890054395,-1.0,-10.61948676824378,-51.23237173789984,111850.0,-1500.0,-1650.0,-1.32,-1.45,-2.5999999999999996,-1.0,-1.4537444933920705,0.6403055105942032,20240682000.0,0.6398894989042618,,,,,,,OK,-,-0.01585903083700435,-1.0,0.5,VALID
2024-04-09,114000.0,114850.0,112050.0,114150.0,159011,184198,113650.0,0.005726872246696102,2.7418127923325795,2.753860930822202,,-12615.0,-6.4096375747537,-33125.0,-15.24228912724378,-1.0,-22.404134255960805,-49.40370504718812,112000.0,-1000.0,-2150.0,-0.88,-1.88,-4.4,-1.0,-1.8834866403854578,0.5873033431684448,18151105650.0,0.5901275874354209,,,,,,,OK,-,-0.05081033727551465,-1.0,0.45,VALID
2024-04-10,114850.0,117350.0,114650.0,115950.0,180964,184304,116050.0,0.01576872536136653,2.696744893434823,2.7458531405732987,,-15795.0,-7.893592671627545,-45245.0,-19.710388631621136,-1.0,-33.95088764307405,-50.11178836573955,113250.0,-1250.0,-2700.0,-1.09,-2.33,0.19999999999999973,-1.0,-2.3285899094437257,0.6916026934302636,20982775800.0,0.7065875426322268,,,,,,,OK,-,-0.07632600258732214,-1.0,0.4,VALID
2024-04-11,115600.0,115700.0,107800.0,112500.0,195122,180154,112750.0,-0.02975420439844756,2.6819676109785804,2.7691391671316974,,-11027.0,-5.767832577505087,-48921.0,-21.355887809669323,-1.0,4.665146841893519,-47.24878410126227,113250.0,1250.0,750.0,1.12,0.67,0.9,1.0,0.6666666666666667,0.7714757742997848,21951225000.0,0.7681451920582982,,,,,,,OK,-,-0.06666666666666665,-1.0,0.4,VALID
2024-04-12,111050.0,113400.0,110550.0,112200.0,126606,178440,112350.0,-0.002666666666666706,2.678314480186478,2.762767931770908,,-4630.0,-2.5290872343912163,-48437.0,-21.34945366872799,-1.0,-36.45138460148474,-62.968791131650526,112750.0,1150.0,550.0,1.03,0.49,1.1600000000000001,1.0,0.49019607843137253,0.5228277197057685,14205193200.0,0.5211699557880167,,,,,,,OK,-,-0.08199643493761144,-1.0,0.4,VALID
2024-04-15,113200.0,113900.0,111500.0,111750.0,107237,179104,112400.0,-0.004010695187165791,2.3609191012040416,2.758783411378202,,-4694.0,-2.5538906843382407,-31744.0,-15.05539535589619,1.0,-39.86665320862212,-75.24246852699649,112750.0,1500.0,1000.0,1.35,0.89,2.34,1.0,0.8948545861297539,0.4747927538506597,11983734750.0,0.4712858522738845,,,,,,,OK,-,-0.06935123042505598,-1.0,0.45,VALID
2024-04-16,111400.0,111650.0,106850.0,108150.0,176355,179955,109100.0,-0.03221476510067112,2.3816604780190027,2.6511639379672705,,-4243.0,-2.3034994951085244,-26712.0,-12.925140443321867,1.0,10.907421499141567,-45.33932977101129,111500.0,5300.0,3350.0,4.99,3.1,4.98,1.0,3.0975496994914473,0.8069446058643786,19072793250.0,0.7776745621599443,,,,,,,OK,-,-0.015718908922792374,-1.0,0.5,VALID
2024-04-17,108400.0,109950.0,108150.0,109400.0,98410,175021,109200.0,0.0115580212667592,2.364864936441664,2.6433394540926374,,-9283.0,-5.0367870474867615,-30482.0,-14.832873486031833,1.0,-45.61901814725581,-70.51173717360949,111500.0,2900.0,2100.0,2.67,1.92,4.25,1.0,1.9195612431444242,0.4759145916835606,10766054000.0,0.4657989578096531,,,,,,,OK,-,-0.031078610603290646,-1.0,0.45,VALID
2024-04-18,109900.0,111850.0,108250.0,108400.0,131581,174354,110050.0,-0.009140767824497242,2.3479273796525777,2.6435974068175483,,-5800.0,-3.2194677886696934,-27821.0,-13.760850748114256,1.0,-32.56475435881141,-49.12266456322693,111500.0,4000.0,3100.0,3.72,2.86,2.19,1.0,2.859778597785978,0.6564979607456319,14263380400.0,0.6384734028661326,,,,,,,OK,-,-0.01568265682656822,-1.0,0.5,VALID
2024-04-19,108200.0,110500.0,106100.0,107700.0,172997,176344,108150.0,-0.0064575645756457245,2.289584847882308,2.6320104264140967,,-2096.0,-1.174624523649406,-28253.0,-13.809097885110729,1.0,36.64202328483641,-30.888004666139324,111400.0,4500.0,3700.0,4.21,3.44,2.95,1.0,3.4354688950789227,0.8801105804353622,18631776900.0,0.8544896131106707,,,,,,,OK,-,-0.0120705663881151,-1.0,0.5,VALID
2024-04-22,108600.0,110300.0,107650.0,108550.0,134200,177912,109000.0,0.00789229340761377,2.3022988854035926,2.61456340416559,,-1192.0,-0.6655351080936216,-30111.0,-14.474841724232418,1.0,25.143374022025977,-39.83088083644939,111400.0,3700.0,2850.0,3.44,2.63,1.7399999999999998,1.0,2.62551819438047,0.6985184849748257,14567410000.0,0.6863564570127514,,,,,,,OK,-,-0.02210962690004603,-1.0,0.45,VALID
2024-04-23,108650.0,110500.0,107100.0,109150.0,139477,176631,108950.0,0.005527406725011508,2.250834422344371,2.6143092653320226,,-3324.0,-1.8471284487788613,-24002.0,-11.963136672431753,-1.0,-20.9112301891072,-42.812685786916504,111250.0,3050.0,2100.0,2.82,1.92,-1.1800000000000002,1.0,1.9239578561612463,0.7462653825575174,15223914550.0,0.7393483845717518,,,,,,,OK,-,-0.014200641319285334,-1.0,0.45,VALID
2024-04-24,109800.0,112000.0,109250.0,110400.0,179713,178807,110550.0,0.011452130096197832,1.7922172703267236,2.6133047061660553,,3786.0,2.1631689911496337,-27381.0,-13.279628300386056,1.0,82.61660400365815,-44.52052468611755,111250.0,1800.0,850.0,1.64,0.77,-1.15,1.0,0.7699275362318841,1.0001318943309367,19840315200.0,0.9998386525928779,,,,,,,OK,-,-0.03804347826086951,-1.0,0.4,VALID
2024-04-25,110500.0,112650.0,108400.0,109600.0,158133,176148,110900.0,-0.007246376811594235,1.7926241343026121,2.606473750863697,,1794.0,1.0289411197907705,-24649.0,-12.275581806501092,1.0,20.17920520439882,-40.37239678583414,111750.0,3050.0,2150.0,2.81,1.96,-0.8999999999999999,1.0,1.9616788321167884,0.9070593033333927,17331376800.0,0.8992709952065493,,,,,,,OK,-,-0.041970802919708006,-1.0,0.4,VALID
2024-04-26,109800.0,110700.0,108800.0,109900.0,98463,172606,109700.0,0.0027372262773721623,1.793104754627048,2.5937229962501682,,-3738.0,-2.1197205462051447,-29371.0,-14.541754754254196,-1.0,-43.083984115331475,-65.39110445620769,111250.0,2050.0,1350.0,1.88,1.23,-2.21,1.0,1.2283894449499546,0.5966226949061086,10821083700.0,0.592230295313648,,,,,,,OK,-,-0.0427661510464058,-1.0,0.4,VALID
2024-04-29,109700.0,117150.0,109400.0,115900.0,287181,193148,113900.0,0.05459508644222022,2.158777459839999,2.682527391610533,,15236.0,8.563784342821169,-6670.0,-3.338037614228948,1.0,113.99478390462,43.93594627105053,111250.0,-3400.0,-4650.0,-2.97,-4.01,-6.64,-1.0,-4.012079378774805,1.695113241292196,33284277900.0,1.7654100633249064,,,,,,,OK,-,-0.08541846419327004,-1.0,0.4,VALID
2024-04-30,116000.0,117200.0,110550.0,111450.0,242267,179848,113250.0,-0.0383951682484901,2.32777484780667,2.729622497558985,,3217.0,1.8213110948814195,-16965.0,-8.619857428117045,1.0,73.69673853036703,18.224007183220927,111750.0,850.0,300.0,0.77,0.27,-1.65,1.0,0.2691790040376851,1.4144149272335313,27000657150.0,1.4131471601052505,,,,,,,OK,-,-0.05921938088829071,-1.0,0.4,VALID
2024-05-06,112000.0,113000.0,110850.0,112400.0,117124,185096,112000.0,0.008524001794526725,2.023923661123372,2.728408676146644,,6289.0,3.5172001096153953,-15003.0,-7.497788594645651,1.0,-34.827196696955696,-57.251518336837194,111750.0,500.0,-650.0,0.45,-0.58,-1.35,-1.0,-0.5782918149466192,0.7166122383425237,13164737600.0,0.7224455911000949,,,,,,,OK,-,-0.08629893238434161,-1.0,0.35,VALID
2024-05-07,113000.0,115250.0,112500.0,113900.0,151842,189460,113900.0,0.013345195729537407,2.0151194632436678,2.7286998667570783,,13312.0,7.557281377023867,-1721.0,-0.9001940569408049,1.0,-3.978296750203947,-18.55062357516427,111850.0,-450.0,-2050.0,-0.4,-1.8,-3.76,-1.0,-1.7998244073748904,0.9389649877776616,17294803800.0,0.9580258593819159,,,,,,,OK,-,-0.10579455662862158,-1.0,0.3,VALID
2024-05-08,114000.0,114500.0,111400.0,112050.0,118354,190964,112550.0,-0.016242317822651398,2.0480097880759214,2.735114960947332,,18358.0,10.635783228856472,7894.0,4.312011798765499,1.0,20.201497009028778,-40.59339346574511,111850.0,150.0,-200.0,0.13,-0.18,-1.41,-1.0,-0.178491744756805,0.750651128998858,13261565700.0,0.7534148686768847,,,,,,,OK,-,-0.10932619366354301,-1.0,0.3,VALID
2024-05-09,112500.0,113450.0,110050.0,111700.0,136072,193390,111850.0,-0.0031236055332440893,2.0186460048050203,2.7229024137174225,,242.0,0.1252925217967569,9592.0,5.218772783164126,-1.0,-52.61803531570681,-23.69737343830608,111500.0,500.0,-200.0,0.45,-0.18,3.8299999999999996,-1.0,-0.17905102954341987,0.8747491650083619,15199242400.0,0.8760435299917698,,0.3986754966887417,0.393177711056793,0.7026304870965064,0.0,0.0,OK,-,-0.09444941808415397,-1.0,0.35,VALID
2024-05-10,111900.0,112500.0,107200.0,108350.0,202809,195326,109450.0,-0.02999104744852288,2.1153497898141684,2.7545020360005488,,15478.0,8.606156309772697,11128.0,6.041325095820802,-1.0,-16.28698914833634,27.544006389495056,111100.0,4100.0,2750.0,3.83,2.54,2.27,1.0,2.5380710659898478,1.2856733970288188,21974355150.0,1.2527400364653396,0.0615484115064979,0.3999999999999999,0.3966705777375155,0.7026304870965064,0.0,0.0,OK,-,-0.07660359944623907,-1.0,0.35,VALID
2024-05-13,107550.0,108500.0,106000.0,107100.0,129937,198230,107200.0,-0.011536686663590201,2.079785492632603,2.759366520806373,,13134.0,7.095777326360375,13926.0,7.55599444396215,-1.0,10.939687852190838,-28.197321014124356,109750.0,3400.0,2650.0,3.2,2.47,3.0500000000000003,1.0,2.4743230625583568,0.83725530626184,13916252700.0,0.8096631091684291,0.0615484115064979,0.3999999999999999,0.3937116572254035,0.7026304870965064,0.0,0.0,OK,-,-0.09430438842203548,-1.0,0.35,VALID
2024-05-14,106750.0,108900.0,104000.0,105000.0,214774,198922,106300.0,-0.019607843137254943,2.0246793650631956,2.772672344048398,,9462.0,4.994194025124036,18768.0,10.417753699612554,-1.0,41.4457133072536,10.071647482088132,109250.0,5450.0,4250.0,5.25,4.05,5.85,1.0,4.0476190476190474,1.3751996137705649,22551270000.0,1.3097717592885263,0.0615484115064979,0.4013422818791946,0.3974581201569258,0.7026304870965064,0.0,0.0,OK,-,-0.062380952380952426,-1.0,0.4,VALID
2024-05-15,105000.0,105900.0,101650.0,103000.0,178905,201318,103600.0,-0.01904761904761909,2.0550995120414495,2.7496429382340515,,10354.0,5.421964349301439,22878.0,12.821116341627437,-1.0,51.1609240076381,41.308468792948204,107750.0,5550.0,4750.0,5.43,4.61,4.79,1.0,4.611650485436893,1.1266657451230875,18427215000.0,1.0572846972312635,0.0615484115064979,0.4013422818791946,0.3976851500714558,0.7026304870965064,0.0,0.0,OK,-,-0.05048543689320384,-1.0,0.4,VALID
2024-05-16,103800.0,104950.0,103150.0,104000.0,100717,197287,103900.0,0.009708737864077666,2.078073547968574,2.751343009292672,,3897.0,2.015099022700243,18183.0,10.15220207253886,-1.0,-25.982568052207654,-6.07999104786594,107000.0,3600.0,3000.0,3.48,2.88,3.06,1.0,2.8846153846153846,0.6355766284848663,10474568000.0,0.6036048650520959,0.0638684357942287,0.4147180780575384,0.3986121096004246,0.7026304870965064,0.0,0.0,OK,-,-0.06826923076923075,-1.0,0.35,VALID
2024-05-17,104500.0,107300.0,104500.0,106450.0,147292,184611,106000.0,0.023557692307692335,2.0447574395672192,2.7585566900473846,,-10715.0,-5.485700828358744,4656.0,2.587313495040427,1.0,-27.37403172443037,-16.479827620424714,107000.0,1500.0,550.0,1.42,0.52,-2.02,1.0,0.5166744950681071,0.9380915137912674,15679233400.0,0.9124493939891689,0.0729906647325633,0.4292031343078403,0.4076300205622777,0.7026304870965064,0.0,0.0,OK,-,-0.10004697040864252,-1.0,0.3,VALID
2024-05-20,107600.0,108400.0,105400.0,106000.0,123219,184221,106700.0,-0.0042273367778299376,2.025757249666521,2.7495715675468984,,-14009.0,-7.067043333501488,9200.0,5.256512075693774,1.0,-5.170197865119253,25.20983639873997,107100.0,1850.0,1100.0,1.76,1.04,-1.4300000000000002,1.0,1.0377358490566038,0.7786210485308795,13061214000.0,0.7550518803820284,0.0677116655364653,0.4292031343078403,0.4054192334458302,0.7026304870965064,0.0,0.0,OK,-,-0.12452830188679243,-1.0,0.3,VALID
2024-05-21,106300.0,109450.0,105750.0,106700.0,186216,178009,107250.0,0.006603773584905603,2.0246185820434563,2.733683354486071,,-20913.0,-10.51316596454892,3655.0,2.096309806485656,-1.0,-13.296767765185734,41.52195225754478,106900.0,850.0,200.0,0.8,0.19,-3.86,1.0,0.18744142455482662,1.1567317619200843,19869247200.0,1.130300760195469,0.068132029820942,0.4292031343078403,0.4056484001124969,0.7026304870965064,0.0,0.0,OK,-,-0.11902530459231486,-1.0,0.3,VALID
2024-05-22,107000.0,107900.0,105750.0,106400.0,93785,180239,106900.0,-0.002811621368322359,2.0207012256052805,2.679584238192735,,-21079.0,-10.47049940889538,3895.0,2.2087510774395502,-1.0,-47.57832369134457,-45.78807724989451,106900.0,1100.0,500.0,1.04,0.47,-4.140000000000001,1.0,0.4699248120300752,0.5972653861830038,9978724000.0,0.5819830509486692,0.0639845251849117,0.4147180780575384,0.3948218826781448,0.7026304870965064,0.0,0.0,OK,-,-0.1127819548872181,-1.0,0.35,VALID
2024-05-23,105400.0,106500.0,103500.0,106150.0,120764,173259,105200.0,-0.0023496240601503793,2.011499127122081,2.6790288196658243,,-24028.0,-12.179210997176702,-4653.0,-2.615337919870498,-1.0,19.9042862674623,-10.011922503725778,106500.0,950.0,350.0,0.9,0.33,-2.55,1.0,0.3297220913801225,0.7723843988124247,12819098600.0,0.7514717083050223,0.0602864509300888,0.4013422818791946,0.3883948674276001,0.7026304870965064,0.0,0.0,OK,-,-0.13424399434762124,-1.0,0.35,VALID
2024-05-24,106500.0,107900.0,105900.0,107600.0,119418,168876,107000.0,0.013659915214319307,2.0333336233597716,2.6300883861332784,,-15735.0,-8.52332742902644,-7755.0,-4.39050902729419,-1.0,-18.924313608342615,-14.381582626526235,106500.0,-500.0,-1100.0,-0.47,-1.02,-1.54,-1.0,-1.0223048327137547,0.7687066400384939,12849376800.0,0.7585259341279993,0.0469166610685122,0.4013422818791946,0.3851288400684165,0.6682868821999257,0.0,0.0,WARNING,IC_WARN,-0.17704460966542745,-1.0,0.3,VALID
2024-05-27,107600.0,108500.0,105500.0,106200.0,95800,171639,106800.0,-0.013011152416356864,2.03110445768554,2.636042197976853,,-12582.0,-6.829840246226,-7168.0,-4.008791602118485,-1.0,-22.252250058838328,-46.69278238079605,106500.0,1000.0,300.0,0.95,0.28,-0.76,1.0,0.2824858757062147,0.6337923807305945,10173960000.0,0.6182292798093475,0.0480651695838642,0.4013422818791946,0.3836279019821126,0.6682868821999257,0.0,0.0,WARNING,IC_WARN,-0.15018832391713743,-1.0,0.35,VALID
2024-05-28,107300.0,107750.0,104750.0,105000.0,114804,170519,106350.0,-0.011299435028248594,2.038891537448155,2.5832648161158676,,-7490.0,-4.207652422068548,-5629.0,-3.1956082385266935,1.0,-38.34901404820209,-27.400352867522905,106300.0,1800.0,1300.0,1.72,1.24,1.05,1.0,1.2380952380952381,0.7705630988981265,12054420000.0,0.7444324600902297,0.0266504945962527,0.3999999999999999,0.3744792728334834,0.64699604743083,0.0,0.0,WARNING,IC_WARN,-0.11857142857142855,-1.0,0.4,VALID
2024-05-29,104850.0,105900.0,103800.0,105200.0,94508,166699,104900.0,0.0019047619047618536,2.0379700067656237,2.5781044798178026,,-13540.0,-7.512247626762243,-5907.0,-3.4222448814062085,1.0,0.7709121927813589,-4.016737251556424,106200.0,1900.0,1000.0,1.82,0.95,0.48,1.0,0.9505703422053232,0.6351796566153234,9942241600.0,0.6156635421180121,0.0096321836175454,0.3986754966887417,0.3689704450695977,0.64699604743083,0.0,0.0,WARNING,IC_WARN,-0.10076045627376429,-1.0,0.4,VALID
2024-05-30,106000.0,107750.0,104900.0,106000.0,129912,162442,106200.0,0.0076045627376426506,1.5679942357118177,2.1917594339885884,,-10817.0,-6.243254318678972,-30706.0,-15.897653612773624,1.0,7.575105163790541,-54.76302401621277,106000.0,1000.0,0.0,0.95,0.0,-0.33,0.0,0.0,0.9218458346386879,13770672000.0,0.9075688683850388,0.0084370252735418,0.395858595280291,0.3593700197520085,0.6341657077100116,0.0,0.0,WARNING,IC_WARN,-0.10849056603773588,-1.0,0.35,VALID
2024-05-31,106000.0,107200.0,104200.0,104850.0,102574,161329,105700.0,-0.010849056603773555,1.3603106492728902,2.1943125000568653,,-7547.0,-4.468959473222957,-18519.0,-10.297028601930519,1.0,-14.105076286656947,-57.66076271221421,105900.0,1700.0,1050.0,1.63,1.0,2.02,1.0,1.0014306151645207,0.7658130837911832,10754883900.0,0.7489028041595918,0.0071230827037473,0.395858595280291,0.359711730510386,0.6341657077100116,0.0,0.0,WARNING,IC_WARN,-0.0877443967572723,-1.0,0.4,VALID
2024-06-03,104000.0,104500.0,101050.0,102700.0,134238,165260,102850.0,-0.02050548402479735,1.3859643362105922,2.200513834336484,,-6379.0,-3.7165213034333693,-19836.0,-10.716601115097031,1.0,40.12317327766179,14.611864348895187,104900.0,2400.0,2200.0,2.34,2.14,1.86,1.0,2.142161635832522,0.9958530234352396,13786242600.0,0.9579148335094044,0.0210718654232605,0.3986754966887417,0.3630385495393928,0.6341657077100116,0.0,0.0,WARNING,IC_WARN,-0.08422590068159685,-1.0,0.4,VALID
2024-06-04,102700.0,103400.0,101400.0,101850.0,80207,168086,102300.0,-0.0082765335929893,1.3230732535031327,2.1046427462164665,,-2433.0,-1.4268204716189985,-21374.0,-11.281536999894437,1.0,-30.135709557158286,-47.17732906573938,103800.0,2850.0,1950.0,2.82,1.91,0.6699999999999999,1.0,1.914580265095729,0.6112627914819352,8169082950.0,0.5862006348856532,0.0266423338308941,0.395858595280291,0.3530652875073072,0.6080279813457694,0.0,0.0,WARNING,IC_WARN,-0.071674030436917,-1.0,0.45,VALID
2024-06-05,101900.0,102350.0,99250.0,99800.0,122591,168133,100350.0,-0.020127638684339755,1.34239989658635,2.0959306500180817,,1434.0,0.8602331147757335,-22831.0,-11.95565656354077,-1.0,29.714944766580608,3.5799381516467443,102000.0,2700.0,2200.0,2.72,2.2,1.2500000000000002,1.0,2.2044088176352705,0.9327680516423172,12234581800.0,0.8811814059451603,0.0252296345173338,0.395858595280291,0.3518377441745007,0.6080279813457694,0.0,0.0,WARNING,IC_WARN,-0.05861723446893785,-1.0,0.45,VALID
2024-06-06,100300.0,101350.0,99300.0,101150.0,95005,159275,100450.0,0.013527054108216419,1.4091044752543702,2.103471911823064,,-3167.0,-1.9496189409142957,-34115.0,-17.640519158177774,1.0,-26.86972719995073,-30.180345699335643,101400.0,750.0,250.0,0.75,0.25,0.25,1.0,0.2471576866040534,0.7343452593744867,9609755750.0,0.7063493607923133,0.0357722003427659,0.3986754966887417,0.3603648759574464,0.6080279813457694,0.0,0.0,WARNING,IC_WARN,-0.0716757291151755,-1.0,0.4,VALID
2024-06-07,102000.0,102350.0,99800.0,100050.0,92938,154804,100750.0,-0.010874938210578389,1.2893678998610825,2.105886800183996,,-6525.0,-4.0445301216768215,-40522.0,-20.745830048227067,1.0,-9.39419346033108,-54.17461749725111,101175.0,525.0,1125.0,0.52,1.12,0.1200000000000001,1.0,1.1244377811094453,0.7502248139735003,9298446900.0,0.7168629586938807,0.0350163842494723,0.3986754966887417,0.3593690875965754,0.6080279813457694,0.0,0.0,WARNING,IC_WARN,-0.06396801599200397,-1.0,0.4,VALID
2024-06-11,100000.0,100300.0,96750.0,97000.0,104245,152300,98250.0,-0.030484757621189407,1.412211736201398,2.1033500538249394,,-12960.0,-7.84218806728791,-45930.0,-23.17005498663169,1.0,-22.343151715609586,-19.772659057851115,100350.0,100.0,3350.0,0.1,3.45,1.31,1.0,3.4536082474226806,0.8503159982903138,10111765000.0,0.7911683947623943,0.0090832895876337,0.3986754966887417,0.3591472686814716,0.6045073554567225,0.0,0.0,WARNING,IC_WARN,-0.02938144329896908,-1.0,0.45,VALID
2024-06-12,97500.0,98500.0,95200.0,98450.0,143742,140001,96700.0,0.01494845360824737,1.4333260496270235,2.073265381553877,,-28085.0,-16.70870863724522,-58921.0,-29.62015262263601,1.0,79.21378433303828,-33.07290454151806,99450.0,3150.0,1000.0,3.27,1.02,-0.8899999999999999,1.0,1.015744032503809,1.207469507073015,14151399900.0,1.1448605666908398,-0.0232756017937279,0.3986754966887417,0.3569899187849913,0.5928937558247904,0.0,0.0,CRITICAL,IC_CRIT,-0.06754697816150335,-1.0,0.4,VALID
2024-06-13,98200.0,99300.0,96050.0,97800.0,125979,131634,97900.0,-0.006602336211274706,1.3867865574423694,2.0724465452966734,,-36499.0,-21.70840941397584,-69684.0,-34.61389443566894,1.0,2.7636612801918536,-29.583298398591428,99300.0,1900.0,1500.0,1.95,1.53,-0.6700000000000002,1.0,1.5337423312883436,1.082315200386262,12320746200.0,1.0220035289618752,-0.012730883640016,0.3986754966887417,0.3559351904673319,0.5928937558247904,0.0,0.0,CRITICAL,IC_CRIT,-0.05419222903885479,-1.0,0.45,VALID
2024-06-14,97800.0,98250.0,96250.0,96900.0,79212,126620,97200.0,-0.009202453987730008,1.3634715545949023,1.952533711214672,,-32655.0,-20.502275937843354,-70667.0,-35.8193900256986,1.0,-16.623335613915057,-21.35190682804293,98450.0,1450.0,1550.0,1.49,1.6,1.35,1.0,1.5995872033023735,0.6868740648503392,7675642800.0,0.6441709633530844,0.0028571937467207,0.395858595280291,0.3447202597608758,0.5854665887395285,0.0,0.0,WARNING,IC_WARN,-0.05727554179566563,-1.0,0.45,VALID
2024-06-17,96500.0,97100.0,95500.0,95800.0,77371,121045,96300.0,-0.011351909184726505,1.2150235862259278,1.9194453129868123,,-33759.0,-21.80757603162709,-63566.0,-34.43240110285953,1.0,-16.749876261593755,-47.47100996659697,97600.0,1100.0,1800.0,1.14,1.88,0.7599999999999998,1.0,1.8789144050104383,0.6918849216285242,7412141800.0,0.6444117887859677,-0.0045137719165512,0.3880227932480379,0.3380643846894609,0.57684246112238,0.0,0.0,CRITICAL,IC_CRIT,-0.08194154488517746,-1.0,0.45,VALID
2024-06-18,96500.0,97050.0,92700.0,92800.0,119713,115233,94500.0,-0.03131524008350728,1.3475223330039379,1.9375940578898014,,-37067.0,-24.338148391332894,-68988.0,-37.44849935675086,1.0,14.8381217324572,-2.845340410164021,97150.0,4350.0,4350.0,4.69,4.69,1.2400000000000002,1.0,4.6875,1.0722061851607372,11109366400.0,0.9741136318869499,-0.0092361251146684,0.3880227932480379,0.3397176717025901,0.5871283631927054,0.0,0.0,CRITICAL,IC_CRIT,-0.0431034482758621,-1.0,0.5,VALID
2024-06-19,93350.0,94500.0,92500.0,94000.0,82575,103750,93500.0,0.012931034482758674,1.386859489588286,1.941563220641962,0.5661034023349215,-36251.0,-25.893386475810885,-74259.0,-41.71643006814262,1.0,-42.55332470676629,-55.65633457919835,95400.0,1400.0,1400.0,1.49,1.49,0.47,1.0,1.4893617021276597,0.7755775035092357,7762050000.0,0.7187595815570165,-0.0032540016213324,0.3880227932480379,0.3409213754062938,0.5871283631927054,0.0,0.0,CRITICAL,IC_CRIT,-0.07606382978723403,-1.0,0.45,VALID
2024-06-20,94000.0,94950.0,93400.0,94400.0,61431,95216,94150.0,0.004255319148936065,1.4048974124323794,1.9211238903893018,0.5781818231301463,-36418.0,-27.666104501876415,-85023.0,-47.172365581255995,1.0,-51.237110947062604,-34.498054059817676,94850.0,450.0,450.0,0.48,0.48,-1.05,1.0,0.4766949152542373,0.5858865908736511,5799086400.0,0.5475873994328444,-0.0016153828221463,0.3794624491475066,0.3358119477968662,0.5871283631927054,0.0,0.0,CRITICAL,IC_CRIT,-0.06832627118644063,-1.0,0.45,VALID
2024-06-21,94600.0,95550.0,91800.0,91900.0,89876,87161,93650.0,-0.026483050847457612,1.4749552266156394,1.942929202526756,0.6075991529890054,-39459.0,-31.163323329647763,-86098.0,-49.693233829122875,1.0,13.462606675756206,-25.577158755920635,94850.0,2950.0,-1600.0,3.21,-1.66,-3.26,-1.0,3.2100108813928183,0.869989869994226,8259604400.0,0.7970842027661004,-0.0016014883726298,0.3880227932480379,0.3431146193208492,0.5871283631927054,0.0,0.0,CRITICAL,IC_CRIT,-0.02285092491838958,-1.0,0.5,VALID
2024-06-24,91150.0,92500.0,87650.0,88550.0,93395,73742,89750.0,-0.036452665941240525,1.5287970046733899,1.9684428663873943,0.6297789576047533,-47303.0,-39.07885497129167,-95134.0,-56.3336412515692,1.0,20.710602163601344,-21.791522216081326,93150.0,4600.0,150.0,5.19,0.16,-1.72,1.0,5.194805194805195,0.9155851922145604,8270127250.0,0.8161327867955106,-0.0044427520670341,0.3880227932480379,0.345639461235935,0.5928937558247904,0.0,0.0,CRITICAL,IC_CRIT,0.0045172219085263254,1.0,0.5,VALID
2024-06-25,88600.0,90600.0,86000.0,90250.0,114695,56844,88050.0,0.019198193111236606,1.6552100984256788,1.844770318551165,0.6818540899915523,-58389.0,-50.67038088047695,-114795.0,-66.88165277122332,1.0,-4.191691796212604,19.72338204592903,91800.0,1550.0,-2850.0,1.72,-3.01,-7.7,-1.0,1.7174515235457064,1.114078555189846,10351223750.0,1.0206119199450892,-0.0398365490115741,0.3880227932480379,0.3425002736612636,0.5871283631927054,0.0,0.0,CRITICAL,IC_CRIT,-0.026038781163434943,-1.0,0.45,VALID
2024-06-26,91000.0,93600.0,88950.0,92550.0,119386,40943,91450.0,0.025484764542936356,1.8131330248889101,1.8742424485965827,0.7469095131156667,-62807.0,-60.53686746987952,-129576.0,-75.98918595581723,1.0,44.57886769603392,3.9911501341416633,91700.0,-850.0,-5350.0,-0.92,-5.51,-7.0,-1.0,-0.9184224743381956,1.15706924766657,11049174300.0,1.0948544275251015,-0.0369361478552323,0.3880227932480379,0.3470373106983005,0.5928937558247904,0.0,0.0,CRITICAL,IC_CRIT,-0.06104808211777413,-1.0,0.4,VALID
2024-06-27,96650.0,96900.0,94300.0,94600.0,150614,142021,95500.0,0.022150189086979966,1.9140781803554088,1.9007946739968529,0.7884932777296763,46805.0,49.156654343807766,-24678.0,-14.803928037960636,1.0,145.17588839510998,59.36640284420367,91700.0,2150.0,-2900.0,2.4,-3.07,-3.55,-1.0,-3.06553911205074,1.421088560215389,14248084400.0,1.3823423407236022,-0.0372074534044941,0.395858595280291,0.3559526546136445,0.6034384384384385,0.0,0.0,CRITICAL,IC_CRIT,-0.07980972515856233,-1.0,0.4,VALID
2024-06-28,94000.0,95500.0,93100.0,94500.0,176810,151305,94200.0,-0.0010570824524313016,1.8934568334038597,1.9004347054221555,0.7799984348251882,64144.0,73.59254712543454,-11137.0,-6.855985520985952,1.0,96.7266010948418,36.09982141757497,91500.0,3900.0,-3000.0,4.45,-3.17,-1.51,-1.0,-3.1746031746031744,1.6321447874247033,16708545000.0,1.5982771234082345,-0.035850070958574,0.395858595280291,0.3550566207845398,0.6034384384384385,0.0,0.0,CRITICAL,IC_CRIT,-0.09153439153439158,-1.0,0.4,VALID
2024-07-01,93800.0,95800.0,91350.0,95650.0,186860,161162,93300.0,0.012169312169312274,1.9292000417636523,1.9034216914032964,0.7947226398265504,87420.0,118.54845271351468,-167.0,-0.10351517706054089,1.0,100.0749504791477,82.17092050617116,90700.0,1700.0,-4950.0,1.91,-5.18,-5.34,-1.0,-5.175117616309461,1.6603261919877668,17873159000.0,1.6533894789174102,-0.0296745503672742,0.4000177785679363,0.3590786115252806,0.6034384384384385,0.0,0.0,CRITICAL,IC_CRIT,-0.12807109252483007,-1.0,0.35,VALID
2024-07-02,95400.0,96250.0,93800.0,94050.0,140825,166674,94850.0,-0.01672765290120226,1.914397182885448,1.7782372148151495,0.7886246889505429,109830.0,193.21300401097741,1414.0,0.8556214449957642,1.0,22.78216138454161,4.9069563014943585,90700.0,2200.0,-3350.0,2.49,-3.56,-0.5500000000000003,-1.0,-3.5619351408825093,1.247635627494496,13244591250.0,1.2282925670492206,-0.0861775662142634,0.395858595280291,0.3512362342642987,0.5928937558247904,0.0,0.0,CRITICAL,IC_CRIT,-0.1371610845295056,-1.0,0.35,VALID
2024-07-03,94000.0,95450.0,93100.0,94550.0,135067,169401,94400.0,0.005316321105794719,1.9233252832245262,1.7749415705582057,0.7923025675097939,128458.0,313.7483818967833,1315.0,0.7823376128886403,1.0,13.134705911915967,68.39802012293192,90450.0,850.0,-4100.0,0.95,-4.34,1.17,-1.0,-4.336329984135378,1.1682329079326912,12770584850.0,1.1595914262123013,-0.0486955077165537,0.395858595280291,0.3515425020705665,0.5928937558247904,0.0,0.0,CRITICAL,IC_CRIT,-0.12533051295610786,-1.0,0.35,VALID
2024-07-04,95100.0,96100.0,93650.0,93950.0,140991,174503,94750.0,-0.0063458487572712885,1.8850560985449751,1.7709789983094175,0.7765378013817883,32482.0,22.871265517071418,6370.0,3.788667305050169,-1.0,-6.389180288684981,15.009258428432748,90750.0,2150.0,-3200.0,2.43,-3.41,-0.3400000000000003,-1.0,-3.4060670569451834,1.209844126089251,13246104450.0,1.1972710878370936,-0.0525517091269769,0.395858595280291,0.3452737715079428,0.5928937558247904,0.0,0.0,CRITICAL,IC_CRIT,-0.1394358701436934,-1.0,0.35,VALID
2024-07-05,93550.0,95150.0,92200.0,93900.0,143190,168777,93900.0,-0.000532197977647697,1.8466080987391613,1.7555355648698194,0.7606993734115123,17472.0,11.547536433032617,9502.0,5.965782451734421,-1.0,-19.014761608506305,50.71838324298721,90550.0,2050.0,-3350.0,2.32,-3.57,-0.3999999999999999,-1.0,-3.567625133120341,1.2038261140057547,13445541000.0,1.1945890621947857,-0.0696903496246898,0.3858058530825672,0.3387081149422862,0.5928937558247904,0.0,0.0,CRITICAL,IC_CRIT,-0.13738019169329074,-1.0,0.4,VALID
2024-07-08,94200.0,95150.0,93200.0,93650.0,129708,173942,94000.0,-0.0026624068157614644,1.8385732957042722,1.7518016669450809,0.7573894834363203,12780.0,7.9299090356287465,19138.0,12.362729645228805,-1.0,-30.585465054051163,39.564010415545845,90550.0,1250.0,-3100.0,1.4,-3.31,1.8699999999999997,-1.0,-3.310197544046983,1.0738817354083832,12147154200.0,1.0657450805350235,-0.073419512273406,0.3858058530825672,0.3343054415922444,0.5928937558247904,0.0,0.0,CRITICAL,IC_CRIT,-0.12973838761345435,-1.0,0.45,VALID
2024-07-09,93450.0,94800.0,92850.0,94150.0,131239,170658,93900.0,0.005339028296849957,1.7293945412372287,1.7378370083411754,0.712413936015275,3984.0,2.3902948270276108,18358.0,12.053841103086015,1.0,-6.807030001775249,25.894767135114407,90450.0,2550.0,-3700.0,2.9,-3.93,-0.3700000000000001,-1.0,-3.9298990971853422,1.0745497054668256,12356151850.0,1.073512261394111,-0.0969618843507283,0.3719560878243513,0.3309721082589111,0.5928937558247904,0.0,0.0,CRITICAL,IC_CRIT,-0.13701540095592135,-1.0,0.4,VALID
2024-07-10,93900.0,94400.0,91600.0,91800.0,149171,176216,93100.0,-0.024960169941582566,1.7614190703991193,1.726541123929196,0.7256062529361649,6815.0,4.022998683596909,36215.0,25.86767237376876,-1.0,10.442224969829784,3.7769058451948556,90350.0,3550.0,-1450.0,4.09,-1.58,2.76,-1.0,-1.579520697167756,1.2186635556928045,13693897800.0,1.1921058891858505,-0.0365327105770871,0.3719560878243513,0.3311264292465654,0.5928937558247904,0.0,0.0,CRITICAL,IC_CRIT,-0.12527233115468406,-1.0,0.4,VALID
2024-07-11,92000.0,92900.0,90300.0,92500.0,155537,169488,91850.0,0.007625272331154731,1.7762285878310013,1.7322202337461134,0.7317069467642985,-5015.0,-2.8738760938207366,37854.0,28.757008067824426,1.0,10.316970586775032,23.462640598829964,89850.0,2950.0,-2650.0,3.39,-2.86,0.5500000000000003,-1.0,-2.864864864864865,1.255512244184648,14387172500.0,1.2412932598056978,-0.0365327105770871,0.3830671989354623,0.3369951656300076,0.5928937558247904,0.0,0.0,CRITICAL,IC_CRIT,-0.15135135135135136,-1.0,0.35,VALID
2024-07-12,92500.0,93000.0,91000.0,91350.0,95103,170948,91650.0,-0.012432432432432416,1.7839694390529948,1.736406413819614,0.7348957450145946,2171.0,1.2863127084851609,44328.0,35.00868741115148,-1.0,-33.582652419861724,20.06135434025147,89750.0,2850.0,-1600.0,3.28,-1.75,1.8199999999999998,-1.0,-1.751505199781062,0.7627898620324299,8687659050.0,0.746293795739253,-0.0365327105770871,0.3830671989354623,0.3402122513288452,0.5928937558247904,0.0,0.0,CRITICAL,IC_CRIT,-0.15106732348111662,-1.0,0.35,VALID
2024-07-15,90800.0,91450.0,87950.0,87950.0,163344,186340,89650.0,-0.03721948549534759,1.936536970000645,1.7517124212805804,0.7977450443727323,12398.0,7.127663244069862,65295.0,53.94274856458342,-1.0,25.932093625682295,111.11786069716044,89450.0,3300.0,1500.0,3.83,1.71,5.02,1.0,1.7055144968732234,1.2664632704407393,14366104800.0,1.1982968928023938,-0.0365327105770871,0.3830671989354623,0.3424304477861721,0.6034384384384385,0.0,0.0,CRITICAL,IC_CRIT,-0.13587265491756684,-1.0,0.35,VALID
2024-07-16,87900.0,89300.0,87100.0,88800.0,139709,183897,88250.0,0.009664582148948275,1.8480442166872735,1.7491610854189095,0.7612909737754552,13239.0,7.757620504166226,68664.0,59.587097446044105,-1.0,6.453874229459222,16.703282016155296,87950.0,1050.0,-850.0,1.21,-0.96,2.97,-1.0,-0.9572072072072071,1.0748805743816372,12406159200.0,1.0292485374425238,-0.0365327105770871,0.3830671989354623,0.3425510179966703,0.6034384384384385,0.0,0.0,CRITICAL,IC_CRIT,-0.13288288288288286,-1.0,0.35,VALID
2024-07-17,89000.0,89500.0,86800.0,86850.0,122188,189619,88000.0,-0.02195945945945943,1.8639243668382606,1.7641547432264721,0.7678327084715093,13403.0,7.606006265038362,85869.0,82.76530120481928,-1.0,-18.088636531229263,47.97214653345443,87350.0,2300.0,500.0,2.7,0.58,2.16,1.0,0.5757052389176741,0.925968658717862,10612027800.0,0.8701159495852392,-0.0365327105770871,0.3916275430359937,0.3500907005363529,0.6034384384384385,0.0,0.0,CRITICAL,IC_CRIT,-0.15428900402993673,-1.0,0.35,VALID
2024-07-18,86500.0,88800.0,86450.0,87950.0,116472,188020,87300.0,0.012665515256188753,1.892281207557304,1.7760179596213233,0.7795141426543415,18532.0,10.934107429434532,92804.0,97.46681230045371,-1.0,-25.11621029079898,89.59808565707867,86450.0,300.0,-1500.0,0.35,-1.71,1.15,-1.0,-1.7055144968732234,0.8646192904705698,10243712400.0,0.824885874909134,-0.0365327105770871,0.395858595280291,0.3577916461628304,0.6034384384384385,0.0,0.0,CRITICAL,IC_CRIT,-0.1768050028425242,-1.0,0.3,VALID
2024-07-19,87500.0,90550.0,87300.0,89800.0,227163,188958,89000.0,0.021034678794769723,1.8849826540989958,1.7979188485713182,0.7765075463731185,18010.0,10.535367480169407,101797.0,116.79191381466481,-1.0,138.85997287151827,152.75156882816324,86400.0,-1450.0,-3400.0,-1.65,-3.79,-2.04,-1.0,-3.78619153674833,1.6045604628272199,20399237400.0,1.5661217106950502,-0.0365327105770871,0.4000177785679363,0.3625151725060751,0.6232911392405064,0.0,0.0,CRITICAL,IC_CRIT,-0.1876391982182628,-1.0,0.3,VALID
2024-07-22,88900.0,89450.0,88200.0,88950.0,103539,189656,88750.0,-0.009465478841870878,1.7058035925358317,1.7962894872722406,0.7026957830906838,3316.0,1.7795427712783085,115914.0,157.18857638794717,1.0,-36.61291507493388,10.861395149633267,86350.0,-800.0,-2600.0,-0.92,-2.92,-4.63,-1.0,-2.9229904440697023,0.7287345101071189,9209794050.0,0.7045272266820787,-0.0365327105770871,0.4000177785679363,0.3587758562667588,0.6232911392405064,0.0,0.0,CRITICAL,IC_CRIT,-0.17481731309724569,-1.0,0.35,VALID
2024-07-23,88850.0,90350.0,87500.0,87900.0,142439,186336,88850.0,-0.01180438448566612,1.6660475531662173,1.7891127695187186,0.6863185158955285,2439.0,1.3262859100474722,129492.0,227.8024065864471,-1.0,1.9540616567293556,24.189371812197557,86350.0,200.0,-1550.0,0.23,-1.76,-0.8,-1.0,-1.763367463026166,0.992829398941574,12520388100.0,0.9498986430767228,-0.0365327105770871,0.3931199411331861,0.3546091896000922,0.6232911392405064,0.0,0.0,CRITICAL,IC_CRIT,-0.14675767918088733,-1.0,0.4,VALID
2024-07-24,88250.0,88500.0,86500.0,86900.0,131926,188091,87200.0,-0.011376564277588153,1.5557108359537533,1.7913194367882888,0.6408659525145312,-1528.0,-0.8058264203481719,147148.0,359.39721075641745,-1.0,7.969686057550662,10.50374415760642,85900.0,450.0,-1000.0,0.53,-1.15,-1.73,-1.0,-1.1507479861910241,0.9155503583579554,11464369400.0,0.8684127076507506,-0.0365327105770871,0.3931199411331861,0.3567867119500283,0.6232911392405064,0.0,0.0,CRITICAL,IC_CRIT,-0.10356731875719216,-1.0,0.45,VALID
2024-07-25,86300.0,87350.0,85000.0,87050.0,141988,188050,86150.0,0.0017261219792865656,1.4448119218504965,1.7907508052091767,0.59518179542242,30.0,0.01595574938836294,46029.0,32.40999570486055,-1.0,21.90741122329831,-5.727223232899991,84850.0,-600.0,-2200.0,-0.7,-2.53,-0.8199999999999998,-1.0,-2.527283170591614,0.9883376739177571,12360055400.0,0.9430031122072219,-0.0365327105770871,0.3931199411331861,0.3566395785152236,0.6232911392405064,0.0,0.0,CRITICAL,IC_CRIT,-0.13325674899483053,-1.0,0.4,VALID
2024-07-26,87800.0,88300.0,85850.0,85850.0,117347,193373,86900.0,-0.01378518093049974,1.4588978951264304,1.6230772535915237,0.6009844294800798,4415.0,2.3364980577694516,42068.0,27.803443375962463,-1.0,-48.3423797009196,-33.63101634522935,84850.0,450.0,-1000.0,0.53,-1.16,2.63,-1.0,-1.1648223645894,0.834080245759658,10074239950.0,0.7885651980930737,0.4304408203349493,0.3830671989354623,0.346983493859139,0.6034384384384385,0.0,0.0,OK,-,-0.14560279557367506,-1.0,0.4,VALID
2024-07-29,85750.0,86450.0,83200.0,83400.0,162135,207937,84700.0,-0.02853814793244025,1.4948779070729177,1.5932725711019537,0.6167148647603765,18281.0,9.639030666048003,46775.0,29.02359116913416,-1.0,56.593167791846554,-13.231831317563946,84250.0,2350.0,850.0,2.87,1.02,3.94,1.0,1.0191846522781776,1.1626410276359849,13522059000.0,1.0767813567144175,0.1870874157521884,0.3830671989354623,0.3474239342995794,0.6227777777777778,0.0,0.0,OK,-,-0.10851318944844124,-1.0,0.45,VALID
2024-07-30,83650.0,84000.0,80700.0,81150.0,181988,215920,81900.0,-0.026978417266187105,1.5476317260406303,1.6091928240086821,0.6397146744987537,29584.0,15.876695861239911,49246.0,29.546299962801637,-1.0,27.765569822871548,29.229895260074557,82400.0,2750.0,1250.0,3.45,1.54,3.3,1.0,1.5403573629081946,1.2860233958626888,14768326200.0,1.1689316910396852,0.2835245952101842,0.3830671989354623,0.3508051174961989,0.6227777777777778,0.0,0.0,OK,-,-0.06161429451632783,-1.0,0.5,VALID
2024-07-31,82000.0,84100.0,81800.0,82700.0,191801,209232,82750.0,0.01910043130006156,1.6347082598291405,1.622150230597742,0.6769053900551976,21141.0,11.23977223790612,39831.0,23.512848212230153,-1.0,45.38529175446841,42.00433858751582,82000.0,950.0,-700.0,1.17,-0.85,0.29999999999999993,-1.0,-0.8464328899637243,1.3287319820241097,15861942700.0,1.2403184608910658,0.6426292172774644,0.3830671989354623,0.3532310434221248,0.6282911392405063,0.0,0.0,OK,-,-0.08403869407496978,-1.0,0.45,VALID
2024-08-01,83200.0,83900.0,80450.0,80850.0,172722,222825,81750.0,-0.022370012091898483,1.6725115771455104,1.6311301825396756,0.6946252772619883,34775.0,18.492422228130817,48322.0,27.691214477688064,-1.0,21.64549116826775,22.50569185267144,81700.0,2300.0,850.0,2.9,1.05,3.58,1.0,1.051329622758194,1.1835506725747582,13964573700.0,1.0888956962867482,9.125644666172082e-17,0.3830671989354623,0.3547566750139816,0.6282911392405063,0.0,0.0,WARNING,IC_WARN,-0.04947433518862088,-1.0,0.5,VALID
2024-08-02,80200.0,82150.0,79600.0,81000.0,179822,215611,80700.0,0.0018552875695732052,1.6784725705805907,1.633517189027103,0.7002275442400454,22238.0,11.500054299204129,46834.0,27.74904163481991,-1.0,53.23953744024132,25.582792094420004,80800.0,900.0,-200.0,1.13,-0.25,0.9099999999999999,-1.0,-0.24691358024691357,1.2169289432251642,14565582000.0,1.1308216025227145,9.125644666172082e-17,0.3830671989354623,0.3569277276455605,0.6282911392405063,0.0,0.0,WARNING,IC_WARN,-0.025925925925925908,-1.0,0.5,VALID
2024-08-05,80200.0,82450.0,80000.0,81500.0,161386,210593,81150.0,0.006172839506172867,1.7025725909658613,1.6070340608756921,0.7133028427435363,2656.0,1.2773099544573598,36651.0,21.070816709017947,-1.0,-0.4619607117525515,24.422549110309298,80500.0,250.0,-1000.0,0.31,-1.23,-2.25,-1.0,-1.2269938650306749,1.080582346479885,13152959000.0,1.0171789858984135,9.125644666172082e-17,0.3719560878243513,0.3522490784080877,0.6282911392405063,0.0,0.0,WARNING,IC_WARN,-0.07730061349693251,-1.0,0.45,VALID
2024-08-06,82000.0,82200.0,80900.0,81250.0,112245,207139,81500.0,-0.0030674846625766694,1.6813091505840139,1.604561900856942,0.7084378587594926,-8781.0,-4.066783994071878,36481.0,21.376671471598165,-1.0,-38.322856452073765,-14.47283200877788,80500.0,500.0,-750.0,0.62,-0.92,-2.46,-1.0,-0.9230769230769231,0.7563615535583427,9119906250.0,0.7142219670263846,9.125644666172082e-17,0.3719560878243513,0.350020843679853,0.6282911392405063,0.0,0.0,WARNING,IC_WARN,-0.07815384615384613,-1.0,0.45,VALID
2024-08-07,81850.0,81850.0,80100.0,80300.0,90947,209655,80650.0,-0.011692307692307669,1.6330509880316435,1.5951277046490444,0.6911238325842743,423.0,0.20216792842395045,33439.0,18.97614291551278,-1.0,-52.58262469955839,-39.031715279779576,80400.0,1250.0,100.0,1.58,0.12,0.97,1.0,0.12453300124533001,0.6251080400343529,7303044100.0,0.5866150648803148,9.125644666172082e-17,0.3552083333333333,0.3441008914695782,0.6282911392405063,0.0,0.0,WARNING,IC_WARN,-0.08343711083437111,-1.0,0.45,VALID
2024-08-08,80600.0,80600.0,78400.0,78500.0,137278,219537,79400.0,-0.02241594022415938,1.6340389509791615,1.6009757401239548,0.6940294008828684,-3288.0,-1.4755974419387412,50049.0,29.529524214103652,1.0,-20.52083695186485,-11.739328905662315,80250.0,1250.0,1750.0,1.58,2.23,1.18,1.0,2.229299363057325,0.9495141346727801,10776323000.0,0.8783430172550575,9.125644666172082e-17,0.3552083333333333,0.3443715467402334,0.6282911392405063,0.0,0.0,WARNING,IC_WARN,-0.0987261146496815,-1.0,0.45,VALID
2024-08-09,79100.0,79800.0,77500.0,77550.0,150525,221881,78650.0,-0.012101910828025475,1.6335884441362591,1.5931628059464131,0.6965400447276325,6270.0,2.908014897199122,50933.0,29.79444041462901,-1.0,-16.29222230872752,58.27576417147724,80250.0,2450.0,2700.0,3.15,3.48,3.73,1.0,3.481624758220503,1.0215598154575352,11673213750.0,0.9400084468435291,,0.321875,0.3392034646453998,0.6282911392405063,0.0,0.0,OK,-,-0.08188265635074143,-1.0,0.5,VALID
2024-08-12,77950.0,78000.0,75900.0,76000.0,112956,230478,76900.0,-0.01998710509348811,1.5124714599852598,1.560861766622628,0.6457905771190836,19885.0,9.442384124828461,44138.0,23.686809058709883,-1.0,-30.008798780563374,-30.847781369379955,78150.0,2700.0,2150.0,3.58,2.83,4.0600000000000005,1.0,2.8289473684210527,0.7799277491769594,8584656000.0,0.7077718750554218,,0.321875,0.335414200697908,0.6227777777777778,0.0,0.0,OK,-,-0.03749999999999998,-1.0,0.55,VALID
2024-08-13,76100.0,77800.0,75500.0,77000.0,198114,221774,76650.0,0.013157894736842035,1.5347836996650726,1.5792539249462298,0.6574054815826994,14635.0,7.065303974625735,37877.0,20.59685584865441,-1.0,76.50140318054257,41.80475130449721,78050.0,1850.0,1050.0,2.43,1.36,2.2800000000000002,1.0,1.3636363636363635,1.340881718021199,15254778000.0,1.243100203513581,,0.3552083333333333,0.3435256612150289,0.6227777777777778,0.0,0.0,OK,-,-0.06298701298701304,-1.0,0.5,VALID
2024-08-14,76800.0,77100.0,72800.0,73450.0,216635,230303,74800.0,-0.04610389610389609,1.739957477230151,1.6572100704533823,0.7504510523023,20648.0,9.848560730724284,40684.0,21.455655815081823,-1.0,138.19917094571562,77.29646119095163,77450.0,5200.0,4000.0,7.2,5.45,5.33,1.0,5.445881552076242,1.4208238397496187,15911840750.0,1.2692360080739062,,0.3719560878243513,0.3512224204742882,0.6288888888888889,0.0,0.0,OK,-,0.06807351940095296,1.0,0.55,VALID
2024-08-15,73600.0,73700.0,71800.0,72400.0,212442,229864,72650.0,-0.014295439074200167,1.6729533881268701,1.6600143845784943,0.7255379699994748,10327.0,4.703990671276368,41844.0,22.255079246888627,-1.0,54.75312868777227,82.39748609107768,75350.0,3700.0,2950.0,5.16,4.07,1.8400000000000003,1.0,4.074585635359116,1.350811566612556,15380800800.0,1.2022445492949514,,0.3719560878243513,0.3542014864968325,0.6288888888888889,0.0,0.0,OK,-,0.06284530386740328,1.0,0.55,VALID
2024-08-16,73200.0,74250.0,72400.0,72950.0,179002,225197,73250.0,0.007596685082873034,1.5673164038168288,1.66892744034774,0.6826463799401449,3316.0,1.4944947967604256,36239.0,19.178335926502186,-1.0,18.918452084371374,-21.201075879434594,75200.0,3000.0,2250.0,4.16,3.08,-0.3999999999999999,1.0,3.0843043180260454,1.1558818392005519,13058195900.0,1.050847060910077,,0.3719560878243513,0.358831116126462,0.6288888888888889,0.0,0.0,OK,-,0.06305688827964362,1.0,0.55,VALID
2024-08-19,73350.0,73800.0,71700.0,73400.0,173315,226887,72800.0,0.006168608636052175,1.6096856684350649,1.6566559711339868,0.709047148570798,-3591.0,-1.5580662796449118,37231.0,19.630805247395283,1.0,53.435851127872795,67.39103139879658,74700.0,2200.0,1300.0,3.03,1.77,-1.06,1.0,1.7711171662125342,1.0945013487472266,12721321000.0,1.0094741251413597,,0.35,0.3547059173080117,0.6288888888888889,0.0,0.0,OK,-,0.02588555858310637,1.0,0.5,VALID
2024-08-20,73400.0,75100.0,73100.0,75000.0,155457,227057,73950.0,0.021798365122615904,1.7526896278995687,1.693017707458867,0.779499467390303,5283.0,2.3821548062441944,40721.0,21.85353340202645,-1.0,-21.53154244525879,9.139350880025843,74700.0,350.0,-300.0,0.47,-0.4,-1.7600000000000002,-1.0,-0.4,0.9777074500217137,11659275000.0,0.9283695210394194,,0.3719560878243513,0.3614561431436034,0.6405555555555555,0.0,0.0,OK,-,0.009333333333333416,1.0,0.5,VALID
2024-08-21,75500.0,78800.0,74250.0,77900.0,311907,224646,76700.0,0.03866666666666663,2.033077774166827,1.7850847668245695,0.9097247902674369,-5657.0,-2.4563292705696407,36555.0,19.434741694179944,-1.0,43.97811987905924,136.4257235116656,74850.0,-2200.0,-3050.0,-2.86,-3.92,-9.370000000000001,-1.0,-3.915275994865212,1.8565826550619462,24297555300.0,1.8406496482222563,,0.3830671989354623,0.3718349310223913,0.6561111111111111,0.0,0.0,OK,-,-0.033376123234916566,-1.0,0.45,VALID
2024-08-22,77450.0,77950.0,75000.0,75450.0,271095,220587,76400.0,-0.03145057766367132,2.1071221234015254,1.8155116924230208,0.9492688110759085,-9277.0,-4.035864685205165,32537.0,17.302313214570592,-1.0,27.608947383285788,90.92810660055778,74880.0,180.0,-570.0,0.24,-0.76,-4.83,-1.0,-0.7554671968190855,1.553945279596368,20454117750.0,1.5034004915772679,,0.3972222222222222,0.3811767427136006,0.6622222222222224,0.0,0.0,OK,-,-0.007952286282306154,-1.0,0.45,VALID
2024-08-23,75250.0,75550.0,73100.0,73350.0,184257,217889,74150.0,-0.027833001988071593,2.154123332093972,1.8301985271911043,0.9800465026409346,-7308.0,-3.2451586832861894,24516.0,12.678088461160556,-1.0,2.935721388587842,57.018926772733856,74250.0,1650.0,900.0,2.27,1.23,-1.85,1.0,1.2269938650306749,1.0363076341615887,13515250950.0,0.9809806440538154,,0.4222222222222222,0.3858152434898259,0.6622222222222224,0.0,0.0,OK,-,0.04703476482617597,1.0,0.5,VALID
2024-08-26,74000.0,75000.0,73350.0,74350.0,183293,221357,74150.0,0.013633265167007469,2.1449245865214994,1.8463166275159544,0.9859939331383977,-5530.0,-2.437336647758576,13420.0,6.4538778572356055,-1.0,5.75714739058939,13.049619144540037,74200.0,600.0,-150.0,0.82,-0.2,-1.97,-1.0,-0.20174848688634836,1.0247884720591907,13627834550.0,0.9887727593100349,0.3642552862061805,0.4416666666666666,0.3905043969289793,0.6622222222222224,0.0,0.0,OK,-,0.025554808338937418,1.0,0.45,VALID
2024-08-27,74600.0,76850.0,74350.0,76150.0,224363,222639,75650.0,0.024209818426361718,2.180345161363978,1.8749265234028831,1.002276310673916,-4418.0,-1.9457669219623268,6719.0,3.111800666913672,-1.0,44.32479721080427,23.284502274875262,74300.0,-1000.0,-1850.0,-1.33,-2.43,-2.0300000000000002,-1.0,-2.4294156270518714,1.2397245854608927,17085242450.0,1.2292938085071727,0.3642552862061805,0.4416666666666666,0.3933073774242675,0.6727777777777778,0.0,0.0,OK,-,0.011818778726198298,1.0,0.45,VALID
2024-08-28,76000.0,76600.0,74300.0,75750.0,202705,227100,75500.0,-0.005252790544977071,2.1178377298049456,1.8743822486936859,0.9783202417529562,2454.0,1.0923853529553165,17868.0,8.5398027070429,-1.0,-35.011077019752676,5.685058993435899,74250.0,-650.0,-1500.0,-0.87,-1.98,1.94,-1.0,-1.9801980198019802,1.116688601408194,15354903750.0,1.1068137902322936,0.3642552862061805,0.4416666666666666,0.3929860266617402,0.6727777777777778,0.0,0.0,OK,-,0.015841584158415856,1.0,0.45,VALID
2024-08-29,75950.0,78100.0,74700.0,76850.0,269825,236888,76550.0,0.014521452145214608,2.111584883240949,1.879565908012473,0.979194739276199,16301.0,7.389828049703745,14063.0,6.311230786491641,1.0,-0.4684704623840297,56.219242482138924,74250.0,-1850.0,-2600.0,-2.43,-3.38,-2.62,-1.0,-3.383214053350683,1.4477263868220815,20736051250.0,1.4590889924877157,0.3642552862061805,0.4416666666666666,0.3927521085330853,0.6727777777777778,0.0,0.0,OK,-,0.037735849056603765,1.0,0.45,VALID
2024-08-30,76850.0,79350.0,76550.0,78900.0,288902,232278,78250.0,0.026675341574495803,2.208148306650893,1.9079995752099195,1.023973614593961,14389.0,6.603821211717893,16667.0,7.7301250863824205,1.0,56.79295766239545,60.65998598614186,74600.0,-3550.0,-4300.0,-4.54,-5.45,-6.68,-1.0,-5.4499366286438535,1.506012147579828,22794367800.0,1.558793693869744,0.3642552862061805,0.4416666666666666,0.3963546063797692,0.678888888888889,0.0,0.0,OK,-,-0.028517110266159662,-1.0,0.4,VALID
2024-09-02,78250.0,78400.0,74550.0,75200.0,291828,229216,76550.0,-0.04689480354879594,2.4246358776466597,1.9852534634255408,1.124364317482673,7859.0,3.5503733787501637,18623.0,8.84312394049185,1.0,59.21393615686361,80.82609396106231,74650.0,750.0,-550.0,1.01,-0.73,-0.53,-1.0,-0.7313829787234043,1.4712442946229367,21945465600.0,1.4569403303306825,0.4954486659271617,0.4583333333333333,0.4086458716334622,0.6905555555555556,0.0,0.0,OK,-,0.015957446808510634,1.0,0.4,VALID
2024-09-03,75300.0,75600.0,73650.0,74900.0,206102,233484,74600.0,-0.003989361702127714,2.4245902553636385,1.9558425487097366,1.1243431612886299,10845.0,4.871114225270505,26345.0,12.718512689546632,-1.0,-8.139042533751105,83.61797852911043,74050.0,50.0,-850.0,0.07,-1.13,1.3000000000000003,-1.0,-1.1348464619492658,1.0150437779552952,15437039800.0,1.0038024308040272,0.3024914111727617,0.4416666666666666,0.3990577490280982,0.6905555555555556,0.0,0.0,OK,-,-0.01602136181575431,-1.0,0.4,VALID
2024-09-04,74050.0,74900.0,73200.0,73600.0,197297,234032,74000.0,-0.01735647530040052,2.437592660660213,1.9469312864292248,1.1303727019267507,6932.0,3.0523998238661383,24377.0,11.62719706183969,-1.0,-2.667916430280459,116.93623758892544,73850.0,1000.0,250.0,1.37,0.34,2.32,1.0,0.33967391304347827,0.9468821284199018,14521059200.0,0.9225891439993661,0.3024914111727617,0.4222222222222222,0.3969598654302146,0.6905555555555556,0.0,0.0,OK,-,0.0040760869565217295,1.0,0.45,VALID
2024-09-05,73500.0,73750.0,70300.0,70750.0,251520,245150,72250.0,-0.03872282608695654,2.527815641718316,1.995936633913027,1.1722113554969134,8262.0,3.487724156563439,25613.0,11.666826093095924,-1.0,-6.78402668396183,83.21945249785108,73500.0,3500.0,2750.0,5.0,3.89,7.27,1.0,3.8869257950530036,1.1749043568435655,17795040000.0,1.1059413979234904,0.3573781836123541,0.4416666666666666,0.4101059092012584,0.706111111111111,0.0,0.0,OK,-,0.03321554770318014,1.0,0.45,VALID
2024-09-06,71600.0,72450.0,69700.0,71200.0,245768,239300,70750.0,0.006360424028268641,2.533750414390606,2.000733132834465,1.1749634580648136,7022.0,3.0231016282213554,17419.0,7.850604603368472,-1.0,-14.930322393060624,63.27387477163262,72600.0,2050.0,1400.0,2.91,1.97,7.42,1.0,1.9662921348314606,1.1230531648473319,17498681600.0,1.0681864219855535,0.507891044619013,0.4416666666666666,0.4124960535829282,0.706111111111111,0.0,0.0,OK,-,0.030898876404494402,1.0,0.45,VALID
2024-09-09,70300.0,73150.0,70150.0,73150.0,214357,234926,71350.0,0.0273876404494382,2.596647328899319,2.041729894645829,1.204130330915839,5710.0,2.491100097724417,4448.0,1.9299022032471647,-1.0,-26.546801540633524,89.77035305782783,72250.0,0.0,-900.0,0.0,-1.23,-0.5,-1.0,-1.2303485987696514,0.957338957041515,15680214550.0,0.9368900133300656,0.507891044619013,0.4583333333333333,0.4217209807572936,0.7127777777777777,0.0,0.0,OK,-,-0.027341079972658888,-1.0,0.4,VALID
2024-09-10,73200.0,73800.0,71700.0,72150.0,196239,236989,72700.0,-0.0136705399863295,2.5857457765888494,2.014656805368981,1.1990750083677955,3505.0,1.5011735279505234,15215.0,6.860587805603903,-1.0,-4.785494560945547,-0.9464247857294272,72450.0,550.0,300.0,0.76,0.42,1.5499999999999998,1.0,0.4158004158004158,0.876789336929153,14158643850.0,0.8487558494075425,0.507891044619013,0.4416666666666666,0.4162037037037037,0.7127777777777777,0.0,0.0,OK,-,-0.04920304920304919,-1.0,0.4,VALID
2024-09-11,72900.0,79300.0,72900.0,78450.0,577307,254596,76650.0,0.08731808731808721,3.0859245106665845,2.325433999958589,1.4255211203479505,20564.0,8.78683256990497,24293.0,10.54827770372075,1.0,192.60809845055934,166.48833291019457,73400.0,-3050.0,-5050.0,-3.99,-6.44,-6.78,-1.0,-6.437221159974506,2.3870550659595313,45289734150.0,2.4952279514888613,0.8783563825876937,0.4416666666666666,0.424537037037037,0.728888888888889,0.0,0.0,OK,-,-0.0994263862332696,-1.0,0.4,VALID
2024-09-12,79600.0,79800.0,75350.0,76950.0,408382,246549,77300.0,-0.019120458891013437,3.1026101638596724,2.3330751424840495,1.4262295363121866,1399.0,0.5706710177442382,16685.0,7.258639891414054,1.0,62.36561704834607,92.23223279765772,73800.0,-3200.0,-3150.0,-4.16,-4.09,-7.98,-1.0,-4.093567251461988,1.6228428779231783,31424994900.0,1.6580705060174667,0.6387090177397335,0.4611111111111111,0.4287962962962962,0.728888888888889,0.0,0.0,OK,-,-0.05847953216374269,-1.0,0.45,VALID
2024-09-13,77800.0,78250.0,76200.0,77550.0,260115,239306,77150.0,0.007797270955165692,3.102752721722447,2.3168476969285092,1.4231601657360125,6.0,0.0025073129962390303,14109.0,6.2651811525020324,1.0,5.837619218124401,45.31401883777835,74300.0,-2700.0,-3250.0,-3.51,-4.19,-6.16,-1.0,-4.190844616376531,1.017259564562926,20171918250.0,1.0447204881617032,0.6387090177397335,0.4416666666666666,0.4244444444444444,0.728888888888889,0.0,0.0,OK,-,-0.04900064474532562,-1.0,0.45,VALID
2024-09-18,77550.0,77700.0,74550.0,75300.0,219265,231645,75650.0,-0.029013539651837505,3.185528702652548,2.3003364691468535,1.4611275738103648,-3281.0,-1.3966099963392729,4758.0,2.097079162755028,-1.0,2.2896383136543186,26.512419582840497,74300.0,-750.0,-1000.0,-1.0,-1.33,-0.10000000000000009,-1.0,-1.3280212483399734,0.8498669763317095,16510654500.0,0.8467913255402687,0.6054898288167736,0.4416666666666666,0.4257407407407407,0.7338888888888889,0.0,0.0,OK,-,-0.0006640106241699861,-1.0,0.5,VALID
2024-09-19,75500.0,76700.0,73700.0,75700.0,244398,226801,75150.0,0.005312084993359889,3.1520831869824315,2.2851327547275146,1.4457868973552377,-10188.0,-4.298933705783813,-256.0,-0.11274701947088177,-1.0,24.540993380520693,57.212605415002216,74050.0,-1300.0,-1650.0,-1.73,-2.18,-2.6,-1.0,-2.179656538969617,0.9312306805679258,18500928600.0,0.9325071896954776,0.6126470069670196,0.4222222222222222,0.4188888888888888,0.7338888888888889,0.0,0.0,OK,-,-0.019815059445178362,-1.0,0.45,VALID
2024-09-20,76250.0,76400.0,74200.0,75300.0,193963,225720,75250.0,-0.005284015852047519,3.0258161784386743,2.2552046540450528,1.3878711712491731,-28876.0,-11.34189068170749,1074.0,0.4780855212200529,1.0,-66.40210494589533,-37.8138355343099,74200.0,-850.0,-1100.0,-1.13,-1.46,4.98,-1.0,-1.4608233731739706,0.7560464558336896,14605413900.0,0.7545920311190494,0.6126470069670196,0.4055555555555555,0.4087962962962963,0.7338888888888889,0.0,0.0,OK,-,-0.007968127490039834,-1.0,0.5,VALID
2024-09-23,74800.0,76800.0,73200.0,74850.0,258432,221399,75150.0,-0.005976095617529875,2.94460564578801,2.230751158000083,1.350621797717895,-25150.0,-10.200812008971848,812.0,0.3681087280755439,1.0,-36.71807278479463,-4.671056271786645,74000.0,-1000.0,-850.0,-1.33,-1.14,2.95,-1.0,-1.1356045424181698,1.00983174550702,19343635200.0,1.0022684864913556,0.6126470069670196,0.3972222222222222,0.3998148148148148,0.7338888888888889,0.0,0.0,OK,-,0.023380093520374068,1.0,0.55,VALID
2024-09-24,75150.0,77400.0,74550.0,76800.0,235393,231192,76150.0,0.02605210420841675,2.9229260460353066,2.263313780031393,1.340677871938331,-8114.0,-3.3906379280084913,13303.0,6.1054022919927124,1.0,-9.50425773215693,27.752541287440913,74650.0,-1950.0,-2150.0,-2.55,-2.8,1.3900000000000006,-1.0,-2.799479166666667,0.9107073977251756,18078182400.0,0.9257569699091844,0.6506888322595655,0.4055555555555555,0.4113888888888888,0.7416666666666667,0.0,0.0,OK,-,-0.02473958333333337,-1.0,0.5,VALID
2024-09-25,78100.0,80550.0,75700.0,76250.0,324539,240716,0.0,-0.00716145833333337,2.9189676274248852,2.2548060379687382,1.3388622378253643,9071.0,3.9159058041399555,19359.0,8.745600997483702,1.0,48.01222265295419,77.06022597698767,,,,,,,,,1.2222079951795433,24746098750.0,1.232135296698854,0.6130604440241723,0.3972222222222222,0.4057407407407407,0.7416666666666667,0.0,0.0,OK,-,-0.03147540983606556,-1.0,0.5,VALID
2024-09-26,76250.0,77300.0,75350.0,77050.0,208282,222721,76350.0,0.010491803278688483,2.8790342762824883,2.2551711230756157,1.3205457428522622,-4080.0,-1.7989338671346247,82.0,0.03683092360278298,-1.0,-14.777535004378105,-7.16740282488646,75050.0,-1900.0,-2000.0,-2.47,-2.6,-0.41999999999999993,-1.0,-2.5957170668397147,0.7867686041243005,16048128100.0,0.8011222937860923,0.6130604440241723,0.4055555555555555,0.406574074074074,0.7416666666666667,0.0,0.0,OK,-,-0.028552887735236898,-1.0,0.5,VALID
2024-09-27,77950.0,79100.0,76200.0,76950.0,285188,222019,77650.0,-0.0012978585334199044,2.875889031681861,2.2526176149455246,1.3191030926546583,-3701.0,-1.6396420343788762,-5081.0,-2.237340378687803,-1.0,47.0321659285534,40.6911521669421,75550.0,-1200.0,-1400.0,-1.56,-1.82,-0.3600000000000001,-1.0,-1.8193632228719947,1.0607498239758146,21945216600.0,1.0777760694127496,0.6130604440241723,0.4055555555555555,0.4027777777777777,0.7416666666666667,0.0,0.0,OK,-,-0.005847953216374324,-1.0,0.55,VALID
2024-09-30,79350.0,81000.0,77550.0,79750.0,346154,217601,79300.0,0.036387264457439894,2.9693546620403826,2.3092804590907368,1.3619735931171677,-3798.0,-1.7154549026870038,-19287.0,-8.141822295768463,-1.0,33.94393883110452,28.288335031965172,75650.0,-2900.0,-4100.0,-3.69,-5.14,-4.0,-1.0,-5.141065830721003,1.2694907114438598,27605781500.0,1.333286720733881,0.6591474791867431,0.4111111111111111,0.417037037037037,0.7694444444444444,0.0,0.0,OK,-,-0.031347962382445194,-1.0,0.55,VALID
2024-10-08,81500.0,84800.0,76500.0,76650.0,381012,211822,80650.0,-0.03887147335423202,3.0464748781800823,2.3563970141088344,1.3973468340508002,-19370.0,-8.378317588843904,-20456.0,-8.806688537011684,1.0,61.862077461946605,31.882783781351453,77250.0,400.0,600.0,0.52,0.78,3.58,1.0,0.7827788649706457,1.37412021658482,29204569800.0,1.3890025199405933,0.5242084167322202,0.4277777777777778,0.4298148148148148,0.7955555555555556,0.0,0.0,OK,-,0.009132420091324311,1.0,0.6,VALID
2024-10-09,76200.0,77750.0,75600.0,76400.0,176135,210574,76850.0,-0.003261578604044413,2.8505407451877125,2.3563905688941498,1.3074764259997307,-30142.0,-12.521809933697803,-18642.0,-8.132940108892923,-1.0,-45.72763211817378,-39.64424249900627,77000.0,100.0,600.0,0.13,0.79,,1.0,0.7853403141361256,0.6487658586391368,13456714000.0,0.653202633953791,0.5242084167322202,0.4277777777777778,0.4288888888888889,0.7955555555555556,0.0,0.0,OK,-,-0.00654450261780104,-1.0,0.6,VALID
2024-10-10,76800.0,78000.0,73600.0,73700.0,219356,211131,76350.0,-0.035340314136125706,2.964330683874968,2.3899328626451064,1.3596692117372116,-11590.0,-5.203820025951751,-22353.0,-9.5736752839595,1.0,5.316830066928491,6.4307964017816355,76950.0,2800.0,3250.0,3.78,4.41,7.01,1.0,4.409769335142469,0.8059962866762372,16166537200.0,0.7833532697791935,0.5242084167322202,0.4583333333333333,0.4373148148148147,0.8055555555555556,0.0,0.0,OK,-,0.04274084124830391,1.0,0.65,VALID
2024-10-11,74700.0,74800.0,72750.0,73900.0,192245,198642,73950.0,0.0027137042062415073,2.937754186883555,2.3750505817041554,1.3474791936290378,-23377.0,-10.529279025668973,-35390.0,-15.121863676762151,1.0,-32.590080929071355,-2.560606598174331,76450.0,3850.0,2550.0,5.3,3.45,5.2700000000000005,1.0,3.450608930987822,0.7070365296383814,14206905500.0,0.6889232189597937,0.5242084167322202,0.4277777777777778,0.4298148148148148,0.8055555555555556,0.0,0.0,OK,-,0.03382949932341006,1.0,0.6,VALID
2024-10-14,74600.0,75150.0,72900.0,73100.0,179620,199837,73650.0,-0.010825439783491153,2.804397165014688,2.372564704963201,1.2863114440961005,-17764.0,-8.163565424791248,-45313.0,-18.483785437487253,1.0,-48.10980084008851,-28.586195928753177,75850.0,3050.0,2750.0,4.19,3.76,8.899999999999999,1.0,3.761969904240766,0.6694557550571639,13130222000.0,0.6439963584524687,0.5242084167322202,0.4277777777777778,0.4262962962962963,0.8055555555555556,0.0,0.0,OK,-,0.10738714090287282,1.0,0.65,VALID
2024-10-15,73100.0,73900.0,72600.0,73400.0,120400,186900,73400.0,0.004103967168262557,2.803004105898382,2.37178344535666,1.2856724804336204,-24922.0,-11.765538990284295,-52400.0,-21.8972001671542,1.0,-68.39994540854356,-51.010709286807064,75600.0,2600.0,2200.0,3.56,3.0,2.2199999999999998,1.0,2.997275204359673,0.4594734144637193,8837360000.0,0.44285129178526683,0.5242084167322202,0.4277777777777778,0.4252777777777777,0.8055555555555556,0.0,0.0,OK,-,0.10558583106267028,1.0,0.65,VALID
2024-10-16,73700.0,73700.0,71050.0,71150.0,133323,188680,72300.0,-0.03065395095367851,2.825464753787244,2.3573703183735866,1.2959746547410547,-21894.0,-10.397295012679628,-46246.0,-19.68534772651814,1.0,-24.306355920174873,-37.80329077193654,75400.0,3900.0,4250.0,5.45,5.97,5.18,1.0,5.973295853829937,0.5167810520978932,9485931450.0,0.4828458770274645,0.5242084167322202,0.4277777777777778,0.4256481481481481,0.8055555555555556,0.0,0.0,OK,-,0.21574139142656357,1.0,0.7,VALID
2024-10-17,71250.0,71900.0,68350.0,68600.0,146283,181603,70350.0,-0.035839775122979645,2.919643506892881,2.3880961944756876,1.3391722479428179,-29528.0,-13.985629774879104,-55386.0,-23.37070496942896,1.0,-33.31251481609804,-25.45671349731705,74700.0,5900.0,6100.0,8.58,8.89,4.48,1.0,8.892128279883382,0.5725595092716103,10035013800.0,0.5162124586876856,0.5242084167322202,0.4472222222222222,0.4315740740740741,0.8055555555555556,0.0,0.0,OK,-,0.18075801749271148,1.0,0.7,VALID
2024-10-18,69000.0,71950.0,68250.0,70650.0,190861,160820,70100.0,0.02988338192419815,2.1831787731761683,2.415695048226547,1.0013730849102045,-37822.0,-19.04028352513567,-93776.0,-36.83325739603136,1.0,-0.7199146921896493,-66.93942737572904,73650.0,3000.0,-500.0,4.25,-0.67,-4.12,-1.0,4.246284501061571,0.8081601474886659,13484329650.0,0.7554488890490733,0.562733088332952,0.4472222222222222,0.4360185185185185,0.8055555555555556,0.0,0.0,OK,-,0.10828025477707004,1.0,0.65,VALID
2024-10-21,74050.0,74750.0,72150.0,72450.0,205476,194121,73300.0,0.02547770700636942,2.2577980822675947,2.4354938846986744,1.0355992182240796,-5716.0,-2.8603311699034717,-52428.0,-21.264738449557694,1.0,14.394833537467978,-49.68534362435171,73500.0,3400.0,1050.0,4.85,1.45,-2.3099999999999996,1.0,1.4492753623188406,0.909097344506287,14886736200.0,0.8745321821259294,0.5869628992748785,0.4472222222222222,0.4399074074074074,0.8055555555555556,0.0,0.0,OK,-,0.11732229123533466,1.0,0.65,VALID
2024-10-22,72100.0,74250.0,71300.0,73750.0,247983,207436,73050.0,0.01794340924775706,2.29389061419618,2.4306591514310036,1.0521540191792789,20536.0,10.987693953986089,-31870.0,-13.31767694917804,1.0,105.96594684385381,-4.664090882878725,73350.0,3250.0,-400.0,4.64,-0.54,-3.54,-1.0,-0.5423728813559322,1.1001156087827184,18288746250.0,1.08036167473463,0.597698761328202,0.4472222222222222,0.4384259259259259,0.8055555555555556,0.0,0.0,OK,-,0.12067796610169501,1.0,0.65,VALID
2024-10-23,74000.0,75300.0,73650.0,75250.0,284815,216843,74500.0,0.02033898305084736,2.2560627573148997,2.4475932596298167,1.034803265220802,28163.0,14.926330294678822,-14802.0,-6.389950139221654,1.0,113.62780615497701,29.89533213235127,73650.0,2150.0,-1600.0,3.01,-2.13,-8.1,-1.0,-2.12624584717608,1.2454037707335908,21432328750.0,1.2479201662330048,0.6095854606332322,0.4777777777777778,0.4477777777777778,0.8055555555555556,0.0,0.0,OK,-,0.09900332225913622,1.0,0.65,VALID
2024-10-24,75600.0,76000.0,73200.0,74200.0,243251,221888,74050.0,-0.013953488372092981,2.274186596308179,2.4491360022626014,1.0431162466340065,40285.0,22.18300358474254,-4913.0,-2.166216198341277,1.0,66.28794870217318,-0.4693164428514196,73300.0,2400.0,-900.0,3.39,-1.21,-10.100000000000001,-1.0,-1.2129380053908356,1.0639246608849762,18049224200.0,1.052319151616251,0.5714670448841547,0.4777777777777778,0.4504629629629629,0.8055555555555556,0.0,0.0,OK,-,0.10444743935309964,1.0,0.65,VALID
2024-10-25,74400.0,75550.0,74300.0,74700.0,239203,231011,74900.0,0.006738544474393482,2.277468434912012,2.449207740693091,1.044621549308838,70191.0,43.64569083447332,5291.0,2.344054580896686,1.0,25.32838033961888,23.324036027489782,73300.0,2150.0,-1400.0,3.02,-1.87,-1.2000000000000002,-1.0,-1.8741633199464525,1.035970282057995,17868464100.0,1.0319640558478465,0.5714670448841547,0.4777777777777778,0.4524999999999999,0.8055555555555556,0.0,0.0,OK,-,0.06425702811244971,1.0,0.6,VALID
2024-10-28,75250.0,77350.0,75000.0,76600.0,305171,226101,76350.0,0.025435073627844806,2.3425713546779816,2.474684101414918,1.074482737226063,31980.0,16.474260899129924,4702.0,2.1237674966914937,1.0,48.51904845334736,18.085608593363055,73600.0,800.0,-3000.0,1.1,-3.92,-5.37,-1.0,-3.91644908616188,1.3084299278194265,23376098600.0,1.3345089405889565,0.5714670448841547,0.4833333333333333,0.4625925925925926,0.8055555555555556,0.0,0.0,OK,-,0.048955613577023493,1.0,0.6,VALID
2024-10-29,76500.0,76800.0,74650.0,74900.0,227520,224862,76000.0,-0.022193211488250708,2.323879431473066,2.483931954541918,1.0659091888604475,17426.0,8.400663337125668,-6330.0,-2.737984013287657,1.0,-8.251775323308452,-3.3446194236872007,74050.0,2750.0,-850.0,3.86,-1.13,-0.5899999999999999,-1.0,-1.1348464619492658,0.9771481249961078,17041248000.0,0.9757492131892166,0.5714670448841547,0.4888888888888889,0.4673148148148148,0.8055555555555556,0.0,0.0,OK,-,0.050066755674232244,1.0,0.6,VALID
2024-10-30,74500.0,74850.0,72950.0,73850.0,228437,223987,73850.0,-0.014018691588784993,2.338470080068907,2.4646075902531215,1.0726015784048923,7144.0,3.2945495127811366,-16729.0,-6.9496834443909,-1.0,-19.79460351456208,-29.61184942333587,73850.0,3650.0,0.0,5.2,0.0,2.13,0.0,0.0,1.0017595925200324,16870072450.0,0.9882309661814913,0.5714670448841547,0.4833333333333333,0.4626851851851852,0.8055555555555556,0.0,0.0,OK,-,0.06296547054840884,1.0,0.6,VALID
2024-10-31,74150.0,75450.0,73550.0,74850.0,259776,235041,74500.0,0.01354096140826,2.347564165617585,2.4497156569752687,1.0767728229278815,13153.0,5.9277653591000865,12320.0,5.531584358906434,1.0,6.793394477309445,24.723211799387368,73700.0,750.0,-1150.0,1.03,-1.54,-0.33000000000000007,-1.0,-1.5364061456245823,1.1264710684186254,19444233600.0,1.127804314157925,0.5714670448841547,0.4777777777777778,0.4604629629629629,0.8055555555555556,0.0,0.0,OK,-,0.04876419505678031,1.0,0.55,VALID
2024-11-01,74500.0,78000.0,74200.0,76500.0,405968,232925,76450.0,0.022044088176352616,2.404308403514415,2.454111046630606,1.1028000788043941,1914.0,0.828531974667873,10906.0,4.912192199766687,1.0,69.71693498827356,42.3510105614542,73850.0,-1150.0,-2650.0,-1.53,-3.46,-1.5899999999999999,-1.0,-3.4640522875816995,1.7154825417933572,31056552000.0,1.7549690156992528,0.5714670448841547,0.4777777777777778,0.4610185185185185,0.8055555555555556,0.0,0.0,OK,-,0.026797385620914937,1.0,0.55,VALID
2024-11-04,76350.0,77600.0,76050.0,77250.0,245618,235708,76850.0,0.009803921568627416,2.261711673599356,2.441753491430264,1.0373942911118863,9607.0,4.2489860725958755,18107.0,8.321193376868672,1.0,-19.514632779654683,-29.04372042501314,74600.0,-1400.0,-2650.0,-1.84,-3.43,0.48999999999999977,-1.0,-3.43042071197411,1.060423063115805,18973990500.0,1.099000867150723,0.5714670448841547,0.475,0.4589814814814815,0.8055555555555556,0.0,0.0,OK,-,0.013592233009708687,1.0,0.5,VALID
2024-11-05,77050.0,78300.0,76650.0,77350.0,312156,235236,77600.0,0.0012944983818770073,2.0821734846149185,2.4416737989790382,0.9571480678028809,10374.0,4.613496277716999,23414.0,11.053620492677814,1.0,37.1993670886076,-18.071871752070802,74950.0,-1050.0,-2400.0,-1.38,-3.1,-1.9700000000000002,-1.0,-3.1027795733678087,1.3680261425362494,24145266600.0,1.419324726648611,0.5714670448841547,0.475,0.4570370370370371,0.8055555555555556,0.0,0.0,OK,-,0.008403361344537785,1.0,0.45,VALID
2024-11-06,77500.0,77500.0,74750.0,75900.0,317572,226178,76100.0,-0.018745959922430555,2.1258585413317515,2.451344633081813,0.9820253992168769,2191.0,0.9781817694776929,15604.0,7.41022158481104,1.0,39.01951084981854,80.30033780906692,74950.0,950.0,-950.0,1.28,-1.25,-1.25,-1.0,-1.251646903820817,1.3499243576135687,24103714800.0,1.373889101079846,0.5714670448841547,0.4777777777777778,0.460462962962963,0.8055555555555556,0.0,0.0,OK,-,0.005270092226614009,1.0,0.45,VALID
2024-11-07,75800.0,77150.0,75400.0,76850.0,195694,231268,76300.0,0.012516469038208244,1.972256576587925,2.4572497510282707,0.9145847176807118,-3773.0,-1.6052518496772903,20137.0,9.537680397478344,-1.0,-24.668175659029313,-10.787031127482273,74950.0,-650.0,-1900.0,-0.86,-2.47,-0.9300000000000002,-1.0,-2.47234873129473,0.8360540456942964,15039083900.0,0.8599769232492863,0.5714670448841547,0.4777777777777778,0.4666666666666667,0.8055555555555556,0.0,0.0,OK,-,-0.004554326610279769,-1.0,0.45,VALID
2024-11-08,77250.0,78950.0,76350.0,76400.0,312254,229434,77600.0,-0.005855562784645385,1.9805559646516862,2.453950277110789,0.9203482286628906,-3491.0,-1.4987656971128047,30792.0,15.50125351134201,1.0,-23.08408544515824,62.42503055996256,75400.0,850.0,-1000.0,1.14,-1.31,2.15,-1.0,-1.3089005235602094,1.3006841156742197,23856205600.0,1.3275395381384372,0.5714670448841547,0.4777777777777778,0.4668518518518519,0.8055555555555556,0.0,0.0,OK,-,0.00327225130890052,1.0,0.5,VALID
2024-11-11,76300.0,81050.0,75550.0,80950.0,388079,273799,78500.0,0.0595549738219896,2.3366896242849164,2.556120476072862,1.0858406402183092,38091.0,16.160249121794763,73962.0,37.01116409874047,1.0,58.001042268889094,116.05556174145417,75500.0,-3000.0,-5450.0,-3.82,-6.73,-3.3000000000000003,-1.0,-6.732550957381099,1.5492670424604378,31414995050.0,1.66353510524491,0.6242856163424251,0.4833333333333334,0.4747222222222222,0.8066666666666668,0.0,0.0,OK,-,-0.051266213712167996,-1.0,0.5,VALID
2024-11-12,80950.0,82500.0,80150.0,81150.0,492812,285848,81300.0,0.002470660901791266,2.3374409544288244,2.550540939085976,1.0861897772179336,50612.0,21.51541430733391,98948.0,52.94168004280364,1.0,57.87362728891965,309.312292358804,76700.0,-1600.0,-4450.0,-2.04,-5.48,-2.3800000000000003,-1.0,-5.483672211953173,1.8312483324823885,39991693800.0,1.9563305669462463,0.5981319372338703,0.4833333333333334,0.4745370370370371,0.8066666666666668,0.0,0.0,OK,-,-0.05606900800985826,-1.0,0.45,VALID
2024-11-13,82000.0,87100.0,81700.0,86500.0,664882,322905,84300.0,0.06592729513247075,2.5443009627032493,2.6687275151263194,1.1823159385556872,96727.0,42.76587466508679,134225.0,71.13896544413822,1.0,109.3641756829947,398.70014926156773,78200.0,-6200.0,-8300.0,-7.35,-9.6,-8.35,-1.0,-9.595375722543352,2.2485737200597042,57512293000.0,2.517663947594372,0.6042379022945511,0.4916666666666667,0.4836111111111111,0.8200000000000001,0.0,0.0,OK,-,-0.11387283236994217,-1.0,0.45,VALID
2024-11-14,86500.0,87600.0,80500.0,81000.0,855078,293494,84300.0,-0.06358381502890176,2.8636516062135646,2.7975965171078037,1.3307155820511247,62226.0,26.906446200944362,111891.0,61.61296894875085,1.0,336.9464572240334,484.53682246057303,78950.0,-3300.0,-2050.0,-4.01,-2.53,-0.05999999999999961,-1.0,-2.5308641975308643,2.5823006834469693,69261318000.0,2.6840447569040786,0.5114826793503017,0.4916666666666667,0.4912037037037037,0.8511111111111112,0.0,0.0,OK,-,-0.04876543209876538,-1.0,0.5,VALID
2024-11-15,80800.0,81300.0,77850.0,78300.0,545274,276214,79550.0,-0.033333333333333326,2.96498099764941,2.765652438246101,1.3778025251034358,46780.0,20.389305857022062,115394.0,71.75351324462132,1.0,74.62514491407637,185.69168138069068,78700.0,800.0,400.0,1.03,0.51,1.82,1.0,0.5108556832694764,1.5630572311756639,42694954200.0,1.5659046007613138,0.4712341468569118,0.4916666666666667,0.4911111111111111,0.8511111111111112,0.0,0.0,OK,-,-0.03192848020434225,-1.0,0.5,VALID
2024-11-18,78300.0,81200.0,77900.0,80950.0,409956,276906,79500.0,0.0338441890166028,3.000238969017913,2.7889604119299527,1.3941866172848227,3107.0,1.1347740495765142,82785.0,42.64608156768202,1.0,5.63725427039341,99.51527185656718,78450.0,-1950.0,-2500.0,-2.43,-3.09,3.6400000000000006,-1.0,-3.0883261272390365,1.141700360885659,33185938200.0,1.1776281081322584,0.4728124888569205,0.4972222222222222,0.5015740740740741,0.8511111111111113,0.0,0.0,OK,-,-0.06114885731933295,-1.0,0.5,VALID
2024-11-19,81100.0,83550.0,80250.0,82650.0,554888,285988,81950.0,0.02100061766522554,3.00742074795215,2.7986738669758795,1.3975239314727286,140.0,0.04897707872715569,78552.0,37.86806533099366,1.0,12.596284181391692,123.76049971167377,78750.0,-3500.0,-3900.0,-4.26,-4.72,0.7600000000000007,-1.0,-4.71869328493648,1.4819926916336243,45861493200.0,1.5515260225588001,0.4781455084609084,0.5305555555555556,0.5070370370370371,0.8511111111111113,0.0,0.0,OK,-,-0.09013914095583786,-1.0,0.45,VALID
2024-11-20,82650.0,83650.0,81050.0,82700.0,527957,284814,82500.0,0.000604960677555999,2.99071429980771,2.798347706738686,1.3897605810643556,-38091.0,-11.796348771310447,67971.0,31.34572017542646,1.0,-20.593879816268146,85.36839702965082,79050.0,-3200.0,-3650.0,-3.89,-4.41,5.1899999999999995,-1.0,-4.413542926239419,1.365721681019553,43662043900.0,1.4235869437245974,0.4722833810063087,0.5305555555555556,0.5032407407407408,0.8511111111111113,0.0,0.0,OK,-,-0.10084643288996376,-1.0,0.4,VALID
2024-11-21,82700.0,84250.0,81600.0,81950.0,429649,277950,82900.0,-0.009068923821039854,2.976248379426447,2.7903916562617526,1.383038385662412,-15544.0,-5.296190041363707,56062.0,25.26589991346986,-1.0,-49.753238885809246,76.62784531204395,79400.0,-2000.0,-2550.0,-2.46,-3.11,-0.5800000000000001,-1.0,-3.111653447223917,1.085253949762716,35209735550.0,1.1167600529425663,0.4722833810063087,0.4972222222222222,0.4958333333333333,0.8511111111111113,0.0,0.0,OK,-,-0.09798657718120807,-1.0,0.4,VALID
2024-11-22,81250.0,81500.0,79000.0,79500.0,392064,267851,80000.0,-0.029896278218425887,3.0785461605737274,2.77745757076773,1.4305753315278125,-8363.0,-3.02772487998436,36840.0,15.947292553168463,-1.0,-28.09780037192311,63.904298859128026,79100.0,50.0,-400.0,0.06,-0.5,-1.01,-1.0,-0.5031446540880503,0.9715610772407461,31169088000.0,0.9681795108531198,0.4722833810063087,0.4972222222222222,0.4947222222222222,0.8511111111111113,0.0,0.0,OK,-,-0.02037735849056599,-1.0,0.45,VALID
2024-11-25,80600.0,81300.0,79600.0,80350.0,306997,260097,80400.0,0.010691823899371178,3.0408476510649125,2.747864607645476,1.4130571411464714,-16809.0,-6.070291001278412,33996.0,15.035758355779056,1.0,-25.11464644986291,0.5983530545169646,79100.0,-800.0,-1250.0,-1.0,-1.56,1.5299999999999998,-1.0,-1.5556938394523958,0.7605872236697058,24667208950.0,0.7646836683035734,0.4455505276123758,0.4916666666666667,0.4896296296296296,0.8511111111111113,0.0,0.0,OK,-,-0.03945239576851278,-1.0,0.4,VALID
2024-11-26,80600.0,80800.0,78000.0,78650.0,328510,255424,79100.0,-0.021157436216552528,3.036446668842038,2.737151005077316,1.4110120405456854,-30564.0,-10.68716169909227,30562.0,13.59144719872633,1.0,-40.797061749398075,44.38730661040788,78900.0,600.0,250.0,0.77,0.32,5.04,1.0,0.3178639542275906,0.8038297836417911,25837311500.0,0.7901835711715105,0.4172084866950481,0.4916666666666667,0.487962962962963,0.8511111111111113,0.0,0.0,OK,-,-0.005721551176096629,-1.0,0.45,VALID
2024-11-27,79100.0,79300.0,78250.0,78500.0,211268,246898,78700.0,-0.00190718372536558,3.012953708386452,2.732852279000702,1.4000950531304128,-37916.0,-13.31254783823829,22911.0,10.228718630991978,1.0,-59.98386232212093,-7.515857763847366,78600.0,500.0,100.0,0.64,0.13,4.54,1.0,0.12738853503184713,0.5180389708662542,16584538000.0,0.5074271704501536,0.4448248751151124,0.4916666666666667,0.4802777777777777,0.8511111111111113,0.0,0.0,OK,-,-0.01273885350318471,-1.0,0.45,VALID
2024-11-28,78150.0,79100.0,76850.0,78500.0,309750,242286,78050.0,0.0,3.0043747330465846,2.7162301590475466,1.3961084731504938,-35664.0,-12.83108472746897,7245.0,3.0824409358367264,1.0,-27.906267674310893,19.237342941611235,78200.0,200.0,-300.0,0.26,-0.38,2.73,-1.0,-0.3821656050955414,0.7548962240078689,24315375000.0,0.7384599758506433,0.4448248751151124,0.4805555555555556,0.4697222222222222,0.8511111111111113,0.0,0.0,OK,-,-0.012484076433120994,-1.0,0.5,VALID
2024-11-29,78400.0,79750.0,77900.0,78550.0,280300,240854,78800.0,0.0006369426751593465,2.9701832098802674,2.715045232859672,1.380219950764336,-26997.0,-10.079111147615652,7929.0,3.404100032199206,1.0,-28.506570355860273,-30.955149174319164,78200.0,150.0,-350.0,0.19,-0.45,0.04999999999999999,-1.0,-0.4455760661998727,0.6937467994957899,22017565000.0,0.6779810854928657,0.4448248751151124,0.4805555555555556,0.4703703703703704,0.8511111111111113,0.0,0.0,OK,-,-0.02609802673456396,-1.0,0.45,VALID
2024-12-02,78500.0,79350.0,77800.0,78300.0,189618,239434,78600.0,-0.003182686187141903,2.965818285963799,2.7096770811999833,1.3781916061649062,-20663.0,-7.944343840951645,3726.0,1.580769426578648,1.0,-38.234575582171814,-22.799631948798538,78400.0,700.0,100.0,0.9,0.13,1.69,1.0,0.1277139208173691,0.4725824753843044,14847089400.0,0.4601059979676451,0.4448248751151124,0.4527777777777778,0.4626851851851852,0.8511111111111113,0.0,0.0,OK,-,0.00025542784163468113,1.0,0.5,VALID
2024-12-03,78750.0,79200.0,77500.0,78000.0,206936,230115,78250.0,-0.003831417624521105,2.9678469024341214,2.6885920147417957,1.3791342877191868,-25309.0,-9.908622525682787,-5121.0,-2.176962709789318,1.0,-37.007701439834406,-33.7075052217481,78250.0,1050.0,250.0,1.36,0.32,0.0,1.0,0.3205128205128205,0.5225961413405681,16141008000.0,0.5064857402576318,0.4448248751151124,0.425,0.4518518518518518,0.8511111111111113,0.0,0.0,OK,-,-0.011538461538461497,-1.0,0.5,VALID
2024-12-04,78150.0,78950.0,76250.0,76300.0,247401,217701,77400.0,-0.02179487179487183,2.979195121858491,2.6330885672790414,1.3815273133248094,-29197.0,-11.825531191018152,-8477.0,-3.7479330438857894,1.0,17.102921407880032,-22.096091594976887,78100.0,2000.0,1800.0,2.63,2.36,2.23,1.0,2.3591087811271296,0.6303718503670424,18876696300.0,0.5972261854956126,0.3580083239705309,0.425,0.4461111111111112,0.85,0.0,0.0,OK,-,0.019659239842725995,1.0,0.55,VALID
2024-12-05,76600.0,76900.0,75900.0,76500.0,160190,207470,76350.0,0.002621231979030192,2.966697031857896,2.632527426975859,1.37044482519551,-34816.0,-14.369794375242481,-23798.0,-10.290226058079803,1.0,-48.284100080710246,-18.142610401954073,77100.0,800.0,600.0,1.05,0.78,1.1600000000000001,1.0,0.7843137254901961,0.4100148671662147,12254535000.0,0.3894277952486877,0.3693114958479636,0.425,0.4487962962962963,0.85,0.0,0.0,OK,-,-0.0015686274509804088,-1.0,0.5,VALID
2024-12-06,76600.0,77350.0,75850.0,76650.0,179142,197237,76600.0,0.0019607843137254832,2.9634644984371796,2.621874088057991,1.3622660838014482,-43617.0,-18.10931103490081,-32197.0,-14.033229599797764,1.0,-36.08919015340707,-42.629397861996964,76900.0,800.0,250.0,1.05,0.33,0.78,1.0,0.32615786040443573,0.4664700105497496,13731234300.0,0.44348945359601344,0.3693114958479636,0.425,0.4444444444444445,0.85,0.0,0.0,OK,-,0.013176777560339303,1.0,0.5,VALID
2024-12-09,76200.0,77150.0,75250.0,76800.0,164371,187549,76200.0,0.001956947162426559,2.6201404844879246,2.5694559490456244,1.2043559379123754,-51885.0,-21.669854740763633,-86250.0,-31.501210742186785,1.0,-13.314664219641593,-57.64496404082674,76500.0,200.0,-300.0,0.26,-0.39,-0.52,-1.0,-0.390625,0.44084766575705675,12623692800.0,0.4204780371354965,0.2402220280784568,0.4111111111111112,0.4335185185185185,0.85,0.0,0.0,OK,-,0.026302083333333393,1.0,0.5,VALID
2024-12-10,78200.0,78750.0,76250.0,76600.0,209280,178957,77450.0,-0.0026041666666666297,2.6177314174058175,2.5693002488461745,1.199824479790181,-51158.0,-22.231492949177586,-106891.0,-37.39434944445999,1.0,1.132717361889668,-57.53350161927875,76650.0,-1450.0,50.0,-1.86,0.07,-0.25,1.0,0.06527415143603134,0.5834799723594206,16030848000.0,0.5561593708456276,0.2630892876292781,0.4111111111111112,0.4301851851851851,0.85,0.0,0.0,OK,-,0.00757180156657955,1.0,0.5,VALID
2024-12-11,76450.0,77050.0,76250.0,76650.0,108000,168290,76600.0,0.0006527415143602333,2.068194007525411,2.546798368185606,0.9479466772964404,-49411.0,-22.69672624379309,-154615.0,-47.88250414208514,-1.0,-56.34617483356978,-83.75651619385094,76550.0,150.0,-100.0,0.2,-0.13,-2.4899999999999998,-1.0,-0.1304631441617743,0.3264502211020143,8278200000.0,0.3140143002097901,0.2630892876292781,0.3861111111111112,0.4192592592592593,0.85,0.0,0.0,OK,-,0.020743639921722012,1.0,0.5,VALID
2024-12-12,76750.0,77600.0,76050.0,77050.0,121926,159582,76900.0,0.005218525766470972,1.5686976174499454,2.5399027766360027,0.7190049331608691,-47888.0,-23.08189135778667,-133912.0,-45.626827124234225,-1.0,-23.886634621387103,-85.74094994842577,76550.0,150.0,-500.0,0.2,-0.65,-1.4300000000000002,-1.0,-0.6489292667099287,0.4144691990807477,9394398300.0,0.4020000399090293,0.2630892876292781,0.3861111111111112,0.4193518518518518,0.85,0.0,0.0,OK,-,0.011291369240752802,1.0,0.45,VALID
2024-12-13,76950.0,76950.0,75800.0,75800.0,112445,147208,76200.0,-0.016223231667748195,1.4316737199580265,2.285304799369176,0.6562006953258088,-50029.0,-25.36491631894624,-129006.0,-46.705090980182035,1.0,-37.23135836375613,-79.37825753657795,76400.0,0.0,600.0,0.0,0.79,0.46,1.0,0.79155672823219,0.41259314488846094,8523331000.0,0.39349529441578057,0.2870504708812664,0.3861111111111112,0.4111111111111111,0.81,0.0,0.0,OK,-,0.03905013192612139,1.0,0.5,VALID
2024-12-16,75600.0,76400.0,75000.0,76000.0,109461,137204,75700.0,0.0026385224274405594,1.1725245929469468,2.27218594750097,0.5374209517521595,-50345.0,-26.843651525734607,-139702.0,-50.45105559287267,1.0,-33.406136118901756,-73.29932968416124,76000.0,0.0,0.0,0.0,0.0,0.39,0.0,0.0,0.4250786335862255,8319036000.0,0.40745191683749293,0.2990813637801633,0.3611111111111111,0.4062962962962963,0.81,0.0,0.0,OK,-,0.04078947368421049,1.0,0.5,VALID
2024-12-17,76100.0,76100.0,74750.0,75200.0,89440,125218,75340.0,-0.010526315789473717,1.035617934796489,2.2739049804453972,0.4746704499997791,-53739.0,-30.029001380219828,-160770.0,-56.21564541169559,1.0,-57.26299694189603,-83.88143192860541,75900.0,700.0,-1900.0,0.93,-2.44,-2.51,-1.0,0.9308510638297872,0.3818383441433345,6725888000.0,0.36434058890299054,0.2990813637801633,0.3611111111111111,0.4054629629629629,0.81,0.0,0.0,OK,-,0.06728723404255321,1.0,0.55,VALID
2024-12-18,75820.0,75820.0,74300.0,74360.0,102598,113130,75040.0,-0.011170212765957421,1.0375774098888941,2.2471724492006215,0.4755685658904218,-55160.0,-32.77675441202686,-171684.0,-60.279340200973266,1.0,-5.001851851851857,-80.5669779925259,75850.0,1490.0,-1290.0,2.0,-1.67,-1.54,-1.0,2.0037654653039265,0.48175471069971776,7629187280.0,0.4579674436239869,0.1628554165245829,0.3527777777777777,0.3977777777777778,0.81,0.0,0.0,OK,-,0.07396449704142016,1.0,0.55,VALID
2024-12-19,74020.0,74400.0,73760.0,73920.0,76096,101059,74080.0,-0.00591715976331364,1.0338575321582044,2.2473818789634015,0.4738635780015073,-58523.0,-36.67268238272487,-176891.0,-63.64130239251664,1.0,-37.58837327559339,-82.28879853089383,75500.0,1580.0,-1180.0,2.14,-1.54,-0.89,-1.0,2.1374458874458875,0.3896571067642346,5625016320.0,0.3705651182506432,0.1737092525901993,0.3527777777777777,0.3973148148148148,0.81,0.0,0.0,OK,-,0.09226190476190466,1.0,0.6,VALID
2024-12-20,76680.0,77980.0,76500.0,77880.0,116409,144633,77480.0,0.0535714285714286,1.5404347702717167,2.3506595782171544,0.7060507944407811,-2575.0,-1.7492255855660017,-123218.0,-46.00244165599531,-1.0,3.5252790253012645,-70.30867409402546,75550.0,650.0,-2330.0,0.87,-2.99,-3.7800000000000002,-1.0,-2.9917822290703646,0.6413475190199381,9065932920.0,0.6441432639889789,0.2852438597343946,0.3611111111111111,0.4118518518518518,0.85,0.0,0.0,OK,-,0.0364663585002567,1.0,0.55,VALID
2024-12-23,77660.0,78100.0,77000.0,77180.0,106661,151398,77480.0,-0.008988186954288602,1.5251485027978895,2.3524591507775225,0.6990444079957218,14194.0,10.345179440832629,-108699.0,-41.79171616742984,1.0,-2.5579886900357174,-65.2566637458998,75550.0,1070.0,-1630.0,1.44,-2.11,-2.11,-1.0,-2.1119461000259134,0.6219659327273119,8232095980.0,0.6211660784159057,0.1821622608782089,0.3611111111111111,0.4141666666666667,0.85,0.0,0.0,OK,-,0.017362010883648527,1.0,0.55,VALID
2024-12-24,77000.0,78460.0,77000.0,78200.0,112681,160753,77860.0,0.013215859030837107,1.4900140459736235,2.3348593286523065,0.6867812578941082,35535.0,28.378507882253352,-94671.0,-37.06425394637935,1.0,25.985017889087647,-65.69936988219537,75600.0,460.0,-2600.0,0.61,-3.32,-0.8799999999999999,-1.0,-3.324808184143223,0.7011944406502482,8811654200.0,0.710538995143881,0.2237254035950137,0.3611111111111111,0.4107407407407407,0.85,0.0,0.0,OK,-,0.01278772378516635,1.0,0.55,VALID
2024-12-25,78000.0,78100.0,77140.0,77500.0,118205,163546,77480.0,-0.008951406649616356,1.5025753069484176,2.33597773658008,0.696781762176653,50416.0,44.56466012551931,-83352.0,-33.75969023645392,1.0,15.21179750092594,-44.04973777382282,75600.0,840.0,-1900.0,1.12,-2.45,-0.7800000000000002,-1.0,-2.4516129032258065,0.7575034204767199,9160887500.0,0.7614919132782161,0.1803098349021888,0.3611111111111111,0.4127777777777777,0.85,0.0,0.0,OK,-,0.026838709677419414,1.0,0.6,VALID
2024-12-26,77600.0,77960.0,77280.0,77520.0,92560,163310,77680.0,0.0002580645161289752,1.5026348223099806,2.332320074908021,0.6990546980429616,62251.0,61.59867008381242,-78976.0,-32.59618797619343,1.0,21.63582842724978,-70.11783696529459,75600.0,1080.0,-1920.0,1.45,-2.48,-0.94,-1.0,-2.476780185758514,0.6375270342870525,7175251200.0,0.6421853837257282,0.1803098349021888,0.3527777777777777,0.4072222222222222,0.85,0.0,0.0,OK,-,0.026573787409700733,1.0,0.55,VALID
2024-12-27,77620.0,78120.0,76500.0,76500.0,122618,171752,77420.0,-0.013157894736842146,1.5284691031992057,2.338772308264069,0.715779311401141,27119.0,18.750216064107082,-69102.0,-28.690409957899803,-1.0,5.333780034189806,-56.25472707813057,75550.0,1950.0,-950.0,2.65,-1.24,1.7500000000000002,-1.0,-1.2418300653594772,0.8930539198656392,9380277000.0,0.8898585045569241,0.1803098349021888,0.3611111111111111,0.4130555555555555,0.85,0.0,0.0,OK,-,0.040784313725490184,1.0,0.6,VALID
2024-12-30,76500.0,78800.0,75940.0,78320.0,264996,181438,77600.0,0.023790849673202663,1.6260592323638972,2.311201792123267,0.7663410048562916,30040.0,19.841741634631898,-57996.0,-24.22212384206086,1.0,148.44694874415202,39.75255513717053,75050.0,530.0,-3270.0,0.71,-4.18,-2.07,-1.0,-4.17517875383044,1.8784610280795178,20754486720.0,1.9152066203761662,0.2097948729480951,0.3611111111111111,0.4121296296296296,0.81,0.0,0.0,OK,-,-0.0025536261491317935,-1.0,0.55,VALID
2024-12-31,78020.0,78200.0,76680.0,77100.0,161748,183715,77360.0,-0.015577119509703752,1.6619573343728555,2.263948633652428,0.7852037391069282,22962.0,14.284025803561986,-46400.0,-20.163831127914303,-1.0,43.545051960845214,-21.836703135268877,75050.0,1750.0,-2050.0,2.39,-2.66,0.6599999999999997,-1.0,-2.6588845654993514,1.1652357083063782,12470770800.0,1.1706158497072563,0.1615151021040073,0.3611111111111111,0.4063888888888888,0.8055555555555556,0.0,0.0,OK,-,0.005188067444876765,1.0,0.55,VALID
2025-01-02,77120.0,78580.0,77120.0,77800.0,163323,183460,77860.0,0.009079118028534339,1.595324351271051,2.2662181805793216,0.7548374766426151,19914.0,12.176390740219876,-34241.0,-15.728453245506453,1.0,38.169282179264826,-33.98450289206592,75100.0,,,,,,,-3.470437017994859,1.2133276377616404,12706529400.0,1.2283174277506714,0.1615151021040073,0.3805555555555555,0.4131481481481481,0.8055555555555556,0.0,0.0,OK,-,0.0,0.0,0.55,VALID
2025-01-03,77560.0,77720.0,76000.0,76380.0,188527,188017,76500.0,-0.018251928020565522,1.652063405479559,2.230804873494066,0.7832084109554601,24707.0,15.128895964729654,-19453.0,-9.376295368005012,-1.0,103.68085566119274,17.689618577938692,74900.0,,,,,,,-1.937680020947892,1.3859797896479564,14399692260.0,1.3777077869447731,0.1615151021040073,0.3805555555555555,0.4088888888888889,0.8005555555555556,0.0,0.0,OK,-,0.029065200314218442,1.0,0.6,VALID
2025-01-06,76680.0,79340.0,76600.0,77660.0,298136,183347,78140.0,0.0167583136946845,1.6936880683477664,2.240154536953053,0.808578924393305,11595.0,6.751013088639433,-13890.0,-7.042289225652388,1.0,143.14211616565268,66.42440075470854,75600.0,,,,,,,-2.652588204996137,2.0999330511456145,23153241760.0,2.1196738550002103,0.1615151021040073,0.4,0.4176851851851851,0.8005555555555556,0.0,0.0,OK,-,-0.004635591037857378,-1.0,0.55,VALID
2025-01-07,77860.0,79700.0,77000.0,78820.0,262723,204995,78540.0,0.014936904455318034,1.7230152834069015,2.2416515893269917,0.8279828286757425,23557.0,12.983498495353786,17446.0,9.302102383910338,1.0,-0.8577487962082464,59.83537241970907,75450.0,,,,,,,-4.275564577518396,1.7885495873999646,20707826860.0,1.828146095140143,0.1615151021040073,0.4111111111111112,0.4248148148148148,0.8005555555555556,0.0,0.0,OK,-,-0.016747018523217472,-1.0,0.55,VALID
2025-01-08,78920.0,79000.0,77080.0,77180.0,202254,195768,77900.0,-0.020806901801573185,1.7921761918329695,2.2597469303464406,0.8620668350381797,12053.0,6.560705440492066,16811.0,9.3938767413401,1.0,25.04265895096076,-3.3572247706421976,75500.0,,,,,,,-2.176729722726095,1.3801932368798082,15609963720.0,1.3806572228295564,0.1615151021040073,0.425,0.4322222222222222,0.8005555555555556,0.0,0.0,OK,-,0.0015548069448043655,1.0,0.55,VALID
2025-01-09,77400.0,78560.0,77220.0,78240.0,162495,198644,77900.0,0.013734128012438562,1.8163648918265063,2.226486170791006,0.876144564968917,15184.0,8.276463534285403,30354.0,18.036722324558795,1.0,-0.5069708491761693,50.458333333333336,75500.0,,,,,,,-3.502044989775051,1.0886335787803043,12713608800.0,1.1028504294402315,0.1615151021040073,0.425,0.4294444444444444,0.8005555555555556,0.0,0.0,OK,-,-0.018660531697341498,-1.0,0.5,VALID
2025-01-10,78000.0,78420.0,77260.0,77920.0,148488,197891,77800.0,-0.004089979550102263,1.8174019147145404,2.1725233296916073,0.8815292465065415,9874.0,5.251652776078759,38309.0,24.00584025767317,1.0,-21.237806786295867,21.785345209389305,75700.0,,,,,,,-2.8490759753593426,0.9860206171327788,11570184960.0,0.9942803434574806,0.1615151021040073,0.4111111111111112,0.4175925925925926,0.8005555555555556,0.0,0.0,OK,-,-0.009753593429158158,-1.0,0.55,VALID
2025-01-13,78520.0,79320.0,78000.0,78760.0,201942,201358,78720.0,0.010780287474332573,1.784950180431001,2.1453254743935215,0.8700475906795571,18011.0,9.823449524671798,54150.0,36.784685614912235,1.0,-32.265140741138275,79.59180043576859,75950.0,,,,,,,-3.567800914169629,1.3022798700312541,15904951920.0,1.3247696852412176,0.1717336686186981,0.4111111111111112,0.412037037037037,0.8005555555555556,0.0,0.0,OK,-,-0.021584560690705912,-1.0,0.5,VALID
2025-01-14,78740.0,79940.0,78500.0,79100.0,204887,219211,79280.0,0.004316912138141227,1.7856277804075578,2.1234197181559975,0.8725772471726074,14216.0,6.93480328788507,82007.0,59.77012332001982,1.0,-22.014060436276996,87.17808169119594,76350.0,,,,,,,-3.47661188369153,1.2818307882258029,16206561700.0,1.3069596532526702,0.1800142129661021,0.4,0.4040740740740741,0.8005555555555556,0.0,0.0,OK,-,-0.022756005056890016,-1.0,0.5,VALID
2025-01-15,78880.0,81380.0,78600.0,80260.0,320628,243381,80160.0,0.014664981036662361,1.780342987162307,2.119583447583891,0.8719373272202797,47613.0,24.321135221282333,118163.0,94.36582599945694,1.0,58.52739624432643,258.4838998211091,77050.0,,,,,,,-3.999501619735858,1.8706554160984254,25733603280.0,1.927526090509924,0.1835499434823996,0.4,0.4044444444444444,0.8005555555555556,0.0,0.0,OK,-,-0.03837528033889859,-1.0,0.45,VALID
2025-01-16,80500.0,80940.0,79280.0,79860.0,174290,237300,79920.0,-0.004983802641415402,1.7589234690614945,2.106872524638912,0.8628811403016151,38656.0,19.459938382231527,124170.0,109.75868469901884,1.0,7.258684882611766,69.87660578178911,77350.0,,,,,,,-3.1430002504382673,0.9960376230081319,13918799400.0,1.018567971021563,0.1897568341405044,0.3805555555555555,0.3958333333333333,0.8005555555555556,0.0,0.0,OK,-,-0.040570999248685236,-1.0,0.45,VALID
2025-01-17,80500.0,81260.0,80100.0,80740.0,235115,244609,80700.0,0.011019283746556363,1.7508395875692286,2.1010719026849647,0.8600879455975643,46718.0,23.607945788338025,143550.0,142.0457356593673,1.0,58.33939442917946,208.97156223717408,77850.0,,,,,,,-3.579390636611345,1.2852428440155839,18983185100.0,1.3244413485060198,0.1720182075364551,0.4,0.397962962962963,0.8005555555555556,0.0,0.0,OK,-,-0.049789447609611126,-1.0,0.45,VALID
2025-01-20,80900.0,81680.0,79500.0,80720.0,244998,248620,80500.0,-0.0002477086945751328,1.3181213741462738,2.100125297688486,0.6482971078371574,47262.0,23.47162764826826,103987.0,71.8971465709762,1.0,21.320973348783312,110.46310852253694,77850.0,,,,,,,-3.5555004955401386,1.293795671029962,19776238560.0,1.3300770838516314,0.1720182075364551,0.4,0.3943518518518518,0.8005555555555556,0.0,0.0,OK,-,-0.05054509415262631,-1.0,0.45,VALID
2025-01-21,81000.0,81120.0,77360.0,78520.0,312684,241515,79260.0,-0.027254707631318098,1.4536688341948156,2.1085225036802715,0.7153561288674127,22304.0,10.1746718914653,90117.0,59.52324337177506,-1.0,52.61290369813605,193.1568239562727,77900.0,,,,,,,-0.7896077432501274,1.5660439065654506,24551947680.0,1.5653654289582561,0.1720182075364551,0.4,0.3941666666666666,0.8005555555555556,0.0,0.0,OK,-,-0.0320937340804891,-1.0,0.45,VALID
2025-01-22,78520.0,79420.0,78500.0,79200.0,134231,234572,79000.0,0.008660213958227247,1.43692938680775,2.0894549677381486,0.7083945623306163,-8809.0,-3.6194279750678975,73819.0,45.92076042126741,1.0,-58.13497261624063,19.124785900018626,77850.0,,,,,,,-1.7045454545454544,0.6686728862462539,10631095200.0,0.6739010108605367,0.1720182075364551,0.3888888888888888,0.3912037037037036,0.8005555555555556,0.0,0.0,OK,-,-0.03863636363636369,-1.0,0.45,VALID
2025-01-23,79120.0,79840.0,79100.0,79580.0,126404,231918,79520.0,0.004797979797979801,1.4209550822680872,2.0804128355309386,0.7016305734056805,-5382.0,-2.2680151706700378,68372.0,41.805975077348265,1.0,-27.474898158242013,6.936254811556197,77900.0,,,,,,,-2.1110831867303346,0.6283993202167412,10059230320.0,0.6358403019158475,0.1720182075364551,0.3888888888888888,0.389537037037037,0.8005555555555556,0.0,0.0,OK,-,-0.05503895451118368,-1.0,0.4,VALID
2025-01-24,79520.0,79920.0,78880.0,79580.0,104125,224092,79400.0,0.0,1.4210779877390378,2.074418635532911,0.7018885773789216,-20517.0,-8.387671753696715,60782.0,37.218786357234706,1.0,-55.71316164430172,12.494598098530684,77900.0,,,,,,,-2.1110831867303346,0.5161586789510366,8286267500.0,0.5219392550137041,0.1720182075364551,0.375,0.3827777777777778,0.8005555555555556,0.0,0.0,OK,-,-0.05252576024126665,-1.0,0.45,VALID
2025-01-27,79480.0,80080.0,78660.0,79620.0,135203,222388,79420.0,0.0005026388539834947,1.3796053425168655,2.0563504978187264,0.6815318994610358,-26232.0,-10.551041750462552,50636.0,29.482043877218317,1.0,-44.8146515481759,10.263582834494112,77800.0,,,,,,,-2.2858578246671692,0.6681315488225554,10764862860.0,0.6751182154267319,0.1720182075364551,0.3194444444444445,0.3731481481481481,0.8005555555555556,0.0,0.0,OK,-,-0.054760110524993744,-1.0,0.4,VALID
2025-02-05,78740.0,79320.0,77840.0,78120.0,150292,232614,78420.0,-0.01883948756593823,1.3558189610014582,2.0684780026978133,0.6704300146350843,-8901.0,-3.6854853735792807,51176.0,28.205778282388472,1.0,-51.934860753988055,-43.285181663119445,77650.0,,,,,,,-0.6016385048643113,0.7643599111301661,11740811040.0,0.7577420885261237,0.1720182075364551,0.3277777777777778,0.3768518518518519,0.8005555555555556,0.0,0.0,OK,-,-0.035586277521761356,-1.0,0.45,VALID
2025-02-06,78120.0,78400.0,77200.0,77500.0,159155,245868,77600.0,-0.007936507936507908,1.3200279263691044,2.0712291230116264,0.6535847754960254,11296.0,4.81557901198779,62153.0,33.83120594398933,-1.0,18.567991000588545,-1.6031110121918046,77300.0,,,,,,,-0.25806451612903225,0.8099697193312807,12334512500.0,0.7964092633688402,0.1720182075364551,0.3277777777777778,0.3799074074074074,0.8005555555555556,0.0,0.0,OK,-,-0.00903225806451613,-1.0,0.5,VALID
2025-02-07,77500.0,78640.0,77500.0,77800.0,154686,237903,78060.0,0.003870967741935516,1.3069571095463974,2.0566163718994854,0.648008477388563,5985.0,2.580653506842936,54443.0,29.675678622042952,-1.0,22.374291952786308,-5.288293749196383,77300.0,,,,,,,-0.6426735218508998,0.7889600876044275,12034570800.0,0.7787320940027769,0.1720182075364551,0.2666666666666666,0.3756481481481481,0.8005555555555556,0.0,0.0,OK,-,-0.021593830334190267,-1.0,0.45,VALID
2025-02-10,77600.0,79460.0,77260.0,78600.0,199973,238359,78440.0,0.010282776349614497,1.2508303649591415,2.0546273614209265,0.6212807778476607,14267.0,6.366581582564304,50342.0,26.77523840929278,-1.0,92.05090036014406,6.071278914956468,77150.0,,,,,,,-1.8447837150127224,1.0169732873701054,15717877800.0,1.0127520059081196,0.1720182075364551,0.2666666666666666,0.3761111111111111,0.8005555555555556,0.0,0.0,OK,-,-0.036132315521628544,-1.0,0.4,VALID
2025-02-11,78300.0,78480.0,77060.0,77300.0,165731,243842,77620.0,-0.01653944020356235,1.258741539892255,2.0649043972241983,0.6306233310687932,21454.0,9.647103260967318,60495.0,32.99481311393151,-1.0,22.579380635045077,-44.41093997370328,76650.0,,,,,,,-0.8408796895213453,0.8721986451610186,12811006300.0,0.8539045422367989,0.1720182075364551,0.3277777777777778,0.3831481481481481,0.8005555555555556,0.0,0.0,OK,-,-0.01733505821474779,-1.0,0.45,VALID
2025-02-12,77300.0,78080.0,77300.0,77500.0,121343,246602,77640.0,0.002587322121604174,1.2101560988025637,1.9137486701755635,0.6123012848077314,13988.0,6.013395582381112,41607.0,20.29659259981951,-1.0,-19.26183695738961,-53.8133319123183,76550.0,,,,,,,-1.2258064516129032,0.6632714973035788,9404082500.0,0.651357437836798,0.0210607146770759,0.2666666666666666,0.3704629629629629,0.7550000000000001,0.0,0.0,WARNING,IC_WARN,-0.024516129032258083,-1.0,0.4,VALID
2025-02-13,77300.0,77940.0,77100.0,77300.0,134408,248595,77540.0,-0.002580645161290307,1.1163490030240073,1.9135100956179183,0.5711987546634739,2727.0,1.1091317292205574,52827.0,26.984491847492954,-1.0,-15.548993119914545,-33.5449484311806,76450.0,,,,,,,-1.0996119016817594,0.7485663079442998,10389738400.0,0.7328764830704535,0.0712108146201463,0.2666666666666666,0.3692592592592592,0.7550000000000001,0.0,0.0,OK,-,-0.02535575679172053,-1.0,0.4,VALID
2025-02-14,77200.0,77500.0,76660.0,76780.0,153612,255409,76980.0,-0.006727037516170764,1.0782923887218405,1.7035480050999825,0.5578715703837881,17506.0,7.3584612215903125,56765.0,28.5762469543505,-1.0,-0.6943097630037642,-5.466629742453611,76250.0,,,,,,,-0.6902839281062776,0.8576417531708911,11794329360.0,0.8346603721195495,0.2001796234186902,0.2555555555555555,0.357037037037037,0.75,0.0,0.0,OK,-,-0.016150039072675204,-1.0,0.45,VALID
2025-02-17,76600.0,77480.0,76380.0,77160.0,120500,248480,76960.0,0.004949205522271516,1.0830883331917445,1.5001656638944998,0.5622744780763085,10121.0,4.246116152526231,50589.0,25.564073151381315,-1.0,-39.741865151795494,-18.848661171273097,76100.0,,,,,,,-1.3737687921202695,0.678069679115482,9297780000.0,0.6633182446885164,0.047854226068668,0.2555555555555555,0.3456481481481482,0.6700000000000003,0.0,0.0,WARNING,IC_WARN,-0.011923276308968389,-1.0,0.45,VALID
2025-02-18,77420.0,77600.0,76800.0,77060.0,93893,247338,77200.0,-0.0012960082944530882,1.050450407740786,1.4377586231734443,0.5474342748945848,3496.0,1.433715274645057,45980.0,22.83495068484987,-1.0,-43.346145259486754,-53.50496677263769,76150.0,,,,,,,-1.1808980015572281,0.5449140753267843,7235394580.0,0.5326568346862631,0.047854226068668,0.25,0.3324074074074074,0.6511111111111111,0.0,0.0,WARNING,IC_WARN,-0.021541655852582386,-1.0,0.45,VALID
2025-02-19,77260.0,77800.0,77140.0,77300.0,111053,245775,77420.0,0.0031144562678433463,1.0475645590843792,1.3675768021382733,0.5472489488335646,-827.0,-0.3353581884980657,26564.0,12.11800502711999,1.0,-8.480093618914974,-45.797927638161525,76250.0,,,,,,,-1.3583441138421735,0.6625433579809111,8584396900.0,0.6502106173256953,0.2717317700779039,0.2472222222222222,0.3222222222222222,0.6150000000000001,0.0,0.0,WARNING,DEV_WARN,-0.027166882276843496,-1.0,0.4,VALID
2025-02-20,77300.0,77640.0,77020.0,77180.0,110015,243976,77320.0,-0.0015523932729625267,0.979698091504228,1.3376510344119517,0.5146101548450104,-4619.0,-1.8580421971479715,595.0,0.24447265809574287,1.0,-18.148473305160408,-65.68765048592138,76220.0,,,,,,,-1.2438455558434827,0.7003508597703608,8490957700.0,0.6880643412000599,0.3785261191768003,0.2416666666666667,0.3116666666666666,0.6061111111111112,0.0,0.0,WARNING,DEV_WARN,-0.050790360196942164,-1.0,0.4,VALID
2025-02-21,77020.0,77240.0,76600.0,76620.0,134313,256680,76880.0,-0.0072557657424202615,0.9847556154430455,1.3398472294189938,0.5202449851458952,1271.0,0.4976332079135818,19380.0,8.166877370417193,-1.0,-12.56347160378095,-22.93705892478054,76150.0,,,,,,,-0.6134168624380057,0.8660510540233302,10291062060.0,0.8463763210309952,,0.2416666666666667,0.315,0.6061111111111112,0.0,0.0,WARNING,DEV_WARN,-0.04411380840511614,-1.0,0.4,VALID
2025-02-24,76700.0,76840.0,76160.0,76720.0,101856,258484,76540.0,0.0013051422605063756,0.9399845267210811,1.3361884365393648,0.4965924829190917,10004.0,4.026078557630393,13875.0,5.672317862384459,-1.0,-15.47219917012448,-56.67822129596155,75850.0,,,,,,,-1.1339937434827947,0.6862513580205324,7814392320.0,0.6736238651627156,,0.2416666666666667,0.3134259259259259,0.6061111111111112,0.0,0.0,WARNING,DEV_WARN,-0.039103232533889476,-1.0,0.4,VALID
2025-02-25,76720.0,77300.0,76460.0,76640.0,120547,249202,76860.0,-0.0010427528675703845,0.939146095099396,1.2812623915588792,0.49614954069085854,1864.0,0.7536245946841973,582.0,0.23409218888263214,-1.0,28.3876327308745,-50.79674119788733,75900.0,,,,,,,-0.9655532359081419,0.8477213975690782,9238722080.0,0.8342976795370901,,0.2388888888888889,0.3010185185185185,0.6055555555555555,0.0,0.0,WARNING,DEV_WARN,-0.03705636743215035,-1.0,0.45,VALID
2025-02-26,76500.0,76800.0,75760.0,76000.0,148872,264594,76220.0,-0.008350730688935326,0.7543426001096404,1.27656947043385,0.39851811823626326,18819.0,7.6570033567287155,23079.0,9.555928203217192,-1.0,34.05491071830566,-52.388993360709215,75750.0,,,,,,,-0.3289473684210526,1.1108971976843622,11314272000.0,1.0866811361315767,,0.2388888888888889,0.2987962962962963,0.6055555555555555,0.0,0.0,WARNING,DEV_WARN,-0.020000000000000018,-1.0,0.5,VALID
2025-02-27,75960.0,76480.0,75600.0,76140.0,114673,261406,76020.0,0.0018421052631578672,0.7201534459705717,1.248778962679455,0.38130216478531886,17430.0,7.144145325769748,26834.0,11.439558003512781,-1.0,4.2339680952597325,-14.570404750020483,75350.0,,,,,,,-1.0375623850801157,0.8619910743749468,8731202220.0,0.8463113251599281,,0.2333333333333333,0.292037037037037,0.6055555555555555,0.0,0.0,WARNING,DEV_WARN,-0.023115313895455736,-1.0,0.45,VALID
2025-02-28,75900.0,76040.0,75120.0,75200.0,134136,281269,75580.0,-0.012345679012345734,0.7375084399076329,1.2580598438869484,0.39124714004088684,24589.0,9.579632226897305,49351.0,21.279503962607475,-1.0,-0.13178173371155566,6.11689503496724,75200.0,,,,,,,0.0,1.005371786540628,10087027200.0,0.9775991037217259,,0.2388888888888889,0.2983333333333333,0.6055555555555555,0.0,0.0,WARNING,DEV_WARN,-0.015957446808510634,-1.0,0.45,VALID
2025-03-03,75100.0,75800.0,75100.0,75400.0,104059,276007,75500.0,0.0026595744680850686,0.7451817022643836,1.2587569156750313,0.3975461104277173,17523.0,6.779143003048545,51915.0,23.166824340003213,-1.0,2.162857367263582,-0.06338535414165403,75100.0,,,,,,,-0.3978779840848806,0.7799589254662109,7846048600.0,0.7620369556417446,,0.2388888888888889,0.3011111111111111,0.6055555555555555,0.0,0.0,WARNING,DEV_WARN,-0.01644562334217503,-1.0,0.45,VALID
2025-03-04,75300.0,75540.0,75160.0,75260.0,91783,273492,75280.0,-0.001856763925729421,0.7417584378774317,1.2587552695046513,0.3996577132519415,24290.0,9.74711278400655,51104.0,22.979657175746894,-1.0,-23.86123254830066,-32.11467201171572,74950.0,,,,,,,-0.4119053946319426,0.6993256885976609,6907588580.0,0.6836970437394255,,0.2388888888888889,0.3008333333333333,0.6055555555555555,0.0,0.0,WARNING,DEV_WARN,-0.01195854371512095,-1.0,0.5,VALID
2025-03-05,75320.0,75600.0,75000.0,75340.0,107729,267741,75340.0,0.0010629816635663314,0.6418184653814248,1.2584924759703215,0.34743104930421387,3147.0,1.1893693734551802,35127.0,15.100982743944904,-1.0,-27.6364930947391,-28.320203337502992,74850.0,,,,,,,-0.6503849216883462,0.8343527587607659,8116302860.0,0.8180055564366682,,0.2388888888888889,0.3021296296296296,0.6055555555555555,0.0,0.0,WARNING,DEV_WARN,-0.026546323334218247,-1.0,0.45,VALID
2025-03-06,75340.0,76960.0,75060.0,76800.0,156436,257990,75960.0,0.019378816033979396,0.779921307745111,1.2837009207277892,0.4232743109585254,-3416.0,-1.306779492437052,12122.0,4.930287796703922,-1.0,36.41920940413175,-1.7083974741604058,74850.0,,,,,,,-2.5390625,1.2128617492977642,12014284800.0,1.2128227247630985,,0.2416666666666667,0.312962962962963,0.6061111111111112,0.0,0.0,WARNING,DEV_WARN,-0.047395833333333304,-1.0,0.4,VALID
2025-03-07,76720.0,77000.0,76020.0,76120.0,167557,258267,76520.0,-0.008854166666666718,0.7947967728591876,1.2573671104781214,0.4347933052686859,-23002.0,-8.177936423850477,20364.0,8.559791175395013,-1.0,24.915757142005134,8.320727150485506,75050.0,,,,,,,-1.4056752496058855,1.292634221398818,12754438840.0,1.2828787752284276,,0.2416666666666667,0.3088888888888889,0.6061111111111112,0.0,0.0,WARNING,DEV_WARN,-0.06647398843930641,-1.0,0.4,VALID
2025-03-10,76040.0,76500.0,75620.0,75760.0,106629,256739,76100.0,-0.004729374671571196,0.7517497492116499,1.2583877688809744,0.41375783820714374,-19268.0,-6.9809823663892585,18380.0,7.711057690290696,-1.0,2.4697527364283767,-46.678301570712044,75050.0,,,,,,,-0.937170010559662,0.8533238367521693,8078213040.0,0.8449958824153097,,0.2416666666666667,0.3089814814814814,0.6061111111111112,0.0,0.0,WARNING,DEV_WARN,-0.07233368532206974,-1.0,0.4,VALID
2025-03-11,75620.0,76020.0,75400.0,75960.0,88034,256599,75660.0,0.0026399155227032622,0.6720962139989201,1.258605408827412,0.370352169595483,-16893.0,-6.176780308016322,12757.0,5.231666406935639,-1.0,-4.084634409422227,-46.88139213544841,74900.0,,,,,,,-1.395471300684571,0.7271186496674718,6687062640.0,0.7226237642277626,,0.2416666666666667,0.3103703703703703,0.6061111111111112,0.0,0.0,WARNING,DEV_WARN,-0.07977883096366511,-1.0,0.35,VALID
2025-03-12,76100.0,76140.0,75560.0,75600.0,75956,256166,75820.0,-0.004739336492891044,0.6723271122649004,1.259742814502718,0.3729650201134273,-11575.0,-4.323207876268484,9564.0,3.8783140444927455,-1.0,-29.49345115985482,-37.40388815176813,74900.0,,,,,,,-0.9259259259259258,0.6393438552293059,5742273600.0,0.6330521908872052,,0.2416666666666667,0.3112037037037037,0.6061111111111112,0.0,0.0,WARNING,DEV_WARN,-0.06693121693121695,-1.0,0.4,VALID
2025-03-13,75600.0,75860.0,75300.0,75340.0,71232,258337,75460.0,-0.003439153439153464,0.6735152878155393,1.2600606586350913,0.3764964727196968,347.0,0.13450133726113414,9742.0,3.918823789698103,-1.0,-54.465724002147844,-47.00315457413249,74750.0,,,,,,,-0.7831165383594373,0.6159579918586527,5366618880.0,0.6084865159347116,,0.2416666666666667,0.3136111111111111,0.6061111111111112,0.0,0.0,WARNING,DEV_WARN,-0.06742766126891431,-1.0,0.4,VALID
2025-03-14,75540.0,76040.0,75400.0,75540.0,99360,255256,75720.0,0.0026546323334217803,0.6660777345537313,1.2605549608110052,0.37309239112499387,-3011.0,-1.1658477467117363,-153.0,-0.059903918812571205,1.0,-40.700776452192386,-35.317553316147176,74850.0,,,,,,,-0.9134233518665608,0.8798242122558203,7505654400.0,0.8722246752620968,,0.2416666666666667,0.3159259259259259,0.6061111111111112,0.0,0.0,WARNING,DEV_WARN,-0.06327773365104583,-1.0,0.4,VALID
2025-03-17,75780.0,76540.0,75640.0,76240.0,137017,254611,76120.0,0.009266613714588257,0.6921522551623359,1.26456251080835,0.3878777495484245,-2128.0,-0.8288573220274287,6131.0,2.467401802962009,-1.0,28.49881364356788,13.70705394190872,74900.0,,,,,,,-1.7576075550891919,1.2044656396281563,10446176080.0,1.2058932296150298,,0.2416666666666667,0.3194444444444445,0.6061111111111112,0.0,0.0,WARNING,DEV_WARN,-0.07240293809024134,-1.0,0.35,VALID
2025-03-18,76200.0,76500.0,75220.0,75400.0,134587,256955,75780.0,-0.011017838405036673,0.7305414367543448,1.2550621869164156,0.40991997860864093,356.0,0.13873787505017557,9617.0,3.8882015703207755,-1.0,52.88070518208874,43.340824129594324,75050.0,,,,,,,-0.4641909814323607,1.162314905494498,10147859800.0,1.1520887187597726,,0.2416666666666667,0.3187037037037037,0.6061111111111112,0.0,0.0,WARNING,DEV_WARN,-0.06657824933687007,-1.0,0.35,VALID
2025-03-19,75580.0,75580.0,75160.0,75200.0,69936,253930,75380.0,-0.0026525198938992522,0.724541669026497,1.2550275075287691,0.4074382611168792,-2236.0,-0.8728714973884121,8155.0,3.318075475536568,1.0,-7.9256411606719706,-37.02466389921929,74900.0,,,,,,,-0.39893617021276595,0.6148957655138396,5259187200.0,0.6085636581234231,,0.2416666666666667,0.3168518518518519,0.6061111111111112,0.0,0.0,WARNING,DEV_WARN,-0.06303191489361704,-1.0,0.4,VALID
2025-03-20,75220.0,75260.0,73120.0,73260.0,236597,261415,73780.0,-0.02579787234042552,0.907751940677946,1.2914879025984232,0.5131952237052871,3078.0,1.191466959823796,17439.0,7.147834213201298,-1.0,232.14987646001796,115.05885561059857,74450.0,,,,,,,1.6243516243516245,1.9705668866439097,17333096220.0,1.908075153694163,,0.2416666666666667,0.3255555555555556,0.6150000000000001,0.0,0.0,WARNING,DEV_WARN,-0.042042042042042094,-1.0,0.4,VALID
2025-03-21,73500.0,73680.0,72420.0,73240.0,153360,256784,73080.0,-0.00027300027300025675,0.9021665183050722,1.2836581819985278,0.5125447357422792,1528.0,0.5986147240417463,104.0,0.04051737572074178,-1.0,54.347826086956516,14.181054700587437,74300.0,,,,,,,1.4472965592572364,1.267251594393552,11232086400.0,1.2300878503717685,,0.2388888888888889,0.3212037037037037,0.6150000000000001,0.0,0.0,WARNING,DEV_WARN,-0.057891862370289426,-1.0,0.4,VALID
2025-03-24,73400.0,73840.0,73220.0,73720.0,92617,247653,73560.0,0.006553795740032786,0.9203934542458863,1.284295146897917,0.5241998072295557,-6958.0,-2.732796304951475,-10831.0,-4.190201327741756,1.0,-32.4047380981922,-9.070648759032363,74100.0,,,,,,,0.5154639175257731,0.7682497365329015,6827725240.0,0.751803742525558,,0.2416666666666667,0.3254629629629629,0.6150000000000001,0.0,0.0,WARNING,DEV_WARN,-0.07976125881714591,-1.0,0.35,VALID
2025-03-25,73720.0,74480.0,73600.0,73800.0,101240,237509,73960.0,0.0010851871947910041,0.9227268911882932,1.0751914724043954,0.5267413710234043,-19446.0,-7.567862077017376,-11693.0,-4.6921774303577015,1.0,-24.777281609665124,-16.016159672161066,74100.0,,,,,,,0.40650406504065045,0.8465555374381745,7471512000.0,0.8307743240249031,,0.2388888888888889,0.3116666666666666,0.6061111111111112,0.0,0.0,WARNING,DEV_WARN,-0.0653116531165312,-1.0,0.35,VALID
2025-03-26,73620.0,74740.0,73620.0,74480.0,113885,226538,74200.0,0.009214092140921393,0.9409633038174613,1.0774865873491124,0.5391108599843741,-27392.0,-10.787224825739377,-38056.0,-14.382790237117998,1.0,62.84174102036146,-23.50139717341072,74100.0,,,,,,,-0.5102040816326531,0.9664281110630709,8482154800.0,0.9582378953470736,,0.2416666666666667,0.316111111111111,0.6061111111111112,0.0,0.0,WARNING,DEV_WARN,-0.08297529538131043,-1.0,0.3,VALID
2025-03-27,74420.0,75020.0,74020.0,74380.0,104899,222920,74500.0,-0.0013426423200859627,0.9386504991959274,1.0622783760777899,0.5377857731468402,-38495.0,-14.72562783313888,-38486.0,-14.72269190454695,-1.0,-55.66342768505095,-8.52336644196977,74300.0,,,,,,,-0.10755579456843238,0.8938799317781606,7802387620.0,0.8860927345216096,,0.2388888888888889,0.3074074074074074,0.6061111111111112,0.0,0.0,WARNING,DEV_WARN,-0.0833557407905351,-1.0,0.3,VALID
2025-03-28,74380.0,74760.0,73960.0,74000.0,94211,218313,74260.0,-0.0051089002420005025,0.9065248888592278,1.0584190433961755,0.5193798848981941,-38471.0,-14.981852451866159,-62956.0,-22.382843470130016,-1.0,-38.56872717788211,-29.76456730482495,74150.0,,,,,,,0.20270270270270271,0.8166964584478338,6971614000.0,0.8060028776219603,,0.2388888888888889,0.3074074074074074,0.6061111111111112,0.0,0.0,WARNING,DEV_WARN,-0.09513513513513516,-1.0,0.3,VALID
2025-03-31,74000.0,74600.0,73520.0,74160.0,83977,210611,74000.0,0.00216216216216214,0.9056037267678319,1.0590009445951212,0.5188521188468903,-37042.0,-14.957218366020196,-65396.0,-23.693601973862982,-1.0,-9.328740943887192,-19.29866710231696,74000.0,,,,,,,-0.2157497303128371,0.7343721715648422,6227734320.0,0.7268004904165046,,0.2388888888888889,0.3094444444444445,0.6061111111111112,0.0,0.0,WARNING,DEV_WARN,-0.10652642934196332,-1.0,0.25,VALID
2025-04-01,74220.0,74800.0,74080.0,74360.0,77235,203726,74380.0,0.0026968716289104133,0.9084993118927379,1.0470587484709897,0.5205111010627886,-33783.0,-14.22388204236471,-69766.0,-25.50933848156436,-1.0,-23.710983800869222,-15.850429818158052,74100.0,,,,,,,-0.34965034965034963,0.6797377682845367,5743194600.0,0.6748380073264331,,0.2388888888888889,0.3072222222222222,0.6061111111111112,0.0,0.0,WARNING,DEV_WARN,-0.11296395911780532,-1.0,0.2,VALID
2025-04-02,74360.0,74520.0,73300.0,73340.0,113158,205165,73900.0,-0.01371705217859065,0.9535798620091314,1.0114308970793522,0.5463393284157781,-21373.0,-9.434620240312883,-62576.0,-23.371840696792795,1.0,-0.6383632611845269,5.039497257006009,74100.0,,,,,,,1.0362694300518136,0.9935190961239692,8299007720.0,0.9741060584256909,,0.2388888888888889,0.3026851851851851,0.6055555555555555,0.0,0.0,WARNING,DEV_WARN,-0.11017180256340331,-1.0,0.2,VALID
2025-04-03,73080.0,73640.0,72800.0,73160.0,81717,199448,73260.0,-0.002454322334333292,0.8199933301938807,0.9935007768682342,0.46980292178113575,-23472.0,-10.529337879059753,-58542.0,-22.69157719291445,1.0,-22.09935271070268,-47.76330256462706,73900.0,,,,,,,1.0114816839803171,0.7418014854729749,5978415720.0,0.7274940608049211,,0.2333333333333334,0.2956481481481481,0.6055555555555555,0.0,0.0,WARNING,DEV_WARN,-0.12301804264625482,-1.0,0.2,VALID
2025-04-07,70800.0,72020.0,70000.0,71060.0,154107,179831,71300.0,-0.028704209950792814,1.0022041961419406,1.0479128013170922,0.5741979138506801,-38482.0,-17.626985108536825,-78436.0,-30.37012084393283,1.0,63.57644011845751,-8.027119129609627,72600.0,,,,,,,2.1671826625387,1.407527968895136,10950843420.0,1.3473581787072277,,0.2333333333333334,0.302037037037037,0.6061111111111112,0.0,0.0,WARNING,DEV_WARN,-0.09541232761047003,-1.0,0.25,VALID
2025-04-08,71340.0,71560.0,69860.0,70280.0,150076,174172,70640.0,-0.010976639459611581,1.0162515133038403,1.0322392672528051,0.5822461142479765,-36439.0,-17.301565445299627,-82567.0,-32.15989779503698,1.0,78.71083749121783,40.74595091391649,72400.0,,,,,,,3.016505406943654,1.3440438187158255,10547341280.0,1.278295589101208,,0.2333333333333334,0.2994444444444444,0.6061111111111112,0.0,0.0,WARNING,DEV_WARN,-0.10330108138873084,-1.0,0.25,VALID
2025-04-09,70060.0,70140.0,68400.0,69900.0,137498,154327,69480.0,-0.005406943653955554,1.0057150253461948,1.0057161033628141,0.5762093909655527,-49399.0,-24.247764153814437,-102272.0,-39.85674145261673,1.0,78.02550657085519,56.18738214780652,71400.0,,,,,,,2.1459227467811157,1.2047146646573195,9611110200.0,1.1445477203360614,,0.2277777777777778,0.2923148148148148,0.6055555555555555,0.0,0.0,WARNING,DEV_WARN,-0.08383404864091559,-1.0,0.3,VALID
2025-04-10,71200.0,71440.0,70240.0,70540.0,86863,143347,70640.0,0.009155937052932828,1.0481643791750812,0.9921826505329291,0.6005301137351108,-61818.0,-30.130870275144396,-112819.0,-44.04136380315889,1.0,-23.237420244260242,14.359629259044704,71750.0,,,,,,,1.7153388148568187,0.7574473354226507,6127316020.0,0.7280078788218272,,0.2277777777777778,0.290462962962963,0.5905555555555555,0.0,0.0,WARNING,DEV_WARN,-0.10377091012191664,-1.0,0.25,VALID
2025-04-11,70200.0,70460.0,69920.0,70260.0,59500,134216,70180.0,-0.003969379075701718,1.0482405006570779,0.9608270595539447,0.6005737264004039,-65232.0,-32.70626930327705,-124121.0,-48.04615676422657,1.0,-27.187733274594027,-16.470125786163525,71600.0,,,,,,,1.9072018218047253,0.5215089576832731,4180470000.0,0.5002211044600554,,0.2277777777777777,0.2830555555555555,0.5638888888888889,0.0,0.0,WARNING,DEV_WARN,-0.07201821804725306,-1.0,0.3,VALID
2025-04-14,70620.0,71180.0,70500.0,70760.0,76618,118132,70840.0,0.0071164247082264875,1.0664645758538764,0.9467159373613698,0.6110149378821982,-61699.0,-34.309434969499144,-137124.0,-53.72018679286676,1.0,-50.282595858721535,-22.88848631239936,71600.0,,,,,,,1.1871113623516112,0.6783061204073485,5421489680.0,0.6569085126732287,,0.2277777777777777,0.2812037037037037,0.558888888888889,0.0,0.0,WARNING,DEV_WARN,-0.0938383267382702,-1.0,0.25,VALID
2025-04-15,70760.0,70780.0,70400.0,70720.0,39365,112411,70580.0,-0.0005652911249293124,1.0278959745269376,0.9462564477803092,0.5889176342515413,-61761.0,-35.459775394437685,-142200.0,-55.849904363912,-1.0,-73.76995655534529,-71.26998839560055,71550.0,,,,,,,1.1736425339366516,0.3642468976786836,2783892800.0,0.35373829842016713,,0.2277777777777777,0.2799074074074074,0.558888888888889,0.0,0.0,WARNING,DEV_WARN,-0.126131221719457,-1.0,0.25,VALID
2025-04-16,71000.0,71440.0,70180.0,70380.0,56725,133972,70780.0,-0.004807692307692291,1.013911786988833,0.9330796498590329,0.5809056030285757,-20355.0,-13.189526136061739,-122983.0,-47.86168784417505,-1.0,-58.744854470610484,-57.85254147874609,71550.0,,-2810.0,,-3.78,,-1.0,1.6624040920716114,0.5444944864233936,3992305500.0,0.5279330008632312,,0.225,0.2760185185185185,0.558888888888889,0.0,0.0,WARNING,DEV_WARN,-0.130718954248366,-1.0,0.25,VALID
2025-04-17,70520.0,70680.0,70180.0,70460.0,48362,141377,70420.0,0.0011366865586814878,1.0188896404750327,0.9304281559189563,0.5837575897776169,-1970.0,-1.3742875679295694,-112553.0,-44.32442011577994,1.0,-44.32382026869899,-30.84820407229467,71550.0,,-2930.0,,-3.93,,-1.0,1.5469770082316208,0.4690762896397205,3407586520.0,0.45619616183651135,,0.2222222222222223,0.2741666666666667,0.558888888888889,0.0,0.0,CRITICAL,DEV_CRIT,-0.13624751632131704,-1.0,0.2,VALID
2025-04-18,70300.0,70660.0,69700.0,70180.0,94760,153049,70080.0,-0.003973885892705087,0.870143793172962,0.9050098380935562,0.49853587992687864,18833.0,14.031859092805627,-108366.0,-41.45362737409866,-1.0,59.260504201680675,-59.94877365308944,71450.0,,-2510.0,,-3.39,,-1.0,1.809632373895697,0.9869944010253243,6650256800.0,0.9588827583295148,,0.2222222222222222,0.2667592592592592,0.5355555555555556,0.0,0.0,CRITICAL,DEV_CRIT,-0.1293815901966372,-1.0,0.25,VALID
2025-04-21,70240.0,70360.0,68500.0,69000.0,196466,181414,69020.0,-0.016813907096038805,0.9284312517451222,0.9238813744064189,0.5319308080708955,63282.0,53.56888903937968,-75370.0,-29.351517228487754,-1.0,156.422772716594,28.107720396452795,70850.0,,-2770.0,,-3.76,,-1.0,2.681159420289855,2.001406830104127,13556154000.0,1.9224154465788732,,0.2222222222222223,0.2749074074074074,0.558888888888889,0.0,0.0,CRITICAL,DEV_CRIT,-0.09942028985507245,-1.0,0.3,VALID
2025-04-22,68500.0,68880.0,67760.0,67840.0,155736,205447,68200.0,-0.016811594202898572,0.9495013150035221,0.9252758824562708,0.5440025858725139,93036.0,82.76414229924117,-42206.0,-17.042393994823403,-1.0,295.6204750412803,68.15055551356662,70400.0,,-1860.0,,-2.57,,-1.0,3.7735849056603774,1.5370721842402135,10565130240.0,1.4595753650235352,,0.2222222222222223,0.2769444444444444,0.5905555555555555,0.0,0.0,CRITICAL,DEV_CRIT,-0.10141509433962259,-1.0,0.3,VALID
2025-04-23,68000.0,69120.0,67500.0,68980.0,216166,206388,68260.0,0.016804245283018826,1.05402258329293,0.958992444481071,0.6076192774226208,72416.0,54.05308571940406,-31121.0,-13.103082409508692,-1.0,281.0771264874394,113.51837218490716,69950.0,,-3310.0,,-4.52,-0.7399999999999998,-1.0,1.406204697013627,2.018993856137605,14911130680.0,1.9592899472260608,,0.225,0.2880555555555555,0.6066666666666667,0.0,0.0,WARNING,DEV_WARN,-0.1287329660771238,-1.0,0.25,VALID
2025-04-24,68800.0,68960.0,68080.0,68300.0,104384,212456,68400.0,-0.009857929834734658,1.02041002573903,0.9080418937477828,0.5911291402631856,71079.0,50.27621183077869,-14082.0,-6.216175652649887,-1.0,115.83888176667631,-8.342626333582126,69900.0,,-2180.0,,-3.02,0.9100000000000001,-1.0,2.342606149341142,0.9792933090598985,7129427200.0,0.9451913081545433,,0.225,0.2822222222222222,0.5905555555555555,0.0,0.0,WARNING,DEV_WARN,-0.10805270863836014,-1.0,0.3,VALID
2025-04-25,68260.0,68840.0,67960.0,68180.0,108177,217370,68400.0,-0.0017569546120058677,1.0198259380971102,0.8966558025102928,0.5948555318873268,64321.0,42.02640984259943,-5550.0,-2.4896823972725644,-1.0,14.158927817644585,3.124910628318678,69800.0,,-2020.0,,-2.81,0.5800000000000001,-1.0,2.376063361689645,1.0133197445928788,7375507860.0,0.9805904889542281,,0.2222222222222223,0.276574074074074,0.5905555555555555,0.0,0.0,CRITICAL,DEV_CRIT,-0.11440305074801993,-1.0,0.3,VALID
2025-04-28,68080.0,68160.0,66820.0,66960.0,145735,246197,67360.0,-0.017893810501613427,1.0643106984160693,0.9132504006811247,0.6245265435006174,64783.0,35.710033404257665,27884.0,12.772487208732416,-1.0,-25.82177068805799,54.69000435193343,68850.0,,-2010.0,,-2.84,0.9199999999999999,-1.0,2.82258064516129,1.3329674727033671,9758415600.0,1.2738054897542268,,0.2222222222222223,0.2831481481481481,0.6066666666666667,0.0,0.0,CRITICAL,DEV_CRIT,-0.12096774193548387,-1.0,0.3,VALID
2025-04-29,67000.0,67000.0,66100.0,66260.0,128061,249047,66480.0,-0.010454002389486239,1.0574172153629504,0.9177163678658888,0.6226949704011533,43600.0,21.222018330761706,38436.0,18.2497590344284,-1.0,-17.77045769764216,52.49532610119439,68250.0,,-1530.0,,-2.19,0.3799999999999999,-1.0,3.0033202535466343,1.1481641038790806,8485321860.0,1.0915400029441646,,0.225,0.2893518518518518,0.6066666666666667,0.0,0.0,WARNING,DEV_WARN,-0.09749471777844854,-1.0,0.35,VALID
2025-04-30,66120.0,66700.0,65920.0,65960.0,114538,244729,66260.0,-0.004527618472683348,1.0399116417838594,0.916753312876671,0.6162444436697946,38341.0,18.577145958098342,41003.0,20.126542512983125,-1.0,-47.013868971068526,48.298051401566646,67950.0,,-1650.0,,-2.37,2.1499999999999995,-1.0,3.016979987871437,1.0100299292949066,7554926480.0,0.9606607197744332,,0.225,0.2910185185185185,0.6066666666666667,0.0,0.0,WARNING,DEV_WARN,-0.09126743480897515,-1.0,0.4,VALID
2025-05-06,65980.0,66260.0,65100.0,65260.0,103979,256291,65460.0,-0.010612492419648234,1.0299357588066105,0.8987748420003349,0.6130968284746801,43835.0,20.63250743683398,51126.0,24.919455072746327,-1.0,-0.38799049662783247,-8.111666872868028,67100.0,,-1720.0,,-2.5,0.52,-1.0,2.819491265706405,0.9206435358435087,6785669540.0,0.8712269920725024,,0.225,0.2886111111111111,0.6066666666666667,0.0,0.0,WARNING,DEV_WARN,-0.06405148636224334,-1.0,0.45,VALID
2025-05-07,65800.0,66000.0,63840.0,64160.0,203814,276900,64780.0,-0.016855654305853562,1.0555679437677592,0.9143964970775211,0.6299216851413649,59530.0,27.386483875419792,77452.0,38.83317957562873,-1.0,88.40788707396212,149.41444252725873,66650.0,,-1370.0,,-2.01,0.8000000000000003,-1.0,3.880922693266833,1.712053693304717,13076706240.0,1.6057746419983465,,0.2277777777777777,0.295462962962963,0.6177777777777779,0.0,0.0,WARNING,DEV_WARN,-0.0632793017456359,-1.0,0.45,VALID
2025-05-08,63960.0,64780.0,63000.0,64280.0,309284,267396,63880.0,0.0018703241895261513,0.930939387348957,0.9121727226072105,0.556538117728076,21199.0,8.610584206956219,87565.0,48.69293948206928,-1.0,112.22355645520979,100.69432277573375,65250.0,,-2870.0,,-4.21,-1.37,-1.0,1.5090230242688238,2.4390453557361735,19880775520.0,2.3143966746636666,,0.225,0.2948148148148148,0.6177777777777779,0.0,0.0,WARNING,DEV_WARN,-0.05973864343497204,-1.0,0.45,VALID
2025-05-09,64100.0,64880.0,62820.0,63020.0,289402,290303,63700.0,-0.019601742377100217,0.9790146409937426,0.919225783399694,0.5864893223576544,41256.0,16.565547868474624,116131.0,66.67604436993318,-1.0,125.9876152770945,92.83696260561317,65250.0,,-1250.0,,-1.88,0.31000000000000005,-1.0,3.538559187559505,2.163403082790711,18238114040.0,2.032195733962701,,0.225,0.2985185185185185,0.6294444444444445,0.0,0.0,WARNING,DEV_WARN,-0.03681370993335453,-1.0,0.5,VALID
2025-05-12,63720.0,64480.0,62560.0,64040.0,313934,284331,63660.0,0.016185337987940418,1.0914332790626622,0.9382393822864463,0.6559084592389127,39602.0,16.181980884978895,130004.0,84.23931003648097,-1.0,174.08720250048017,128.3189573666526,64600.0,,-3080.0,,-4.55,-2.1799999999999997,-1.0,0.8744534665833853,2.201601826731873,20104333360.0,2.116413482516665,,0.225,0.3007407407407407,0.6483333333333333,0.0,0.0,WARNING,DEV_WARN,-0.05121798875702688,-1.0,0.5,VALID
2025-05-13,64200.0,64220.0,62920.0,63220.0,217033,294226,63300.0,-0.012804497189256692,1.0587902894431147,0.9434862437632582,0.638976260293571,37935.0,14.801534193553422,150879.0,105.25438272164746,-1.0,108.72772386731936,149.85667084949864,64600.0,,-2080.0,,-3.12,-0.6200000000000001,-1.0,2.182853527364758,1.4556013519608562,13720826260.0,1.3888991377297957,,0.2277777777777777,0.3060185185185185,0.6483333333333333,0.0,0.0,WARNING,DEV_WARN,-0.0234103131920278,-1.0,0.55,VALID
2025-05-14,63860.0,65640.0,63780.0,65200.0,377525,276956,64740.0,0.03131920278392908,1.3405893520548158,1.0442595937625183,0.8157483929927364,56.0,0.020223907547851208,142740.0,106.35095666686536,1.0,85.23016083291628,534.4957983193277,64700.0,,-3480.0,,-5.1,-3.09,-1.0,-0.7668711656441718,2.287985929969843,24614630000.0,2.258092420316731,,0.2277777777777778,0.3203703703703703,0.6838888888888889,0.0,0.0,WARNING,DEV_WARN,-0.07239263803680984,-1.0,0.5,VALID
2025-05-15,64680.0,65260.0,63920.0,64120.0,230077,289360,64500.0,-0.016564417177914126,1.3451069449478648,1.0581922154682986,0.8230106877033445,21964.0,8.21403461532708,171228.0,144.94633122270002,-1.0,-25.609795527735024,200.29105432143882,64800.0,,-3100.0,,-4.57,-0.3600000000000003,-1.0,1.0605115408608858,1.332419097831403,14752537240.0,1.2978182928490387,,0.2333333333333334,0.3272222222222222,0.6838888888888889,0.0,0.0,WARNING,DEV_WARN,-0.06737367436057395,-1.0,0.5,VALID
2025-05-16,64100.0,64100.0,61780.0,61800.0,305596,328741,62600.0,-0.03618215845290085,1.5112015278898792,1.1365248074579737,0.9249533959403593,38438.0,13.240648563742022,216330.0,192.44557916929838,-1.0,5.595676602096744,676.313984504001,64500.0,,-1560.0,,-2.36,-0.48,-1.0,4.368932038834951,1.6430979037861104,18885832800.0,1.5515444724486096,,0.2333333333333334,0.3373148148148148,0.6916666666666668,0.0,0.0,WARNING,DEV_WARN,-0.03268608414239482,-1.0,0.5,VALID
2025-05-19,61800.0,62100.0,60940.0,61180.0,224064,335807,61400.0,-0.010032362459546973,1.512437065265822,1.1390786007262594,0.9259895967533179,51476.0,18.104251734773907,201835.0,150.6546143970382,-1.0,-28.627036256028337,295.00044072278536,63700.0,,-1620.0,,-2.48,2.07,-1.0,4.118993135011442,1.152861534313689,13708235520.0,1.0829636068934902,,0.25,0.3435185185185185,0.6916666666666668,0.0,0.0,OK,-,-0.021575678326250403,-1.0,0.55,VALID
2025-05-20,61160.0,61380.0,60280.0,60860.0,242276,339673,60740.0,-0.0052304674730303535,1.5013540961315894,1.1356137258047563,0.9213275983954775,45447.0,15.446289586916178,198296.0,140.26043840228607,-1.0,11.630950132007566,400.9635664364584,63250.0,,-1270.0,,-1.97,1.1500000000000001,-1.0,3.927045678606638,1.1873344005535889,14744917360.0,1.1149324420915456,,0.2444444444444444,0.3430555555555555,0.6916666666666668,0.0,0.0,WARNING,DEV_WARN,-0.016102530397633874,-1.0,0.6,VALID
2025-05-21,61060.0,61840.0,60620.0,61100.0,270174,329205,61120.0,0.0039434768320736335,1.5205944250839116,1.1397595451462765,0.939872871132981,52249.0,18.865451551871054,176156.0,115.09777914262753,-1.0,-28.435467849811268,185.11397214014355,63050.0,,-1930.0,,-2.97,2.1299999999999994,-1.0,3.1914893617021276,1.269489084843816,16507631400.0,1.203372112902012,,0.2666666666666666,0.3485185185185185,0.6916666666666668,0.0,0.0,OK,-,-0.017021276595744705,-1.0,0.6,VALID
2025-05-22,61200.0,62980.0,61200.0,62140.0,427180,312662,61980.0,0.017021276595744705,1.5898877604348043,1.1700529274134503,0.992126546038436,23302.0,8.052944429084876,131248.0,72.34722788759413,-1.0,85.66827627272609,117.43202386163509,63050.0,,-2350.0,,-3.59,0.9800000000000004,-1.0,1.4644351464435146,1.904021162724099,26544965200.0,1.8476021522646504,,0.3,0.3561111111111111,0.6916666666666668,0.0,0.0,OK,-,-0.05214032829095594,-1.0,0.55,VALID
2025-05-23,62120.0,62280.0,60840.0,60960.0,294570,318506,61520.0,-0.01898937882201479,1.5990488997197496,1.1854024338001363,1.001165971586928,-10235.0,-3.1133932183694766,113059.0,55.03073785453183,1.0,-3.6080315187371537,89.14701803051317,63050.0,,-1550.0,,-2.4,-0.040000000000000036,-1.0,3.4284776902887137,1.2735493904087987,17956987200.0,1.2185096420839172,,0.3416666666666667,0.365,0.6916666666666668,0.0,0.0,OK,-,-0.030183727034120755,-1.0,0.6,VALID
2025-05-26,61060.0,61220.0,59920.0,60100.0,261982,326472,60400.0,-0.014107611548556442,1.5226226892927348,1.192313754229741,0.9533154516745731,-9335.0,-2.7798705804226835,120084.0,58.18361532647247,1.0,16.922843473293337,21.194822497525045,62500.0,,-1100.0,,-1.73,0.75,-1.0,3.9933444259567388,1.1215499000917208,15745118200.0,1.0654038895619635,,0.3666666666666667,0.3738888888888889,0.6916666666666668,0.0,0.0,OK,-,0.009983361064891838,1.0,0.65,VALID
2025-05-27,59940.0,61400.0,59720.0,60920.0,392469,293695,60740.0,0.013643926788685423,1.5867654757982539,1.2122721624767587,0.9934753086891683,-45978.0,-13.535959584659363,81239.0,38.238035169635125,-1.0,61.99252092654659,275.98578326180257,62000.0,,-1260.0,,-1.99,-0.020000000000000018,-1.0,1.772816808929744,1.5825777691754017,23909211480.0,1.5309211280753792,,0.386111111111111,0.3794444444444445,0.6916666666666668,0.0,0.0,OK,-,-0.0006565988181220783,-1.0,0.65,VALID
2025-05-28,61200.0,61240.0,59500.0,60380.0,388140,283607,60200.0,-0.008864084044648668,1.58570751217517,1.2119949759753201,0.9928129167017851,-45598.0,-13.85094394070564,66237.0,30.47200625661315,1.0,43.66297275089386,258.8008541556893,61500.0,,-840.0,,-1.35,1.62,-1.0,1.8549188473004308,1.481497597347091,23435893200.0,1.4272292791026486,,0.386111111111111,0.3827777777777778,0.6916666666666668,0.0,0.0,OK,-,0.01854918847300424,1.0,0.7,VALID
2025-05-29,60260.0,60300.0,58460.0,58860.0,386145,287506,59080.0,-0.025173898641934422,1.6225281003134842,1.2383795753288356,1.0113196126699382,-25156.0,-8.045749083675023,41309.0,16.778839709663398,1.0,-9.606020881127398,164.9638041650942,60900.0,,-460.0,,-0.75,2.84,-1.0,3.4658511722731906,1.4092258317742479,22728494700.0,1.3315612880997467,,0.386111111111111,0.3894444444444444,0.717777777777778,0.0,0.0,OK,-,0.07543323139653424,1.0,0.75,VALID
2025-05-30,58800.0,60380.0,58780.0,59800.0,429284,261009,59740.0,0.015970098538905964,1.692983900556513,1.2622031694216016,1.047569264709867,-57497.0,-18.052093210175006,11962.0,4.803109453235735,1.0,45.732423532606845,235.21837249435816,60700.0,,-1060.0,,-1.72,0.6799999999999999,-1.0,1.5050167224080269,1.4850351104719808,25671183200.0,1.4318765526012005,,0.3944444444444444,0.3967592592592592,0.717777777777778,0.0,0.0,OK,-,0.04113712374581935,1.0,0.7,VALID
2025-06-03,59800.0,60140.0,58600.0,59940.0,305161,259658,59560.0,0.00234113712374584,1.7008975879555295,1.2644472690457043,1.0524660246182196,-66814.0,-20.465461050258522,14929.0,6.100216974694458,1.0,16.481666679390194,166.4277357732805,60300.0,,-1260.0,,-2.05,-0.31999999999999984,-1.0,0.6006006006006006,1.021957308405819,18291350340.0,0.9905865857733552,,0.3944444444444444,0.3996296296296296,0.717777777777778,0.0,0.0,OK,-,0.047380714047380756,1.0,0.7,VALID
2025-06-04,60180.0,61560.0,59340.0,61080.0,413239,245650,60360.0,0.019019019019018923,1.7736005445365552,1.2967650240396833,1.097452502483002,-48045.0,-16.358807606530583,-10641.0,-4.151921058484301,-1.0,5.292137722979384,297.425441675723,60250.0,,-2430.0,,-3.88,-1.89,-1.0,-1.3588736083824493,1.3157651326172133,25240638120.0,1.3018745348673397,0.7087813007671453,0.3972222222222222,0.4102777777777778,0.7294444444444446,0.0,0.0,OK,-,0.047151277013752546,1.0,0.7,VALID
2025-06-05,60500.0,60680.0,60000.0,60100.0,244592,231588,60300.0,-0.016044531761624126,1.7703925357295807,1.2716571307894786,1.0954674798103112,-52019.0,-18.341930911437306,-45312.0,-16.364030335861322,1.0,-36.98356263203999,20.007457780132864,60200.0,,-2100.0,,-3.37,-2.02,-1.0,0.16638935108153077,0.7737649053870637,14699979200.0,0.7550422078778413,0.6394071301647556,0.3972222222222222,0.4075,0.7194444444444446,0.0,0.0,OK,-,0.06622296173044928,1.0,0.75,VALID
2025-06-06,60720.0,61320.0,60200.0,60440.0,256782,218416,60800.0,0.005657237936772086,1.7780126532725846,1.2760575913649403,1.100182587218541,-69090.0,-24.030802835419088,-48980.0,-18.31740190578767,-1.0,-33.501145942586334,-16.97533658385173,60200.0,,-2380.0,,-3.8,-3.05,-1.0,-0.3970880211780278,0.8191303307614092,15519904080.0,0.8061852642396671,0.6516935699725246,0.4111111111111111,0.4090740740740741,0.7194444444444446,0.0,0.0,OK,-,0.04698874917273321,1.0,0.7,VALID
2025-06-09,60280.0,60960.0,60280.0,60700.0,165113,212689,60660.0,0.004301786896095283,1.7399418575754486,1.2802103890132688,1.076625484612746,-48320.0,-18.512771590251678,-77614.0,-26.73551427301819,-1.0,-61.537583511148796,-42.94683519809814,60250.0,,-2250.0,,-3.6,-1.8800000000000001,-1.0,-0.7413509060955519,0.537360365649657,10022359100.0,0.5319652529192859,0.6597095792462581,0.4111111111111111,0.4124074074074074,0.7194444444444446,0.0,0.0,OK,-,0.048764415156507424,1.0,0.7,VALID
2025-06-10,60360.0,61360.0,59800.0,60760.0,204780,194731,60660.0,0.0009884678747940079,1.6900565042600326,1.2790217291814818,1.0457578769082405,-64927.0,-25.00481402460159,-89600.0,-31.51256809844864,-1.0,-32.89443932874777,-34.769728669083314,60350.0,,-1910.0,,-3.07,-1.02,-1.0,-0.674786043449638,0.6785083683692772,12442432800.0,0.6741251225580855,0.6627902864705956,0.4111111111111111,0.4107407407407407,0.7194444444444446,0.0,0.0,OK,-,0.051349572086899276,1.0,0.7,VALID
2025-06-11,61100.0,62160.0,60760.0,61740.0,168732,216554,61520.0,0.016129032258064502,1.7206699376363481,1.3040921230548457,1.0647005803100444,-29096.0,-11.844494199063709,-77672.0,-26.398754698768972,-1.0,-59.16842311592081,-22.255140923269735,60500.0,,-2100.0,,-3.35,0.5299999999999998,-1.0,-2.008422416585682,0.5635783343055749,10417513680.0,0.5695122978960402,0.6585680946635828,0.4277777777777778,0.4189814814814815,0.7194444444444446,0.0,0.0,OK,-,0.04308390022675734,1.0,0.7,VALID
2025-06-12,61500.0,61500.0,60300.0,60480.0,154540,238580,60860.0,-0.020408163265306145,1.5926278647241072,1.3226977960352369,0.9926828354892248,6992.0,3.0191547057705925,-38376.0,-13.856352633631335,1.0,-36.81723032642115,-59.06496258525926,60650.0,,-1050.0,,-1.7,1.6700000000000002,-1.0,0.28108465608465605,0.5361415019455685,9346579200.0,0.5332191670443134,0.5919162016932222,0.4361111111111111,0.4288888888888889,0.7444444444444445,0.0,0.0,OK,-,0.06117724867724861,1.0,0.7,VALID
2025-06-13,60360.0,60780.0,59680.0,59800.0,177158,266931,60200.0,-0.011243386243386277,1.5742198953479165,1.3237835561848317,0.981209172594898,48515.0,22.212200571386713,-22429.0,-7.751244124965441,-1.0,-31.008404015857806,-23.000560681858683,60650.0,,-430.0,,-0.7,3.0999999999999996,-1.0,1.4214046822742474,0.6203036181693309,10594048400.0,0.6116421718824269,0.5722042242194437,0.4361111111111111,0.4321296296296296,0.7444444444444445,0.0,0.0,OK,-,0.07491638795986622,1.0,0.75,VALID
2025-06-16,60000.0,60000.0,58980.0,59780.0,218180,300422,59420.0,-0.0003344481605350724,1.3719643748895072,1.31348347578315,0.8551435749816205,87733.0,41.249429918801624,-28319.0,-8.614380317636073,-1.0,32.139807283496744,-28.605086454011175,60500.0,,-180.0,,-0.3,3.3000000000000003,-1.0,1.2044161927065908,0.7758116589010235,13042800400.0,0.765938931923969,0.5739248084950977,0.4277777777777778,0.4249074074074074,0.7444444444444445,0.0,0.0,OK,-,0.11207761793241877,1.0,0.8,VALID
2025-06-17,59720.0,60180.0,59500.0,59860.0,181606,307335,59820.0,0.0013382402141184357,1.3585480362071172,1.3119160604229658,0.850588162035063,112604.0,57.82541043798881,-28472.0,-8.478679717814101,-1.0,-11.316534817853308,-18.94905027135104,60450.0,,-230.0,,-0.38,2.69,-1.0,0.985633144002673,0.6506723362145055,10870935160.0,0.6437592425604166,0.5764705867630253,0.4194444444444444,0.420462962962963,0.7444444444444445,0.0,0.0,OK,-,0.11359839625793522,1.0,0.8,VALID
2025-06-18,60000.0,60600.0,59680.0,59880.0,181046,306885,60160.0,0.0003341129301703827,1.3551264366392595,1.3129074350774377,0.8501547983310911,90331.0,41.71292148840474,-32788.0,-9.652813146761737,-1.0,7.297963634639548,-25.272829335138436,60450.0,,-90.0,,-0.15,3.2,-1.0,0.9519038076152305,0.6558600424244498,10841034480.0,0.64949615200896,0.5780930792130908,0.4194444444444444,0.4201851851851851,0.7444444444444445,0.0,0.0,OK,-,0.10921843687374744,1.0,0.75,VALID
2025-06-19,59740.0,60300.0,59580.0,60060.0,167377,307261,60060.0,0.0030060120240480437,1.3535883065589216,1.2830758735839858,0.8491898340053271,68681.0,28.787408835610695,-21944.0,-6.665755380386082,-1.0,8.30658729131617,-38.04844285534508,60450.0,,-210.0,,-0.35,1.35,-1.0,0.6493506493506493,0.6178466304274802,10052662620.0,0.6141391700646017,0.5805347962431946,0.4083333333333333,0.412037037037037,0.7194444444444446,0.0,0.0,OK,-,0.13153513153513163,1.0,0.75,VALID
2025-06-20,60100.0,60400.0,58860.0,58900.0,330320,354347,59580.0,-0.019314019314019326,1.3460401683920704,1.299099544832969,0.8458969739228595,87416.0,32.748538011695906,41685.0,13.332288541620024,-1.0,86.45502884430847,-22.674282503862543,60400.0,,660.0,,1.1,1.8,1.0,2.5466893039049237,1.2415207351101705,19455848000.0,1.2149085724344963,0.5426696640778728,0.4194444444444444,0.4233333333333334,0.7194444444444446,0.0,0.0,OK,-,0.18777589134125638,1.0,0.8,VALID
2025-06-23,58860.0,59300.0,58400.0,59120.0,259487,356954,58900.0,0.0037351443123938566,1.2952546760416368,1.2958925906241647,0.815483831390786,56532.0,18.817530007789042,38448.0,12.071358153378586,-1.0,18.932532771106423,-11.909902569847574,59950.0,,590.0,,0.99,1.29,1.0,1.4039242219215156,0.981764930999655,15340871440.0,0.9658404381368981,0.5449081295929222,0.4194444444444444,0.4233333333333333,0.7194444444444446,0.0,0.0,OK,-,0.2056833558863329,1.0,0.8,VALID
2025-06-24,58940.0,61660.0,58880.0,60700.0,681747,343564,60300.0,0.026725304465493815,1.4026240543489388,1.352601760808383,0.8842464914066519,36229.0,11.788113947321326,17092.0,5.235364747972262,1.0,275.3989405636378,160.22665679321483,59900.0,,-1380.0,,-2.25,-1.87,-1.0,-1.3179571663920924,2.38962210680948,41382042900.0,2.4107978956049188,0.516789626743879,0.4305555555555556,0.4356481481481482,0.7444444444444445,0.0,0.0,OK,-,0.20065897858319603,1.0,0.8,VALID
2025-06-25,60700.0,61340.0,60360.0,60880.0,366743,350406,60800.0,0.0029654036243822457,1.3702701443195873,1.3452974452671638,0.8672795084198947,43521.0,14.181533799305928,56711.0,19.309487733873574,1.0,102.5689603747114,-6.554912617302255,60200.0,,-1460.0,,-2.37,-2.22,-1.0,-1.1169513797634691,1.2913094885154888,22327313840.0,1.3067458746202198,0.5183748359202645,0.4194444444444444,0.4319444444444444,0.7444444444444445,0.0,0.0,OK,-,0.13961892247043362,1.0,0.75,VALID
2025-06-26,60680.0,61840.0,60620.0,61500.0,386982,345216,61260.0,0.01018396846254932,1.3712013201857094,1.3562753557205016,0.8725658975154267,37955.0,12.352690383745415,61609.0,21.723370720750896,1.0,131.20380936448854,-0.2983459576441527,60600.0,,-1680.0,,-2.7,-2.35,-1.0,-1.4634146341463417,1.3628492551699996,23799393000.0,1.3914218452489366,0.493136397465498,0.4305555555555556,0.4402777777777777,0.7444444444444445,0.0,0.0,OK,-,0.24682926829268292,1.0,0.75,VALID
2025-06-27,62000.0,63340.0,62000.0,63300.0,615010,341448,62740.0,0.029268292682926855,1.3644415865521933,1.41870697426571,0.8776992526535938,-12899.0,-3.640217075352691,53942.0,18.76204322692396,-1.0,86.1861225478324,59.26918644550623,61150.0,,-2930.0,,-4.57,-5.67,-1.0,-3.39652448657188,2.081999309735355,38930133000.0,2.173113352922689,0.4751547086728094,0.4416666666666666,0.4512962962962962,0.7494444444444446,0.0,0.0,OK,-,0.27203791469194316,1.0,0.75,VALID
2025-06-30,63460.0,63600.0,62180.0,62260.0,389727,330824,62680.0,-0.01642969984202214,1.4032665574564822,1.428619210275908,0.9145066872814047,-26130.0,-7.320270959283269,69815.0,26.74811979663537,-1.0,50.191339065155475,-9.21464578227933,61300.0,,-1820.0,,-2.88,-3.87,-1.0,-1.5419209765499517,1.3282399977370023,24264403020.0,1.3597988418245728,0.4522942289791441,0.4472222222222222,0.4583333333333333,0.7494444444444446,0.0,0.0,OK,-,0.1744298104722133,1.0,0.75,VALID
2025-07-01,62140.0,62880.0,61280.0,62780.0,398387,326676,61980.0,0.008352071956312157,1.4102053719530516,1.4341689933504045,0.9236293170326927,-16888.0,-4.915532477209487,67018.0,25.81010405995579,-1.0,-41.56380592800555,30.549775364479736,61300.0,,-1740.0,,-2.76,-0.5099999999999998,-1.0,-2.3574386747371774,1.336521990597073,25010735860.0,1.3757218842465784,0.436953733014005,0.4722222222222222,0.4627777777777778,0.7494444444444446,0.0,0.0,OK,-,0.12838483593501104,1.0,0.7,VALID
2025-07-02,62800.0,64380.0,62560.0,63960.0,540435,325574,63500.0,0.01879579483912064,1.4088299358692016,1.4531957366402595,0.9244984922262567,-24832.0,-7.0866366443496975,79924.0,32.53572155505801,-1.0,47.36068582086092,30.78025065397989,61650.0,,-2950.0,,-4.57,-2.2,-1.0,-3.6116322701688555,1.7751937016895438,34566222600.0,1.8537785077321007,0.4021314343561755,0.4722222222222222,0.4673148148148148,0.7949999999999999,0.0,0.0,OK,-,0.10381488430268915,1.0,0.65,VALID
2025-07-03,64000.0,64520.0,63000.0,64080.0,420967,334057,63760.0,0.0018761726078799779,1.3406847409291702,1.45412941217549,0.8810970039538489,-11159.0,-3.232468946978124,102469.0,44.2462476466829,-1.0,8.782062214780018,72.10988094459346,62100.0,,-2300.0,,-3.57,-0.8699999999999997,-1.0,-3.089887640449438,1.3438435886054199,26975565360.0,1.4005903090128777,0.3994366049655801,0.4722222222222222,0.4688888888888888,0.7949999999999999,0.0,0.0,OK,-,0.06554307116104874,1.0,0.6,VALID
2025-07-04,64100.0,64540.0,63160.0,63280.0,347729,325288,63660.0,-0.012484394506866447,1.3845254454920133,1.4184762298772613,0.9129647680198442,-16160.0,-4.732785080012183,106872.0,48.93048128342246,-1.0,-43.45961854278792,35.417981011130074,62300.0,,-1480.0,,-2.32,2.2500000000000004,-1.0,-1.5486725663716814,1.09416422044705,22004291120.0,1.1235645130920144,0.4067566737216787,0.4722222222222222,0.4643518518518518,0.7494444444444446,0.0,0.0,OK,-,0.08912768647281921,1.0,0.65,VALID
2025-07-07,63200.0,63860.0,62800.0,63660.0,213304,322534,63440.0,0.006005056890012739,1.3862864887677295,1.4168611683181,0.9169657325486739,-8290.0,-2.505864145285711,109845.0,51.64583029681836,-1.0,-45.268354514827045,29.186678214313844,62550.0,,-1730.0,,-2.69,0.18999999999999995,-1.0,-1.7436380772855797,0.6661319181912906,13578932640.0,0.6871168646149305,0.3989042188189482,0.4777777777777777,0.465462962962963,0.7494444444444446,0.0,0.0,OK,-,0.0826264530317311,1.0,0.6,VALID
2025-07-08,63860.0,65180.0,63400.0,63880.0,545405,338034,64300.0,0.00345585925227776,1.3859923414668265,1.4173905256237596,0.9197528866322923,11358.0,3.476839437240568,143303.0,73.59023473406904,1.0,36.90331260809214,166.33704463326495,62900.0,,-1320.0,,-2.06,0.6999999999999997,-1.0,-1.5341264871634315,1.6172410429122408,34840471400.0,1.668437956010781,0.3947250059437833,0.4777777777777777,0.4676851851851851,0.7494444444444446,0.0,0.0,OK,-,0.06199123356293046,1.0,0.55,VALID
2025-07-09,63860.0,65000.0,63740.0,64400.0,350125,326895,64460.0,0.00814026299311199,1.3561334307488857,1.4161684556516718,0.9025215358791178,1321.0,0.4057449304919926,110341.0,50.953111002336605,1.0,-35.21422557754401,107.50361520043619,63300.0,,-1460.0,,-2.25,2.3200000000000003,-1.0,-1.7080745341614907,1.0110051939895544,22548050000.0,1.0493020696355646,0.3851786161227498,0.4833333333333333,0.4681481481481481,0.7494444444444446,0.0,0.0,OK,-,0.081055900621118,1.0,0.55,VALID
2025-07-10,64560.0,64960.0,64100.0,64180.0,398022,323683,64460.0,-0.0034161490683229934,1.256628050869218,1.4160175250532938,0.8366561807882467,-10374.0,-3.105458050572208,85103.0,35.67063458797888,-1.0,-5.450546004793722,157.552737155429,63650.0,,-1410.0,,-2.17,1.4,-1.0,-0.8258024306637582,1.1102803065710596,25545051960.0,1.1455930095686317,0.3875397525908833,0.4833333333333333,0.4685185185185185,0.7494444444444446,0.0,0.0,OK,-,0.1265191648488626,1.0,0.6,VALID
2025-07-11,64160.0,64740.0,63340.0,64280.0,402816,322860,64100.0,0.0015581177937051827,1.2118058133252816,1.412158563303288,0.8102017242668487,-2428.0,-0.7464154841248372,55929.0,20.952605729570564,-1.0,15.841934379933797,127.37669199245869,63750.0,,-950.0,,-1.47,0.8499999999999999,-1.0,-0.8245177349097698,1.0893668577084585,25893012480.0,1.1226841250901058,0.3859439387402049,0.4833333333333333,0.4633333333333333,0.7494444444444446,0.0,0.0,OK,-,0.1972619788425638,1.0,0.6,VALID
2025-07-14,64300.0,68360.0,64300.0,66480.0,1014558,356161,66520.0,0.0342252644679526,1.3853977682080965,1.4855848721991427,0.9412683530155417,33627.0,10.425877581898343,55739.0,18.553567981040004,1.0,375.6394629261523,365.009625080209,64650.0,,-2230.0,,-3.33,-0.6400000000000001,-1.0,-2.752707581227437,2.4770108326711866,67447815840.0,2.615905123809075,0.3315550141417516,0.5138888888888888,0.479074074074074,0.7955555555555556,0.0,0.0,OK,-,0.2184115523465704,1.0,0.6,VALID
2025-07-15,66140.0,67360.0,64740.0,66660.0,764028,342146,66160.0,0.0027075812274368616,1.3836136507227963,1.4854210045128249,0.9573199351398676,4112.0,1.2164456829786352,34811.0,11.326728163079377,1.0,40.084524344294614,320.7063643271698,64900.0,,-1980.0,,-2.96,-0.8999999999999999,-1.0,-2.6402640264026402,1.7415301539795869,50930106480.0,1.8328952457619734,0.3315550141417516,0.5138888888888888,0.4794444444444444,0.7955555555555556,0.0,0.0,OK,-,0.2379237923792379,1.0,0.6,VALID
2025-07-16,67300.0,67460.0,65560.0,66420.0,478114,340618,66320.0,-0.0036003600360036137,1.3940794073510197,1.4856350532744944,0.9719569807778551,13723.0,4.197984062160633,33733.0,10.99206543167636,1.0,36.55523027490182,164.0842658771804,64950.0,,-1650.0,,-2.48,-0.22999999999999998,-1.0,-2.2131887985546523,1.0541265221248195,31756331880.0,1.1014089268447596,0.3315550141417516,0.5138888888888888,0.4807407407407407,0.7955555555555556,0.0,0.0,OK,-,0.28124059018367964,1.0,0.65,VALID
2025-07-17,66800.0,69980.0,65920.0,67960.0,826939,363676,68040.0,0.02318578741342958,1.4486545327425124,1.5170777563950872,1.0100069468137798,39993.0,12.35560718357158,56415.0,18.360611987853975,1.0,107.76213375140067,394.05772597190776,64950.0,,-2730.0,,-4.03,-1.8600000000000003,-1.0,-4.429075927015892,1.6996242361274894,56198774440.0,1.8047267977360708,0.3395284998009257,0.5249999999999999,0.4923148148148148,0.81,0.0,0.0,OK,-,0.25515008828722774,1.0,0.65,VALID
2025-07-18,68980.0,70980.0,68080.0,69960.0,1206323,377305,69520.0,0.029429075927015935,1.4044546053142546,1.5495108855443278,0.9846315061523712,54445.0,16.86334634206777,22958.0,6.478959889599743,1.0,199.47246385446456,265.1982925647856,66650.0,,-1930.0,,-2.81,-1.34,-1.0,-4.731275014293882,2.274611647117032,84394357080.0,2.4542736655385387,0.3460405295346455,0.5249999999999999,0.4976851851851852,0.8511111111111113,0.0,0.0,OK,-,0.24213836477987427,1.0,0.65,VALID
2025-07-21,71160.0,71780.0,69820.0,71280.0,848150,381185,70960.0,0.018867924528301883,1.4168155927310462,1.551003876749971,0.9970437062700992,25024.0,7.026035978111023,24231.0,6.788269636984038,1.0,-16.402019401552202,226.8564513829209,68000.0,,-2120.0,,-3.02,0.31000000000000005,-1.0,-4.601571268237935,1.5151608533098666,60456132000.0,1.6498929713073938,0.3523237785250059,0.5249999999999999,0.5013888888888889,0.8511111111111113,0.0,0.0,OK,-,0.25196408529741854,1.0,0.65,VALID
2025-07-22,71900.0,74480.0,70920.0,72880.0,1118226,411638,72320.0,0.022446689113355678,1.3924431011010183,1.5624523558314374,0.9813640780549989,69492.0,20.310627626802592,68074.0,19.81406666589049,1.0,46.35929573261712,64.0236040642643,69100.0,,-2040.0,,-2.87,0.08999999999999986,-1.0,-5.186608122941823,1.9226735923947664,81496310880.0,2.1086719077639136,0.3584547721291074,0.5249999999999999,0.5037962962962963,0.8611111111111112,0.0,0.0,OK,-,0.2011525795828759,1.0,0.6,VALID
2025-07-23,73500.0,74680.0,68020.0,69380.0,1334159,362054,71520.0,-0.04802414928649834,1.8914568900773592,1.6807697326686828,1.33305830999042,21436.0,6.293266944201423,11648.0,3.3241439929681573,1.0,179.04621073635155,263.7858118628031,70450.0,,1970.0,,2.88,5.359999999999999,1.0,1.5422311905448256,2.1178125381466395,92563951420.0,2.195539534128785,0.547644611347876,0.5277777777777778,0.5135185185185186,0.8633333333333334,0.0,0.0,OK,-,0.16719515710579413,1.0,0.6,VALID
2025-07-24,70180.0,77240.0,69600.0,76680.0,1770283,436727,74560.0,0.10521764197174988,2.905015018191915,2.1573144172118988,2.0473923730238015,73051.0,20.086835534926692,91511.0,26.508331015943643,1.0,114.07661266429568,357.45874485118173,70550.0,,-2750.0,,-3.75,0.28000000000000025,-1.0,-7.9942618675013035,2.532103404583962,135745300440.0,2.842399121395259,0.1626982889881442,0.5333333333333334,0.5293518518518519,0.8838888888888888,0.0,0.0,OK,-,0.07929055816379771,1.0,0.6,VALID
2025-07-25,77500.0,80520.0,76700.0,80520.0,1203424,491088,79460.0,0.05007824726134591,3.0075440325582643,2.2274262157090354,2.1196526266585534,113783.0,30.156769722108105,149640.0,43.82512124833064,1.0,-0.24031706267724218,95.67551747126063,72900.0,,-3360.0,,-4.41,-1.6,-1.0,-9.463487332339792,1.6517932971663607,96899700480.0,1.9129052673201687,0.0888296323607314,0.5333333333333334,0.5344444444444445,0.8894444444444444,0.0,0.0,OK,-,-0.019374068554396384,-1.0,0.55,VALID
2025-07-28,73200.0,78400.0,73120.0,73120.0,1005395,378472,75280.0,-0.09190263288623945,3.767394981835502,2.5391480879133908,2.6551793032653372,-2713.0,-0.7117279011503601,47648.0,14.402824462554106,-1.0,18.539763013617883,157.9741716637544,73900.0,,4480.0,,6.45,9.47,1.0,1.0667396061269148,1.3240389393702645,73514482400.0,1.3839770908283229,0.1949314164723873,0.538888888888889,0.5437037037037037,0.8988888888888888,0.0,0.0,OK,-,0.08561269146608308,1.0,0.6,VALID
2025-07-29,70160.0,71760.0,68600.0,70840.0,744160,300620,70300.0,-0.03118161925601748,3.8718344015360504,2.5737690700348868,2.7287859696677095,-111018.0,-26.96981328254437,-26056.0,-7.976098642079614,1.0,-33.45173515908233,86.79324375544381,73150.0,,2530.0,,3.58,6.45,1.0,3.260869565217391,0.958193503428475,52716294400.0,0.9672083174330373,0.1949314164723873,0.55,0.5559259259259259,0.928888888888889,0.0,0.0,OK,-,0.11547148503670246,1.0,0.6,VALID
2025-07-30,72980.0,73980.0,68500.0,70600.0,792909,272753,71620.0,-0.0033879164313946886,3.867340088718564,2.5696860787278824,2.7256184742410485,-89301.0,-24.665105205300865,-52821.0,-16.223961372836897,-1.0,-40.56862787718705,46.71681145743707,72950.0,,2110.0,,2.98,0.10000000000000009,1.0,3.3286118980169968,1.004633755665809,55979375400.0,1.007290431219719,0.1949314164723873,0.55,0.5518518518518519,0.928888888888889,0.0,0.0,OK,-,0.11699716713881014,1.0,0.6,VALID
2025-07-31,68540.0,69000.0,66720.0,68280.0,521849,229368,67840.0,-0.03286118980169972,3.9620718255781346,2.597365335896096,2.79238337367014,-207359.0,-47.48023364710677,-104689.0,-31.33866376097492,1.0,-70.52171884382328,23.96434874942692,72000.0,,2180.0,,3.12,6.87,1.0,5.448154657293498,0.6569957115477998,35631849720.0,0.6362031687780729,0.2361276187564207,0.55,0.5569444444444444,0.9338888888888888,0.0,0.0,OK,-,0.14440538957234916,1.0,0.6,VALID
2025-08-01,69080.0,69940.0,67600.0,68920.0,340670,216103,68860.0,0.009373169302870465,3.944539267046527,2.599416342038886,2.7800268018822427,-274985.0,-55.99505587593262,-109185.0,-33.56564029413935,1.0,-71.69160661578961,-2.030029131881439,71350.0,,1270.0,,1.81,6.220000000000001,1.0,3.5258270458502614,0.42908624605835977,23478976400.0,0.4186636338853906,0.2205021692004949,0.5583333333333333,0.5627777777777777,0.9338888888888888,0.0,0.0,OK,-,0.11984910040626806,1.0,0.55,VALID
2025-08-04,69280.0,70660.0,68000.0,68920.0,247898,207770,69520.0,0.0,3.9460318534346657,2.5847307249076996,2.781078744804402,-170702.0,-45.10294024392822,-114764.0,-35.58198515505342,1.0,-75.34322331024124,16.21816749803098,71350.0,,1290.0,,1.84,-4.61,1.0,3.5258270458502614,0.3115577744189146,17085130160.0,0.30370285405941366,0.2205021692004949,0.5472222222222223,0.5514814814814815,0.9338888888888888,0.0,0.0,OK,-,0.0963435867672664,1.0,0.55,VALID
2025-08-05,68840.0,69940.0,67140.0,67840.0,437207,232062,68540.0,-0.015670342426001183,3.9723336905769067,2.587439037462692,2.7996157163602517,-68558.0,-22.805535227197126,-105972.0,-31.34950922096594,1.0,-41.248253063857234,-19.83810196092812,71200.0,,1980.0,,2.86,-0.7200000000000002,1.0,4.952830188679245,0.5532425765987325,29660122880.0,0.5296728939017836,0.2205021692004949,0.5472222222222223,0.5512962962962964,0.9338888888888888,0.0,0.0,OK,-,0.07045990566037741,1.0,0.55,VALID
2025-08-06,68100.0,69820.0,67600.0,69620.0,425359,257770,68620.0,0.02623820754716988,4.0033314516499985,2.600455407018217,2.8214622745378968,-14983.0,-5.493248470227642,-69125.0,-21.145933709600943,1.0,-46.354625814563846,21.48775437343806,70950.0,,490.0,,0.7,-2.2800000000000002,1.0,1.9103705831657571,0.5357001286295403,29613493580.0,0.5255247726123123,0.1941077788175099,0.5583333333333333,0.5575925925925926,0.9338888888888888,0.0,0.0,OK,-,0.03246193622522253,1.0,0.5,VALID
2025-08-07,69900.0,73500.0,69320.0,72300.0,766669,289832,71440.0,0.03849468543521972,4.0679780111772015,2.6158002064671395,2.8670237852665412,60464.0,26.361131456872798,-33851.0,-10.458071631812608,1.0,46.913954036512486,92.61975468692685,71100.0,,-1760.0,,-2.42,-5.54,-1.0,-1.6597510373443984,0.943642788145782,55430168700.0,0.9582602990408594,0.1502075725542597,0.5583333333333333,0.5585185185185185,0.94,0.0,0.0,OK,-,0.015491009681880996,1.0,0.5,VALID
2025-08-08,73000.0,77040.0,72600.0,76960.0,895609,320706,75000.0,0.0644536652835408,4.264034982022576,2.7248697725292925,3.005200539697506,104603.0,48.40423316659186,-2154.0,-0.667162237502323,1.0,162.89635130771717,122.33699753733714,71900.0,,-4780.0,,-6.23,-8.040000000000001,-1.0,-6.574844074844075,1.0698994124273256,68926068640.0,1.148839858990436,0.0825433157783852,0.5583333333333333,0.5644444444444444,0.95,0.0,0.0,OK,-,-0.03508316008316004,-1.0,0.5,VALID
2025-08-11,81000.0,81000.0,81000.0,81000.0,38071,317676,80900.0,0.05249480249480243,4.337810216347685,2.746885685616033,3.0571957449303118,109906.0,52.897915964768735,-38485.0,-10.805506498465583,1.0,-84.64247392072546,-96.2475284803826,74500.0,,-5800.0,,-7.22,-9.06,-1.0,-8.024691358024691,0.04829677467970768,3083751000.0,0.05431239490256574,-0.0730875971658713,0.5583333333333333,0.5659259259259259,0.95,0.0,0.0,CRITICAL,IC_CRIT,-0.07654320987654317,-1.0,0.5,VALID
2025-08-12,88800.0,88840.0,82500.0,82520.0,1417704,356998,85620.0,0.018765432098765356,4.336869258298394,2.745532704967035,3.0565325778480803,124936.0,53.83733657384664,14852.0,4.3408369526459465,1.0,224.26379266571666,85.55655028349747,78000.0,,-780.0,,-0.99,-3.8499999999999996,-1.0,-5.477460009694619,1.7268942217237246,116988934080.0,1.9471876662752374,-0.0827257374838493,0.5833333333333334,0.5730555555555555,0.95,0.0,0.0,CRITICAL,IC_CRIT,-0.11657779932137668,-1.0,0.45,VALID
2025-08-13,83000.0,87900.0,82500.0,85100.0,1245424,392675,85060.0,0.031265147842947094,4.342534976333512,2.762032480033815,3.0605256545861224,134905.0,52.33541529270279,52057.0,15.283103065604283,1.0,192.7936166861404,160.48682950091398,81000.0,,-1480.0,,-1.79,-2.49,-1.0,-4.81786133960047,1.4493110493931607,105985582400.0,1.661412951339895,-0.1037570392951636,0.6166666666666667,0.5850000000000001,0.95,0.0,0.0,CRITICAL,IC_CRIT,-0.1689776733254994,-1.0,0.4,VALID
2025-08-14,85500.0,86640.0,82820.0,85300.0,1060127,389177,85000.0,0.00235017626321965,4.3427250226041885,2.7623077846382675,3.060659595127795,99345.0,34.27675342957299,25501.0,7.0120106908347,1.0,38.27701393952279,28.19893607630066,82000.0,,-1520.0,,-1.82,0.5999999999999999,-1.0,-3.8686987104337636,1.2171646033988348,90428833100.0,1.3805098144260264,-0.0954706696986259,0.6166666666666667,0.5840740740740742,0.95,0.0,0.0,CRITICAL,IC_CRIT,-0.16764361078546308,-1.0,0.4,VALID
2025-08-15,85560.0,87000.0,84000.0,86900.0,868811,401139,85260.0,0.01875732708089095,4.327127997609144,2.7635778049025714,3.0496671459264166,80433.0,25.07997979457821,23834.0,6.316905421343476,1.0,-2.9921539421778887,-27.97857621880707,82700.0,,-1600.0,,-1.9,4.33,-1.0,-4.833141542002301,1.017217785350095,75499675900.0,1.160476429559054,-0.1039654182405723,0.6166666666666667,0.5867592592592593,0.95,0.0,0.0,CRITICAL,IC_CRIT,-0.18112773302646723,-1.0,0.4,VALID
2025-08-18,88160.0,90100.0,87720.0,89240.0,1036328,421106,89140.0,0.02692750287687007,4.337807402523031,2.7568335445384875,3.0571937618069547,103430.0,32.55832987068585,39921.0,10.472867505279588,1.0,2622.092931627748,22.18687732122855,84600.0,,-2920.0,,-3.34,3.88,-1.0,-5.199462124607799,1.2001286371583277,92481910720.0,1.3873570821673054,-0.1179371359105102,0.6166666666666667,0.5911111111111111,0.95,0.0,0.0,CRITICAL,IC_CRIT,-0.18556701030927836,-1.0,0.4,VALID
2025-08-19,89500.0,89540.0,87180.0,87540.0,734929,414097,88020.0,-0.019049753473778575,4.3851578737115045,2.763898368097285,3.0905653598755607,57099.0,15.994207250460788,2459.0,0.5973695334249995,1.0,-48.16061744905847,-34.27723912697434,85700.0,,420.0,,0.49,1.48,1.0,-2.10189627598812,0.8704087793054829,64335684660.0,0.9777093505681211,-0.0911003765962282,0.6444444444444445,0.597037037037037,0.95,0.0,0.0,CRITICAL,IC_CRIT,-0.16403929632168157,-1.0,0.45,VALID
2025-08-20,85660.0,85880.0,80980.0,80980.0,838879,395102,82900.0,-0.07493717157870683,4.608565093512791,2.955880914371701,3.248017984056586,2427.0,0.6180683771566817,33048.0,9.127920144508831,-1.0,-32.64309985996737,-37.12301157508213,85700.0,,6320.0,,7.96,9.75,1.0,5.828599654235614,1.0235408702145383,67932421420.0,1.052059584578773,-0.0177006188472408,0.6694444444444445,0.6033333333333334,0.9522222222222222,0.0,0.0,CRITICAL,IC_CRIT,-0.09063966411459623,-1.0,0.5,VALID
2025-08-21,82000.0,83800.0,81580.0,82760.0,777827,390069,82600.0,0.0219807359841937,4.031456916326443,2.957854668688343,2.841284499726303,892.0,0.2292016229119398,-46658.0,-10.683562042191117,-1.0,-26.628885029812466,-56.06199686716757,85200.0,,4900.0,,6.1,7.92,1.0,2.9482841952634122,1.0102141994067373,64372962520.0,1.055255182155077,-0.0287444347979699,0.6805555555555556,0.611574074074074,0.9522222222222222,0.0,0.0,CRITICAL,IC_CRIT,-0.11938134364427255,-1.0,0.45,VALID
2025-08-22,82500.0,82980.0,78100.0,78960.0,932675,362254,79620.0,-0.045915901401643255,4.033065699388084,3.006273890406978,2.8424183355755592,-38885.0,-9.693647339201624,-128834.0,-26.234401980907702,1.0,7.350735660575203,-22.498221740633394,83900.0,,6340.0,,8.17,10.07,1.0,6.256332320162107,1.2330039329741878,73644018000.0,1.2306926735721475,0.028145762650413,0.6805555555555556,0.614537037037037,0.9722222222222222,0.0,0.0,WARNING,IC_WARN,-0.06332320162107397,-1.0,0.5,VALID
2025-08-25,81000.0,81560.0,78580.0,79380.0,626916,368667,79620.0,0.005319148936170137,3.406748032596519,3.0030414708733537,2.401003056808006,-52439.0,-12.452684122287499,-9805.0,-2.5906804202160267,1.0,-39.506025119460254,-37.64480627017242,82500.0,,4800.0,,6.18,9.52,1.0,3.9304610733182166,0.8500543829734208,49764592080.0,0.8484723218887429,0.0241669603335006,0.6805555555555556,0.6110185185185185,0.9722222222222222,0.0,0.0,WARNING,IC_WARN,-0.0750818846056941,-1.0,0.45,VALID
2025-08-26,79260.0,80100.0,77800.0,79020.0,559599,349496,79040.0,-0.0045351473922902175,3.309883333343645,3.0054527276710914,2.332734891162166,-64601.0,-15.60045110203648,48876.0,16.2583993080966,1.0,-23.856726296009544,-24.801252418834665,81700.0,,4280.0,,5.53,5.04,1.0,3.3915464439382434,0.7683917981306461,44219512980.0,0.759431133704982,0.034372816643008,0.6805555555555556,0.6129629629629629,0.9722222222222222,0.0,0.0,WARNING,IC_WARN,-0.06783092887876485,-1.0,0.5,VALID
2025-08-27,79260.0,81020.0,78680.0,78860.0,729645,351322,80000.0,-0.002024803847127332,3.3079875946873525,3.001163967093616,2.3313988151550427,-43780.0,-11.080682962880472,78569.0,28.805915975259666,1.0,-13.02142502077177,-7.9787213917359985,81600.0,,4460.0,,5.78,-2.1799999999999997,1.0,3.4745117930509766,1.0062545010424628,57539804700.0,0.986873035092093,0.0327364217738945,0.6527777777777778,0.6030555555555555,0.9722222222222222,0.0,0.0,WARNING,IC_WARN,-0.0758305858483388,-1.0,0.5,VALID
2025-08-28,77800.0,78360.0,75740.0,78140.0,805585,347063,76880.0,-0.009130103981739746,3.2018475005971823,2.9943791089708407,2.256593549863334,-43006.0,-11.025228869764067,117695.0,51.31273760943114,1.0,3.5686598690968463,54.37128364718529,80000.0,,3700.0,,4.85,-1.25,1.0,2.3803429741489635,1.0896641483269367,62948411900.0,1.0549246527744682,0.0564067623650887,0.6527777777777778,0.6026851851851852,0.9722222222222222,0.0,0.0,OK,-,-0.05246992577425136,-1.0,0.55,VALID
2025-08-29,77800.0,78480.0,76820.0,77180.0,490058,346605,77680.0,-0.012285641156897897,3.2308129885183328,3.0024833885672053,2.277007805445251,-15649.0,-4.319897088783009,130502.0,60.38879608334914,1.0,-47.45672393920712,43.85123433234508,79650.0,,3870.0,,5.11,-3.0599999999999996,1.0,3.200310961388961,0.6562403751643755,37822676440.0,0.6263257405512719,0.0682632800243922,0.6583333333333333,0.6062962962962962,0.9722222222222222,0.0,0.0,OK,-,-0.05571391552215599,-1.0,0.55,VALID
2025-09-01,77000.0,77420.0,74820.0,75560.0,540295,339133,75880.0,-0.020989893754858824,3.285555120482541,3.0205042722480435,2.315588887733886,-29534.0,-8.011023498170436,131363.0,63.22520094335082,1.0,-13.817002596839135,117.95052803975827,78350.0,,3590.0,,4.8,-1.38,1.0,3.6924298570672316,0.709620490057702,40824690200.0,0.6630057698247405,0.0851397835001127,0.6805555555555556,0.6142592592592593,0.9722222222222222,0.0,0.0,OK,-,-0.021704605611434613,-1.0,0.6,VALID
2025-09-02,75040.0,75800.0,72460.0,72620.0,620441,348109,74180.0,-0.03890947591318161,3.402001141055883,3.070978004616383,2.3976575493063206,-1387.0,-0.39685718863735203,116047.0,50.00689470917254,1.0,10.872428292402248,41.910124952253746,77500.0,,5260.0,,7.28,1.75,1.0,6.719911870008262,0.8051949551977681,45056425420.0,0.7226953116943003,0.1135127487236903,0.6861111111111111,0.6279629629629631,0.9722222222222222,0.0,0.0,OK,-,0.0024786560176259798,1.0,0.6,VALID
2025-09-03,72860.0,73300.0,71820.0,71880.0,442800,346048,72660.0,-0.010190030294684682,3.373867645144421,3.071343092869744,2.3778296638754655,-5274.0,-1.5011869453094313,88278.0,34.246809170966365,1.0,-39.312953559607756,4.100301157375297,75900.0,,4000.0,,5.56,-0.22000000000000064,1.0,5.592654424040067,0.5740066754850408,31828464000.0,0.5096164000301707,0.1143956879370166,0.6833333333333333,0.6251851851851852,0.9722222222222222,0.0,0.0,OK,-,0.02031163049526996,1.0,0.65,VALID
2025-09-04,71200.0,74440.0,71120.0,73420.0,712151,353674,73240.0,0.02142459654980522,3.2977983147693744,3.064775410471049,2.324217628875442,6611.0,1.904841484110954,63842.0,22.02724336857214,-1.0,-11.59827951116269,-7.1110218360205035,75000.0,,1800.0,,2.46,-2.3899999999999997,1.0,2.152002179242713,0.9264431333312606,52286126420.0,0.8392835057540883,0.1343773226435107,0.6833333333333333,0.6259259259259259,0.9722222222222222,0.0,0.0,OK,-,-0.009261781530918056,-1.0,0.6,VALID
2025-09-05,73380.0,75860.0,72580.0,74260.0,802006,364002,74140.0,0.011441024244075226,2.959029176024603,3.0600184037935856,2.0854603947343326,17397.0,5.019258233435756,43296.0,13.500215150324596,-1.0,63.65532243122243,-10.45132418276279,74750.0,,630.0,,0.85,-4.260000000000001,1.0,0.6598437920818745,1.0497274557499667,59556965560.0,0.963236228989571,0.1485713099808426,0.6833333333333333,0.6287962962962962,0.9722222222222222,0.0,0.0,OK,-,-0.026663075680043113,-1.0,0.55,VALID
2025-09-08,73840.0,76580.0,73020.0,74800.0,782387,364137,74860.0,0.007271747912739102,2.686010834352682,3.059735467321378,1.8930429142964502,25004.0,7.3729185894619516,46461.0,14.625278585728857,-1.0,44.80737374952572,1955.073415460587,74600.0,,-180.0,,-0.24,-5.04,-1.0,-0.267379679144385,0.9764832004718749,58522547600.0,0.9058935748854158,0.1526014716782692,0.6833333333333333,0.6360185185185185,0.9722222222222222,0.0,0.0,OK,-,-0.028342245989304793,-1.0,0.55,VALID
2025-09-09,74740.0,75160.0,72540.0,72900.0,591675,351340,74340.0,-0.025401069518716568,2.6737839303034248,3.0833615113155624,1.8844256541654771,3231.0,0.9281575598447613,-5658.0,-1.5848828284752297,1.0,-4.636379607408281,-58.26526552792403,74600.0,,1300.0,,1.77,-5.51,1.0,2.3319615912208507,0.7785936007876536,43133107500.0,0.7081539875455293,0.1709529769437901,0.7388888888888889,0.6477777777777778,0.9722222222222222,0.0,0.0,OK,-,0.0005486968449930352,1.0,0.6,VALID
2025-09-10,69040.0,71000.0,68600.0,70720.0,751480,340814,70120.0,-0.02990397805212619,2.5751401687503748,3.1136158015228133,1.8149036435096442,-5234.0,-1.512506935454041,-51861.0,-13.207105112370282,1.0,69.71093044263776,-39.660709926900395,73450.0,,2090.0,,2.93,-2.6299999999999994,1.0,3.860294117647059,1.0221009541630948,53144665600.0,0.9120858485001561,0.1920232790019564,0.7972222222222223,0.6613888888888889,0.9722222222222222,0.0,0.0,OK,-,0.06165158371040724,1.0,0.65,VALID
2025-09-11,70960.0,71420.0,70160.0,71000.0,426041,323456,70660.0,0.0039592760180995334,2.5790851167094986,3.113627256037247,1.8176839583489501,-30218.0,-8.544026419810335,-65721.0,-16.88717473026412,1.0,-40.175468404874806,-59.81226777546465,72850.0,,1230.0,,1.72,-0.74,1.0,2.6056338028169015,0.6055792646871532,30248911000.0,0.5474105678953598,0.195568586247832,0.7972222222222223,0.6623148148148149,0.9722222222222222,0.0,0.0,OK,-,0.06732394366197192,1.0,0.65,VALID
2025-09-12,70540.0,71560.0,70320.0,71160.0,410989,309402,71040.0,0.0022535211267604716,2.511765065778564,3.09953057928209,1.7702382281326035,-54600.0,-14.999917582870422,-91737.0,-22.869130151892485,1.0,-48.754872158063655,-52.69523521226136,72450.0,,730.0,,1.02,0.17000000000000004,1.0,1.812816188870152,0.6038314498234223,29245977240.0,0.5523789682948383,0.2212657223635596,0.7972222222222223,0.6536111111111111,0.9722222222222222,0.0,0.0,OK,-,0.06717256885890954,1.0,0.65,VALID
2025-09-15,71260.0,73160.0,70840.0,72680.0,482790,309446,72240.0,0.021360314783586354,2.4718815453557506,3.107973068037191,1.742129177056568,-54691.0,-15.019347113860992,-111660.0,-26.515889111055174,1.0,-38.29268635598495,-53.41339807474081,72450.0,,-770.0,,-1.05,-0.81,-1.0,-0.31645569620253167,0.7393886042357369,35089177200.0,0.7007204512648102,0.2150306636172271,0.7972222222222223,0.6598148148148149,0.9722222222222222,0.0,0.0,OK,-,0.04540451293340664,1.0,0.65,VALID
2025-09-16,73900.0,75100.0,72760.0,73180.0,500267,300437,73620.0,0.006879471656576763,2.4893747121979573,3.093822812379326,1.75445798642536,-50903.0,-14.488245004838618,-113660.0,-27.447675303129458,-1.0,-15.449021844762745,-31.92988710474073,72850.0,,-1030.0,,-1.39,-3.16,-1.0,-0.4509428805684613,0.780173520913788,36609539060.0,0.7518972588327427,0.1967879018617504,0.7777777777777778,0.6528703703703704,0.9722222222222222,0.0,0.0,OK,-,0.05383984695271926,1.0,0.65,VALID
2025-09-17,73160.0,74060.0,72680.0,73640.0,343863,294624,73420.0,0.006285870456408826,1.9558403442502936,3.0940057464874116,1.378434389699859,-46190.0,-13.552847007458613,-100478.0,-25.43090138748981,-1.0,-54.241895991909296,-59.00922540676308,73150.0,,-1190.0,,-1.6,-4.53,-1.0,-0.6653992395437262,0.5577894949426132,25322071320.0,0.543870223434107,0.201507919577416,0.7777777777777778,0.6551851851851852,0.9722222222222222,0.0,0.0,OK,-,0.08555133079847899,1.0,0.65,VALID
2025-09-18,73120.0,73800.0,71680.0,72880.0,502269,281411,72780.0,-0.010320478001086375,1.8559981565381463,3.0979851187088356,1.3080677539517622,-42045.0,-12.998676790660863,-108658.0,-27.856097254588292,-1.0,17.89217469680149,-35.42664371383354,73450.0,,-90.0,,-0.12,-1.8399999999999999,-1.0,0.7821075740944018,0.8333695594101577,36605364720.0,0.8103793666241617,0.2059348895345653,0.7777777777777778,0.6549999999999999,0.9722222222222222,0.0,0.0,OK,-,0.09110867178924265,1.0,0.65,VALID
2025-09-19,72500.0,74020.0,72500.0,73960.0,370359,281264,73460.0,0.014818880351262331,1.6577435982706625,3.0830411632632395,1.168342186967711,-28138.0,-9.094317425226727,-80990.0,-22.35724105185864,-1.0,-9.885909355238221,-60.29066931138929,73500.0,,-800.0,,-1.08,-2.1,-1.0,-0.6219578150351541,0.6445725300949839,27391751640.0,0.6391275055200858,0.1663506968961144,0.7222222222222222,0.6513888888888889,0.9722222222222222,0.0,0.0,OK,-,0.10735532720389407,1.0,0.65,VALID
2025-09-22,74580.0,74860.0,73040.0,73420.0,396645,271624,73780.0,-0.007301243915630029,1.6478641434683392,3.0755010108650174,1.161379358794623,-37822.0,-12.222487930042721,-97043.0,-26.322670594330383,-1.0,-17.843161623065928,-36.730758187699784,73850.0,,-250.0,,-0.34,0.71,-1.0,0.5856714791609916,0.7044362818118084,29121675900.0,0.6962595078889758,0.202918501286233,0.7222222222222222,0.6474074074074073,0.9722222222222222,0.0,0.0,OK,-,0.11195859438845002,1.0,0.65,VALID
2025-09-23,73040.0,74460.0,72360.0,73660.0,497857,255907,73460.0,0.0032688640697358107,1.6551676047928132,3.0747625898703363,1.1665266819302222,-44530.0,-14.821742994371531,-93589.0,-26.778275001716757,-1.0,-0.4817427493718385,-11.03325774349132,73850.0,,70.0,,0.09,1.48,1.0,0.25794189519413524,0.8890618712109706,36672146620.0,0.8847636102425954,0.1974679524027388,0.7222222222222222,0.6433333333333333,0.9722222222222222,0.0,0.0,OK,-,0.1254412163996741,1.0,0.65,VALID
2025-09-24,73700.0,73880.0,72800.0,72880.0,345221,260654,73360.0,-0.010589193592180246,1.6625537753687418,3.072792794457195,1.1717322967750026,-33970.0,-11.529950038014555,-90668.0,-25.807663624822812,1.0,0.39492472292743663,-52.68644340741046,73850.0,,750.0,,1.03,2.63,1.0,1.3309549945115258,0.6384008993286195,25159706480.0,0.631684901613594,0.1964490969792785,0.675,0.6389814814814816,0.9722222222222222,0.0,0.0,OK,-,0.1443468715697036,1.0,0.7,VALID
2025-09-25,72980.0,74480.0,72740.0,74040.0,342719,261141,73580.0,0.01591657519209666,1.713855648512232,3.077541645440954,1.2078887583210052,-20270.0,-7.202987800761164,-85922.0,-24.75688851879918,-1.0,-31.76584658818282,-57.45712742913535,73750.0,,-230.0,,-0.31,-0.19,-1.0,-0.39168017287952456,0.6621109697900363,25374914760.0,0.6686258132998504,0.1837892085167831,0.6972222222222223,0.6479629629629629,0.9722222222222222,0.0,0.0,OK,-,0.09103187466234464,1.0,0.65,VALID
2025-09-26,73800.0,74500.0,72180.0,72880.0,481020,248640,73240.0,-0.015667206915180976,1.7255929927586493,3.0805071660146117,1.2161609871870116,-32624.0,-11.599067068661471,-97965.0,-28.264162375037866,1.0,29.879387297190018,-1.8442714943945449,73600.0,,560.0,,0.77,1.85,1.0,0.9879253567508233,0.9301115942484368,35056737600.0,0.9271191491586658,0.2127949236628346,0.7111111111111111,0.6509259259259259,0.9722222222222222,0.0,0.0,OK,-,0.1289791437980241,1.0,0.7,VALID
2025-09-29,73100.0,74720.0,72360.0,73920.0,465591,251749,73700.0,0.014270032930845167,1.709148389833495,3.0838000142013278,1.2045711832116364,-19875.0,-7.31710010897417,-87384.0,-25.766882019738567,-1.0,17.38229399084823,-13.826520697026623,73550.0,,-250.0,,-0.34,0.0,-1.0,-0.5005411255411255,0.9068272498675815,34416486720.0,0.9179654308239258,0.2057233799231471,0.7111111111111111,0.6539814814814815,0.9722222222222222,0.0,0.0,OK,-,0.06277056277056281,1.0,0.65,VALID
2025-09-30,73980.0,74020.0,72760.0,72800.0,317458,231964,73140.0,-0.015151515151515138,1.5014224126431128,3.092637991802842,1.058170363004101,-23943.0,-9.35613328279414,-116145.0,-33.364549609461406,1.0,-36.23510365426217,-48.83349101687349,73550.0,,550.0,,0.75,0.66,1.0,1.0302197802197801,0.6371084174862537,23110942400.0,0.6350055991679261,0.2201609013144071,0.7111111111111111,0.6596296296296296,0.9722222222222222,0.0,0.0,OK,-,0.087087912087912,1.0,0.7,VALID
2025-10-09,73200.0,75240.0,72620.0,73340.0,361093,229022,73700.0,0.007417582417582391,1.4886676621682067,3.09243466114935,1.0491810880163255,-31632.0,-12.13562807399848,-117026.0,-33.81785185870168,-1.0,4.5976345587319445,-18.452348690153563,73550.0,,-90.0,,-0.12,-1.15,-1.0,0.2863376056722116,0.7306704724591484,26482560620.0,0.7330291381651471,0.2166744378015658,0.7111111111111111,0.6590740740740741,0.9722222222222222,0.0,0.0,OK,-,0.09762748841014446,1.0,0.7,VALID
2025-10-10,73200.0,73880.0,72580.0,72740.0,294783,221919,73100.0,-0.008181074447777492,1.4217417104098677,3.0946271394248255,1.0020131104570682,-39222.0,-15.01947223913518,-131755.0,-37.25323320345855,1.0,-13.986968916225829,-58.60667189963926,73550.0,,230.0,,0.31,0.62,1.0,1.113555127852626,0.6227910953061597,21442515420.0,0.6199877030797818,0.2352519955229834,0.7111111111111111,0.662962962962963,0.9722222222222222,0.0,0.0,OK,-,0.1314270002749518,1.0,0.75,VALID
2025-10-13,72800.0,72960.0,71800.0,72280.0,282178,207463,72320.0,-0.006323893318669227,1.3993949160331967,3.096731830751444,0.9900138226881315,-41177.0,-16.56089124839125,-156539.0,-43.004983489101704,1.0,-41.33757432123405,-64.81597394533208,73100.0,,60.0,,0.08,-0.6900000000000001,1.0,1.1344770337576093,0.6307990054416803,20395825840.0,0.6251147443295296,0.2453588319487927,0.7111111111111111,0.6666666666666666,0.9722222222222222,0.0,0.0,OK,-,0.20697288323187601,1.0,0.8,VALID
2025-10-14,72600.0,74420.0,72460.0,72680.0,270327,192931,73160.0,0.0055340343110126256,1.394351330832997,3.068826416711237,0.9892400616366553,-58818.0,-23.36374722441797,-171206.0,-47.01691945613876,1.0,-41.93895500557356,-65.44842897440782,73000.0,,-160.0,,-0.22,0.12000000000000002,-1.0,0.4402861860209136,0.6409935237191932,19647366360.0,0.6403220013607152,0.2193238443530865,0.7,0.6575925925925926,0.9722222222222222,0.0,0.0,OK,-,0.19069895432030814,1.0,0.75,VALID
2025-10-15,73140.0,73860.0,72760.0,72940.0,99329,212472,73200.0,0.0035773252614199613,1.2768145726673803,3.068883333571308,0.9077038273066161,-19492.0,-8.403028056077668,-138868.0,-39.525246200261854,-1.0,-68.71113659129712,-83.21223644737398,73000.0,,-500.0,,-0.68,-1.4300000000000002,-1.0,0.08225939128050452,0.25012719900673347,7245057260.0,0.2507880059636832,0.2193238443530865,0.7,0.6589814814814815,0.9722222222222222,0.0,0.0,OK,-,0.18700301617768034,1.0,0.75,VALID
2025-10-16,73200.0,75140.0,73020.0,75080.0,179492,233905,74060.0,0.029339182890046667,1.2303353605109029,3.088161279101766,0.874661160291551,4883.0,2.132109578992411,-106909.0,-31.368723115834445,1.0,-50.29203003104463,-76.11486666311811,73000.0,,-2120.0,,-2.82,-2.6999999999999997,-1.0,-2.770378263185935,0.48706896376276054,13476259360.0,0.5008691329006751,0.2193238443530865,0.7111111111111111,0.6706481481481482,0.9722222222222222,0.0,0.0,OK,-,0.16995205114544487,1.0,0.75,VALID
2025-10-17,75200.0,76900.0,74920.0,75780.0,303602,271858,75900.0,0.009323388385721998,1.238203675401303,3.077600960893438,0.8802548460885024,49939.0,22.50325569239227,-51598.0,-15.952092402057778,1.0,2.9916921939189267,-28.738783356531417,73350.0,,-2470.0,,-3.26,-3.57,-1.0,-3.2066508313539197,0.8377709699370242,23006959560.0,0.866759394294532,0.2011276516346336,0.7,0.6659259259259259,0.9722222222222222,0.0,0.0,OK,-,0.15281076801266824,1.0,0.7,VALID
2025-10-20,76600.0,76700.0,75680.0,75940.0,188791,293283,76180.0,0.0021113750329901926,1.2382731288258195,3.0568975297019034,0.8803042214172326,85820.0,41.36641232412527,-16119.0,-5.209727151084996,1.0,-33.09506765233292,-54.0642206969043,74000.0,,-1980.0,,-2.61,-2.69,-1.0,-2.5546484066368187,0.537433241090438,14336788540.0,0.555728414415096,0.1670440729770701,0.6861111111111111,0.6525925925925925,0.9722222222222222,0.0,0.0,OK,-,0.25362127995786143,1.0,0.7,VALID
2025-10-21,75920.0,76380.0,75340.0,75980.0,197979,310199,75880.0,0.0005267316302344227,1.1640009820253678,3.0487280184579664,0.827503201319061,117268.0,60.782352239919966,753.0,0.24333809453022498,1.0,-26.763142416406794,-58.99272975828001,74100.0,,-1920.0,,-2.53,-2.3099999999999996,-1.0,-2.4743353514082655,0.5874013087087179,15042444420.0,0.6066515543482718,0.1495675902232565,0.675,0.6387962962962963,0.9722222222222222,0.0,0.0,OK,-,0.23085022374309028,1.0,0.65,VALID
2025-10-22,76000.0,77500.0,75680.0,77120.0,376449,353231,76740.0,0.015003948407475542,1.1946460975441253,3.0415756055942405,0.850972036243952,140759.0,66.24825859407358,52794.0,17.572402866491142,1.0,278.99203656535354,-24.7503832953203,74350.0,,-2910.0,,-3.77,-3.09,-1.0,-3.5918049792531117,1.1378194883652397,29031746880.0,1.188998941806739,0.1176165966519125,0.675,0.6362037037037037,0.9722222222222222,0.0,0.0,OK,-,0.2876037344398341,1.0,0.65,VALID
2025-10-23,77140.0,79960.0,77080.0,79940.0,490920,419147,78480.0,0.03656639004149387,1.4142685431804707,3.004432510624609,1.0074138144008797,185242.0,79.19539984181611,124523.0,42.265056478766155,1.0,173.50522585964833,42.76615977874909,74800.0,,-4740.0,,-5.96,-3.14,-1.0,-6.429822366775081,1.4515495229064344,39244144800.0,1.5626980341452916,0.0130703385982082,0.675,0.6356481481481482,0.9522222222222222,0.0,0.0,WARNING,IC_WARN,0.23817863397548167,1.0,0.6,VALID
2025-10-24,79500.0,80880.0,78880.0,79520.0,613476,431174,79880.0,-0.005253940455341555,1.3912270066191,2.688039875971145,0.9916473584292221,159316.0,58.60265285553488,149763.0,53.218601973625766,1.0,102.065862543725,22.140924484688473,75400.0,,-4000.0,,-5.04,-1.7800000000000002,-1.0,-5.181086519114688,1.7845824371891856,48783611520.0,1.8965727938058068,0.0034405296371941,0.6583333333333333,0.6250925925925925,0.95,0.0,0.0,WARNING,IC_WARN,0.14461770623742454,1.0,0.6,VALID
2025-10-27,80000.0,82060.0,79580.0,81900.0,514455,483478,81080.0,0.029929577464788748,1.4881003063673752,2.6377609858776805,1.060697305950835,190195.0,64.8503322729241,202214.0,71.89473235110074,1.0,172.49974839902325,38.90711444841357,76550.0,,-5250.0,,-6.42,-3.81,-1.0,-6.532356532356533,1.4658121758530127,42133864500.0,1.592415613626451,-0.0088896920404691,0.6583333333333333,0.624537037037037,0.95,0.0,0.0,CRITICAL,IC_CRIT,0.10476190476190483,1.0,0.55,VALID
2025-10-28,81600.0,83480.0,81140.0,81640.0,729307,488803,82240.0,-0.0031746031746031633,1.4726116117639207,2.3423801305598917,1.0496571787710456,178604.0,57.57723267966692,217179.0,79.95574765116484,1.0,268.37593886220253,83.86895082504506,78500.0,,-2900.0,,-3.56,-1.0300000000000002,-1.0,-3.8461538461538463,1.9839563049583335,59540623480.0,2.127968143925088,0.0702372889244197,0.6416666666666666,0.611851851851852,0.95,0.0,0.0,OK,-,0.1685448309652131,1.0,0.6,VALID
2025-10-29,82240.0,83280.0,81320.0,82900.0,659421,506882,82420.0,0.015433610975012169,1.4882883797979827,2.3071305160733457,1.0608313620895997,153651.0,43.498730292641355,250975.0,98.07273736161966,1.0,75.1687479578907,32.451888795376995,79150.0,,-3510.0,,-4.25,-0.48,-1.0,-4.523522316043426,1.7552705350330222,54666000900.0,1.8928849033544275,0.0702372889244197,0.6416666666666666,0.6083333333333333,0.95,0.0,0.0,OK,-,0.16212303980699638,1.0,0.6,VALID
2025-10-30,83120.0,84940.0,82220.0,83400.0,829117,532871,83640.0,0.006031363088057962,1.4360913312686834,2.30599326664996,1.0236260282040328,113724.0,27.132247159111245,272217.0,104.43614907118248,1.0,68.89045058257966,140.16992013811443,80000.0,,-3340.0,,-4.01,1.9500000000000002,-1.0,-4.07673860911271,2.07343863531473,69148357800.0,2.2249107385049665,0.0702372889244197,0.6416666666666666,0.6121296296296296,0.95,0.0,0.0,OK,-,0.1489208633093526,1.0,0.55,VALID
2025-10-31,83780.0,84460.0,80260.0,80780.0,915245,510440,82360.0,-0.031414868105515636,1.6526769680202404,2.3022489860826747,1.1780052729545594,79266.0,18.383761544063418,249299.0,95.46528503758506,1.0,49.19002536366541,167.05405886455083,80550.0,,-190.0,,-0.24,4.8,-1.0,-0.2847239415696955,2.1359194299485194,73933491100.0,2.20650294448283,0.0806989780709905,0.6416666666666666,0.6122222222222222,0.95,0.0,0.0,OK,-,0.19361228026739297,1.0,0.6,VALID
2025-11-03,81260.0,82880.0,81120.0,82280.0,586668,525184,82120.0,0.018568952711067066,1.6095950440744613,2.309567189531099,1.1472970737364447,41706.0,8.626245661643342,276544.0,111.22265122265122,1.0,14.03679622124383,21.963327928152676,81000.0,,-1200.0,,-1.46,4.96,-1.0,-1.5556635877491491,1.3524425344823074,48271043040.0,1.4127639662439575,0.0780261113150767,0.6583333333333333,0.6152777777777778,0.95,0.0,0.0,OK,-,0.17817209528439482,1.0,0.6,VALID
2025-11-04,82700.0,82900.0,77580.0,78560.0,975978,457374,79500.0,-0.04521147301895967,1.9634045509666922,2.3925174234561086,1.3994875942104956,-31429.0,-6.429788687876302,205625.0,81.67857667756377,1.0,33.822656302489904,109.62131999974227,80900.0,,1840.0,,2.33,5.890000000000001,1.0,2.978615071283096,2.1249091559087088,76672831680.0,2.1133273888637296,0.0960911734720826,0.675,0.6312037037037038,0.95,0.0,0.0,OK,-,0.22912423625254585,1.0,0.6,VALID
2025-11-05,78440.0,79840.0,78060.0,79140.0,515731,453260,78960.0,0.007382892057026469,1.9164493159744995,2.3813812810199555,1.366018552477625,-53622.0,-10.578793486452469,221296.0,95.40101050162957,1.0,-21.790328181844377,62.4564509320918,80500.0,,960.0,,1.21,5.46,1.0,1.718473591104372,1.0991309885265252,40814951340.0,1.0981850770662653,0.0926607827060293,0.6583333333333333,0.627962962962963,0.95,0.0,0.0,OK,-,0.1834723275208492,1.0,0.55,VALID
2025-11-06,79480.0,80920.0,78640.0,80500.0,582033,471983,79720.0,0.017184735911043747,1.9369871509317726,2.3691483802048734,1.380657637031287,-60888.0,-11.426405265064153,242961.0,106.0863148518483,1.0,-29.800860433449085,61.18645335135269,80400.0,,-440.0,,-0.54,3.4699999999999998,-1.0,-0.12422360248447205,1.2119020776175107,46853656500.0,1.2270373425653753,0.0654425839494457,0.6583333333333333,0.6251851851851852,0.95,0.0,0.0,OK,-,0.16397515527950302,1.0,0.55,VALID
2025-11-07,79440.0,82460.0,79000.0,82300.0,810655,490951,81260.0,0.022360248447204967,1.9492170282961019,2.3367672812591733,1.3893749243787508,-19489.0,-3.818078520492124,269032.0,121.22981808677942,-1.0,-11.427541259444196,175.0005936570291,80400.0,,-2540.0,,-3.06,-2.8200000000000003,-1.0,-2.3086269744835968,1.6019024709931764,66716906500.0,1.649444897516705,0.0396210414568742,0.6583333333333333,0.6234259259259259,0.95,0.0,0.0,WARNING,IC_WARN,0.11980558930741192,1.0,0.5,VALID
2025-11-10,82600.0,87280.0,82360.0,87240.0,986569,534483,85360.0,0.06002430133657355,2.2613298551972987,2.3174611715377282,1.6118446283565342,9299.0,1.7706175359493055,327020.0,157.6281071805575,1.0,68.16478826184486,249.62647690464883,80750.0,,-6810.0,,-7.78,-6.32,-1.0,-7.43924805135259,1.8226686806686114,86068279560.0,1.9680973221778724,-0.0099523479650386,0.6583333333333333,0.6234259259259259,0.95,0.0,0.0,CRITICAL,IC_CRIT,0.08711600183402113,1.0,0.5,VALID
2025-11-11,87700.0,88100.0,85740.0,86540.0,902490,526493,86760.0,-0.008023842274186177,2.2945289674550535,2.2254195547202587,1.6355084961624093,69119.0,15.112140174124459,333562.0,172.89186289398802,1.0,-7.5296779230679345,233.8512246279506,82300.0,,-4640.0,,-5.34,-7.67,-1.0,-4.899468453894153,1.5753413837515657,78101484600.0,1.6740423726245672,-0.0603610140532453,0.6416666666666666,0.6156481481481482,0.94,0.0,0.0,CRITICAL,IC_CRIT,0.07233649179570145,1.0,0.5,VALID
2025-11-12,86760.0,88200.0,85340.0,86580.0,1145329,528966,86640.0,0.0004622140050842827,2.299465854711281,2.2136547664498423,1.6390274410816845,75706.0,16.702554825045226,316494.0,148.95798034564552,1.0,122.07875811227171,1053.0660733521931,83300.0,,-3480.0,,-4.01,-5.22,-1.0,-3.7884037884037887,1.8319831070897614,99162584820.0,1.9348683194172218,-0.0829122974293311,0.6138888888888889,0.6029629629629629,0.94,0.0,0.0,CRITICAL,IC_CRIT,0.10857010857010851,1.0,0.5,VALID
2025-11-13,86500.0,89900.0,86280.0,87840.0,1106011,536514,88360.0,0.01455301455301461,2.253461661297836,2.1853169325792408,1.606236288625571,64531.0,13.672314468953331,302609.0,129.37260853765417,1.0,90.02547965493366,516.1895794798654,84350.0,,-3730.0,,-4.23,-3.6900000000000004,-1.0,-3.973132969034608,1.6470474882552235,97152006240.0,1.7525679268317198,-0.1224125789683055,0.6138888888888889,0.5986111111111112,0.94,0.0,0.0,CRITICAL,IC_CRIT,0.12568306010928953,1.0,0.5,VALID
2025-11-14,87500.0,88260.0,86580.0,87360.0,757432,516778,87340.0,-0.005464480874316946,2.273474301559195,2.1866847872949813,1.6205010216676634,25827.0,5.260606455634066,244920.0,90.09115052711341,1.0,-6.565431657116772,149.48188747109702,85150.0,,-2730.0,,-3.11,-0.04999999999999982,-1.0,-2.5297619047619047,1.091081741531437,66169259520.0,1.148927373049116,-0.1316924835250792,0.6138888888888889,0.6000000000000001,0.94,0.0,0.0,CRITICAL,IC_CRIT,0.11858974358974361,1.0,0.5,VALID
2025-11-17,87700.0,95200.0,87700.0,95200.0,1366919,562954,92660.0,0.08974358974358965,2.919315733759755,2.4612001190011084,2.08084785734491,28471.0,5.326829852399421,269671.0,91.94907307958525,1.0,38.55280269296928,624.038222161014,86150.0,,-9570.0,,-10.0,-2.2199999999999998,-1.0,-9.506302521008402,1.8150342606357752,130130688800.0,2.0531207025733336,0.0295491094629338,0.6138888888888889,0.6024999999999999,0.95,0.0,0.0,WARNING,IC_WARN,0.0615546218487395,1.0,0.5,VALID
2025-11-18,96200.0,96920.0,92800.0,93520.0,1487724,484357,94600.0,-0.01764705882352946,2.983700834638581,2.4513781536933252,2.126740666286167,-42136.0,-8.003145340963698,174158.0,56.14395920038427,-1.0,64.84659109796232,651.4554573969966,87400.0,,-6880.0,,-7.3,-1.96,-1.0,-6.544054747647563,1.8196311884671221,139131948480.0,1.9994136822542354,-0.0159881827424695,0.6138888888888889,0.6010185185185186,0.95,0.0,0.0,CRITICAL,IC_CRIT,0.0757057313943541,1.0,0.5,VALID
2025-11-19,93800.0,100080.0,93640.0,99300.0,1767428,503132,98160.0,0.06180496150556025,3.194079633926003,2.558756854273285,2.275211425036236,-25834.0,-4.883867772219765,149901.0,42.43710206635318,-1.0,54.31618338486146,369.4999853897872,88900.0,,-11560.0,,-11.51,-7.5,-1.0,-10.473313192346426,1.9922641767629072,175505600400.0,2.281958757158707,0.0851995532168617,0.6138888888888889,0.6023148148148149,0.9511111111111112,0.0,0.0,OK,-,0.09385699899295075,1.0,0.5,VALID
2025-11-20,99780.0,102500.0,97720.0,98980.0,1595646,479602,100020.0,-0.00322255790533732,3.1646114369399294,2.350270543127238,2.254220596333721,-56912.0,-10.607738101894824,60455.0,14.423340737259243,-1.0,44.27035535812935,225.03177707162064,91300.0,,-8820.0,,-8.81,-4.58,-1.0,-7.759143261264902,1.693205629948035,157937041080.0,1.9064227280543151,0.1390858444482754,0.5833333333333334,0.5907407407407407,0.95,0.0,0.0,OK,-,0.0725399070519297,1.0,0.5,VALID
2025-11-21,94020.0,96000.0,91020.0,91020.0,1137824,411327,93160.0,-0.08042028692665182,3.760571153715268,2.5756613323069475,2.678735483835747,-105451.0,-20.40547391723332,-19847.0,-4.603014096397278,-1.0,50.221273988952156,85.47164029236679,92300.0,,340.0,,0.37,3.48,1.0,1.4062843331136015,1.174710982077105,103564740480.0,1.2100979292052902,0.1256250698866265,0.5833333333333334,0.5932407407407408,0.9511111111111112,0.0,0.0,OK,-,0.2239068336629313,1.0,0.55,VALID
2025-11-24,91820.0,92880.0,90000.0,90480.0,454612,365078,91320.0,-0.005932762030323002,3.7331167470896265,2.5004476193800103,2.6591791211956988,-197876.0,-35.149585934197106,-118400.0,-24.489221846702435,1.0,-66.74184790759365,-11.632309920206819,92150.0,,110.0,,0.12,10.12,1.0,1.845711759504863,0.4708043992433982,41133293760.0,0.4809013846293531,0.1619954468379551,0.5611111111111111,0.5837962962962961,0.95,0.0,0.0,OK,-,0.26414677276746246,1.0,0.6,VALID
2025-11-25,91000.0,95600.0,90660.0,95400.0,511279,343199,93220.0,0.054376657824933616,3.8804023798128346,2.5882290728385264,2.764093836144004,-141158.0,-29.14337977979053,-145604.0,-29.7878695507188,-1.0,-65.6334777149525,-29.895229306725422,92050.0,,-5290.0,,-5.43,1.87,-1.0,-3.511530398322851,0.535535799493362,48776016600.0,0.5738658087003334,0.2038802002060175,0.5833333333333334,0.5921296296296297,0.95,0.0,0.0,OK,-,0.2616352201257861,1.0,0.6,VALID
2025-11-26,97740.0,99880.0,95340.0,96340.0,810231,478054,97460.0,0.009853249475890946,3.877181633647922,2.5874219763762167,2.7563380645577493,-25078.0,-4.984377857103106,-28828.0,-5.687319731219495,1.0,-54.157623393993994,22.870063282788998,92800.0,,-3540.0,,-3.67,7.84,-1.0,-3.6744861947270087,0.8420206037738476,78057654540.0,0.9059080988752787,0.2133232733524938,0.5833333333333334,0.5948148148148148,0.95,0.0,0.0,OK,-,0.29458168984845345,1.0,0.6,VALID
2025-11-27,96600.0,98620.0,95500.0,95820.0,741463,507882,97020.0,-0.005397550342536861,3.8890286631583266,2.5890383775880377,2.759120222699629,28280.0,5.896555894262326,-24989.0,-4.689502712664041,-1.0,-53.53211175912451,-10.571969939103887,93300.0,,-2520.0,,-2.63,6.180000000000001,-1.0,-2.6299311208515967,0.7740801441040625,71046984660.0,0.8236374398790396,0.2160039111413928,0.5833333333333334,0.5987037037037037,0.95,0.0,0.0,OK,-,0.2890836986015446,1.0,0.6,VALID
2025-11-28,94860.0,97600.0,93880.0,96420.0,580962,526998,96400.0,0.006261740763932266,3.7793995266088882,2.5838523287978274,2.676179451584862,115671.0,28.121421642634694,16558.0,3.243868035420422,1.0,-48.94096099220969,-36.52388158361969,93750.0,,-2670.0,,-2.77,-3.14,-1.0,-2.7691350342252647,0.6172900109780681,56016356040.0,0.6562045689817859,0.2231806612809559,0.5833333333333334,0.5964814814814815,0.95,0.0,0.0,OK,-,0.35366106616884463,1.0,0.6,VALID
2025-12-01,96980.0,98480.0,95840.0,96940.0,535475,543633,97260.0,0.005393071976768304,3.774354727587123,2.5752224196088,2.6663670497887932,178555.0,48.908726354368106,18449.0,3.5128640628808188,1.0,17.78725594572954,-8.726059713500655,94350.0,,-2590.0,,-2.67,-2.79,-1.0,-2.6717557251908395,0.5705102938765938,51908946500.0,0.60679528111632,0.2330326268185519,0.5611111111111111,0.5916666666666668,0.95,0.0,0.0,OK,-,0.22570662265318764,1.0,0.55,VALID
2025-12-02,96840.0,97300.0,95100.0,96560.0,454290,552239,96380.0,-0.0039199504848359545,3.5701724051771113,2.556360291420072,2.5154837643944354,209040.0,60.90926838364914,94865.0,20.741231464840588,1.0,-11.146360402050547,-53.45284422394767,94400.0,,-2160.0,,-2.24,3.1899999999999995,-1.0,-2.236951118475559,0.4978492450152199,43866242400.0,0.5228038809825848,0.2504802284002363,0.536111111111111,0.582962962962963,0.95,0.0,0.0,OK,-,0.2591135045567523,1.0,0.6,VALID
2025-12-03,96560.0,97580.0,92520.0,93660.0,643323,562836,94900.0,-0.03003314001656998,3.686100279815606,2.533327792552898,2.579647044496743,84782.0,17.734816568839502,109576.0,24.17508714645016,-1.0,-20.60005109653914,24.740029201269653,94350.0,,690.0,,0.74,4.41,1.0,0.7367072389493914,0.7001128269894565,60253632180.0,0.7098879468491807,0.2816970892827063,0.536111111111111,0.5824074074074074,0.95,0.0,0.0,OK,-,0.2980995088618408,1.0,0.6,VALID
2025-12-04,93800.0,94600.0,91600.0,93700.0,663458,560629,93320.0,0.00042707666026053914,3.685796295685441,2.5265472757117022,2.5553698449959104,52747.0,10.385680138299842,88646.0,18.78160865963393,-1.0,-10.520417067338494,13.989756594557345,94000.0,,300.0,,0.32,2.9499999999999997,1.0,0.32017075773745995,0.718840334750519,62166014600.0,0.725871447621314,0.2926085040456935,0.536111111111111,0.5746296296296296,0.95,0.0,0.0,OK,-,0.38719316969050155,1.0,0.6,VALID
2025-12-05,93420.0,93980.0,92100.0,92160.0,461507,560676,93200.0,-0.016435432230522906,3.709693243494807,2.53144353305963,2.5397845043807767,33678.0,6.390536586476609,69725.0,14.20202830832405,-1.0,-20.561585783579652,-43.06986325872288,93250.0,,1090.0,,1.18,3.95,1.0,1.1827256944444444,0.5096716880622455,42532485120.0,0.5037360941688784,0.2926085040456935,0.536111111111111,0.5745370370370372,0.95,0.0,0.0,OK,-,0.49674479166666674,1.0,0.65,VALID
2025-12-08,92460.0,95500.0,91120.0,94840.0,599367,593129,93960.0,0.02907986111111116,3.5343022549713767,2.5502750294846455,2.387467847396725,49496.0,9.104671717868488,58646.0,10.972472464044694,-1.0,11.931836220178349,-39.24733090133584,92750.0,,-2090.0,,-2.2,0.46999999999999975,-1.0,-2.2037115141290595,0.6763807237807634,56843966280.0,0.6850911845509245,0.2926085040456935,0.536111111111111,0.5795370370370371,0.95,0.0,0.0,OK,-,0.5004217629692114,1.0,0.65,VALID
2025-12-09,94580.0,94800.0,92300.0,92800.0,512215,575421,93580.0,-0.02150991142977643,3.572658746315485,2.571764995406773,2.4006667965925743,23182.0,4.197820146711841,48928.0,9.29319098259616,-1.0,12.750665874221312,-43.24424647364514,92750.0,,-50.0,,-0.05,2.1900000000000004,-1.0,-0.05387931034482758,0.5910458938542893,47533552000.0,0.5836315620876207,0.2922926611825596,0.5611111111111111,0.5856481481481481,0.95,0.0,0.0,OK,-,0.5625,1.0,0.7,VALID
2025-12-10,93000.0,96800.0,93000.0,95980.0,620935,605453,95100.0,0.034267241379310365,3.633989801926056,2.571815371034512,2.441413141946104,42617.0,7.571832647520769,76487.0,14.459719528287263,1.0,-3.480055897270884,-45.78544680174866,92700.0,,-3280.0,,-3.42,-4.16,-1.0,-3.4173786205459473,0.7388520571122222,59597341300.0,0.7499710554665827,0.3218175810461957,0.5611111111111111,0.5862037037037038,0.95,0.0,0.0,OK,-,0.4942696395082309,1.0,0.65,VALID
2025-12-11,95900.0,99520.0,95460.0,98880.0,744190,634283,97900.0,0.03021462804750996,3.6705598881697963,2.5508773140637433,2.455206138872362,73654.0,13.137743498820075,97769.0,18.22301002396955,1.0,12.16836634722922,-32.71405076441374,93500.0,,-5380.0,,-5.44,-5.760000000000001,-1.0,-5.440938511326861,0.9049949289444178,73585507200.0,0.939935052753436,0.3553453976825557,0.5611111111111111,0.5862037037037037,0.95,0.0,0.0,OK,-,0.5782766990291262,1.0,0.65,VALID
2025-12-12,99520.0,101620.0,97620.0,97720.0,757689,636384,99660.0,-0.011731391585760531,3.684026094226473,2.560943971941176,2.453746446637654,75708.0,13.502985681570104,119606.0,23.144561107477486,1.0,64.17714140847268,0.03393043864003964,94500.0,,-3220.0,,-3.3,-4.4799999999999995,-1.0,-3.29512893982808,0.9213964009566269,74041369080.0,0.9410267747977988,0.3588920975480776,0.611111111111111,0.592037037037037,0.95,0.0,0.0,OK,-,0.7087597216537045,1.0,0.7,VALID
2025-12-15,98080.0,101200.0,97300.0,101060.0,699601,662185,99340.0,0.034179287760949695,3.198876744750339,2.5867867650457446,2.1236482268572794,69056.0,11.642661208607235,99231.0,17.62683984837127,1.0,16.723309758461834,-48.81913266257912,95150.0,,-5910.0,,-5.85,-3.6499999999999995,-1.0,-5.8480110825252325,0.8867371699448496,70701677060.0,0.9338483660680413,0.3599485164990218,0.6555555555555556,0.6043518518518519,0.95,0.0,0.0,OK,-,0.6024144072828024,1.0,0.65,VALID
2025-12-16,101500.0,102280.0,99800.0,100600.0,597317,666027,100940.0,-0.004551751434791251,3.166595012356044,2.5826575462980244,2.0945591973352493,90606.0,15.7460363803198,181670.0,37.50745834167773,1.0,16.614507579824878,-59.850281369393784,95850.0,,-4750.0,,-4.72,-4.67,-1.0,-4.721669980119284,0.8023702629867313,60090090200.0,0.8374000463270416,0.3596681241233237,0.611111111111111,0.5973148148148149,0.95,0.0,0.0,OK,-,0.6224652087475149,1.0,0.7,VALID
2025-12-17,101500.0,109860.0,101500.0,108620.0,1158611,668589,107000.0,0.07972166998011931,3.357895635925238,2.753568155620912,2.2142174564353403,63136.0,10.427894485616555,165457.0,32.88540581795632,1.0,86.59135014131914,-34.44649513304078,97050.0,,-11570.0,,-10.65,-7.23,-1.0,-10.651813662308967,1.6227050499667541,125848326820.0,1.8166469055018373,0.4865932071751064,0.6555555555555556,0.6066666666666667,0.9511111111111112,0.0,0.0,OK,-,0.34597679985269747,1.0,0.65,VALID
2025-12-18,106800.0,109920.0,104700.0,106160.0,1013916,672711,107260.0,-0.02264776284293868,3.4107033673387006,2.7799991697406066,2.2415116892094162,38428.0,6.058494394457995,193109.0,40.26442758787495,1.0,36.2442387024819,-36.45733452156681,97550.0,,-8610.0,,-8.11,-2.669999999999999,-1.0,-8.110399397136398,1.4803568189110081,107637322560.0,1.612300780034782,0.362559427781898,0.6694444444444445,0.6148148148148149,0.9511111111111112,0.0,0.0,OK,-,0.3871514694800302,1.0,0.7,VALID
2025-12-19,106100.0,113500.0,105620.0,111400.0,928963,668829,110000.0,0.049359457422758046,2.9177820363119054,2.825230382918616,1.8843592830860512,32445.0,5.0983368532206965,257502.0,62.602746719763104,1.0,22.604789036134875,-18.356178108389344,97650.0,,-13750.0,,-12.34,-9.04,-1.0,-12.342908438061041,1.3773225266290492,103486478200.0,1.550216096524022,0.363580743671653,0.6805555555555556,0.6218518518518519,0.9511111111111112,0.0,0.0,OK,-,0.44075403949730707,1.0,0.7,VALID
2025-12-22,109000.0,116460.0,109000.0,114380.0,1007441,671889,113900.0,0.026750448833034124,2.912134895557066,2.8346635906809765,1.8431656933788532,9704.0,1.4654514976932427,306811.0,84.03984901856589,1.0,44.00222412489405,121.60457708991403,99000.0,,-15380.0,,-13.45,-7.6,-1.0,-13.44640671446057,1.4348729293980522,115231101580.0,1.6353871574654832,0.3908973074390002,0.6916666666666667,0.625,0.9511111111111112,0.0,0.0,OK,-,0.45777233782129745,1.0,0.7,VALID
2025-12-23,113900.0,120440.0,113800.0,120360.0,731003,671573,117780.0,0.05228186745934593,2.896495233796895,2.885195179658028,1.826017270928555,5546.0,0.8326989746661921,328374.0,95.68034871896481,1.0,22.381080732676285,42.97536178876895,99500.0,,-20860.0,,-17.33,-12.61,-1.0,-17.331339315387172,1.0251089664623165,87983521080.0,1.2148824310534896,0.4188761854926118,0.7,0.634537037037037,0.961111111111111,0.0,0.0,OK,-,0.40229312063808575,1.0,0.7,VALID
2025-12-24,122000.0,127880.0,118060.0,124720.0,949006,647366,122980.0,0.03622465935526753,2.945445435625521,2.9060201490676745,1.8544330882764477,-21223.0,-3.174296914846041,169312.0,35.41691942751237,-1.0,-18.091059035344912,17.127831445600084,101500.0,,-23220.0,,-18.62,-7.970000000000001,-1.0,-18.617703656189867,1.317996890713611,118360028320.0,1.5900795084862998,0.4434165396924447,0.7055555555555555,0.6447222222222222,0.961111111111111,0.0,0.0,OK,-,0.4554201411161001,1.0,0.7,VALID
2025-12-25,118740.0,124500.0,116000.0,123520.0,924823,607187,120720.0,-0.009621552277100709,2.961103704280453,2.9049284928023935,1.860857292182248,-65524.0,-9.740289663763487,99305.0,19.552770131644753,-1.0,-8.78701983201764,24.729487513200255,104900.0,,-18620.0,,-15.07,-6.960000000000001,-1.0,-15.074481865284975,1.2682627070646566,114234136960.0,1.4913870042667876,0.4056890459974959,0.711111111111111,0.6475925925925926,0.961111111111111,0.0,0.0,OK,-,0.34132124352331616,1.0,0.7,VALID
2025-12-26,124220.0,131000.0,124220.0,130520.0,428716,577035,129000.0,0.05667098445595853,3.109869730483646,2.967766790252854,1.9487372688415296,-91794.0,-13.72458431078796,50037.0,9.49472294012501,-1.0,-53.85004569611491,-26.205844788471534,111900.0,,-18620.0,,-14.27,-1.9299999999999997,-1.0,-14.266012871590561,0.5941249650252642,55956012320.0,0.7305640782339008,0.4533723084103346,0.711111111111111,0.6516666666666667,0.961111111111111,0.0,0.0,OK,-,0.37603432424149563,1.0,0.7,VALID
2025-12-29,129800.0,134500.0,117400.0,118820.0,688764,512345,126340.0,-0.08964143426294824,3.9011194073517586,3.2189014378074985,2.4316312284489237,-159544.0,-23.74558892912371,-31288.0,-5.755353335798231,-1.0,-31.632323878023627,28.626733274195804,118000.0,,-820.0,,-0.69,12.76,-1.0,-0.6901195085002525,0.9444739455616968,81838938480.0,1.0480161444220453,0.3433971190889003,0.7166666666666668,0.6564814814814816,0.9622222222222224,0.0,0.0,OK,-,0.3994277057734388,1.0,0.7,VALID
2025-12-30,117000.0,123980.0,115420.0,121580.0,459530,511309,120540.0,0.023228412725130543,3.8938652112406373,3.2236085530359735,2.4094782514717603,-160264.0,-23.86397309004382,-40930.0,-7.411646044556795,-1.0,-37.13705689306337,1.1534482379097044,118000.0,,-3580.0,,-2.94,14.389999999999999,-1.0,-2.9445632505346273,0.6299084156507286,55869657400.0,0.7100009056440507,0.3708996309481309,0.7166666666666668,0.6589814814814815,0.9622222222222224,0.0,0.0,OK,-,0.355650600427702,1.0,0.65,VALID
2025-12-31,123000.0,124380.0,117560.0,121580.0,392450,490194,120640.0,0.0,3.778160878790545,3.2104053822424414,2.310524608156205,-157172.0,-24.278692424378175,-72642.0,-12.906423896126048,1.0,-58.64620455508185,-38.99642947632837,118500.0,,-3080.0,,-2.53,16.09,-1.0,-2.5333113999012995,0.547369078786697,47714071000.0,0.6112284666298484,0.3472679580176153,0.7166666666666668,0.6496296296296297,0.9622222222222224,0.0,0.0,OK,-,0.21895048527718375,1.0,0.65,VALID
2026-01-05,125000.0,130260.0,122780.0,129980.0,343623,515292,126560.0,0.06909031090639917,3.9578151732164564,3.3023714062578438,2.3982826085335076,-91895.0,-15.134546688252549,-45337.0,-8.08680963703269,-1.0,-62.844457804358235,-48.20727159820215,119500.0,,-10480.0,,-8.06,7.01,-1.0,-8.062778889059857,0.49020137211532916,44664117540.0,0.5786445500269103,0.3600277031222516,0.7277777777777779,0.6580555555555556,0.9733333333333336,0.0,0.0,OK,-,0.018925988613632816,1.0,0.6,VALID
2026-01-06,132600.0,137940.0,132100.0,137940.0,304237,534999,136120.0,0.06124019079858445,3.9908759166050523,3.3583105139505403,2.4129766854257824,-42036.0,-7.284826743611738,-25677.0,-4.579650279305695,-1.0,-29.03530542363709,-34.07748961554212,127500.0,,-10440.0,,-7.57,6.699999999999999,-1.0,-7.568508046976946,0.4389385183529227,41966451780.0,0.5438944523983074,0.336683786946548,0.7611111111111111,0.6673148148148148,0.9733333333333336,0.0,0.0,OK,-,0.07365521241119333,1.0,0.6,VALID
2026-01-07,144000.0,147000.0,137900.0,142300.0,420407,506520,141520.0,0.03160794548354362,3.993925537342703,3.3603217034835478,2.4111274299471037,-5825.0,-1.1369292176170354,-86609.0,-14.602051155819392,-1.0,-38.96211184092084,-29.858167032886364,133500.0,,-8800.0,,-6.18,-5.49,-1.0,-6.184118060435699,0.6144757344225723,59823916100.0,0.7738368105808796,0.3346180970108565,0.788888888888889,0.6755555555555557,0.9733333333333336,0.0,0.0,OK,-,0.03457484188334514,1.0,0.55,VALID
2026-01-08,140860.0,148500.0,136480.0,145000.0,654824,514467,143400.0,0.018973998594518537,3.8663202572859054,3.3604808496512115,2.328899988285086,3158.0,0.6176304348251253,-60954.0,-10.592939778006016,1.0,42.498639914695445,27.841629003445824,138500.0,,-6500.0,,-4.48,-1.5400000000000005,-1.0,-4.482758620689655,0.9472324914874433,94949480000.0,1.1916503358631105,0.3346190468954255,0.788888888888889,0.6812962962962963,0.9733333333333336,0.0,0.0,OK,-,-0.08427586206896553,-1.0,0.5,VALID
2026-01-09,142000.0,146920.0,139060.0,143420.0,469479,510874,143180.0,-0.010896551724137948,3.9301418191470203,3.3719009493788548,2.3445264980707474,20680.0,4.2187378874486425,-94579.0,-15.621196030079956,1.0,19.62772327685056,-24.391602985819773,140000.0,,-3420.0,,-2.38,0.1499999999999999,-1.0,-2.3846046576488633,0.6866443527740137,67332678180.0,0.8409673692882943,0.3346190468954255,0.788888888888889,0.6887962962962962,0.9733333333333336,0.0,0.0,OK,-,-0.07321154650676331,-1.0,0.55,VALID
2026-01-12,156060.0,156060.0,152000.0,156060.0,68491,506702,155420.0,0.08813275693766554,4.205195662022349,3.506221957091704,2.486045189430947,-8590.0,-1.6670159831707072,-127581.0,-20.114207695933832,-1.0,-80.06798147970304,-90.79657076821779,152000.0,,-4060.0,,-2.6,5.460000000000001,-1.0,-2.6015635012174805,0.10537975893481989,10688705460.0,0.13895709622921562,0.3115486429226063,0.788888888888889,0.6902777777777778,0.9844444444444446,0.0,0.0,OK,-,-0.1221325131359734,-1.0,0.55,VALID
2026-01-13,168000.0,174060.0,161540.0,166980.0,608177,460281,167860.0,0.06997308727412532,4.237383165010803,3.58242139538594,2.4970719686906753,-74718.0,-13.96600741309797,-176103.0,-27.672443053250866,-1.0,99.90237873762888,-19.732634365814995,159500.0,,-7480.0,,-4.48,3.09,-1.0,-4.479578392621871,0.9466247357168001,101553395460.0,1.297036119791851,0.3002394284358031,0.8111111111111111,0.697037037037037,0.9844444444444446,0.0,0.0,OK,-,-0.1775062881782249,-1.0,0.55,VALID
2026-01-14,169000.0,173440.0,155000.0,161940.0,589019,452583,165380.0,-0.030183255479698134,4.428125459223685,3.6244185781434313,2.5971060144442712,-53937.0,-10.648542999289267,-209602.0,-31.653087883295456,-1.0,40.106848839339015,-15.806438241226072,163000.0,,1060.0,,0.65,6.83,1.0,0.6545634185500803,0.9247639317904195,95385736860.0,1.1993573159464699,0.2965164179828257,0.8333333333333333,0.7105555555555555,0.9844444444444446,0.0,0.0,OK,-,-0.07212547857231077,-1.0,0.6,VALID
2026-01-15,163840.0,165000.0,155600.0,163220.0,431256,443942,160640.0,0.007904162035321738,4.393314543011798,3.621247181237001,2.566935062767267,-70525.0,-13.708362246752465,-222085.0,-33.34474428213871,-1.0,-34.14169303507507,-27.801150812717534,159000.0,,-4220.0,,-2.59,1.8900000000000006,-1.0,-2.585467467222154,0.6860177450636042,70389604320.0,0.8793678907351616,0.2965164179828257,0.8333333333333333,0.7182407407407408,0.9844444444444446,0.0,0.0,OK,-,-0.08454846219826007,-1.0,0.55,VALID
2026-01-16,163220.0,165820.0,146200.0,146200.0,591523,416133,153120.0,-0.10427643671118736,5.070440143566048,3.927152298749138,2.952629128177179,-94741.0,-18.54488582311881,-252456.0,-37.75952042286068,-1.0,25.99562493743064,-48.945504574011466,158000.0,,11800.0,,8.07,10.45,1.0,8.071135430916552,0.9854078680301138,86480662600.0,1.1076287436017986,0.3383143220286462,0.8416666666666668,0.7230555555555556,0.9944444444444444,0.0,0.0,OK,-,0.04404924760601925,1.0,0.6,VALID
2026-01-19,147600.0,151100.0,142100.0,147260.0,329126,411331,147260.0,0.007250341997264043,4.99333929609379,3.9136221868443455,2.897828399600069,-95371.0,-18.82191110356778,-261380.0,-38.854723648044995,1.0,380.5390489261363,-67.53912552913654,151000.0,,3740.0,,2.54,5.140000000000001,1.0,2.5397256553035445,0.5814506285654321,48467094760.0,0.6452060148229156,0.3399754533482823,0.8333333333333333,0.7134259259259259,0.9944444444444444,0.0,0.0,OK,-,0.11449137579790847,1.0,0.6,VALID
2026-01-20,149500.0,160500.0,149260.0,160500.0,451074,415351,155460.0,0.08990900448186889,5.2064158459614465,4.03754873296142,3.004682434781758,-44930.0,-9.761428344858901,-253478.0,-37.89877532224231,1.0,-25.831789100870306,-51.44327599699881,152500.0,,-8000.0,,-4.98,-0.5,-1.0,-4.984423676012461,0.8320119701531934,72397377000.0,0.9841369140337859,0.3399754533482823,0.8416666666666668,0.7239814814814814,0.9944444444444444,0.0,0.0,OK,-,0.037258566978193075,1.0,0.6,VALID
2026-01-21,160600.0,168880.0,158220.0,166740.0,376418,427928,164580.0,0.03887850467289722,5.222061319002821,4.045712919494291,2.975250066752858,-24655.0,-5.44761955265664,-243961.0,-36.309717825414616,-1.0,-36.09408185474492,-62.63622385827061,158500.0,,-8240.0,,-4.94,-5.590000000000001,-1.0,-4.941825596737435,0.7372111055032998,62763937320.0,0.8847346164217421,0.3371242505340545,0.8416666666666668,0.7236111111111111,0.9944444444444444,0.0,0.0,OK,-,0.04150173923473677,1.0,0.6,VALID
2026-01-22,165000.0,174120.0,162060.0,168780.0,464397,436686,169160.0,0.012234616768621809,5.169641612310854,4.040336747866339,2.917410669392526,-7256.0,-1.6344477431736577,-234887.0,-34.975646727905975,-1.0,7.684762646780574,-36.4712593518768,164500.0,,-4280.0,,-2.54,0.04999999999999982,-1.0,-2.5358454793221945,0.9338986902408565,78380925660.0,1.1124039759859838,0.3485141640053559,0.8416666666666668,0.73,0.9944444444444444,0.0,0.0,OK,-,0.04301457518663354,1.0,0.6,VALID
2026-01-23,174000.0,182000.0,172260.0,181520.0,342805,438728,177320.0,0.07548287711814194,5.313669062486909,4.1201012320850365,2.9922566262366166,22595.0,5.429754429473269,-208638.0,-32.228754676643504,1.0,-42.047054805983876,-63.87746758186987,171000.0,,-10520.0,,-5.8,-13.870000000000001,-1.0,-5.795504627589247,0.7341254905832325,62225963600.0,0.9197657484366153,0.3339972878065534,0.8500000000000001,0.7344444444444445,0.9944444444444444,0.0,0.0,OK,-,-0.05233583076245041,-1.0,0.55,VALID
2026-01-26,189220.0,189440.0,163500.0,165680.0,575675,416719,176940.0,-0.0872631115028647,5.804691234573878,4.321725132827889,3.194647202976373,5388.0,1.3098939783288883,-190468.0,-31.368919295044194,1.0,74.91021675589289,-37.75295380845848,181500.0,,15820.0,,9.55,7.010000000000001,1.0,9.54852728150652,1.2807020607695825,95377834000.0,1.4297097190365882,0.3339972878065534,0.8583333333333334,0.7437037037037038,0.9944444444444444,0.0,0.0,OK,-,-0.08944954128440363,-1.0,0.55,VALID
2026-01-27,166700.0,180620.0,164000.0,179600.0,382313,422433,173020.0,0.08401738290680827,5.935244347329544,4.379791164631186,3.1676133661376022,7082.0,1.7050639098015894,-154602.0,-26.792482258441865,1.0,-15.243840256809305,-10.823715466649253,172500.0,,-7100.0,,-3.95,1.0300000000000002,-1.0,-3.953229398663697,0.8549432286013174,68663414800.0,1.0195513175973683,0.2981190566623289,0.8583333333333334,0.7446296296296296,0.9944444444444444,0.0,0.0,OK,-,-0.14777282850779505,-1.0,0.55,VALID
2026-01-28,182000.0,182860.0,164080.0,166280.0,473223,410985,170340.0,-0.07416481069042313,5.796275962375478,4.525839799835365,3.0443375696405166,-16943.0,-3.959310912116057,-101360.0,-19.78354429144424,-1.0,25.71742052717989,-31.293882955555162,172000.0,,5720.0,,3.44,8.38,1.0,3.4399807553524173,1.084373170767756,78687520440.0,1.1711347312099645,0.307397898181471,0.875,0.7485185185185185,0.9944444444444444,0.0,0.0,OK,-,-0.06266538369016117,-1.0,0.6,VALID
2026-01-29,169200.0,173880.0,158800.0,164820.0,521334,402347,166500.0,-0.008780370459466003,5.826808657185412,4.4707888702228,3.024214208396413,-34339.0,-7.863544972817997,-108962.0,-21.310401342436766,1.0,12.260415118960722,13.449393945988298,168000.0,,3180.0,,1.93,4.47,1.0,1.9293775027302513,1.1862180598965786,85926269880.0,1.2508927185136376,0.2198583147864923,0.8583333333333334,0.7440740740740741,0.9944444444444444,0.0,0.0,OK,-,-0.05254216721271687,-1.0,0.65,VALID
2026-01-30,161000.0,165480.0,148200.0,148200.0,552668,372601,153980.0,-0.10083727702948675,6.390275425362884,4.70755496403336,3.2886977269591267,-66127.0,-15.072436680585694,-117593.0,-23.989073713672546,1.0,61.21935210980003,40.82507325773983,160500.0,,12300.0,,8.3,14.100000000000001,1.0,8.299595141700406,1.2350027692523935,81905397600.0,1.1634037553583096,0.2151196076730856,0.875,0.7524074074074074,0.9944444444444444,0.0,0.0,OK,-,0.08677462887989207,1.0,0.7,VALID
2026-02-02,146000.0,152820.0,132440.0,132440.0,644314,347698,141540.0,-0.1063427800269906,6.757631535299767,4.946792350181572,3.4609640220949047,-69021.0,-16.562959692262652,-167594.0,-32.52408343230634,1.0,11.923220567160286,87.50607497169864,155500.0,,23060.0,,17.41,7.859999999999999,1.0,17.411658109332528,1.3929968997141857,85332946160.0,1.1780629072484583,0.2151196076730856,0.8916666666666666,0.7564814814814814,0.9944444444444444,0.0,0.0,OK,-,0.23074599818785857,1.0,0.75,VALID
2026-02-03,140040.0,151880.0,137520.0,148100.0,619542,355770,145300.0,0.1182422228933857,7.125738887478791,5.139975653935322,3.636281517480566,-66663.0,-15.780727357947889,-179229.0,-33.50081028188838,1.0,62.050989634147946,103.63795330613961,153500.0,,5400.0,,3.65,7.6,1.0,3.6461850101282915,1.2952912195348871,91754170200.0,1.2246241487389786,0.2151196076730856,0.8944444444444444,0.7589814814814815,0.9944444444444444,0.0,0.0,OK,-,0.04686022957461167,1.0,0.7,VALID
2026-02-04,150000.0,152580.0,145680.0,147220.0,311897,359912,148660.0,-0.005941931127616429,7.104132232196254,5.104082601673512,3.369389434995243,-51073.0,-12.426974220470335,-146608.0,-28.944168048645665,1.0,-34.09090428825311,-25.810702485924352,153000.0,,5780.0,,3.93,0.4900000000000002,1.0,3.9260969976905313,0.6595721621497311,45917476340.0,0.6185918990117614,0.2151196076730856,0.8916666666666666,0.7515740740740741,0.9944444444444444,0.0,0.0,OK,-,0.06629534030702344,1.0,0.75,VALID
2026-02-05,145800.0,147260.0,132320.0,132780.0,531724,329777,136720.0,-0.09808449938867003,7.449107287416891,5.287268456074563,3.2998676728265344,-72570.0,-18.03666983971547,-184690.0,-35.899289944738925,1.0,1.992964203370584,-18.79894444919551,144000.0,,11220.0,,8.45,6.52,1.0,8.450067781292363,1.1392716553885578,70602312720.0,0.9670003657024085,0.2151196076730856,0.8944444444444444,0.7589814814814815,0.9944444444444444,0.0,0.0,OK,-,0.14535321584576,1.0,0.75,VALID
2026-02-06,129000.0,138500.0,124100.0,132920.0,586706,328575,132300.0,0.0010543756589846964,7.446166065010604,5.287120502625071,3.284007779659642,-44026.0,-11.815856640212989,-182299.0,-35.6837498091506,1.0,6.158851245232211,24.969593954149172,134500.0,,1580.0,,1.19,-7.110000000000001,1.0,1.1886849232621126,1.2414848489401147,77984961520.0,1.0603809822173453,0.2151196076730856,0.8944444444444444,0.7600925925925925,0.9944444444444444,0.0,0.0,OK,-,0.20087270538669877,1.0,0.75,VALID
2026-02-09,139500.0,141000.0,135000.0,137000.0,305321,344071,137300.0,0.030695154980439288,7.190094253121666,5.294325222896185,3.1480250033504253,-3627.0,-1.0431466387497197,-162631.0,-32.09598541154367,-1.0,-52.613011668223876,345.78265757544784,135500.0,,-1500.0,,-1.09,-18.5,-1.0,-1.094890510948905,0.6302742877337614,41828977000.0,0.5569674240789515,0.2151196076730856,0.8944444444444444,0.7616666666666666,0.9944444444444444,0.0,0.0,OK,-,0.13372262773722632,1.0,0.7,VALID
2026-02-10,136500.0,141000.0,133100.0,137340.0,295231,345989,137620.0,0.0024817518248174686,6.979889753470819,5.291683017019661,3.038701619685064,-9781.0,-2.749248109733817,-114292.0,-24.830918504131173,1.0,-52.346894964344635,-51.45640167253941,136000.0,,-1340.0,,-0.98,-4.63,-1.0,-0.9756807921945536,0.629788110925783,40547025540.0,0.5627546676796632,0.2151196076730856,0.8944444444444444,0.7558333333333332,0.9944444444444444,0.0,0.0,OK,-,0.09305373525557004,1.0,0.65,VALID
2026-02-11,138000.0,150500.0,138000.0,150260.0,351877,356531,144140.0,0.09407310324741514,7.3114236191907604,5.30316845700293,3.064720719806755,-3381.0,-0.9393962968725689,-96052.0,-21.223068475837582,-1.0,12.818334257783825,-40.26050093460483,138000.0,,-12260.0,,-8.16,-12.09,-1.0,-8.1591907360575,0.770104341842751,52873038020.0,0.7561355279919142,0.2139776839012544,0.8944444444444444,0.7552777777777778,0.9944444444444444,0.0,0.0,OK,-,-0.0509783042725942,-1.0,0.6,VALID
2026-02-12,150000.0,152440.0,146520.0,149420.0,304798,353975,149340.0,-0.005590310129109488,7.308831768134663,5.295166620492387,2.9463633357001786,24198.0,7.337685769474524,-89967.0,-20.265485130940526,1.0,-42.67740406677149,-29.323186228133636,142500.0,,-6920.0,,-4.63,-13.079999999999998,-1.0,-4.631240797751305,0.6764295382383821,45542917160.0,0.663088534122095,0.2233169895244804,0.8944444444444444,0.7502777777777777,0.9944444444444444,0.0,0.0,OK,-,-0.03721054745014052,-1.0,0.65,VALID
2026-02-13,143000.0,153120.0,142380.0,152640.0,300191,342226,148440.0,0.02154999330745544,6.9114868508472735,5.252758019093327,2.76396467912508,13651.0,4.154607015141139,-73907.0,-17.76042755561323,1.0,-48.83450995899139,-49.25117028416477,143750.0,,-8890.0,,-5.82,-7.01,-1.0,-5.82416142557652,0.6884614123239204,45821154240.0,0.6874888176747815,0.2204333224057445,0.8916666666666666,0.7458333333333333,0.9944444444444444,0.0,0.0,OK,-,-0.02358490566037741,-1.0,0.65,VALID
2026-02-24,160000.0,165800.0,157100.0,164120.0,214364,365180,161000.0,0.07520964360587001,7.0907471383839615,5.320098271122215,2.7878432215537763,21109.0,6.135070959191562,-46151.0,-11.2199177791122,1.0,-29.790613813003365,-34.86871289414996,152000.0,,-12120.0,,-7.38,-6.29,-1.0,-7.3848403607116735,0.49818077703224034,35181419680.0,0.5331669132126788,0.2263853616375296,0.8944444444444444,0.7564814814814815,0.9944444444444444,0.0,0.0,OK,-,-0.06812088715573972,-1.0,0.65,VALID
2026-02-25,164500.0,171440.0,164000.0,166480.0,322727,377037,167840.0,0.01437972215452099,6.826878423287029,5.186503056552806,2.6490415320206235,31048.0,8.973695695527892,-38314.0,-9.224487240911904,1.0,9.313385111997041,-28.453646186656734,161750.0,,-4730.0,,-2.84,-1.8599999999999999,-1.0,-2.8411821239788564,0.7613708010297817,53727590960.0,0.8259142538312203,0.2263853616375296,0.8916666666666666,0.7494444444444445,0.9944444444444444,0.0,0.0,OK,-,-0.044209514656415205,-1.0,0.65,VALID
2026-02-26,187000.0,187700.0,171020.0,173660.0,402461,375204,177120.0,0.0431283037001442,6.838935439653493,5.197299239551587,2.6038857540309315,18673.0,5.237412735498456,-52724.0,-12.320764240713391,1.0,14.37547779479762,6.918638322290649,173000.0,,-660.0,,-0.38,7.78,-1.0,-0.3800529770816538,0.9465697222624667,69891377260.0,1.0685344166827655,0.2263853616375296,0.8916666666666666,0.7568518518518519,0.9944444444444444,0.0,0.0,OK,-,-0.0947829091327882,-1.0,0.6,VALID
2026-02-27,173000.0,177060.0,168200.0,176040.0,281980,381552,173680.0,0.013704940688701983,6.839914812198987,5.167884891681961,2.552304747675482,27577.0,7.790663182428137,-55134.0,-12.625547876506232,1.0,-7.48626959494485,-39.28040017485039,172000.0,,-4040.0,,-2.29,2.34,-1.0,-2.2949329697795955,0.6777427786131991,49639759200.0,0.7759658595060217,0.2459550655348059,0.875,0.750462962962963,0.9944444444444444,0.0,0.0,OK,-,-0.04317200636219043,-1.0,0.6,VALID
2026-03-02,178680.0,179500.0,169500.0,172020.0,227061,378336,173380.0,-0.022835719154737588,6.652518993103179,5.186940449785803,2.3833450109650403,36110.0,10.551506898949818,-60392.0,-13.765248627851426,1.0,-24.361156730215093,-33.76380157815668,172500.0,,480.0,,0.28,6.1000000000000005,1.0,0.2790373212417161,0.5534423825655449,39059033220.0,0.6218281299374528,0.2413425077394902,0.8805555555555555,0.7566666666666666,0.9944444444444444,0.0,0.0,OK,-,-0.0023253110103476082,-1.0,0.65,VALID
2026-03-03,170000.0,170560.0,150860.0,150860.0,445115,339604,157560.0,-0.12300895244738985,6.939531026249866,5.464908029801641,2.3923188014262085,-25576.0,-7.003669423298099,-77115.0,-18.505275737367384,1.0,107.64447388554048,-22.67946323880662,161000.0,,10140.0,,6.72,14.1,1.0,6.721463608643775,1.102472901344137,67150048900.0,1.0936162223682548,0.2413425077394902,0.8916666666666666,0.7668518518518519,0.9944444444444444,0.0,0.0,OK,-,0.04202571920986342,1.0,0.65,VALID
2026-03-04,150000.0,155660.0,146060.0,153060.0,297139,339011,151320.0,0.014583057139069266,6.65244206839689,5.465235812994087,2.287182612458955,-38026.0,-10.085482326668204,-83422.0,-19.747983703924646,1.0,-7.928682756633321,-22.278604180344374,154000.0,,940.0,,0.61,3.4499999999999997,1.0,0.6141382464393048,0.7438076627166093,45480095340.0,0.754948143743329,0.2413425077394902,0.8916666666666666,0.7687962962962962,0.9944444444444444,0.0,0.0,OK,-,0.03632562393832495,1.0,0.65,VALID
2026-03-05,156700.0,161000.0,149000.0,155860.0,300505,332374,155500.0,0.018293479681170677,6.471324299316593,5.466241568650014,2.2200399679595426,-42830.0,-11.41512350614599,-78611.0,-19.12746207282504,1.0,-25.33313786925938,-36.49822599493262,156000.0,,140.0,,0.09,0.47,1.0,0.08982420120621071,0.7688543684849152,46836709300.0,0.7985780440061239,0.2413425077394902,0.8944444444444444,0.7899999999999999,0.9944444444444444,0.0,0.0,OK,-,0.02104452713974081,1.0,0.65,VALID
2026-03-06,155000.0,160860.0,151100.0,156160.0,228224,333903,156460.0,0.001924804311561612,6.469152422854732,5.464341439786116,2.2165646962515457,-47649.0,-12.488206063655806,-68444.0,-17.01118686109254,1.0,-19.063763387474285,-56.22307388353723,155250.0,,-910.0,,-0.58,1.71,-1.0,-0.5827356557377049,0.6066685318477454,35639459840.0,0.6348794167067614,0.2413425077394902,0.8944444444444444,0.8004629629629628,0.9944444444444444,0.0,0.0,OK,-,0.010886270491803351,1.0,0.6,VALID
2026-03-09,150000.0,165000.0,142000.0,161060.0,402478,330671,156500.0,0.03137807377049184,6.053853836426967,5.44645748380469,2.064484353780262,-47665.0,-12.59858961346528,-41930.0,-11.253324601920015,1.0,77.25545117831771,-27.175447103867057,154750.0,,-6310.0,,-3.92,-4.2,-1.0,-3.9177946107040853,1.0916648527765402,64823106680.0,1.1725965617327483,0.2413425077394902,0.8944444444444444,0.8144444444444444,0.9944444444444444,0.0,0.0,OK,-,-0.0012417732522040925,-1.0,0.6,VALID
2026-03-10,161500.0,166800.0,159220.0,163000.0,226273,332517,163440.0,0.012045200546380253,5.446453457891176,5.444859826210389,1.8448562543210105,-7087.0,-2.0868423222341317,-15181.0,-4.366145333018885,-1.0,-49.16527189602687,-64.88156395794597,158500.0,,-4500.0,,-2.76,-9.48,-1.0,-2.7607361963190185,0.6506197727475964,36882499000.0,0.6977504252463517,0.2413425077394902,0.8944444444444444,0.8375,0.9944444444444444,0.0,0.0,OK,-,-0.020736196319018352,-1.0,0.55,VALID
2026-03-11,164500.0,167280.0,155000.0,155040.0,267346,330436,159840.0,-0.04883435582822082,4.991234437589805,5.488171753723652,1.6861900023205605,-8575.0,-2.5294164496137292,-25334.0,-7.120892711583327,-1.0,-10.026620537862751,-56.84780047196154,159000.0,,3960.0,,2.55,1.94,1.0,2.5541795665634677,0.809720057097703,41449323840.0,0.8233234230235427,0.2413425077394902,0.8944444444444444,0.8252777777777778,0.9944444444444444,0.0,0.0,OK,-,-0.009545923632610975,-1.0,0.55,VALID
2026-03-12,155300.0,159600.0,152800.0,156980.0,219828,325382,156140.0,0.012512899896800933,4.989898938684025,5.482682599439763,1.6787428101349675,-6992.0,-2.103654317124685,-34530.0,-9.594011869568117,-1.0,-26.84714064657826,-29.519039939467195,158000.0,,1020.0,,0.65,0.56,1.0,0.6497643011848643,0.6752149209019513,34508599440.0,0.6933131070199102,0.2303406190701304,0.9,0.8337037037037036,0.9944444444444444,0.0,0.0,OK,-,0.0039495477130844225,1.0,0.55,VALID
2026-03-13,156500.0,162840.0,150080.0,152080.0,288572,316964,156880.0,-0.03121416740986116,4.463039442800745,5.493536635535263,1.4898537922349648,-16939.0,-5.073030191402893,-12813.0,-3.8853528293361874,1.0,26.44244251261918,-45.72898721893313,159000.0,,6920.0,,4.55,5.13,1.0,4.550236717517096,0.920749619069088,43886029760.0,0.9060312392639476,0.1874650222044765,0.9,0.8213888888888888,0.9944444444444444,0.2498698933037043,0.0,OK,-,0.09481851657022622,1.0,0.6,VALID
2026-03-16,152460.0,159780.0,149100.0,159620.0,231813,310683,154720.0,0.04957916885849545,4.555511905443199,5.508643723236903,1.489358765615995,-19988.0,-6.044678849974748,-17892.0,-5.445332115955261,1.0,-42.403559946133704,-60.489069482841494,156500.0,-2820.0,-3120.0,-1.77,-1.95,1.97,-1.0,-1.9546422754040849,0.7840388385241144,37001991060.0,0.7976542647559428,0.2020358238288019,0.9,0.8372222222222221,0.9944444444444444,0.339413127598861,0.0,OK,-,0.04523242701415864,1.0,0.6,VALID
2026-03-17,159620.0,160480.0,154220.0,155320.0,173439,308842,157080.0,-0.02693898007768447,4.6011210254849795,5.522543917231661,1.4666140204144686,-23675.0,-7.119936725039622,-35229.0,-10.238875115891778,1.0,-23.34967053073058,-43.19453951742592,158000.0,2560.0,2680.0,1.65,1.73,4.49,1.0,1.7254699974246717,0.5999873387550676,26938545480.0,0.5901882750626358,0.1697116724961466,0.9,0.8247222222222222,0.9944444444444444,0.4323211306474092,0.0,OK,-,0.08588720061807886,1.0,0.65,VALID
2026-03-18,155000.0,156840.0,149700.0,150120.0,205889,307422,152300.0,-0.033479268606747326,4.690426291947711,5.54352912765127,1.481684835113625,-23014.0,-6.964737498335532,-38567.0,-11.14688617268179,1.0,-22.98781354499413,-30.26172725763894,155500.0,5620.0,5380.0,3.75,3.58,1.0300000000000002,1.0,3.5837996269650945,0.7234227206926115,30908056680.0,0.6843813569494405,0.1697116724961466,0.9,0.8147222222222222,0.9944444444444444,0.4954051796382749,0.0,OK,-,0.1723954169997335,1.0,0.7,VALID
2026-03-19,148000.0,150260.0,140080.0,142600.0,288571,282745,145360.0,-0.050093258726352285,4.353646225067479,5.584521451000667,1.3689259291425258,-42637.0,-13.103675065000523,-73786.0,-20.695535591575485,1.0,31.271266626635374,-17.99094569977577,152500.0,10580.0,9900.0,7.45,6.94,6.29,1.0,6.9424964936886395,1.0253422859045327,41150224600.0,0.923149668178337,0.1697116724961466,0.9111111111111112,0.830925925925926,1.034444444444445,0.5412626920957304,0.0,WARNING,CV_WARN,0.2451612903225806,1.0,0.75,VALID
2026-03-20,145080.0,151400.0,143600.0,143860.0,258276,276578,147540.0,0.00883590462833106,4.358783498974402,5.582376291851199,1.363620597666861,-40386.0,-12.741510076854153,-77397.0,-21.865103467759024,1.0,-10.498593072092921,-15.263223511965307,149000.0,4000.0,5140.0,2.76,3.57,-0.98,1.0,3.572918114833866,0.925346974661839,37155585360.0,0.8414516481708547,0.1629038631096511,0.9388888888888888,0.847962962962963,1.3694444444444445,0.6718851424047513,0.0851205131034597,WARNING,CV_WARN,0.25260670095926585,1.0,0.75,VALID
2026-03-23,141500.0,149500.0,140040.0,149040.0,228178,269477,144140.0,0.036007229250660355,4.40977553005588,5.514678565446666,1.3778989255040013,-41206.0,-13.26303660000708,-72749.0,-21.257590013616735,1.0,-1.5680742667581238,-23.989060298276765,146500.0,-1360.0,-2540.0,-0.92,-1.7,0.25,-1.0,-1.7042404723564144,0.8281963813184873,34007649120.0,0.7806032714330438,0.0568085790313296,0.9388888888888888,0.8630555555555556,1.3983333333333332,0.7531697557760701,0.1180567400343864,WARNING,CV_WARN,0.1692163177670425,1.0,0.7,VALID
2026-03-24,151980.0,154700.0,150120.0,152940.0,231071,260696,152500.0,0.026167471819645627,4.093124421628026,5.506495023012299,1.2726070118433461,-48146.0,-15.589200950647905,-104484.0,-28.611643573032474,1.0,33.22897387554124,7.793752682353383,147500.0,-4940.0,-5440.0,-3.24,-3.56,-5.29,-1.0,-3.5569504380802934,0.8361615981049932,35339998740.0,0.8110380908555888,0.1925387480320725,0.95,0.8781481481481481,1.4522222222222223,0.8068384050323107,0.1417962436458598,CRITICAL,CV_CRIT,0.14580881391395328,1.0,0.7,VALID
2026-03-25,156880.0,161500.0,154560.0,159120.0,233304,251957,158220.0,0.04040800313848569,4.190485773854,5.4961968373129695,1.2861415143401127,-55465.0,-18.041974874927625,-125080.0,-33.174462983739,-1.0,13.315427244777522,-27.708558626950953,152500.0,-6240.0,-6620.0,-3.93,-4.16,-7.74,-1.0,-4.160382101558572,0.8581260253979615,37123332480.0,0.8685126530453936,0.2064290512890827,0.95,0.8939814814814816,1.6355555555555557,0.8427852506462347,0.1605631112509989,CRITICAL,CV_CRIT,0.11840120663650078,1.0,0.7,VALID
2026-03-26,159120.0,162300.0,155240.0,157200.0,260930,246385,158720.0,-0.012066365007541435,4.0616245234398365,5.495960340950316,1.23390747994511,-36360.0,-12.859643848697589,-128819.0,-34.33305615078731,-1.0,-9.578578582047403,-35.166388792951366,156500.0,-1600.0,-700.0,-1.01,-0.45,-7.390000000000001,-1.0,-0.44529262086513993,0.9853866848741464,41018196000.0,0.9931787699542287,0.1754844845368714,0.95,0.8831481481481481,1.6355555555555557,0.8665203011068147,0.1760322990222961,CRITICAL,CV_CRIT,0.13167938931297707,1.0,0.7,VALID
2026-03-27,155800.0,169840.0,155800.0,168440.0,324620,247637,164180.0,0.0715012722646311,4.387864944152859,5.528410642845859,1.3284914177649232,-28941.0,-10.463955918402764,-133915.0,-35.09744412295048,-1.0,25.6872492991993,15.121639832612232,158000.0,-9480.0,-10440.0,-5.66,-6.2,-9.77,-1.0,-6.198052719069104,1.2161167879711507,54678992800.0,1.3159212254850094,0.1793870283655389,0.95,0.9002777777777777,1.76,0.8814609265268257,0.189082306533604,CRITICAL,CV_CRIT,0.07195440512942297,1.0,0.7,VALID
2026-03-30,169440.0,173000.0,167960.0,171620.0,199887,237761,170820.0,0.01887912609831388,4.379052523755399,5.517468933404705,1.3234022154186347,-31716.0,-11.769464555416603,-140575.0,-37.15612577180073,-1.0,-12.398653682651261,-11.967709117814152,164500.0,-5560.0,-7120.0,-3.27,-4.15,-2.45,-1.0,-4.148700617643631,0.7526633929892695,34304606940.0,0.8303354857282184,0.1623170383274531,0.9555555555555556,0.914074074074074,1.76,0.889874384890054,0.2002464566060371,CRITICAL,"DEV_WARN,CV_CRIT",0.040787786971215434,1.0,0.65,VALID
2026-03-31,169000.0,171980.0,157000.0,157200.0,296998,217916,162880.0,-0.08402284116070391,3.8541147575362382,5.637422912073129,1.1560415470577121,-42780.0,-16.409918065486238,-121688.0,-35.832322351915764,-1.0,28.531057553738904,-33.276119654471316,163000.0,4960.0,5800.0,3.14,3.69,7.25,1.0,3.689567430025445,1.150410170469082,46688085600.0,1.1587705085356041,0.0609080193160603,0.9555555555555556,0.9036111111111113,1.76,0.8933360705573729,0.209879590898499,CRITICAL,"DEV_WARN,CV_CRIT",0.16972010178117047,1.0,0.7,VALID
2026-04-01,160800.0,163420.0,154340.0,158620.0,231062,212931,159160.0,0.009033078880407164,3.847155865352478,5.597700045443697,1.1429860809785264,-39026.0,-15.48915092654699,-126080.0,-37.190533640501336,-1.0,-0.9609779515139083,-22.237740586055686,161500.0,0.0,2880.0,0.0,1.82,5.98,1.0,1.8156600680872528,0.9066118607943399,36651054440.0,0.9197345085337376,0.0807572273910628,0.9555555555555556,0.9105555555555556,1.76,0.8929782000257364,0.2182331732062276,CRITICAL,"DEV_WARN,CV_CRIT",0.19203126970117257,1.0,0.7,VALID
2026-04-02,158620.0,162780.0,155240.0,159140.0,219386,206515,159240.0,0.0032782751229352147,3.8293141587543786,5.458749606829249,1.1302799034577347,-39870.0,-16.181991598514518,-125859.0,-37.86668030592044,-1.0,-15.921511516498676,-26.994226385584263,159500.0,-480.0,-680.0,-0.3,-0.42,0.030000000000000027,-1.0,0.22621591051903983,0.8747195306355777,34913088040.0,0.8894278992299491,-0.0028040043938585,0.9555555555555556,0.9113888888888888,1.76,0.8896356840399058,0.2254938084008486,CRITICAL,"IC_CRIT,DEV_WARN,CV_CRIT",0.252984793263793,1.0,0.7,VALID
2026-04-03,161000.0,163120.0,157220.0,157860.0,66813,218471,159320.0,-0.008043232374010278,3.835549744689993,5.45730628644118,1.1266532653405112,-29166.0,-11.777723038156656,-115432.0,-34.57051898305795,1.0,-79.41808884233875,-70.72481421761077,158500.0,700.0,640.0,0.44,0.41,6.61,1.0,0.40542252628911696,0.27524886018471867,10547100180.0,0.27756400888207,-0.0017970600786997,0.9555555555555556,0.9024074074074074,1.76,0.8839367850356462,0.2318049086135186,CRITICAL,"IC_CRIT,DEV_WARN,CV_CRIT",0.26099075129861893,1.0,0.7,VALID
2026-04-07,158440.0,165500.0,156500.0,160860.0,99493,233277,161740.0,0.01900418091980227,3.7941444732357015,5.4593705125564735,1.1130682862724197,-4484.0,-1.8859274649753324,-97394.0,-29.453444662519544,1.0,-50.225377338196076,-75.27989107479168,159000.0,-4000.0,-1860.0,-2.45,-1.16,2.99,-1.0,-1.1562849682954122,0.4371638242794143,16004443980.0,0.45009568628078855,0.0004226434666343,0.961111111111111,0.927962962962963,1.76,0.8763620303439991,0.2372797572186404,CRITICAL,"IC_WARN,DEV_WARN,CV_CRIT",0.22193211488250664,1.0,0.65,VALID
2026-04-08,160000.0,164700.0,157000.0,159620.0,122220,241459,160240.0,-0.007708566455302712,3.78856627139754,5.399028072936739,1.0910189213460624,23543.0,10.803704179592136,-91058.0,-27.38446455369199,1.0,-58.8482077320386,-45.98560146371861,158500.0,-3500.0,-1120.0,-2.16,-0.7,-4.39,-1.0,-0.7016664578373638,0.5495879214766477,19508756400.0,0.5623873117325304,0.0232093328387219,0.9555555555555556,0.9160185185185185,1.76,0.8672838784648025,0.2420098262077195,CRITICAL,"IC_WARN,DEV_WARN,CV_CRIT",0.28442551058764565,1.0,0.7,VALID
2026-04-09,159000.0,159740.0,152500.0,153560.0,155903,252754,155420.0,-0.037965167272271616,3.7225923166285377,5.375363977281015,1.0479570959721694,39823.0,18.702302623854674,-77682.0,-23.508939703906353,-1.0,-32.52763327591729,-41.68493263411459,155750.0,3850.0,2190.0,2.53,1.43,-0.3900000000000001,1.0,1.4261526439176868,0.7190678219190624,23940464680.0,0.7080099574015508,0.0629388225714541,0.95,0.9,1.76,0.8569942082760998,0.2460703085106339,CRITICAL,CV_CRIT,0.3366762177650431,1.0,0.75,VALID
2026-04-10,156300.0,158900.0,153800.0,157600.0,141334,258584,156320.0,0.026308934618390234,3.7592425670049354,5.3710559025267886,1.052591748922803,52069.0,25.213180640631432,-66798.0,-20.529101179536667,-1.0,-35.57747531747696,-35.70700729661371,155550.0,1650.0,-2050.0,1.07,-1.3,-0.8800000000000001,-1.0,-1.300761421319797,0.66388914919797,22274238400.0,0.6708699360291314,0.0909313361101026,0.9555555555555556,0.9146296296296296,1.76,0.8457238310468831,0.2495239327455352,CRITICAL,"DEV_WARN,CV_CRIT",0.28147208121827405,1.0,0.7,VALID
2026-04-13,155020.0,166600.0,154780.0,166500.0,192774,298143,161820.0,0.056472081218274184,3.874868541697464,5.411455681557055,1.0753593756540138,79672.0,36.46799804092991,-18821.0,-5.937898310218196,1.0,188.52768173858382,-33.19726099552278,157000.0,-4680.0,-9500.0,-2.89,-5.71,-6.12,-1.0,-5.7057057057057055,0.9263613955056282,32096871000.0,0.9841872875302126,0.1238053470440715,0.961111111111111,0.9349074074074074,1.805555555555556,0.8336566226225768,0.2524236740697077,CRITICAL,"DEV_WARN,CV_CRIT",0.15171171171171172,1.0,0.65,VALID
2026-04-14,167000.0,168400.0,164100.0,166840.0,166865,324231,166400.0,0.002042042042041947,3.7318490709296284,5.408090761843172,1.0217875787715145,90954.0,38.98969894160162,13548.0,4.360714940952675,1.0,67.7153166554431,-28.01741058525622,161500.0,-500.0,-5340.0,-0.31,-3.2,-2.04,-1.0,-3.20067130184608,0.814569053112597,27839756600.0,0.8658134268453448,0.1168569179298765,0.9638888888888888,0.9383333333333334,1.805555555555556,0.8209399370902631,0.2548147303769075,CRITICAL,"DEV_WARN,CV_CRIT",0.1316231119635578,1.0,0.6,VALID
2026-04-15,168400.0,171980.0,165020.0,168660.0,215162,348716,168900.0,0.010908654998801337,3.6680925337036716,5.295137904596721,0.9996637864386696,107257.0,44.42037778670499,39874.0,12.910808763056838,1.0,76.04483717885779,24.05629645004872,166000.0,2600.0,-2660.0,1.59,-1.58,-0.8800000000000001,-1.0,-1.577137436262303,1.0397474011388985,36289222920.0,1.1124161062456714,0.2080573118061637,0.9638888888888888,0.946574074074074,1.805555555555556,0.8076923952884443,0.2567359947458026,CRITICAL,"DEV_WARN,CV_CRIT",0.13945215225898266,1.0,0.6,VALID
2026-04-16,170500.0,176200.0,169200.0,176000.0,251427,394543,172700.0,0.04351950669986948,3.6495041026037205,5.248981527808462,0.9945978887693517,141789.0,56.09762852417766,87121.0,28.339221005653464,1.0,61.271431595286806,22.117743055724205,167500.0,-4900.0,-8500.0,-2.84,-4.83,-6.26,-1.0,-4.829545454545454,1.201771203319859,44251152000.0,1.3292969013946574,0.3094214036090723,0.9638888888888888,0.9618518518518518,1.857777777777778,0.7940097855922257,0.2582211733801643,WARNING,"DEV_WARN,CV_WARN",0.04772727272727262,1.0,0.55,VALID
2026-04-17,177460.0,178000.0,173680.0,177560.0,201622,408749,175640.0,0.008863636363636296,3.378297464356709,5.2322631915177595,0.9206860524658208,150165.0,58.07203848652662,126004.0,44.56453695025553,1.0,42.65640256413885,-30.130886332999506,169500.0,-4260.0,-8060.0,-2.45,-4.54,-3.24,-1.0,-4.539310655553052,0.9841640582575216,35800002320.0,1.0841379552860897,0.2332501082639996,0.9694444444444444,0.9699074074074076,1.857777777777778,0.7799695850160053,0.2592996482953791,WARNING,"DEV_WARN,CV_WARN",0.03120072088308179,1.0,0.5,VALID
2026-04-20,177000.0,181440.0,174800.0,180200.0,208657,435887,179360.0,0.014868213561612942,3.3784197198594303,5.234163217016367,0.9207193707089241,137744.0,46.2006486820083,159309.0,57.60002603243931,1.0,8.2391816323778,-19.211618578574864,172500.0,-3720.0,-7700.0,-2.11,-4.27,1.4400000000000004,-1.0,-4.273029966703663,1.03098891075587,37599991400.0,1.1378816684541269,0.2198307256099917,0.975,0.9892592592592592,1.857777777777778,0.7656344571933605,0.2599971524277339,WARNING,"DEV_WARN,CV_WARN",-0.01442841287458374,-1.0,0.45,VALID
2026-04-21,180900.0,180900.0,169500.0,174260.0,323093,424045,174840.0,-0.03296337402885685,3.469872516857306,5.0646101262262055,0.9456429647805803,99814.0,30.784841671524315,154568.0,57.35851297142243,1.0,93.62538579090882,41.59691118337439,172000.0,1540.0,-2260.0,0.9,-1.3,1.9000000000000001,-1.0,-1.2969126592448066,1.5598482216934642,56302186180.0,1.648259120669627,-0.1867833730706917,0.9694444444444444,0.9732407407407409,1.857777777777778,0.7510549815859194,0.2603363043305202,CRITICAL,"IC_CRIT,DEV_WARN,CV_WARN",0.058533226213703715,1.0,0.5,VALID
2026-04-22,173660.0,176500.0,172020.0,175240.0,190015,430946,174200.0,0.005623780557787228,3.4449006893752894,5.064488092129325,0.9388374026565081,82230.0,23.580793539728603,170250.0,65.30595022555006,1.0,-11.687472694992607,-17.76769910546975,171000.0,-580.0,-4240.0,-0.34,-2.42,-0.8399999999999999,-1.0,-2.4195389180552387,0.9265487685797982,33298228600.0,0.977735228136298,-0.2426226292722701,0.975,0.9868518518518518,1.857777777777778,0.7362717979782316,0.2603370359617168,CRITICAL,"IC_CRIT,DEV_WARN,CV_WARN",0.03401049988587079,1.0,0.45,VALID
2026-04-23,175740.0,178900.0,172140.0,177960.0,236073,441139,175760.0,0.01552157041771296,3.363368152010182,4.940605308577657,0.9166173729622027,46596.0,11.81011955604332,189182.0,75.0850343510996,1.0,-6.106742712596502,1.1868634914103504,173000.0,-960.0,-4960.0,-0.55,-2.79,2.04,-1.0,-2.7871431782423017,1.1503595954910102,42011551080.0,1.224794443275328,-0.2426226292722701,0.975,0.996574074074074,1.857777777777778,0.7213173011267221,0.2600169377660901,CRITICAL,"IC_CRIT,DEV_WARN,CV_WARN",-0.011238480557428598,-1.0,0.4,VALID
2026-04-24,178000.0,179980.0,174500.0,177900.0,246726,455510,177520.0,-0.0003371544167228846,3.340073299997035,4.918147075705708,0.9102688362897982,46761.0,11.440027987836055,209125.0,84.87732613592549,1.0,22.37057463967225,-5.443605564710841,173000.0,-940.0,-4900.0,-0.54,-2.75,1.79,-1.0,-2.754356379988758,1.2064457608926855,43892555400.0,1.2742935951099839,-0.2426226292722701,0.975,0.993148148148148,1.857777777777778,0.7062169854607937,0.2593915387884752,CRITICAL,"IC_CRIT,DEV_WARN,CV_WARN",-0.027543563799887538,-1.0,0.4,VALID
2026-04-27,182000.0,184800.0,178500.0,180560.0,238899,466692,181600.0,0.014952220348510403,2.9832875164897623,4.919203627229753,0.8130341498659411,30805.0,7.067198608813752,219055.0,88.45810601808292,1.0,14.493642676737428,-26.40656767913252,176000.0,-700.0,-4560.0,-0.4,-2.53,1.7399999999999998,-1.0,-2.525476295968099,1.1931798175461097,43135603440.0,1.2736596942726004,-0.2408696554253508,0.9805555555555556,1.0089814814814817,1.857777777777778,0.6909905145001786,0.2584745349728836,CRITICAL,"IC_CRIT,DEV_WARN,CV_WARN",-0.009415152857775833,-1.0,0.4,VALID
2026-04-28,179000.0,180500.0,173400.0,178620.0,263957,453086,177260.0,-0.010744350908285294,2.9785999623848323,4.826969139768127,0.8117566526265411,29041.0,6.84856560034902,215325.0,90.56363322832593,1.0,-18.30308920341821,32.053110007154054,174500.0,-260.0,-4120.0,-0.15,-2.31,-1.01,-1.0,-2.306572612249468,1.2975709104065671,47147999340.0,1.366227811808613,-0.1045791686765572,0.975,0.9946296296296296,1.857777777777778,0.6756525711792664,0.2572779754941252,CRITICAL,"IC_CRIT,DEV_WARN,CV_WARN",0.0062702944799015725,1.0,0.45,VALID
2026-04-29,178700.0,184440.0,175260.0,183880.0,238422,479107,179960.0,0.029447990146680203,2.2324020458289393,4.699150273333457,0.6083956338291968,48161.0,11.17564613663893,261191.0,119.85856935699995,1.0,25.475357208641427,-19.722691735297882,174500.0,-5200.0,-9380.0,-2.89,-5.1,-2.6799999999999997,-1.0,-5.101152925821188,1.1891659224674513,43841037360.0,1.2756626726093978,0.0441498652747881,0.975,1.0091666666666663,1.857777777777778,0.6602135315445706,0.25581241453549,WARNING,"IC_WARN,DEV_WARN,CV_WARN",-0.02708288013922122,-1.0,0.4,VALID
2026-04-30,184000.0,189500.0,182460.0,189080.0,264129,489790,185820.0,0.028279312595170802,2.2776408163968367,4.5897762969130325,0.6207245378206325,48651.0,11.028496686985282,276859.0,130.02287125876458,1.0,11.884459468045904,14.310877599951532,177000.0,-8180.0,-12080.0,-4.42,-6.39,-3.5999999999999996,-1.0,-6.388830124814893,1.306608755444636,49941511320.0,1.4256055464363002,0.1016874393991165,0.975,1.0233333333333334,1.857777777777778,0.6446799939303053,0.2540870341003856,WARNING,"DEV_WARN,CV_WARN",-0.08514914321980116,-1.0,0.35,VALID
2026-05-06,191500.0,199560.0,191040.0,199400.0,222232,511071,196080.0,0.05458007192722647,2.4881747685912234,4.528618793406043,0.678101271338321,55561.0,12.197536826853417,304556.0,147.47403336319397,1.0,-9.927612006841603,1.2972568896830294,187500.0,-7100.0,-11900.0,-3.65,-5.97,-3.2199999999999998,-1.0,-5.9679037111334,1.0985769001852779,44313060800.0,1.2481924138608431,0.2152832448993966,0.9805555555555556,1.0400925925925926,1.88,0.6290551877461469,0.2521097420448054,WARNING,"DEV_WARN,CV_WARN",-0.16369107321965892,-1.0,0.3,VALID
2026-05-07,199000.0,200440.0,193400.0,199060.0,274376,517613,197180.0,-0.0017051153460381219,2.465732238449583,4.526139516388888,0.6719850176035758,50921.0,10.911050542970525,299142.0,136.9252669690714,1.0,14.850208665586706,310.66259560265223,190500.0,-3040.0,-8560.0,-1.57,-4.3,-1.77,-1.0,-4.300210991660806,1.2901554270146158,54617286560.0,1.4485309060014764,0.1551529687975409,0.9805555555555556,1.037962962962963,1.88,0.6133392797309114,0.2498872484127758,WARNING,"DEV_WARN,CV_WARN",-0.19250477243042297,-1.0,0.3,VALID
2026-05-08,197120.0,201480.0,195100.0,196560.0,249199,513252,198060.0,-0.012559027428915903,2.518636538219034,4.317669002031902,0.6864030051926229,60166.0,13.279156716384968,279975.0,120.01826155171749,1.0,-5.5910621805824405,150.46887720744172,194000.0,2000.0,-2560.0,1.04,-1.3,1.01,-1.0,-1.3024013024013024,1.1319290906262314,48982555440.0,1.2446588546036477,0.1551529687975409,0.9722222222222222,1.0217592592592593,1.88,0.5975295904167501,0.2474251222556378,WARNING,"DEV_WARN,CV_WARN",-0.16381766381766383,-1.0,0.35,VALID
2026-05-11,196560.0,205600.0,195200.0,205020.0,236895,540666,202140.0,0.04304029304029311,2.5817600560494505,4.085397695528805,0.7036060321795045,61559.0,12.848695594094847,299207.0,123.91627564099909,1.0,-0.6404610312806702,93.826705940108,195250.0,-5270.0,-9770.0,-2.63,-4.77,0.33000000000000007,-1.0,-4.765388742561702,1.0487276880577985,48568212900.0,1.1901880889717384,0.1683752174421327,0.9861111111111112,1.0377777777777777,1.9,0.581620729206953,0.2447278303480703,WARNING,"DEV_WARN,CV_WARN",-0.20329723929372745,-1.0,0.3,VALID
2026-05-12,208000.0,208800.0,203300.0,205260.0,194979,537448,205800.0,0.0011706175007315522,2.3098816337505443,3.8216782599079973,0.6295111148378547,47658.0,9.730292574368606,284694.0,112.63679308734976,1.0,-26.180389128039707,25.064302803666383,200000.0,-140.0,-5260.0,-0.07,-2.56,3.8299999999999996,-1.0,-2.5626035272337524,0.855764833318557,40021389540.0,0.9617932118806004,0.127989735171859,0.9722222222222222,1.0342592592592592,1.9,0.5656046525607108,0.2417987585230201,WARNING,"DEV_WARN,CV_WARN",-0.1792848095098899,-1.0,0.3,VALID
2026-05-13,206520.0,209880.0,195000.0,201960.0,425885,519507,201840.0,-0.01607717041800638,2.392326921628216,3.829362017103967,0.6519798960631207,8436.0,1.650651279372142,260923.0,100.90454165764315,1.0,91.63981784801469,201.332305036297,200500.0,7440.0,-1460.0,3.85,-0.72,5.25,-1.0,-0.7229154287977818,1.7593511941929039,86011734600.0,1.9199864136009797,0.127989735171859,0.9722222222222222,1.0262037037037035,1.9,0.5494706459925096,0.2386402156853972,WARNING,"DEV_WARN,CV_WARN",-0.17112299465240643,-1.0,0.3,VALID
2026-05-14,203000.0,204400.0,190080.0,191760.0,460646,478280,195740.0,-0.0505050505050505,2.5536846393286528,3.655447412734885,0.6959546501254595,-39333.0,-7.598920428969133,180137.0,60.41966438923604,1.0,67.88859083884888,138.95649828296345,195000.0,8620.0,3240.0,4.62,1.69,5.99,1.0,1.6896120150187734,1.8031812440903856,88333476960.0,1.855358427696441,0.127989735171859,0.9722222222222222,1.0157407407407406,1.9,0.5332052266146561,0.2352534198836053,WARNING,"DEV_WARN,CV_WARN",-0.08948685857321648,-1.0,0.35,VALID
2026-05-15,190000.0,194900.0,186800.0,188800.0,391747,458573,190900.0,-0.015435961618689986,2.602412967184139,3.666032276353982,0.7092345617643451,-54679.0,-10.653441194578882,134342.0,41.43403931147854,1.0,57.202476735460415,134.76882509813325,192000.0,8000.0,3200.0,4.35,1.69,2.99,1.0,1.694915254237288,1.468828814236444,73961833600.0,1.4817250933311552,0.127989735171859,0.9722222222222222,1.0164814814814815,1.9,0.516791958408022,0.2316384650682993,WARNING,"DEV_WARN,CV_WARN",-0.0715042372881356,-1.0,0.4,VALID
2026-05-18,189000.0,193900.0,187600.0,192180.0,208152,466957,191500.0,0.017902542372881358,2.613293284123584,3.65544792990014,0.7121997701742747,-73709.0,-13.633000780518842,118241.0,33.90753507151952,1.0,-12.13322358006712,-3.2580102434444758,191500.0,3500.0,-680.0,1.86,-0.35,4.42,-1.0,-0.35383494640441254,0.7814788110147846,40002651360.0,0.7984290064725689,0.127989735171859,0.9861111111111112,1.0271296296296295,1.9,0.5002111668163337,0.2277942662892051,WARNING,"DEV_WARN,CV_WARN",-0.09230929337079818,-1.0,0.35,VALID
2026-05-19,190980.0,192120.0,182060.0,184400.0,344515,446424,185520.0,-0.04048288063274019,2.6677725525631306,3.704847206327973,0.7270469833430485,-91024.0,-16.93633616647564,51881.0,13.149644018522697,1.0,76.69338749301207,37.02386776280988,186500.0,7000.0,2100.0,3.9,1.14,3.7,1.0,1.13882863340564,1.2712216978686655,63528566000.0,1.2440586460243117,0.127989735171859,0.9861111111111112,1.031388888888889,1.9,0.4834395319431005,0.2237184799959571,WARNING,DEV_WARN,-0.0781995661605206,-1.0,0.35,VALID
2026-05-20,182120.0,184800.0,175200.0,183100.0,411021,447264,180220.0,-0.007049891540130138,2.67206177059579,3.5210289309488085,0.7282159222124995,-72243.0,-13.90606863815117,38515.0,9.422653021781093,1.0,-3.490144052972044,103.85721796232552,179000.0,360.0,-4100.0,0.2,-2.24,-1.5200000000000002,-1.0,-2.239213544511196,1.4602092006953225,75257945100.0,1.4189313291501424,0.127989735171859,0.9861111111111112,1.017407407407407,1.9,0.4664495295694564,0.2194073947114747,WARNING,DEV_WARN,-0.06444565811032221,-1.0,0.4,VALID
2026-05-21,184100.0,186200.0,177160.0,177600.0,341878,448172,181540.0,-0.030038230475150196,2.7448284058334336,3.546277437803598,0.7480469841172046,-30108.0,-6.295057288617547,12285.0,2.818391005008179,1.0,-25.78292224397911,63.84688747561788,182000.0,8600.0,4400.0,4.96,2.48,0.79,1.0,2.4774774774774775,1.186491588607629,60717532800.0,1.1203665579938853,0.127989735171859,0.9861111111111112,1.013425925925926,1.9,0.4492086748133237,0.2148557854842589,WARNING,DEV_WARN,-0.09628378378378377,-1.0,0.4,VALID
2026-05-22,178720.0,185300.0,176500.0,184460.0,292399,452850,181300.0,0.03862612612612604,2.764124502323791,3.567784836937445,0.7533057415514288,-5723.0,-1.2480019538873854,28805.0,6.792911129715007,1.0,-25.360245260333837,-9.500051068887283,178000.0,-1460.0,-6460.0,-0.81,-3.5,-5.1899999999999995,-1.0,-3.502114279518595,1.0202079675235012,53935919540.0,0.9974089621538973,0.1183772034229462,1.0194444444444444,1.029074074074074,1.9,0.4316785019320148,0.2100567229738385,WARNING,DEV_WARN,-0.12317033503198527,-1.0,0.4,VALID
2026-05-25,185500.0,187900.0,179300.0,181200.0,248810,449777,183300.0,-0.01767320828363872,2.8022450819115683,3.45231934264415,0.7636947278111285,-17180.0,-3.67913962099294,18831.0,4.369689009759924,1.0,19.53284138514162,30.942294029418726,183250.0,6230.0,2050.0,3.52,1.13,1.48,1.0,1.131346578366446,0.8593078153115038,45084372000.0,0.8247341405067707,0.1255991957677276,1.0194444444444444,1.0171296296296295,1.9,0.4138131811976384,0.2050013244385647,WARNING,DEV_WARN,-0.13233995584988967,-1.0,0.4,VALID
2026-05-26,182000.0,182720.0,175260.0,175960.0,245595,441930,178640.0,-0.02891832229580571,2.8652471073737886,3.4717327239823517,0.7808646445316527,-4494.0,-1.0066663082629965,791.0,0.17930856260725075,1.0,-28.712828178744033,4.033498112871858,180000.0,8220.0,4040.0,4.79,2.3,1.16,1.0,2.2959763582632418,0.8468118574003244,43214896200.0,0.789666438169944,0.1255991957677276,1.0194444444444444,1.0127777777777778,1.9,0.3955576224237209,0.1996784287417091,WARNING,DEV_WARN,-0.07513071152534667,-1.0,0.45,VALID
2026-05-27,175000.0,178920.0,172080.0,173000.0,241623,428592,175400.0,-0.01682200500113662,2.889343580388544,3.4360633632424245,0.7874316466539862,-18672.0,-4.174715604206911,-26918.0,-5.909420210313714,1.0,-41.21395257176641,-2.0682862770846966,177000.0,8040.0,4000.0,4.76,2.31,4.550000000000001,1.0,2.312138728323699,0.833849982373827,41800779000.0,0.7652888377361079,0.1255991957677276,1.0194444444444444,1.0022222222222223,1.9,0.376844831041926,0.1940741699131941,WARNING,DEV_WARN,-0.128092485549133,-1.0,0.45,VALID
2026-05-28,175000.0,180880.0,174000.0,178860.0,260794,426476,177580.0,0.03387283236994221,2.9740585795003387,3.458959415002833,0.8128511934489762,-21696.0,-4.840998545201396,-40216.0,-8.617246492333273,-1.0,-23.71723246304237,9.164960924909682,175500.0,700.0,-3360.0,0.4,-1.88,-4.359999999999999,-1.0,-1.8785642401878564,0.8966223582466916,46645614840.0,0.8512529813626499,0.1255991957677276,1.1166666666666667,1.013148148148148,1.9,0.3725667902624461,0.1889757160319891,CRITICAL,DEV_CRIT,-0.1601252376160125,-1.0,0.4,VALID
2026-05-29,180000.0,182500.0,177760.0,179740.0,172932,427826,180180.0,0.004920049200491938,2.965037784298218,3.4452579212390373,0.8141800688414639,-25024.0,-5.525891575576901,-25260.0,-5.575100532790684,1.0,-40.857526872526925,-34.48478350640445,177500.0,2900.0,-2240.0,1.66,-1.25,2.25,-1.0,-1.2462445754979414,0.6039995955453406,31082797680.0,0.5756802980210455,0.1255991957677276,1.1166666666666667,1.0130555555555556,1.9,0.3532029829858927,0.1828768059688768,CRITICAL,DEV_CRIT,-0.14365194169355733,-1.0,0.4,VALID
2026-06-01,181000.0,182100.0,178000.0,178900.0,146724,433713,180020.0,-0.00467341715811731,2.888263130530993,3.035798935354411,0.8015551504133621,-16064.0,-3.571547678071578,-45394.0,-9.474710242179722,1.0,-41.02970137856195,-38.46037697863453,179000.0,4120.0,100.0,2.36,0.06,-1.0699999999999998,1.0,0.05589714924538849,0.5208028849251163,26248923600.0,0.49420387304825253,0.1255991957677276,1.1166666666666667,0.9987037037037038,1.9,0.333168882998535,0.1764381206588522,CRITICAL,DEV_CRIT,-0.0868641699273337,-1.0,0.45,VALID
2026-06-02,179000.0,179220.0,171100.0,172980.0,214856,432273,173860.0,-0.03309111235327,2.8870798937453475,3.067985849428746,0.8083853117939239,-9657.0,-2.1851876994094086,-57517.0,-11.743196063619102,1.0,-12.51613428612146,-18.65489968916704,175750.0,7450.0,2770.0,4.43,1.6,-0.6999999999999997,1.0,1.6013411955139323,0.7693682189793202,37165790880.0,0.7082602367962455,0.1255991957677276,1.1166666666666667,0.9962962962962963,1.9,0.3123233964255676,0.1696288672798653,CRITICAL,DEV_CRIT,-0.04867614753150651,-1.0,0.5,VALID
2026-06-03,173100.0,173100.0,166100.0,166760.0,251082,427311,168520.0,-0.035957914209735264,2.616591346661801,3.100439628704427,0.7366037523757211,-1281.0,-0.29888565348863255,-83760.0,-16.389112275985138,1.0,3.91477632510151,12.981928795133024,170500.0,8420.0,3740.0,5.19,2.24,-0.06999999999999984,1.0,2.242744063324538,0.8944680080967448,41870434320.0,0.7997770084226716,0.1255991957677276,1.011111111111111,0.976111111111111,1.9,0.2904789658808863,0.1624103026170273,WARNING,DEV_WARN,-0.01631086591508757,-1.0,0.5,VALID
2026-06-04,165660.0,167580.0,157560.0,160740.0,281867,425107,162400.0,-0.03609978412089232,2.6813059182285515,3.138396652583771,0.7656307860885955,-1369.0,-0.3210028231365891,-92506.0,-17.87165314626951,1.0,8.080323933832823,2.730195060792484,168250.0,13490.0,7510.0,8.72,4.67,6.55,1.0,4.672141346273485,1.002800092998451,45307301580.0,0.8731894786666154,0.1255991957677276,1.1166666666666667,0.9905555555555556,1.9,0.2673769935848428,0.1547330172900611,CRITICAL,DEV_CRIT,0.050018663680477804,1.0,0.55,VALID
2026-06-05,160040.0,165580.0,157180.0,164360.0,276081,422004,161980.0,0.022520841109866963,2.778670297010223,3.1259082476921476,0.8036909423162809,-5822.0,-1.3608336099255305,-91248.0,-17.778401253185567,1.0,59.64714454236346,10.787362710123238,163000.0,4180.0,-1360.0,2.63,-0.83,0.42000000000000004,-1.0,-0.8274519347773182,0.9775406874874856,45376673160.0,0.8775757937730185,0.1255991957677276,1.1166666666666667,0.9816666666666668,1.9,0.2426435061716374,0.1465328470024659,CRITICAL,DEV_CRIT,0.0012168410805548646,1.0,0.5,VALID
2026-06-08,161500.0,165800.0,160260.0,163340.0,187221,423382,162840.0,-0.006205889510829898,2.501969552816382,3.123679002312282,0.7299049163628681,-10331.0,-2.381989933435244,-117284.0,-21.692505169550145,1.0,27.60080150486628,-20.968783638320776,163750.0,5250.0,410.0,3.31,0.25,0.19,1.0,0.2510101628504959,0.6687889044934038,30580678140.0,0.6018933991681753,0.1255991957677276,1.011111111111111,0.9577777777777778,1.9,0.2157013801774003,0.1377244592217327,WARNING,DEV_WARN,0.0001224439818783285,1.0,0.5,VALID
2026-06-09,163600.0,169000.0,161600.0,168460.0,238433,438866,165300.0,0.031345659360842326,2.6649060614756297,3.0801826245567456,0.781789529589005,6593.0,1.5251935698042671,-98582.0,-18.34261175034608,-1.0,10.973396135085833,22.286502649003225,163750.0,950.0,-4710.0,0.58,-2.8,-4.4,-1.0,-2.7959159444378487,0.8451682756256756,40166423180.0,0.7904486214213918,0.1255991957677276,1.1166666666666667,0.9813888888888888,1.9,0.1855722272172321,0.1281907682775606,CRITICAL,DEV_CRIT,-0.05947999525109815,-1.0,0.45,VALID
2026-06-10,167980.0,169300.0,164800.0,167400.0,206477,443549,167180.0,-0.006292294906802831,2.6611597573393104,3.0787180777287064,0.7816882923627485,16238.0,3.800042591929531,-75958.0,-14.621169685875262,1.0,-17.765112592698795,-51.5181328292849,165750.0,2890.0,-1650.0,1.77,-0.99,-3.2300000000000004,-1.0,-0.985663082437276,0.7615069042070658,34564249800.0,0.7164712088986666,0.1260993001912008,1.011111111111111,0.9594444444444444,1.9,0.1503292056005658,0.1177642955828877,WARNING,DEV_WARN,-0.0859020310633214,-1.0,0.45,VALID
2026-06-11,166780.0,174960.0,166500.0,174600.0,244951,448867,171360.0,0.043010752688172005,2.7145898069086254,3.093967645790781,0.8007142513988942,23760.0,5.589181076764203,-29413.0,-6.149744919294138,1.0,-13.096957075500148,-46.82445956330892,166500.0,-2500.0,-8100.0,-1.48,-4.64,-9.309999999999999,-1.0,-4.639175257731959,0.9408241501410174,42768444600.0,0.9304751454054573,0.1079271290058522,1.1166666666666667,0.9846296296296296,1.9,0.1384011769003381,0.106191419574103,CRITICAL,DEV_CRIT,-0.13172966781214202,-1.0,0.4,VALID
2026-06-12,176000.0,178740.0,174600.0,175300.0,196809,447123,176780.0,0.004009163802978222,2.707521386597698,3.0324487194674963,0.8014310242028587,25119.0,5.952313248215656,-11450.0,-2.496876178928982,1.0,-28.713312397448576,-49.76119791600191,170500.0,-2300.0,-4800.0,-1.33,-2.74,-1.9100000000000001,-1.0,-2.7381631488876215,0.7853166860193687,34500617700.0,0.7842648205743761,0.1306675595255242,1.011111111111111,0.9674074074074076,1.9,0.1252645505604785,0.093055208704195,WARNING,DEV_WARN,-0.1315459212778095,-1.0,0.4,VALID
2026-06-15,177600.0,177920.0,172320.0,174440.0,177039,450397,175200.0,-0.00490587564175704,2.6609055347303903,3.0100486764304923,0.7881636457574676,27015.0,6.3807625265127,-16560.0,-3.5463650828663025,1.0,-5.438492476805489,-14.947250086475272,170500.0,1100.0,-3940.0,0.65,-2.26,-2.51,-1.0,-2.258656271497363,0.7108419875340963,30882683160.0,0.7093754529378186,0.1117993262398665,1.011111111111111,0.9674074074074076,1.9,0.116172400830875,0.0775766850867762,WARNING,DEV_WARN,-0.12187571657876639,-1.0,0.45,VALID
2026-06-16,173800.0,174200.0,168420.0,169980.0,187954,449952,170300.0,-0.025567530382939685,2.574224805152199,2.9957710013864673,0.7641783314870453,11086.0,2.5260557892386286,3528.0,0.7902800924681468,1.0,-21.171146611417047,-45.44388488164521,169000.0,3780.0,-980.0,2.29,-0.58,2.2199999999999998,-1.0,-0.5765384162842687,0.7791572512729695,31948420920.0,0.7614739715817372,0.1117993262398665,1.011111111111111,0.970925925925926,1.9,0.1061893834709259,0.0579214818932324,WARNING,DEV_WARN,-0.12201435462995647,-1.0,0.45,VALID
2026-06-17,170100.0,173600.0,169000.0,171300.0,150191,455847,171800.0,0.007765619484645159,2.585519784873216,2.9156071324698463,0.7693552481943023,12298.0,2.7726361687209304,8583.0,1.9190008585533376,1.0,-27.26017909985131,-63.45904467168344,169500.0,3500.0,-1800.0,2.11,-1.05,-0.06000000000000005,-1.0,-1.0507880910683012,0.6581960840683339,25727718300.0,0.6516726264720287,0.1117993262398665,0.9222222222222222,0.9532407407407408,1.9,0.0950425361032496,0.0259062431184446,OK,-,-0.11465265615878573,-1.0,0.45,VALID
2026-06-18,172020.0,172500.0,160100.0,160500.0,342652,450964,165680.0,-0.0630472854640981,2.8581267713647764,3.03832938570399,0.853430882916219,2097.0,0.46717624597040996,2792.0,0.6229751077711236,-1.0,39.88593637094766,0.22639655081637677,167250.0,12090.0,6750.0,7.79,4.21,8.85,1.0,4.205607476635514,1.5013813153276707,54995646000.0,1.403185715368881,0.2958701127916595,0.9222222222222222,0.9632407407407408,1.9,0.0950425361032496,0.0259062431184446,OK,-,-0.0645482866043614,-1.0,0.45,VALID
2026-06-22,157220.0,161800.0,150860.0,161740.0,328573,447324,156000.0,0.007725856697819333,2.6904234168990055,3.006896474390454,0.8091551765646452,201.0,0.04495407304030435,-5526.0,-1.2202716131169262,-1.0,66.95019028601334,12.371451338752859,157000.0,-140.0,-4740.0,-0.09,-2.93,-0.18999999999999995,-1.0,-2.9306294052182515,1.4283720784651954,53143397020.0,1.3572988159497326,0.2855227528056195,0.8444444444444443,0.944351851851852,1.9,0.0950425361032496,0.0259062431184446,OK,-,-0.11030048225547173,-1.0,0.4,VALID
2026-06-23,158000.0,159460.0,153700.0,157220.0,258508,449841,156580.0,-0.02794608631136397,2.7230800590773345,3.013747282578422,0.8229474671508975,-556.0,-0.12344664817927295,64.0,0.01422927361781505,1.0,46.01754415693718,3.8977533057352964,158500.0,5780.0,1280.0,3.78,0.81,3.07,1.0,0.8141457829792648,1.1214217018099664,40642627760.0,1.0439467479988225,0.2916500712078519,0.8194444444444444,0.9221296296296296,1.9,0.0950425361032496,0.0259062431184446,OK,-,-0.09922401730059793,-1.0,0.4,VALID
2026-06-24,156000.0,163940.0,154600.0,162740.0,233010,452152,159680.0,0.03511003689098069,2.8228896617188024,3.0027341535267325,0.8546718590069966,2200.0,0.48894104260009963,10222.0,2.313036001176657,-1.0,23.971822892835483,-5.124289989617048,157500.0,-960.0,-5240.0,-0.61,-3.22,-2.64,-1.0,-3.219859899225759,1.0135767785170964,37920047400.0,0.9806833538163089,0.3060254082593607,0.8194444444444444,0.913611111111111,1.86,0.0950425361032496,0.0259062431184446,OK,-,-0.11945434435295565,-1.0,0.4,VALID
2026-06-25,160000.0,161200.0,150320.0,150840.0,320656,454628,155240.0,-0.07312277252058497,3.2159191590418716,3.1471314722727475,0.9769851157683783,-1219.0,-0.26741428593365757,26036.0,6.074775077462948,1.0,113.49881151333969,32.709220562612,157000.0,10480.0,6160.0,7.15,4.08,5.13,1.0,4.083797401219835,1.3712594695957288,48367751040.0,1.2403478390689942,0.4188324883717071,0.8444444444444443,0.9428703703703704,1.9022222222222225,0.0950425361032496,0.0259062431184446,OK,-,-0.03871652081675947,-1.0,0.45,VALID
2026-06-26,149000.0,152880.0,145000.0,150220.0,321674,443472,148940.0,-0.004110315566162814,3.0750670543584104,3.0032600442374053,0.9437978342908245,-7492.0,-1.6613299509495214,16996.0,3.985218394470029,1.0,-6.12224647747569,23.3440953396167,152500.0,6540.0,2280.0,4.48,1.52,-2.69,1.0,1.517773931567035,1.3579360405598508,48321868280.0,1.236513576463258,0.446339831837463,0.8194444444444444,0.9125,1.86,0.0950425361032496,0.0259062431184446,OK,-,-0.03954200505924643,-1.0,0.45,VALID
2026-06-29,148000.0,154700.0,145300.0,153920.0,301474,437057,150760.0,0.024630541871921263,3.1501012116199005,3.0107695992859727,0.9772706976237785,-10267.0,-2.2952043708810614,9231.0,2.157652877571723,1.0,-8.247482294649899,74.33095089399302,151750.0,2550.0,-2170.0,1.71,-1.41,1.5200000000000002,-1.0,-1.409823284823285,1.23904491195652,46402878080.0,1.1645809548214427,0.4500293670566835,0.8194444444444444,0.9010185185185188,1.86,0.0950425361032496,0.0259062431184446,OK,-,-0.04352910602910598,-1.0,0.45,VALID
2026-06-30,148020.0,163900.0,148020.0,163360.0,373078,424925,157300.0,0.06133056133056125,3.5042937391242126,2.917722904341463,1.0871535093792997,-24916.0,-5.538845947790442,-8788.0,-2.0262247154224107,-1.0,44.31971157565724,154.2719664131294,156500.0,-2560.0,-6860.0,-1.61,-4.2,-5.01,-1.0,-4.199314397649363,1.4651809512887952,60946022080.0,1.4657538724329182,0.5035815025621396,0.8444444444444443,0.9258333333333332,1.86,0.0950425361032496,0.0259062431184446,OK,-,-0.121694417238002,-1.0,0.4,VALID
2026-07-01,164000.0,166500.0,161500.0,164560.0,278547,423487,163760.0,0.007345739471106727,3.443404141746402,2.9170226896510827,1.0568476440089767,-28665.0,-6.339682230754259,-8786.0,-2.032511861717017,-1.0,19.54293807132741,29.64357523178314,160000.0,-380.0,-4560.0,-0.24,-2.77,0.4500000000000002,-1.0,-2.7710257656781723,1.080419069805598,45837694320.0,1.0910209409291531,0.5057978148887216,0.8194444444444444,0.915277777777778,1.86,0.0950425361032496,0.0259062431184446,OK,-,-0.10123966942148765,-1.0,0.4,VALID
2026-07-02,163500.0,167800.0,162220.0,164040.0,248836,419254,164820.0,-0.003159941662615462,3.349605903649109,2.917366703170236,1.0175986863208522,-35374.0,-7.780866994553789,-8057.0,-1.8855119573331838,-1.0,-22.397834439399233,-0.8945284807353793,162500.0,3040.0,-1540.0,1.91,-0.94,-5.02,-1.0,-0.9387954157522557,0.9655976069992595,40819057440.0,0.97278538914925,0.505516325660559,0.8,0.8986111111111111,1.86,0.0950425361032496,0.0259062431184446,OK,-,-0.140087783467447,-1.0,0.4,VALID
2026-07-03,170600.0,172000.0,166300.0,168780.0,211420,412685,169040.0,0.028895391367959045,3.2987294863069865,2.9370291595581923,1.0001411608600301,-30787.0,-6.942264675109139,-12422.0,-2.9220878508234396,-1.0,-34.27507352163992,-24.99299314925124,165250.0,1890.0,-3530.0,1.16,-2.09,-3.61,-1.0,-2.0914800331792867,0.8317753773715552,35683467600.0,0.8602609428706264,0.5017702808039768,0.8194444444444444,0.9128703703703704,1.86,0.0950425361032496,0.0259062431184446,OK,-,-0.18378954852470675,-1.0,0.35,VALID
2026-07-06,166980.0,168720.0,163280.0,164560.0,174787,416855,165600.0,-0.02500296243630762,3.321546415810664,2.94760902337511,1.0070590213441333,-20202.0,-4.622280389056805,-5149.0,-1.2201306148756883,-1.0,-42.0225293060098,-36.6899569329291,165250.0,4250.0,690.0,2.64,0.42,1.8299999999999998,1.0,0.4192999513855129,0.7016331847403503,28762948720.0,0.7075907221220742,0.5061275906698135,0.8,0.8941666666666667,1.86,0.0950425361032496,0.0259062431184446,OK,-,-0.1559309674282936,-1.0,0.4,VALID
2026-07-07,165000.0,166380.0,160660.0,163360.0,173063,413590,163180.0,-0.007292173067574126,3.322804821233163,2.9474100199065854,1.0074405570430487,-11335.0,-2.6675295640407133,-9792.0,-2.3128049846238152,-1.0,-53.61211328462146,-7.562185865901794,164500.0,1760.0,1140.0,1.08,0.7,4.9,1.0,0.697845249755142,0.6966924389287563,28271571680.0,0.6974835234311693,0.5052003829478972,0.8,0.8952777777777778,1.86,0.0950425361032496,0.0259062431184446,OK,-,-0.14679236043095,-1.0,0.45,VALID
2026-07-08,164220.0,165200.0,158400.0,158440.0,199757,412567,161740.0,-0.030117531831537758,3.3070491774051933,2.9316084839189,1.001259456533703,-10920.0,-2.5785915506261112,-26299.0,-5.992489734907694,1.0,-28.28607021436239,-16.2209090184664,164000.0,9200.0,5560.0,5.94,3.51,6.279999999999999,1.0,3.5092148447361775,0.8104626555141177,31649499080.0,0.7891102222877301,0.5052003829478972,0.8194444444444444,0.924537037037037,1.86,0.0950425361032496,0.0259062431184446,OK,-,-0.09606160060590763,-1.0,0.5,VALID
2026-07-09,159600.0,159940.0,151020.0,153020.0,282269,416044,154400.0,-0.03420853319868722,3.3818016038341585,2.9469303601322667,1.0203674537922687,-3210.0,-0.7656456467916825,-27505.0,-6.2011187039087,1.0,13.435756884052141,36.7072361570538,158500.0,9700.0,5480.0,6.52,3.58,4.52,1.0,3.581231211606326,1.1278921643842623,43192802380.0,1.0654561607997068,0.5142023620810764,0.8194444444444444,0.9230555555555556,1.86,0.1265832531599923,0.0579214818932324,OK,-,-0.07554568030322839,-1.0,0.5,VALID
2026-07-10,153000.0,153920.0,150260.0,151600.0,184064,411866,152140.0,-0.009279832701607593,3.1968469079106643,2.853916780574044,0.964562361047498,-819.0,-0.19845644983461963,-37001.0,-8.24319898767341,1.0,-12.93917320972472,-24.856808096313145,155000.0,3480.0,3400.0,2.3,2.24,4.33,1.0,2.242744063324538,0.744541104502685,27904102400.0,0.7011778471210216,0.5596360002118318,0.8194444444444444,0.9123148148148148,1.845555555555556,0.1519045920718793,0.0775766850867762,OK,-,-0.07651715039577833,-1.0,0.5,VALID
2026-07-13,150500.0,153580.0,147840.0,152240.0,182995,415469,151540.0,0.004221635883905117,3.197219690672643,2.8544698500574457,0.964674838194953,-1386.0,-0.3324897146489787,-31654.0,-7.0794837214815605,1.0,4.696001418869833,-7.0189879527867145,154000.0,6000.0,1760.0,4.05,1.16,0.74,1.0,1.1560693641618496,0.7422908654962623,27859158800.0,0.7059391167449124,0.5594418583893946,0.8194444444444444,0.911574074074074,1.845555555555556,0.1737443243161854,0.093055208704195,OK,-,-0.03862322648449812,-1.0,0.5,VALID
2026-07-14,152000.0,154000.0,150720.0,153180.0,147468,414398,152580.0,0.006174461376773577,3.209769878873954,2.8517406821650635,0.9684615191064136,808.0,0.1953625571217873,-35999.0,-7.992726416916632,-1.0,-14.789411948250065,-16.703099317099625,154000.0,5100.0,820.0,3.43,0.54,-0.15999999999999992,1.0,0.5353179266222745,0.6017903372715966,22589148240.0,0.5784778018610854,0.5625608688390975,0.8194444444444444,0.9012962962962964,1.845555555555556,0.1932830545692834,0.106191419574103,OK,-,-0.047786917352134695,-1.0,0.45,VALID
2026-07-15,153880.0,156500.0,147540.0,149240.0,247128,418746,151560.0,-0.025721373547460513,3.2102657321373256,2.807453554748387,0.9686111294594358,6179.0,1.4976961317798079,-31206.0,-6.9354064433539575,-1.0,23.714312890161548,31.483235259691213,154000.0,4800.0,4760.0,3.22,3.19,-0.31999999999999984,1.0,3.189493433395872,0.9964537362781367,36881382720.0,0.9385545483897211,0.6004364999901415,0.8194444444444444,0.8951851851851853,1.8344444444444443,0.2111570732938483,0.1177642955828877,OK,-,0.003082283570088551,1.0,0.5,VALID
2026-07-16,148980.0,153340.0,145860.0,151660.0,291773,404234,149280.0,0.016215491825247952,3.2347891733019143,2.814029988625814,0.9760104166296134,-11810.0,-2.838642066704483,-51613.0,-11.32243932723041,1.0,3.367000981333401,94.26796545731769,151000.0,160.0,-660.0,0.11,-0.44,-4.0200000000000005,-1.0,-0.4351839641302914,1.1438193931002256,44250293180.0,1.10014962303451,0.5992713964130135,0.8,0.8818518518518519,1.8344444444444443,0.2277549834328809,0.1281907682775606,OK,-,0.003033100356059526,1.0,0.5,VALID
2026-07-17,153100.0,155300.0,149000.0,150140.0,222081,385010,152460.0,-0.010022418567849134,2.94303127269136,2.8067288274954105,0.8879803364994698,-26856.0,-6.5205673689986545,-65954.0,-14.625114199803088,1.0,20.654228963838662,-35.18759557802085,152000.0,2280.0,1860.0,1.52,1.24,-1.0000000000000002,1.0,1.2388437458372186,0.8916836857913246,33343241340.0,0.8519088301588207,0.5969880189400474,0.8,0.877037037037037,1.8344444444444443,0.2433341109727421,0.1377244592217327,OK,-,0.03396829625682707,1.0,0.55,VALID
2026-07-20,151500.0,154800.0,141400.0,143900.0,295098,379802,147860.0,-0.041561209537764765,3.053504896349628,2.824606361386868,0.9213127738475362,-35667.0,-8.584756022711684,-67522.0,-15.094651751303306,1.0,61.26014371977377,-10.187994753068574,151500.0,7680.0,7600.0,5.34,5.28,4.12,1.0,5.281445448227936,1.1928727894211557,42464602200.0,1.0999622628799224,0.6373517120652473,0.8194444444444444,0.9072222222222224,1.8444444444444448,0.2477661643649783,0.1377244592217327,OK,-,0.06671299513551077,1.0,0.55,VALID
2026-07-21,143800.0,144300.0,136800.0,141620.0,270848,375185,140200.0,-0.01584433634468385,3.0182229278973134,2.8273614943626013,0.910667391139795,-39213.0,-9.462642194219084,-74656.0,-16.5960861726699,1.0,83.66560881004692,4.773546660064687,144000.0,2660.0,2380.0,1.88,1.68,1.14,1.0,1.6805535941251237,1.0921233074181467,38357493760.0,0.9965249823879739,0.6373517120652473,0.8194444444444444,0.912962962962963,1.8444444444444448,0.252043861955853,0.1377244592217327,OK,-,0.09730264086993357,1.0,0.6,VALID
2026-07-22,142980.0,145200.0,137220.0,143300.0,282781,370958,141400.0,0.011862731252648029,2.8989383688110055,2.8236584244494707,0.8746764915868365,-47788.0,-11.412168713253381,-81194.0,-17.95723561988004,1.0,14.426936648214683,21.360027466632324,143000.0,-100.0,-300.0,-0.07,-0.21,-3.4,-1.0,-0.20935101186322402,1.1289120098079821,40522517300.0,1.0492251315864543,0.6373517120652473,0.8,0.8965740740740742,1.8444444444444448,0.2561707031018596,0.1377244592217327,OK,-,0.05136078157711088,1.0,0.55,VALID
2026-07-23,143380.0,148480.0,142240.0,145000.0,259198,367838,145560.0,0.011863224005582707,2.4504908304712623,2.830148041743923,0.7393695379393054,-36396.0,-9.003695879119519,-86790.0,-19.0903331954917,1.0,-11.16450117043044,-19.166334015268703,146500.0,2180.0,1500.0,1.51,1.03,1.47,1.0,1.0344827586206897,1.0476161798938997,37583710000.0,0.9869108577322575,0.6373517120652473,0.8,0.895462962962963,1.8444444444444448,0.2601495118345537,0.1377244592217327,OK,-,0.049379310344827676,1.0,0.55,VALID
2026-07-24,144200.0,145800.0,141320.0,144280.0,171069,354629,143780.0,-0.00496551724137928,2.4510101295065714,2.8203901261683746,0.7395262224218647,-30381.0,-7.8909638710682835,-88843.0,-20.033508316195835,1.0,-22.969997433368906,-46.81913987453136,145500.0,1380.0,1220.0,0.96,0.85,-0.39,1.0,0.8455780426947602,0.7131241540277139,24681835320.0,0.6688813203042177,0.6415103381860549,0.8,0.8905555555555555,1.8444444444444448,0.2639824968689431,0.1377244592217327,OK,-,0.09980593290823392,1.0,0.6,VALID
2026-07-27,145780.0,148220.0,143260.0,147220.0,169766,354044,146040.0,0.020377044635430996,2.4286751372740776,2.835119096050399,0.7327872407119674,-25758.0,-6.7819548080315535,-83013.0,-18.993632409502652,-1.0,-42.47131461412819,-43.68801289663453,146500.0,-480.0,-720.0,-0.33,-0.49,-5.7700000000000005,-1.0,-0.48906398587148486,0.7276684699142268,24992950520.0,0.6975489047022405,0.6432184073820338,0.8,0.8958333333333334,1.8444444444444448,0.2676713003419806,0.1377244592217327,OK,-,0.07906534438255663,1.0,0.6,VALID
2026-07-28,146560.0,147680.0,142000.0,143480.0,217777,348395,144620.0,-0.025404157043879882,1.970514228648048,2.8176878694569982,0.5945495394725249,-26790.0,-7.140477364500179,-76530.0,-18.01023710066482,-1.0,-19.59438504253308,-41.62695200467462,145500.0,2500.0,2020.0,1.75,1.41,-0.27,1.0,1.4078617228882075,0.9655964395967389,31246643960.0,0.909795061757985,0.623200041259458,0.8,0.8926851851851852,1.8344444444444443,0.2712170371384887,0.1377244592217327,OK,-,0.04739336492891,1.0,0.6,VALID
2026-07-29,143480.0,149400.0,142500.0,147900.0,205654,335476,146560.0,0.0308056872037914,2.1200528681399966,2.8227371945156494,0.6396687920771026,-35482.0,-9.564964227756242,-88011.0,-20.782456132065448,-1.0,-27.27446327723574,-26.169012769837764,146000.0,-1400.0,-1900.0,-0.95,-1.28,-1.07,-1.0,-1.2846517917511833,0.9268219256609984,30416226600.0,0.9059557810205722,0.5980772893340683,0.7749999999999999,0.8658333333333332,1.7733333333333334,0.2746203262490334,0.1377244592217327,OK,-,0.028803245436105573,1.0,0.6,VALID
2026-07-30,147980.0,148080.0,140620.0,141060.0,197757,330683,144760.0,-0.04624746450304262,2.3096594845761365,2.76957142127887,0.6968774764114422,-37155.0,-10.100913989310511,-88571.0,-21.125856879123393,1.0,-23.70427240950933,-20.527174524586478,146000.0,5540.0,4940.0,3.94,3.5,2.4699999999999998,1.0,3.5020558627534384,0.9016099151240109,27895602420.0,0.8471835512183247,0.5560771510807226,0.7749999999999999,0.8636111111111112,1.7733333333333334,0.2778813152842582,0.1377244592217327,OK,-,0.07769743371614912,1.0,0.6,VALID
2026-07-31,143880.0,144400.0,137760.0,137760.0,182183,327682,140520.0,-0.023394300297745585,2.170583576833799,2.7788420374162768,0.6549150710160437,-26947.0,-7.598645344853354,-85003.0,-20.597550189611933,1.0,6.496793691434455,-13.82887144073408,,,,,,,,,0.8361782263105861,25097530080.0,0.7746590463442922,0.5951513902705765,0.8,0.8816666666666666,1.7733333333333334,0.2809996990185344,0.1377244592217327,OK,-,0.15853658536585358,1.0,0.65,VALID
2026-08-03,137500.0,140840.0,135560.0,138900.0,185279,324208,138220.0,0.008275261324041772,2.176073935674455,2.7831831717743096,0.6565716387651082,-29836.0,-8.4272011388415,-92647.0,-22.225234194144246,1.0,9.137872129872893,6.002734757161576,,,,,,,,,0.8483455158507036,25735253100.0,0.79807207086828,0.5204824306983402,0.8194444444444444,0.8957407407407406,1.7733333333333334,0.2839747326347144,0.1377244592217327,OK,-,0.15910727141828662,1.0,0.65,VALID
2026-08-04,138780.0,141360.0,137340.0,139380.0,134684,315871,139580.0,0.003455723542116651,2.191683401362519,2.7124604900081706,0.6612813741739298,-32524.0,-9.335380817749968,-97719.0,-23.62702192993061,1.0,-38.15508524775344,-22.176317294857938,,,,,,,,,0.622150304333235,18772255920.0,0.590846239574427,0.4162278290313775,0.8194444444444444,0.8798148148148148,1.676666666666667,0.2868052401781804,0.1377244592217327,OK,-,0.13258717176065438,1.0,0.6,VALID
2026-08-05,139720.0,144300.0,138320.0,143220.0,165291,306231,141640.0,0.027550581145070918,2.259201921033165,2.7455358087477353,0.681653267049624,-29245.0,-8.717464140504836,-106336.0,-25.7742378813623,1.0,-19.6266544779095,-17.253963565732366,,,,,,,,,0.7696611281108541,23672977020.0,0.7545656236257741,0.438341529479121,0.8194444444444444,0.8721296296296297,1.676666666666667,0.2894896185924254,0.1377244592217327,OK,-,0.08071498394079035,1.0,0.55,VALID
2026-08-06,143200.0,143860.0,139240.0,141460.0,157675,299348,140980.0,-0.01228878648233489,2.159976721179669,2.7435220649492393,0.6517147383045458,-31335.0,-9.475842423106116,-116696.0,-28.048956360384956,-1.0,-20.268309086404024,-44.1401641696396,,,,,,,,,0.7561318371665833,22304705500.0,0.7354351698257544,0.438341529479121,0.8388888888888889,0.8950925925925926,1.676666666666667,0.2920258375925531,0.1377244592217327,OK,-,0.059522126396154285,1.0,0.55,VALID
2026-08-07,142920.0,144800.0,139600.0,140000.0,199880,291475,142280.0,-0.01032093878128093,2.1615180548981034,2.6802226926679604,0.6521797941966301,-36207.0,-11.049432071337455,-120391.0,-29.230623552320417,-1.0,9.71385914163232,8.592663421418646,,,,,,,,,0.9549050075423068,27983200000.0,0.9225473146031582,0.438341529479121,0.8611111111111112,0.9132407407407408,1.676666666666667,0.2944114355314113,0.1377244592217327,OK,-,0.01385714285714279,1.0,0.55,VALID
2026-08-10,140500.0,146380.0,139280.0,146360.0,192564,271944,144340.0,0.045428571428571374,2.4221629919807355,2.753742993504501,0.7308223764502203,-52264.0,-16.12051522479396,-143525.0,-34.54529700170169,-1.0,3.9319080953588825,5.229104620344827,,,,,,,,,0.9178556294945083,28183667040.0,0.9286595352890062,0.438341529479121,0.8611111111111112,0.911574074074074,1.676666666666667,0.2966435113207807,0.1377244592217327,OK,-,-0.02842306641158787,-1.0,0.55,VALID
2026-08-11,146500.0,146680.0,143500.0,145860.0,118649,254682,145380.0,-0.0034162339437004974,2.415261512622695,2.7389008925343705,0.728740041131679,-61189.0,-19.371515587059275,-159716.0,-38.54169180353187,-1.0,-11.905645807965314,-19.54254482328369,,,,,,,,,0.5694511936858297,17306143140.0,0.5752490141940525,0.438341529479121,0.8611111111111112,0.9063888888888888,1.676666666666667,0.2987187123830548,0.1377244592217327,OK,-,-0.01631701631701632,-1.0,0.6,VALID
2026-08-12,146200.0,150880.0,146060.0,149700.0,158164,233810,148840.0,0.026326614561908768,2.428484482876281,2.72472604284485,0.7327297158878578,-72421.0,-23.64914068138105,-184936.0,-44.16424276291595,-1.0,-4.311789510620667,-35.999158330905445,,,,,,,,,0.7756614423475622,23677150800.0,0.8046774388666242,0.438341529479121,0.8611111111111112,0.9086111111111111,1.676666666666667,0.299090607406046,0.1465328470024659,OK,-,-0.051436205744822994,-1.0,0.55,VALID
2026-08-13,148700.0,153800.0,147080.0,152120.0,135057,267862,150280.0,0.016165664662658674,2.4283143190555223,2.7354868309633265,0.7326783735429023,-31486.0,-10.518192872509587,-136372.0,-33.735905440907985,-1.0,-14.344696369113684,-53.7116182785933,,,,,,,,,0.6888106582888239,20544870840.0,0.727532033803965,0.438341529479121,0.8611111111111112,0.9142592592592592,1.676666666666667,0.2993516647224633,0.1547330172900611,OK,-,-0.0711280567972653,-1.0,0.5,VALID
2026-08-14,152000.0,155780.0,151460.0,155240.0,105989,284020,154180.0,0.02051012358664206,2.454958105002926,2.7277383016964074,0.7407174175825395,-7455.0,-2.5576807616433657,-100990.0,-26.23048751980468,-1.0,-46.973684210526315,-52.274620521341305,,,,,,,,,0.557050667702398,16453732360.0,0.6006183806510109,0.438341529479121,0.8611111111111112,0.92,1.676666666666667,0.3009956957417626,0.1547330172900611,OK,-,,,0.47368421052631576,UNKNOWN
2026-08-17,155600.0,157540.0,151800.0,153500.0,154204,302678,154440.0,-0.011208451430043787,2.2576502128337825,2.6777466198421602,0.6811850809376305,30734.0,11.301591504133205,-77124.0,-20.306370161294566,1.0,-19.92064975800253,-47.74481697605542,,,,,,,,,0.8416171619953668,23670314000.0,0.8947408275753671,0.0788474308812484,0.8611111111111112,0.9112037037037036,1.676666666666667,0.3024654919543047,0.1547330172900611,OK,-,,,0.5,UNKNOWN
2026-08-18,155000.0,157840.0,152680.0,155400.0,165827,311262,155340.0,0.01237785016286641,2.2183899219509433,2.6773752949287757,0.6693393467000431,56580.0,22.21593987796546,-63923.0,-17.03772805415995,1.0,39.762661295080434,-38.774884806238184,,,,,,,,,0.9317568342057533,25769515800.0,0.9978306635286838,-0.2016622567466056,0.8611111111111112,0.9156481481481482,1.676666666666667,0.3037553263915063,0.1547330172900611,CRITICAL,IC_CRIT,,,0.47058823529411764,UNKNOWN
2026-08-19,154400.0,154700.0,149120.0,150660.0,175248,315609,151540.0,-0.030501930501930508,2.3468249204094422,2.68013025244941,0.7080911446193332,81799.0,34.98524442923742,-55349.0,-14.920557044193682,1.0,10.801446599731923,-38.02695372037018,,,,,,,,,1.0153668326132017,26402863680.0,1.051087933370377,-0.2016622567466056,0.8694444444444445,0.9352777777777778,1.676666666666667,0.3048588614998324,0.1547330172900611,CRITICAL,IC_CRIT,,,0.5,UNKNOWN
2026-08-20,152500.0,154000.0,150500.0,152160.0,138160,321562,152400.0,0.009956192751891635,2.343320441949664,2.677711563344586,0.7070337627318742,53700.0,20.047636469525354,-46276.0,-12.58053817169515,1.0,2.297548442509467,-46.69711957653995,,,,,,,,,0.829571311099149,21022425600.0,0.865423357876631,-0.2016622567466056,0.8694444444444445,0.939074074074074,1.676666666666667,0.3057691030228074,0.1547330172900611,CRITICAL,IC_CRIT,,,0.4666666666666667,UNKNOWN
2026-08-21,152400.0,159380.0,151180.0,158680.0,225444,353437,156360.0,0.042849631966351165,2.499956182237801,2.7003827839866648,0.7542943741496075,69417.0,24.440884444757412,-1192.0,-0.3361259231478531,1.0,112.70509203785299,31.785419918278592,,,,,,,,,1.3319185691345872,35773453920.0,1.4398030753036737,-0.2016622567466056,0.8694444444444445,0.9357407407407408,1.676666666666667,0.2924373052715865,0.1532275471447982,CRITICAL,IC_CRIT,,,0.42857142857142855,UNKNOWN
2026-08-24,161500.0,162500.0,156000.0,158860.0,219750,359138,160020.0,0.0011343584572724996,2.4748263668451265,2.6992678511131074,0.7467121299051724,56460.0,18.653486543455422,5094.0,1.4388042164250772,1.0,42.50603097195922,29.442880199804435,,,,,,,,,1.2793880827983872,34909485000.0,1.3775401151548954,-0.2016622567466056,0.8638888888888889,0.923425925925926,1.676666666666667,0.2931865066331552,0.1532275471447982,CRITICAL,IC_CRIT,,,0.38461538461538464,UNKNOWN
2026-08-25,159500.0,159880.0,150280.0,150280.0,229133,354226,153960.0,-0.054009819967266726,2.7244072941088193,2.7823602001467327,0.8220164455038282,42964.0,13.803162608991782,5831.0,1.6736749953357541,-1.0,38.17593033703799,5.214508419162711,,,,,,,,,1.3296206803706385,34434107240.0,1.350289684976097,-0.2016622567466056,0.9027777777777778,0.9489814814814816,1.676666666666667,0.29372214493075,0.1532275471447982,CRITICAL,IC_CRIT,,,0.4166666666666667,UNKNOWN
2026-08-26,150980.0,154940.0,148320.0,152160.0,217163,358778,152200.0,0.012509981368112877,2.654798121608909,2.759620299038451,0.8010137545051036,43169.0,13.678000310510791,23302.0,6.945951424244953,1.0,23.917534008947317,5.596292802474068,,,,,,,,,1.2559667863951922,33043522080.0,1.2891190160901318,-0.2016622567466056,0.9027777777777778,0.947962962962963,1.676666666666667,0.2940349296915803,0.1532275471447982,CRITICAL,IC_CRIT,,,0.36363636363636365,UNKNOWN
2026-08-27,153840.0,154520.0,150140.0,152020.0,158944,363652,152340.0,-0.0009200841219768607,2.4051549002236072,2.722849745014416,0.7256906433348269,42090.0,13.089233180537502,32969.0,9.969971241339893,1.0,15.043427909669948,-19.6266124587246,,,,,,,,,0.9296906256507202,24162666880.0,0.9495667089732639,-0.2016622567466056,0.9027777777777778,0.9546296296296296,1.676666666666667,0.2941146056710793,0.1532275471447982,CRITICAL,IC_CRIT,,,0.4,UNKNOWN
2026-08-28,153980.0,159620.0,152080.0,159600.0,239379,391884,156000.0,0.049861860281541937,2.5206605337818906,2.7618389364493514,0.7605413539971275,38447.0,10.87803484072126,64202.0,19.592775922998516,1.0,6.181135891840106,31.394806321116686,,,,,,,,,1.3771327582695618,38204888400.0,1.4637125622171356,-0.2016622567466056,0.9027777777777778,0.9425925925925926,1.6666666666666667,0.2939498503597261,0.1532275471447982,CRITICAL,IC_CRIT,,,,UNKNOWN
2026-08-31,160500.0,162000.0,158100.0,161000.0,166812,403032,160500.0,0.00877192982456143,2.5207460234555303,2.7487277257336684,0.760567148201175,43894.0,12.22204278021262,78824.0,24.312786852884567,1.0,-24.090102389078496,-9.967130651611889,,,,,,,,,0.96478415230463,26856732000.0,1.026734202701842,-0.2016622567466056,0.8638888888888889,0.9294444444444444,1.6666666666666667,0.2935281534354589,0.1532275471447982,CRITICAL,IC_CRIT,,,,UNKNOWN
2026-09-01,160820.0,162860.0,157180.0,157860.0,212658,404917,159960.0,-0.019503105590062075,2.5924058352033543,2.7591810814268114,0.7821885643036041,50691.0,14.310355535731425,89046.0,28.190622121055746,1.0,-7.190147207080599,57.894033441240246,,,,,,,,,1.2028198035571924,33570191880.0,1.2480863735363725,-0.2016622567466056,0.8638888888888889,0.9374074074074076,1.6666666666666667,0.2928356744626183,0.1532275471447982,CRITICAL,IC_CRIT,,,,UNKNOWN
2026-09-02,157000.0,157820.0,153200.0,154780.0,186331,395794,155660.0,-0.01951095907766376,2.60543748310536,2.7386952911959783,0.7861205126986286,37016.0,10.31724353221212,89563.0,29.24687572453475,1.0,-14.19763035139503,12.729065708356767,,,,,,,,,1.0476771217343903,28840312180.0,1.0620354077868535,-0.2016622567466056,0.8388888888888889,0.9220370370370372,1.6666666666666667,0.291857074135121,0.1532275471447982,CRITICAL,IC_CRIT,,,,UNKNOWN
2026-09-03,156000.0,158000.0,149540.0,149880.0,247038,394277,153300.0,-0.031657836929835925,2.7041232089405587,2.7663789085593424,0.8158962697039889,30625.0,8.421512874946377,94929.0,31.711920574047596,-1.0,55.42455204348702,56.67543998731568,,,,,,,,,1.3549715143234657,37026055440.0,1.3274905892174336,-0.2016622567466056,0.8638888888888889,0.945925925925926,1.6666666666666667,0.2905753130368029,0.1532275471447982,CRITICAL,IC_CRIT,,,,UNKNOWN
2026-09-04,150500.0,152340.0,140540.0,141940.0,312373,392630,147040.0,-0.05297571390445688,2.9716960923450464,2.78233044420342,0.8966291729688493,746.0,0.19036245419562933,101155.0,34.70452011321726,-1.0,30.493067478767987,56.280268160896526,,,,,,,,,1.662050495266285,44338223620.0,1.5443737704698501,-0.2016622567466056,0.8638888888888889,0.9487037037037036,1.676666666666667,0.2889714101212827,0.1532275471447982,CRITICAL,IC_CRIT,,,,UNKNOWN
2026-09-07,142000.0,143040.0,140140.0,142200.0,147974,394996,141580.0,0.0018317598985486683,2.7834245396205723,2.7815343853587917,0.8398233081135054,-8036.0,-1.9938863415311936,123052.0,45.24902185744124,1.0,-11.29295254538043,-23.155937766145286,,,,,,,,,0.7967806559356992,21041902800.0,0.7421552357643643,-0.2016622567466056,0.9027777777777778,0.9509259259259258,1.676666666666667,0.2870241507166356,0.1532275471447982,CRITICAL,IC_CRIT,,,,UNKNOWN
