date,ham_dev_mean,ham_dev_median,ham_D_f_minus_D_c,ham_n_f_minus_n_c,dir_disagreement,disagreement_vol,disagreement_decay,adaptive_disagree_v1,multiagent_3,basis_rate,basis_rate_chg5,pos_chg_20d_pct,vol_chg_20d_pct,rvol20,vol_rel,basis_turn,momentum_20d,bias_rate,position_pct_chg
2024-02-01,0.0,0.0,-225.0,-1.0,-1.0,,,,-226.28,-2.56,2.23,-2.651327005947027,-69.72364065587232,2.149804035765685,0.5159604915683599,-1.0,0.0,0.0,0.0
2024-02-02,0.0,0.0,-275.0,-1.0,-1.0,,,-275.0,-276.55,-3.1,1.02,-12.131230431146808,-60.88546922300706,2.1117377676774107,0.6556079607240063,-1.0,0.0,0.0,-6.538557008108558
2024-02-05,0.0,0.0,-150.0,-1.0,-1.0,,,-150.0,-151.69,-3.38,1.7199999999999998,-15.686262078060407,-69.23328362172873,2.0794956318959548,0.435655689293988,-1.0,0.0,0.0,-1.8930423684424103
2024-02-06,0.0,0.0,1650.0,-1.0,1.0,,,1650.0,1649.95,-0.1,4.11,-12.21873881435219,-45.46299437945329,2.1800252262062827,1.119333730643132,-1.0,0.0,0.0,6.960288157132877
2024-02-07,0.0,0.0,-250.0,-1.0,-1.0,,,-250.0,-250.305,-0.61,1.81,-14.182211544508874,-60.270277837404,2.170761354587881,0.4441124584133594,-1.0,0.0,0.0,-4.0685044186193675
2024-02-08,0.0,0.0,675.0,-1.0,1.0,,,675.0,675.39,0.78,3.34,-12.11678089594751,-72.97367881060309,1.4488177108497844,0.6583187834188909,1.0,0.0,0.0,1.301556591328823
2024-02-19,0.0,0.0,775.0,-1.0,1.0,,,775.0,776.135,2.27,5.37,-4.494144207704247,-53.38873111040987,1.4414519745562508,0.7892091938656112,1.0,0.0,0.0,7.725641693434038
2024-02-20,0.0,0.0,975.0,-1.0,1.0,,,975.0,977.13,4.26,7.64,10.310887430719246,0.68518410683438,1.4855934154620472,1.2312534529013863,1.0,0.0,0.0,16.28398933562558
2024-02-21,0.0,0.0,-2050.0,-1.0,-1.0,,,-2050.0,-2050.385,-0.77,-0.67,3.865736966854362,196.3357286996539,1.7563897263203576,3.415833507876548,-1.0,0.0,0.0,-4.338309606999513
2024-02-22,0.0,0.0,-375.0,-1.0,-1.0,650.4485631726258,,-375.0,-375.77,-1.54,-0.93,6.029136568884801,-9.35593529001123,1.7099668906660137,1.2655333953433183,-1.0,0.0,0.0,0.2233719505200904
2024-02-23,0.0,0.0,-2075.0,-1.0,-1.0,736.7465334465134,-0.22216160264978618,-2075.0,-2077.725,-5.45,-6.23,12.413159631033546,63.94381432639232,1.9727222332061876,2.094436614637685,-1.0,0.0,0.0,4.680958720100237
2024-02-26,0.0,0.0,-250.0,-1.0,-1.0,724.2910588146093,-0.009578228655761946,-250.0,-252.76,-5.52,-7.789999999999999,15.81397748229923,146.46403334974863,1.96218709091422,2.0533358776805093,-1.0,0.0,0.0,3.3478340928969397
2024-02-27,0.0,0.0,-2175.0,-1.0,-1.0,790.0117655728867,-0.18905696144447415,-2175.0,-2179.475,-8.95,-13.21,26.0929248876862,127.07201682144732,2.133771722246125,2.204367354868398,-1.0,0.0,0.0,6.891348648678752
2024-02-28,0.0,0.0,-675.0,-1.0,-1.0,761.7328603581774,-0.08450863736193437,-675.0,-679.63,-9.26,-8.49,28.17085671126456,306.7510366275052,2.1033403626383103,2.9919134683127258,-1.0,0.0,0.0,-0.9985467160470662
2024-02-29,0.0,0.0,-5600.0,-1.0,-1.0,1418.6533688510317,-0.22960153358949617,-5600.0,-5608.265,-16.53,-14.990000000000002,41.11281073322596,714.0902948233542,3.08049873948793,3.889259642578803,-1.0,0.0,0.0,10.179836053498326
2024-03-01,0.0,0.0,-125.0,-1.0,-1.0,1397.2144908113908,0.039185777423104244,-125.0,-132.095,-14.19,-8.739999999999998,37.5860612601983,423.3766233766234,3.0556272390395387,2.6225174377106835,-1.0,0.0,0.0,-1.9946516403228087
2024-03-04,0.0,0.0,925.0,-1.0,1.0,1353.8870374939402,-0.08835583324654006,925.0,920.07,-9.86,-4.34,40.462603205439535,728.7439972275855,3.084547404820241,3.3606599338901706,-1.0,0.0,0.0,1.4617532268202504
2024-03-05,0.0,0.0,3025.0,-1.0,1.0,1387.264082280994,-0.1528568214203915,3025.0,3023.185,-3.63,5.319999999999999,39.85268918246642,510.929760349711,3.3569884229537683,2.1570021507143933,-1.0,0.0,0.0,-2.7983076649714556
2024-03-06,0.0,0.0,-1225.0,-1.0,-1.0,1348.1807646858806,-0.09414420650812715,-1225.0,-1227.85,-5.7,3.56,50.2317209711022,824.7978731153033,3.3594923519231066,2.101692446293995,-1.0,0.0,0.0,4.7419542898925915
2024-03-07,0.0,0.0,500.0,-1.0,1.0,1322.4895532370201,-0.042026720724911926,500.0,498.01,-3.98,12.55,43.39109503417826,258.4682044093284,3.3288823902035727,1.4349976219216445,-1.0,0.0,8.29200507918253,1.7164770476028712
2024-03-08,0.0,0.0,-175.0,-1.0,-1.0,1324.472958735305,0.012565721350553272,-175.0,-176.965,-3.93,10.26,49.844861823597554,432.7129417747266,3.329615365081401,1.1744541260738617,-1.0,13.80522088353413,7.916408816108911,0.7790653997579389
2024-03-11,0.0,0.0,-1525.0,-1.0,-1.0,1308.1041675485537,-0.08564892941971576,-1525.0,-1528.07,-6.14,3.72,69.34761599126516,408.5862905374144,3.3588341326926203,1.2855683970593526,-1.0,16.225661507738387,9.969531637497342,5.625727603613062
2024-03-12,0.0,0.0,-1725.0,-1.0,-1.0,1285.048125250773,-0.12211735146411237,-1725.0,-1729.11,-8.22,-4.590000000000001,72.25886015505742,718.7051792828685,3.39034503128306,1.23958982285063,-1.0,19.31309109009458,12.200716174784088,-0.20649186012572374
2024-03-13,0.0,0.0,525.0,-1.0,1.0,1295.2310045946083,0.057256615150215094,525.0,521.715,-6.57,-0.8700000000000001,59.50407412875512,208.26728700623045,3.273093631485839,1.1030593774001076,-1.0,22.285126093669593,10.101946246524562,-0.9595110771581372
2024-03-14,0.0,0.0,3350.0,-1.0,1.0,1349.6704032349608,-0.12976273516276865,3350.0,3350.065,0.13,4.11,54.52173658136195,917.4982381959126,3.6000804776529,1.3146602483944203,1.0,14.797747055811561,3.2014545789316173,-7.065061685406626
2024-03-15,0.0,0.0,-1475.0,-1.0,-1.0,1337.7237884595336,-0.03908502885489371,-1475.0,-1476.215,-2.43,1.5,49.51167636079521,456.7297073440089,3.5866411143831587,0.9414251457937348,-1.0,19.470404984423674,5.010952902519161,-1.9829450599483933
2024-03-18,0.0,0.0,-925.0,-1.0,-1.0,1334.000586877485,-0.008846535397491806,-925.0,-926.86,-3.72,2.4199999999999995,38.00761549154842,402.07010681510457,3.537450019958132,0.9372403973342543,-1.0,23.377308707124,5.631734700792923,-0.5632248980243615
2024-03-19,0.0,0.0,975.0,-1.0,1.0,1334.000586877485,-0.0,975.0,973.955,-2.09,6.130000000000001,16.759550691576912,149.29056138186306,3.520076024257607,0.7108628788649238,-1.0,23.86853448275863,2.840527846119434,-1.6194410787190416
2024-03-20,0.0,0.0,-1125.0,-1.0,-1.0,1329.362233316571,0.030002837854642462,-1125.0,-1126.985,-3.97,2.6,23.51684043394529,-22.8706653766277,3.4413653623057905,0.6951123808614024,-1.0,20.94943240454077,3.909921092295421,1.1979720539136984
2024-03-21,0.0,0.0,-75.0,-1.0,-1.0,1343.5983696579008,0.08047189508837169,-75.0,-77.045,-4.09,-4.22,25.30524717943776,86.70829915116609,3.446732695681239,0.6105865888753105,-1.0,20.174091141833085,3.1421665568007073,1.6745113564714975
2024-03-22,0.0,0.0,1500.0,-1.0,1.0,1335.0259952131034,0.016224802269487925,1500.0,1499.215,-1.57,0.8600000000000001,15.449638631864843,18.326702891519496,3.4427449915169723,0.6642499166947075,-1.0,12.328094302554039,-0.0458906055374686,-3.552491791773027
2024-03-25,0.0,0.0,3475.0,-1.0,1.0,1383.492909840505,-0.1315944418212208,3475.0,3477.35,4.7,8.42,14.802730481843188,50.52020166817685,3.756561260390804,0.8693467815447077,1.0,4.985337243401755,-6.329721125962107,2.768736947560968
2024-03-26,0.0,0.0,-500.0,-1.0,-1.0,1394.6390544170429,0.07350879217801816,-500.0,-499.03,1.94,4.029999999999999,4.593210715755369,7.708522018836739,3.644859470578404,0.7099313588374944,1.0,1.6408813877168305,-5.529652708179,-2.6146041476710624
2024-03-27,0.0,0.0,0.0,-1.0,0.0,1422.8053275132195,1.0165111625159142,0.0,0.625,1.25,5.220000000000001,6.269006955625006,-24.47197120132525,3.6353265601606086,0.7711135573955843,1.0,0.37037037037037646,-5.546115976125121,0.5876581821441462
2024-03-28,0.0,0.0,-50.0,-1.0,-1.0,1064.2949235106435,0.23592494257368327,-50.0,-49.425,1.15,5.24,-4.580488037820543,-66.20378682909808,2.7138167427531537,0.571023886296643,1.0,-8.976510067114097,-5.016195395255185,-1.0689335914485287
2024-03-29,0.0,0.0,725.0,-1.0,1.0,1041.8038506157936,-0.0878928955465842,725.0,726.26,2.52,4.09,-4.10265405660883,-53.98268641298856,2.7165496467515817,0.6073782158098189,1.0,-10.380912515696949,-5.774139600387285,-1.503868520353524
2024-04-01,0.0,0.0,-2775.0,-1.0,-1.0,1097.6679825885421,-0.0549306143973695,-2775.0,-2776.265,-2.53,-7.23,-3.906201226510688,-59.08194841037528,2.985098158610889,0.8626499256629411,-1.0,-4.2517006802721085,-0.6704304869442512,1.6696051581958526
2024-04-02,0.0,0.0,800.0,-1.0,1.0,1021.9072403573315,0.06650273209387965,800.0,799.885,-0.23,-2.17,-5.545784215882929,-60.53470003831685,2.766925562373559,0.6146355970034598,-1.0,-0.4930524428507388,-2.058103368407116,-4.456793887025922
2024-04-03,0.0,0.0,-400.0,-1.0,-1.0,1036.1746449015445,0.05596157870935856,-400.0,-400.335,-0.67,-1.92,-13.647855700835834,-60.77143003414314,2.724971457460984,0.6920534580528109,-1.0,-1.9298245614035037,-1.2563757203736037,-4.242576406651288
2024-04-08,0.0,0.0,-850.0,-1.0,-1.0,1027.8970611987625,-0.026531412511932095,-850.0,-850.725,-1.45,-2.6,-14.767462890054396,-51.23237173789984,2.7399117548883747,0.6403055105942032,-1.0,0.4424778761061843,0.22296297931521103,0.39766209646583395
2024-04-09,0.0,0.0,-325.0,-1.0,-1.0,1020.9515685198578,-0.030951960288443093,-325.0,-325.94,-1.88,-4.4,-15.24228912724378,-49.40370504718812,2.7418127923325795,0.5873033431684448,-1.0,0.705778561976178,0.7613373055279649,0.21763022448557656
2024-04-10,0.0,0.0,-900.0,-1.0,-1.0,1018.592779279335,0.026367746263091373,-900.0,-901.165,-2.33,0.1999999999999997,-19.710388631621136,-50.11178836573955,2.696744893434823,0.6916026934302636,-1.0,-0.3865979381443285,2.370546947424179,0.05754677032323574
2024-04-11,0.0,0.0,1725.0,-1.0,1.0,1018.592779279335,-2.2204460492503132e-17,1725.0,1725.335,0.67,0.9,-21.355887809669323,-47.24878410126227,2.6819676109785804,0.7714757742997848,1.0,-6.132665832290362,-0.35208928452800103,-2.251714558555429
2024-04-12,0.0,0.0,150.0,-1.0,1.0,1033.5363411225812,0.0626381481866731,150.0,150.245,0.49,1.16,-21.34945366872799,-62.968791131650526,2.678314480186478,0.5228277197057685,1.0,-5.555555555555558,-0.3264707841961534,-0.951408239617213
2024-04-15,0.0,0.0,225.0,-1.0,1.0,904.4289780385133,0.1350307609234377,225.0,225.445,0.89,2.34,-15.05539535589619,-75.24246852699649,2.3609191012040416,0.4747927538506597,1.0,-0.3122212310437078,-0.710795202132386,0.37211387581259636
2024-04-16,0.0,0.0,1800.0,-1.0,1.0,917.2111620501976,-0.00995643374939632,1800.0,1801.55,3.1,4.98,-12.925140443321869,-45.33932977101129,2.3816604780190027,0.8069446058643786,1.0,-5.997392438070404,-3.6139209482643375,0.4751429337144897
2024-04-17,0.0,0.0,-625.0,-1.0,-1.0,920.3474744270288,0.01960210436285521,-625.0,-624.04,1.92,4.25,-14.832873486031833,-70.51173717360949,2.364864936441664,0.4759145916835606,1.0,-6.415739948674082,-2.1729410712688857,-2.741796560251175
2024-04-18,0.0,0.0,500.0,-1.0,1.0,925.7811424328163,0.03339146858006481,500.0,501.43,2.86,2.19,-13.760850748114256,-49.12266456322693,2.3479273796525777,0.6564979607456319,1.0,-5.6981296215746,-2.782448824017403,-0.38109712548779484
2024-04-19,0.0,0.0,350.0,-1.0,1.0,933.2138864669432,0.05838025790934036,350.0,351.72,3.44,2.95,-13.809097885110727,-30.888004666139324,2.289584847882308,0.8801105804353622,1.0,-8.105802047781573,-2.997005246447948,1.141356091629664
2024-04-22,0.0,0.0,-425.0,-1.0,-1.0,920.3689191668855,-0.08673005222038574,-425.0,-423.685,2.63,1.7399999999999998,-14.474841724232418,-39.83088083644939,2.3022988854035926,0.6985184849748257,1.0,-7.498934810396252,-1.8424324629818023,0.8891711654493539
2024-04-23,0.0,0.0,-300.0,-1.0,-1.0,918.6517580844109,0.08047189548837166,-300.0,-299.04,1.92,-1.1800000000000002,-11.963136672431752,-42.8126857869165,2.250834422344371,0.7462653825575174,1.0,-4.547442063839091,-1.067276970836828,-0.7200188857412693
2024-04-24,0.0,0.0,-625.0,-1.0,-1.0,679.0037206316169,0.08577990534751304,-625.0,-624.615,0.77,-1.15,-13.279628300386056,-44.52052468611755,1.7922172703267236,1.0001318943309367,1.0,2.7932960893854775,-0.07015003054920976,1.2319468270009182
2024-04-25,0.0,0.0,400.0,-1.0,1.0,680.9387869544129,0.011157177540710462,400.0,400.98,1.96,-0.8999999999999999,-12.275581806501092,-40.37239678583414,1.792624134302612,0.9070593033333928,1.0,1.1070110701107083,-0.8481284631912223,-1.4870782463773824
2024-04-26,0.0,0.0,-150.0,-1.0,-1.0,673.638978744706,-0.9413072929363597,-150.0,-149.385,1.23,-2.21,-14.541754754254196,-65.39110445620769,1.793104754627048,0.5966226949061086,1.0,1.3837638376383854,-0.6441405808565892,-2.01080909235416
2024-04-29,0.0,0.0,-3000.0,-1.0,-1.0,827.9611928358148,-0.2047172271277716,-3000.0,-3002.005,-4.01,-6.64,-3.338037614228948,43.93594627105053,2.158777459839999,1.695113241292196,-1.0,6.820276497695854,4.430878742144029,11.901092661900513
2024-04-30,0.0,0.0,2225.0,-1.0,1.0,881.9796811121766,-0.05606702694078962,2225.0,2225.135,0.27,-1.65,-8.619857428117045,18.224007183220927,2.32777484780667,1.4144149272335311,1.0,4.110228865016352,0.2225669386929141,-6.885911321887884
2024-05-06,0.0,0.0,-475.0,-1.0,-1.0,771.4263958476702,0.08825456102004961,-475.0,-475.29,-0.58,-1.35,-7.497788594645651,-57.2515183368372,2.023923661123372,0.7166122383425237,-1.0,-0.1776198934280604,1.085954538300693,2.9180196610471
2024-05-07,0.0,0.0,-750.0,-1.0,-1.0,771.5500461306516,0.0032269260527119535,-750.0,-750.9,-1.8,-3.76,-0.9001940569408049,-18.55062357516427,2.015119463243668,0.9389649877776616,-1.0,2.612612612612608,2.301560570337946,2.357695466136489
2024-05-08,0.0,0.0,925.0,-1.0,1.0,765.7759652452984,-0.04191645944927613,925.0,924.91,-0.18,-1.41,4.312011798765499,-40.59339346574511,2.0480097880759214,0.750651128998858,-1.0,0.22361359570661765,0.6286484059272457,0.7938351103135233
2024-05-09,0.393177711056793,0.3986754966887417,175.0,-1.0,1.0,779.8827509716815,0.07902251855115175,214.37500000000003,174.91,-0.18,3.83,5.218772783164126,-23.69737343830608,2.0186460048050203,0.8747491650083619,-1.0,-1.585903083700435,0.39547007010605206,1.2703965145262952
2024-05-10,0.3966705777375155,0.3999999999999999,1675.0,-1.0,1.0,794.6614638355525,-0.08198716297247596,2553.688524590164,1676.27,2.54,2.27,6.041325095820802,27.544006389495056,2.1153497898141684,1.2856733970288188,1.0,-5.081033727551465,-2.3609984680544316,1.0010858886188467
2024-05-13,0.3937116572254035,0.3999999999999999,625.0,-1.0,1.0,796.4921035720515,0.01823215565495111,947.5806451612904,626.235,2.47,3.0500000000000003,7.55599444396215,-28.19732101412436,2.079785492632603,0.83725530626184,1.0,-7.632600258732214,-3.1010382031621098,1.4867452361692735
2024-05-14,0.3974581201569258,0.4013422818791946,1050.0,-1.0,1.0,771.6566252993756,0.02482184429706107,1700.0,1052.025,4.05,5.85,10.417753699612554,10.071647482088132,2.024679365063196,1.3751996137705649,1.0,-6.666666666666665,-4.677606046163274,0.34908944155778165
2024-05-15,0.3976851500714558,0.4013422818791946,1000.0,-1.0,1.0,755.9152695486724,-0.09485599896096064,1703.125,1002.305,4.61,4.79,12.821116341627436,41.30846879294821,2.055099512041449,1.1266657451230877,1.0,-8.199643493761144,-6.101146386489509,1.2044922130282298
2024-05-16,0.3986121096004246,0.4147180780575384,-500.0,-1.0,-1.0,746.09840433241,-0.039925384688666264,-761.5384615384615,-498.56,2.88,3.06,10.15220207253886,-6.07999104786594,2.078073547968574,0.6355766284848663,1.0,-6.935123042505598,-4.853391885092173,-2.002304811293576
2024-05-17,0.4076300205622777,0.4292031343078403,-1225.0,-1.0,-1.0,719.3290001983208,0.019242291032232982,-1336.3636363636363,-1224.74,0.52,-2.02,2.587313495040427,-16.479827620424714,2.0447574395672192,0.9380915137912674,1.0,-1.5718908922792374,-2.5361655374473546,-6.425157258207581
2024-05-20,0.4054192334458302,0.4292031343078403,225.0,-1.0,1.0,731.3739773445882,0.051082562234376884,255.22388059701493,225.52,1.04,-1.4300000000000002,5.256512075693774,25.20983639873997,2.025757249666521,0.7786210485308795,1.0,-3.1078610603290646,-2.796882164144887,-0.2112550173066663
2024-05-21,0.4056484001124969,0.4292031343078403,-350.0,-1.0,-1.0,735.692477229876,0.017833747154079548,-303.6764705882353,-349.905,0.19,-3.86,2.096309806485656,41.52195225754478,2.0246185820434563,1.1567317619200843,1.0,-1.568265682656822,-2.0786491075115876,-3.3720368470478435
2024-05-22,0.3948218826781448,0.4147180780575384,150.0,-1.0,1.0,743.767967496372,0.042364892828884025,150.0,150.235,0.47,-4.140000000000001,2.2087510774395502,-45.78807724989451,2.0207012256052805,0.5972653861830038,1.0,-1.20705663881151,-2.2956841138659367,1.2527456476919774
2024-05-23,0.3883948674276001,0.4013422818791946,125.0,-1.0,1.0,754.9355148480878,0.06118877129875291,96.42857142857142,125.165,0.33,-2.55,-2.615337919870498,-10.011922503725778,2.011499127122081,0.7723843988124247,1.0,-2.210962690004603,-2.417723846295272,-3.8726357780502596
2024-05-24,0.3851288400684165,0.4013422818791946,-725.0,-1.0,-1.0,746.1248572669182,-0.044119458912222444,-418.6619718309859,-725.51,-1.02,-1.54,-4.39050902729419,-14.381582626526235,2.033333623359772,0.7687066400384939,-1.0,-1.4200641319285334,-1.0142361031254987,-2.529738714871954
2024-05-27,0.3836279019821126,0.4013422818791946,700.0,-1.0,1.0,745.287828539029,-0.005666434256778685,525.0,700.14,0.28,-0.76,-4.008791602118485,-46.69278238079605,2.03110445768554,0.6337923807305945,1.0,-3.804347826086951,-2.1130492891213715,1.6361117032615669
2024-05-28,0.3744792728334834,0.3999999999999999,600.0,-1.0,1.0,740.6478316489665,-0.020273255363741492,542.4657534246576,600.62,1.24,1.05,-3.195608238526693,-27.400352867522905,2.038891537448155,0.7705630988981265,1.0,-4.197080291970801,-3.0135088326982973,-0.6525323498738578
2024-05-29,0.3689704450695977,0.3986754966887417,-100.0,-1.0,-1.0,743.1529558505932,0.020273255238741662,-83.78378378378379,-99.525,0.95,0.48,-3.4222448814062085,-4.016737251556424,2.037970006765624,0.6351796566153234,1.0,-4.27661510464058,-2.617389090740785,-2.2402195649751655
2024-05-30,0.3593700197520085,0.395858595280291,-400.0,-1.0,-1.0,544.4093854328454,0.10074515091877993,-256.0,-400.0,0.0,-0.33,-15.897653612773624,-54.76302401621277,1.5679942357118175,0.921845834638688,0.0,-8.541846419327005,-1.4251505358845007,-2.5537045813112225
2024-05-31,0.359711730510386,0.395858595280291,575.0,-1.0,1.0,409.43639053549794,0.06765710762566493,469.07894736842104,575.5,1.0,2.02,-10.29702860193052,-57.66076271221421,1.3603106492728902,0.7658130837911832,1.0,-5.921938088829071,-2.194445092231989,-0.685167629061445
2024-06-03,0.3630385495393928,0.3986754966887417,1075.0,-1.0,1.0,420.2834256721728,-0.04083805676760448,1033.1168831168832,1076.07,2.14,1.86,-10.716601115097031,14.611864348895187,1.3859643362105922,0.9958530234352396,1.0,-8.62989323843416,-3.7646121770093965,2.436635694760403
2024-06-04,0.3530652875073072,0.395858595280291,425.0,-1.0,1.0,422.3894280724464,0.028399201829316635,403.20512820512823,425.955,1.91,0.6699999999999999,-11.281536999894437,-47.17732906573938,1.3230732535031329,0.6112627914819352,1.0,-10.57945566286216,-4.0192244263299255,1.7100326757836237
2024-06-05,0.3518377441745007,0.395858595280291,1025.0,-1.0,1.0,426.6203630987699,-0.005132707697730577,1050.9493670886077,1026.1,2.2,1.2500000000000002,-11.95565656354077,3.5799381516467443,1.34239989658635,0.9327680516423172,1.0,-10.932619366354302,-5.405085187554793,0.02796187665836669
2024-06-06,0.3603648759574464,0.3986754966887417,-675.0,-1.0,-1.0,412.58770997334926,-0.06749633563581055,-430.31249999999994,-674.875,0.25,0.25,-17.640519158177774,-30.180345699335643,1.4091044752543702,0.7343452593744867,1.0,-9.444941808415397,-3.6437246963562764,-5.268448192799746
2024-06-07,0.3593690875965754,0.3986754966887417,550.0,-1.0,1.0,336.83902136746184,0.05568250824057423,441.358024691358,550.56,1.12,0.1200000000000001,-20.745830048227067,-54.17461749725111,1.2893678998610825,0.7502248139735003,1.0,-7.660359944623907,-4.313312930374902,-2.8070946476220326
2024-06-11,0.3591472686814716,0.3986754966887417,1525.0,-1.0,1.0,394.7850847713154,-0.044599901918042376,1599.3902439024391,1526.725,3.45,1.31,-23.17005498663169,-19.772659057851115,1.412211736201398,0.8503159982903138,1.0,-9.430438842203548,-6.780068233145931,-1.617529262809747
2024-06-12,0.3569899187849913,0.3986754966887417,-725.0,-1.0,-1.0,383.9951856880225,0.018518689393498343,-532.8313253012047,-724.49,1.02,-0.8899999999999999,-29.62015262263601,-33.07290454151806,1.4333260496270237,1.207469507073015,1.0,-6.238095238095243,-5.0878503771902395,-8.075508864084046
2024-06-13,0.3559351904673319,0.3986754966887417,325.0,-1.0,1.0,379.7506106852093,0.05619650472877387,247.6190476190476,325.765,1.53,-0.6700000000000002,-34.61389443566894,-29.583298398591428,1.3867865574423694,1.082315200386262,1.0,-5.048543689320384,-5.477565419092956,-5.976385882957979
2024-06-14,0.3447202597608758,0.395858595280291,450.0,-1.0,1.0,380.60720185680026,0.005268025771780249,344.1176470588235,450.8,1.6,1.35,-35.8193900256986,-21.35190682804293,1.3634715545949023,0.6868740648503392,1.0,-6.826923076923075,-6.024972723966537,-3.8090462950301607
2024-06-17,0.3380643846894609,0.3880227932480379,550.0,-1.0,1.0,350.7956182586573,0.04003889218752284,422.093023255814,550.94,1.88,0.7599999999999998,-34.43240110285953,-47.47100996659697,1.2150235862259278,0.6918849216285242,1.0,-10.004697040864253,-6.609475531292652,-4.402937924498495
2024-06-18,0.3397176717025901,0.3880227932480379,1500.0,-1.0,1.0,398.59126934743557,-0.0948559990554051,1500.0,1502.345,4.69,1.2400000000000002,-37.44849935675086,-2.845340410164021,1.347522333003938,1.0722061851607372,1.0,-12.452830188679243,-8.948194662480379,-4.801520095832124
2024-06-19,0.3409213754062938,0.3880227932480379,-600.0,-1.0,-1.0,393.3158634241093,-0.026949824977110494,-436.3636363636364,-599.255,1.49,0.47,-41.71643006814262,-55.65633457919835,1.386859489588286,0.7755775035092357,1.0,-11.902530459231485,-7.1925754060324865,-9.965027379309744
2024-06-20,0.3358119477968662,0.3794624491475066,-200.0,-1.0,-1.0,390.18382981952436,-0.014384103539255632,-110.1123595505618,-199.76,0.48,-1.05,-47.172365581256,-34.49805405981768,1.4048974124323794,0.5858865908736511,1.0,-11.27819548872181,-6.242240651536967,-8.225542168674703
2024-06-21,0.3431146193208492,0.3880227932480379,1250.0,-1.0,1.0,392.73626814414456,-0.1151292542897022,402.7777777777778,1249.17,-1.66,-3.26,-49.69323382912288,-25.577158755920635,1.4749552266156394,0.869989869994226,-1.0,-13.424399434762124,-8.074720548150738,-8.459712653335572
2024-06-24,0.345639461235935,0.3880227932480379,1675.0,-1.0,1.0,449.4349522631606,-0.04186983943110978,809.8901098901099,1675.08,0.16,-1.72,-56.3336412515692,-21.79152221608133,1.52879700467339,0.9155851922145604,1.0,-17.704460966542747,-10.573621490607954,-15.39564713576026
2024-06-25,0.3425002736612636,0.3880227932480379,-850.0,-1.0,-1.0,449.8738858367917,-0.009707800709442771,-203.26086956521738,-851.505,-3.01,-7.7,-66.88165277122332,19.72338204592903,1.6552100984256788,1.114078555189846,-1.0,-15.018832391713744,-8.116775687851563,-22.91502807084158
2024-06-26,0.3470373106983005,0.3880227932480379,-1150.0,-1.0,-1.0,456.7386532453992,-0.03252937826720233,-230.0,-1152.755,-5.51,-7.0,-75.98918595581723,3.9911501341416633,1.81313302488891,1.15706924766657,-1.0,-11.857142857142854,-5.174180327868849,-27.973049046513264
2024-06-27,0.3559526546136445,0.395858595280291,-1025.0,-1.0,-1.0,430.18508868429615,-0.11636388482800133,-414.3617021276596,-1026.535,-3.07,-3.55,-14.803928037960636,59.36640284420367,1.9140781803554088,1.421088560215389,-1.0,-10.076045627376429,-2.544555475430099,246.8749236743766
2024-06-28,0.3550566207845398,0.395858595280291,50.0,-1.0,1.0,454.9002204069764,0.10397207620899188,21.578947368421055,48.415,-3.17,-1.51,-6.855985520985952,36.09982141757497,1.89345683340386,1.6321447874247033,-1.0,-10.849056603773588,-2.0674646354733373,6.53706142049415
2024-07-01,0.3590786115252806,0.4000177785679363,-575.0,-1.0,-1.0,454.9002204069764,6.661338147750939e-17,-221.61458333333331,-577.59,-5.18,-5.34,-0.1035151770605408,82.17092050617116,1.9292000417636523,1.6603261919877668,-1.0,-8.77443967572723,-0.4008955068464659,6.514655827632931
2024-07-02,0.3512362342642987,0.395858595280291,800.0,-1.0,1.0,450.60449164953604,0.014773210628703492,420.61855670103097,798.22,-3.56,-0.5500000000000003,0.8556214449957642,4.906956301494359,1.914397182885448,1.247635627494496,-1.0,-8.422590068159685,-1.623911508590259,3.4201610801553706
2024-07-03,0.3515425020705665,0.395858595280291,-250.0,-1.0,-1.0,459.7982967391359,0.026531412470755654,-125.0,-252.17,-4.34,1.17,0.7823376128886403,68.39802012293192,1.9233252832245264,1.1682329079326912,-1.0,-7.1674030436917,-0.7218795117469479,1.6361280103675435
2024-07-04,0.3452737715079428,0.395858595280291,300.0,-1.0,1.0,468.58374244547844,0.06143327072792928,200.00000000000003,298.295,-3.41,-0.3400000000000003,3.788667305050169,15.009258428432748,1.8850560985449751,1.209844126089251,-1.0,-5.8617234468937855,-1.0479751435041318,3.0117885962892776
2024-07-05,0.3387081149422862,0.3858058530825672,25.0,-1.0,1.0,495.89598601659236,0.16479184137429065,14.000000000000002,23.215,-3.57,-0.3999999999999999,5.965782451734421,50.71838324298721,1.846608098739161,1.203826114005755,-1.0,-7.16757291151755,-0.7215922607247682,-3.2813189458060887
2024-07-08,0.3343054415922444,0.3858058530825672,125.0,-1.0,1.0,512.3411178625346,0.07408022673711992,85.39603960396039,123.345,-3.31,1.87,12.362729645228804,39.564010415545845,1.838573295704272,1.0738817354083832,-1.0,-6.396801599200397,-0.6497811961278299,3.060251100564648
2024-07-09,0.3309721082589111,0.3719560878243513,-250.0,-1.0,-1.0,482.4059084695333,0.09041443839175026,-140.9313725490196,-251.965,-3.93,-0.3700000000000001,12.053841103086016,25.894767135114407,1.729394541237229,1.0745497054668256,-1.0,-2.938144329896908,0.03187420314492151,-1.8879856503892123
2024-07-10,0.3311264292465654,0.3719560878243513,1175.0,-1.0,1.0,497.15473340537386,-0.024142588559766875,1015.2912621359224,1174.21,-1.58,2.76,25.86767237376876,3.776905845194856,1.7614190703991193,1.2186635556928045,-1.0,-6.754697816150335,-2.1191523390643785,3.2568060096801688
2024-07-11,0.3369951656300076,0.3830671989354623,-350.0,-1.0,-1.0,496.30874304313096,-0.0037053985966969847,-232.21153846153848,-351.43,-2.86,0.5500000000000003,28.757008067824422,23.462640598829964,1.7762285878310011,1.255512244184648,-1.0,-5.419222903885479,-1.0933197893555069,-3.818041494529445
2024-07-12,0.3402122513288452,0.3830671989354623,575.0,-1.0,1.0,494.34133477098374,-0.012256122877494603,438.0952380952381,574.125,-1.75,1.82,35.00868741115148,20.06135434025147,1.7839694390529948,0.7627898620324299,-1.0,-5.727554179566563,-2.0322805512359876,0.8614179174926795
2024-07-15,0.3424304477861721,0.3830671989354623,1700.0,-1.0,1.0,544.7280224305085,-0.056423262529392185,2469.8113207547167,1700.855,1.71,5.02,53.94274856458342,111.11786069716044,1.936536970000645,1.2664632704407393,1.0,-8.194154488517746,-5.279879378584318,9.00390762103096
2024-07-16,0.3425510179966703,0.3830671989354623,-425.0,-1.0,-1.0,516.1280440886126,0.06305656082398056,-448.8317757009346,-425.48,-0.96,2.97,59.587097446044105,16.703282016155296,1.8480442166872733,1.0748805743816372,-1.0,-4.31034482758621,-4.158009767680316,-1.311044327573252
2024-07-17,0.3500907005363529,0.3916275430359937,975.0,-1.0,1.0,520.3411709739354,-0.024275390757033687,1281.9444444444446,975.29,0.58,2.16,82.76530120481928,47.97214653345443,1.8639243668382608,0.925968658717862,1.0,-7.606382978723403,-5.899561189663583,3.1115243859334285
2024-07-18,0.3577916461628304,0.395858595280291,-550.0,-1.0,-1.0,508.88649080744494,-0.050580045424833006,-575.2293577981651,-550.855,-1.71,1.15,97.46681230045373,89.59808565707867,1.892281207557304,0.8646192904705698,-1.0,-6.832627118644064,-4.373589931773081,-0.8432699254821485
2024-07-19,0.3625151725060751,0.4000177785679363,-925.0,-1.0,-1.0,495.5393127959837,0.0150552546251421,-798.8636363636364,-926.895,-3.79,-2.04,116.7919138146648,152.75156882816324,1.884982654098996,1.60456046282722,-1.0,-2.285092491838958,-2.250523852287256,0.4988830975428238
2024-07-22,0.3587758562667588,0.4000177785679363,425.0,-1.0,1.0,440.17042154147515,0.06857396367894124,421.17117117117124,423.54,-2.92,-4.63,157.18857638794717,10.861395149633267,1.7058035925358317,0.7287345101071189,-1.0,0.45172219085263254,-3.196843966807239,0.3693942569248154
2024-07-23,0.3546091896000922,0.3931199411331861,525.0,-1.0,1.0,437.4172854139938,0.024091904308222455,534.375,524.12,-1.76,-0.8,227.8024065864471,24.18937181219756,1.666047553166217,0.992829398941574,-1.0,-2.6038781163434943,-4.2170644001307656,-1.750537815834985
2024-07-24,0.3567867119500283,0.3931199411331861,500.0,-1.0,1.0,418.8388554588808,0.04164545609023353,553.0973451327435,499.425,-1.15,-1.73,359.39721075641745,10.50374415760642,1.5557108359537533,0.9155503583579554,-1.0,-6.104808211777413,-5.0143462221614925,0.9418469860896339
2024-07-25,0.3566395785152236,0.3931199411331861,-75.0,-1.0,-1.0,419.1371933413989,0.1307479882839238,-73.35526315789474,-76.265,-2.53,-0.8199999999999998,32.40999570486055,-5.727223232899991,1.4448119218504965,0.9883376739177572,-1.0,-7.980972515856233,-4.4561519042915165,-0.021797959498326414
2024-07-26,0.346983493859139,0.3830671989354623,600.0,-1.0,1.0,403.8364539995706,-0.12424533157273329,714.7826086956521,599.42,-1.16,2.63,27.803443375962463,-33.63101634522935,1.4588978951264304,0.834080245759658,-1.0,-9.153439153439159,-5.323812412119877,2.8306301515554466
2024-07-29,0.3474239342995794,0.3830671989354623,1225.0,-1.0,1.0,430.68756229520886,-0.03781630406293355,1990.625,1225.51,1.02,3.94,29.02359116913416,-13.231831317563946,1.4948779070729177,1.1626410276359849,1.0,-12.807109252483006,-7.400210958752007,7.531558180304376
2024-07-30,0.3508051174961989,0.3830671989354623,1125.0,-1.0,1.0,444.9719092257397,-0.017046329330474053,1971.1538461538462,1125.77,1.54,3.3,29.54629996280164,29.22989526007456,1.5476317260406305,1.2860233958626888,1.0,-13.716108452950559,-9.24849027063297,3.8391435867594526
2024-07-31,0.3532310434221248,0.3830671989354623,-775.0,-1.0,-1.0,438.3638088932164,-0.05657010543907111,-1077.1186440677966,-775.425,-0.85,0.2999999999999999,23.512848212230157,42.00433858751582,1.6347082598291405,1.3287319820241097,-1.0,-12.533051295610786,-6.8982015704595945,-3.097443497591701
2024-08-01,0.3547566750139816,0.3830671989354623,925.0,-1.0,1.0,435.7766810987867,-0.0563005630301985,1570.1680672268908,925.525,1.05,3.58,27.691214477688064,22.50569185267144,1.6725115771455104,1.1835506725747582,1.0,-13.94358701436934,-8.304743542487735,6.4966161963753155
2024-08-02,0.3569277276455605,0.3830671989354623,-75.0,-1.0,-1.0,432.0544556321331,-0.05493061310007212,-108.125,-75.125,-0.25,0.91,27.74904163481991,25.582792094420004,1.6784725705805907,1.2169289432251642,-1.0,-13.738019169329075,-7.457656165205218,-3.2375182317962548
2024-08-05,0.3522490784080877,0.3719560878243513,-250.0,-1.0,-1.0,424.6728617108517,-0.034657358827997184,-334.7107438016529,-250.615,-1.23,-2.25,21.070816709017947,24.422549110309298,1.702572590965861,1.080582346479885,-1.0,-12.973838761345435,-6.235618959963185,-2.32733951421773
2024-08-06,0.350020843679853,0.3719560878243513,125.0,-1.0,1.0,432.0544556321331,0.03465735882799732,165.98360655737704,124.54,-0.92,-2.46,21.376671471598165,-14.47283200877788,1.681309150584014,0.7563615535583427,-1.0,-13.701540095592135,-5.82439872500724,-1.6401304886677126
2024-08-07,0.3441008914695782,0.3552083333333333,475.0,-1.0,1.0,416.6438590248965,0.045285431064471006,695.1219512195122,475.06,0.12,0.97,18.97614291551278,-39.031715279779576,1.6330509880316435,0.6251080400343529,1.0,-12.527233115468405,-6.301050175029177,1.214643307151242
2024-08-08,0.3443715467402334,0.3552083333333333,900.0,-1.0,1.0,415.33911319230265,-0.047223080354740946,1662.0967741935483,901.115,2.23,1.18,29.52952421410365,-11.739328905662315,1.6340389509791615,0.94951413467278,1.0,-15.135135135135137,-7.647058823529407,4.713457823567291
2024-08-09,0.3392034646453998,0.321875,475.0,-1.0,1.0,416.98321309136645,0.009552761819828892,915.8,476.74,3.48,3.73,29.79444041462901,58.27576417147724,1.6335884441362591,1.0215598154575352,1.0,-15.106732348111663,-8.018028703593883,1.0677015719446015
2024-08-12,0.335414200697908,0.321875,775.0,-1.0,1.0,338.61900263772617,0.039276024999443736,1482.3412698412696,776.415,2.83,4.0600000000000005,23.686809058709883,-30.847781369379955,1.5124714599852598,0.7799277491769594,1.0,-13.587265491756684,-9.21308048379872,3.8745994474515655
2024-08-13,0.3435256612150289,0.3552083333333333,-500.0,-1.0,-1.0,336.91713802467336,-0.008125946457241606,-854.3307086614174,-499.32,1.36,2.28,20.59685584865441,41.80475130449721,1.5347836996650726,1.340881718021199,1.0,-13.288288288288285,-7.365635056693431,-3.7764992754189097
2024-08-14,0.3512224204742882,0.3719560878243513,1775.0,-1.0,1.0,419.82139059366665,-0.029955911522470367,3536.1328125,1777.725,5.45,5.33,21.455655815081823,77.29646119095163,1.739957477230151,1.420823839749619,1.0,-15.428900402993673,-10.918407567993693,3.8458069927042926
2024-08-15,0.3542014864968325,0.3719560878243513,525.0,-1.0,1.0,420.1718789908921,0.0023260007774157155,1021.5116279069767,527.035,4.07,1.8400000000000003,22.255079246888627,82.39748609107768,1.67295338812687,1.350811566612556,1.0,-17.68050028425242,-11.355984083256809,-0.19061844613400547
2024-08-16,0.358831116126462,0.3719560878243513,-275.0,-1.0,-1.0,422.80975876304365,0.06065113186452862,-514.0384615384615,-273.46,3.08,-0.3999999999999999,19.178335926502186,-21.201075879434597,1.5673164038168288,1.155881839200552,1.0,-18.76391982182628,-9.75164692419509,-2.030330978317618
2024-08-19,0.3547059173080117,0.35,-225.0,-1.0,-1.0,429.87720094782514,0.031799438231424726,-391.60305343511453,-224.115,1.77,-1.06,19.630805247395283,67.39103139879658,1.6096856684350649,1.0945013487472266,1.0,-17.48173130972457,-8.31303478858285,0.75045404690115
2024-08-20,0.3614561431436034,0.3719560878243513,-800.0,-1.0,-1.0,431.5364228086968,-0.02106067322107703,-1145.4545454545455,-800.2,-0.4,-1.7600000000000002,21.85353340202645,9.139350880025845,1.7526896278995687,0.9777074500217136,-1.0,-14.675767918088734,-5.553456743483187,0.07492716638679564
2024-08-21,0.3718349310223913,0.3830671989354623,-1450.0,-1.0,-1.0,468.3467563787822,-0.05323553678410413,-1580.827067669173,-1451.96,-3.92,-9.37,19.434741694179944,136.4257235116656,2.033077774166827,1.8565826550619464,-1.0,-10.356731875719216,-1.342451874366768,-1.0618479060324093
2024-08-22,0.3811767427136006,0.3972222222222222,1225.0,-1.0,1.0,462.33105022267324,-0.13966039984627543,1654.6641791044776,1224.62,-0.76,-4.83,17.302313214570592,90.92810660055778,2.1071221234015254,1.553945279596368,-1.0,-13.325674899483053,-3.7381985200306223,-1.806842765951766
2024-08-23,0.3858152434898259,0.4222222222222222,1050.0,-1.0,1.0,466.8553816423465,-0.02798078936105679,1683.888888888889,1050.615,1.23,-1.85,12.678088461160556,57.018926772733856,2.154123332093972,1.0363076341615889,1.0,-14.560279557367506,-5.665230531798593,-1.2231001826943588
2024-08-26,0.3905043969289793,0.4416666666666666,-500.0,-1.0,-1.0,455.8447190598317,0.044804401168648166,-698.5294117647059,-500.1,-0.2,-1.97,6.4538778572356055,13.049619144540037,2.1449245865214994,1.0247884720591909,-1.0,-10.851318944844124,-3.8194107564438418,1.5916361082936703
2024-08-27,0.3933073774242675,0.4416666666666666,-900.0,-1.0,-1.0,447.8016478190692,0.01115717755459944,-1087.2262773722628,-901.215,-2.43,-2.03,3.111800666913672,23.284502274875265,2.180345161363978,1.2397245854608927,-1.0,-6.161429451632783,-1.171279322539831,0.5791549397579532
2024-08-28,0.3929860266617402,0.4416666666666666,200.0,-1.0,1.0,460.99684609036444,0.06772728295478173,255.0724637681159,199.01,-1.98,1.94,8.5398027070429,5.685058993435899,2.1178377298049456,1.116688601408194,-1.0,-8.403869407496977,-1.2450296590834964,2.0036920755123866
2024-08-29,0.3927521085330853,0.4416666666666666,-550.0,-1.0,-1.0,457.7476321477175,0.02599377292744045,-662.769784172662,-551.69,-3.38,-2.62,6.311230786491641,56.21924248213893,2.111584883240949,1.4477263868220815,-1.0,-4.947433518862088,0.4509509182406335,4.30999559665346
2024-08-30,0.3963546063797692,0.4416666666666666,-1025.0,-1.0,-1.0,443.7430503532896,-0.1307479882839237,-1109.1964285714284,-1027.725,-5.45,-6.68,7.73012508638242,60.65998598614186,2.208148306650893,1.506012147579828,-1.0,-2.592592592592591,3.27225130890052,-1.9460673398399297
2024-09-02,0.4086458716334622,0.4583333333333333,1850.0,-1.0,1.0,499.11764249787,-0.10007399983753318,2624.113475177305,1849.635,-0.73,-0.53,8.84312394049185,80.82609396106231,2.42463587764666,1.4712442946229367,-1.0,-7.730061349693251,-1.163172767299736,-1.318247961494412
2024-09-03,0.3990577490280982,0.4416666666666666,150.0,-1.0,1.0,497.41932696881133,-0.009116077773031006,211.26760563380282,149.435,-1.13,1.3000000000000005,12.718512689546632,83.61797852911043,2.4245902553636385,1.0150437779552952,-1.0,-7.8153846153846125,-1.1449500115484845,1.861999162362138
2024-09-04,0.3969598654302146,0.4222222222222222,650.0,-1.0,1.0,493.2705033485017,-0.01568287791441192,1036.3636363636363,650.17,0.34,2.32,11.62719706183969,116.93623758892544,2.437592660660213,0.9468821284199018,1.0,-8.34371108343711,-2.4293242302721008,0.23470559010467795
2024-09-05,0.4101059092012584,0.4416666666666666,1425.0,-1.0,1.0,513.0068097424295,-0.022976616448454102,2780.7291666666665,1426.945,3.89,7.27,11.666826093095924,83.21945249785108,2.527815641718316,1.1749043568435655,1.0,-9.87261146496815,-5.723232727030448,4.750632392151499
2024-09-06,0.4124960535829282,0.4416666666666666,-225.0,-1.0,-1.0,524.6725169093575,0.03736071997455206,-411.2068965517241,-224.015,1.97,7.42,7.850604603368472,63.27387477163262,2.533750414390606,1.123053164847332,1.0,-8.188265635074144,-4.720484426750526,-2.3862941056496
2024-09-09,0.4217209807572936,0.4583333333333333,-975.0,-1.0,-1.0,525.9999874924954,-0.011478722068990855,-1332.277397260274,-975.615,-1.23,-0.5,1.9299022032471649,89.77035305782783,2.596647328899319,0.957338957041515,-1.0,-3.749999999999998,-1.9239793524167048,-1.8278311742582543
2024-09-10,0.4162037037037037,0.4416666666666666,500.0,-1.0,1.0,525.9999874924954,6.661338147750939e-17,792.5170068027211,500.21,0.42,1.5499999999999998,6.860587805603903,-0.9464247857294272,2.5857457765888494,0.876789336929153,1.0,-6.298701298701303,-2.949187880418336,0.8781488638975654
2024-09-11,0.424537037037037,0.4416666666666666,-3150.0,-1.0,-1.0,714.3777196384203,-0.028680101483212074,-3320.27027027027,-3153.22,-6.44,-6.78,10.54827770372075,166.48833291019457,3.0859245106665845,2.3870550659595318,-1.0,6.807351940095296,5.171431444180041,7.429458751250051
2024-09-12,0.4287962962962962,0.4611111111111111,750.0,-1.0,1.0,710.211004598374,-0.017833747168365145,833.0536912751677,747.955,-4.09,-7.98,7.258639891414054,92.23223279765772,3.1026101638596724,1.6228428779231785,-1.0,6.284530386740328,2.846832397754606,-3.160693805087278
2024-09-13,0.4244444444444444,0.4416666666666666,-300.0,-1.0,-1.0,709.0857716658453,-0.004350568834329915,-328.0,-302.095,-4.19,-6.16,6.265181152502032,45.31401883777835,3.102752721722447,1.017259564562926,-1.0,6.305688827964362,3.3311125916055895,-2.9377527388064872
2024-09-18,0.4257407407407407,0.4416666666666666,1125.0,-1.0,1.0,692.6968654241342,-0.08047189544392716,1482.615894039735,1124.335,-1.33,-0.1,2.097079162755028,26.512419582840497,3.185528702652548,0.8498669763317095,-1.0,2.588555858310637,0.2062678820946129,-3.2013405430703745
2024-09-19,0.4188888888888888,0.4222222222222222,-200.0,-1.0,-1.0,711.8082976698003,0.0693147178684946,-232.89473684210526,-201.09,-2.18,-2.6,-0.1127470194708817,57.212605415002216,3.1520831869824315,0.9312306805679258,-1.0,0.9333333333333416,0.6916733173716327,-2.0911308251850946
2024-09-20,0.4087962962962963,0.4055555555555555,200.0,-1.0,1.0,716.7589699840746,0.09905007322781201,247.05882352941177,199.27,-1.46,4.98,0.4780855212200529,-37.8138355343099,3.0258161784386743,0.7560464558336896,-1.0,-3.3376123234916566,0.3331112591605567,-0.4766292917579684
2024-09-23,0.3998148148148148,0.3972222222222222,225.0,-1.0,1.0,723.8829870547922,0.0847297858573145,277.5974025974026,224.43,-1.14,2.95,0.3681087280755439,-4.671056271786645,2.94460564578801,1.00983174550702,-1.0,-0.7952286282306154,-0.22660623833644644,-1.914318624844935
2024-09-24,0.4113888888888888,0.4055555555555555,-975.0,-1.0,-1.0,722.6993897152099,0.003705398604023169,-1157.4193548387095,-976.4,-2.8,1.3900000000000006,6.105402291992712,27.752541287440916,2.9229260460353066,0.9107073977251756,-1.0,4.703476482617597,2.137846194766757,4.423235877307485
2024-09-25,0.4057407407407407,0.3972222222222222,275.0,-1.0,1.0,729.234458001569,0.0298918499559629,407.21153846153845,275.0,0.0,0.0,8.745600997483702,77.06022597698767,2.918967627424885,1.2222079951795433,0.0,2.555480833893742,1.27843267474681,4.119519706564234
2024-09-26,0.406574074074074,0.4055555555555555,-400.0,-1.0,-1.0,733.5521005426447,0.040546510741372076,-433.8069573738363,-401.3,-2.6,-0.4199999999999999,0.0368309236027829,-7.16740282488646,2.8790342762824883,0.7867686041243005,-1.0,1.1818778726198298,2.2798924766866957,-7.475614416989318
2024-09-27,0.4027777777777777,0.4055555555555555,50.0,-1.0,1.0,740.2879951677413,0.06931471730599462,57.068854309441264,49.09,-1.82,-0.3600000000000001,-2.237340378687803,40.6911521669421,2.875889031681861,1.0607498239758146,-1.0,1.5841584158415856,2.0658553569652183,-0.3151925503208086
2024-09-30,0.417037037037037,0.4111111111111111,-1400.0,-1.0,-1.0,752.5002185696483,-0.04671546181364683,-1198.37592548364,-1402.57,-5.14,-4.0,-8.141822295768463,28.28833503196517,2.9693546620403826,1.2694907114438598,-1.0,3.7735849056603765,5.576700314413374,-1.9899197816403147
2024-10-08,0.4298148148148148,0.4277777777777778,1550.0,-1.0,1.0,769.9912422605173,-0.020678115900516693,2162.0184748427673,1550.39,0.78,3.58,-8.806688537011684,31.882783781351453,3.0464748781800823,1.37412021658482,1.0,-2.851711026615966,1.6241299303944245,-2.6557782363132554
2024-10-09,0.4288888888888889,0.4277777777777778,125.0,-1.0,1.0,744.5901380519424,0.13473135866553057,172.88916925465838,125.395,0.79,0.0,-8.132940108892923,-39.64424249900627,2.8505407451877125,0.6487658586391368,1.0,1.5957446808510634,1.2121613565609035,-0.5891739290536435
2024-10-10,0.4373148148148147,0.4583333333333333,1350.0,-1.0,1.0,743.5291025345205,-0.10986122857051461,2283.126293995859,1352.205,4.41,7.01,-9.5736752839595,6.430796401781636,2.964330683874968,0.8059962866762372,1.0,-1.602136181575431,-2.28704010606563,0.26451508733271734
2024-10-11,0.4298148148148148,0.4277777777777778,-100.0,-1.0,-1.0,759.0853221580493,0.09359010842200274,-149.96023630992957,-98.275,3.45,5.2700000000000005,-15.121863676762151,-2.560606598174331,2.937754186883555,0.7070365296383814,1.0,0.40760869565217295,-2.0413573700954424,-5.9152848231666555
2024-10-14,0.4262962962962963,0.4277777777777778,400.0,-1.0,1.0,746.6801524079772,0.06352312718982625,609.6214275026185,401.88,3.76,8.899999999999999,-18.483785437487253,-28.586195928753177,2.804397165014688,0.6694557550571639,1.0,3.3215547703180137,-3.25248982562949,0.6015847605239655
2024-10-15,0.4252777777777777,0.4277777777777778,-150.0,-1.0,-1.0,749.4471646697845,0.020273255294297177,-202.63858093126387,-148.5,3.0,2.22,-21.8972001671542,-51.01070928680706,2.803004105898382,0.4594734144637193,1.0,3.08988764044944,-2.996663032345459,-6.473776127543951
2024-10-16,0.4256481481481481,0.4277777777777778,1125.0,-1.0,1.0,752.9809181897605,-0.007155042175196002,1653.6144578313254,1127.985,5.97,5.18,-19.68534772651814,-37.80329077193654,2.825464753787244,0.5167810520978932,1.0,-2.734107997265889,-5.845767029476956,0.952380952380949
2024-10-17,0.4315740740740741,0.4472222222222222,1275.0,-1.0,1.0,761.0966378228609,-0.04680466789773237,1763.6227544910178,1279.445,8.89,4.48,-23.37070496942896,-25.45671349731705,2.919643506892881,0.5725595092716103,1.0,-4.920304920304918,-9.006499535747448,-3.750794996820017
2024-10-18,0.4360185185185185,0.4472222222222222,-1025.0,-1.0,-1.0,519.235267636834,0.05613549197945111,-634.3776732249786,-1025.335,-0.67,-4.12,-36.83325739603136,-66.93942737572904,2.1831787731761683,0.8081601474886659,-1.0,-9.94263862332696,-5.800000000000005,-11.44419420384024
2024-10-21,0.4399074074074074,0.4472222222222222,-900.0,-1.0,-1.0,521.8325502748135,-0.009116077828586566,-1159.5836855452242,-899.275,1.45,-2.31,-21.264738449557694,-49.68534362435171,2.2577980822675947,0.909097344506287,1.0,-5.847953216374268,-3.1093279839518595,20.70700161671435
2024-10-22,0.4384259259259259,0.4472222222222222,-650.0,-1.0,-1.0,515.0370451673713,-0.03865949432193043,-755.1131221719456,-650.27,-0.54,-3.54,-13.31767694917804,-4.664090882878725,2.29389061419618,1.1001156087827184,-1.0,-4.900064474532561,-1.1195280552389941,6.859123948465129
2024-10-23,0.4477777777777778,0.4777777777777778,-750.0,-1.0,-1.0,504.51090176526407,0.020273255383186074,-795.1754385964912,-751.065,-2.13,-8.1,-6.389950139221654,29.89533213235127,2.2560627573149,1.2454037707335908,-1.0,-0.06640106241699861,0.8949820668387343,4.534892689793479
2024-10-24,0.4504629629629629,0.4777777777777778,525.0,-1.0,1.0,494.16995797844794,-0.04825404464741736,639.1676866585068,524.395,-1.21,-10.1,-2.166216198341277,-0.4693164428514196,2.274186596308179,1.0639246608849762,-1.0,-1.9815059445178362,-0.4127101298527003,2.3265680699861235
2024-10-25,0.4524999999999999,0.4777777777777778,-250.0,-1.0,-1.0,491.7744455165984,-0.011157177515710414,-309.7106465922839,-250.935,-1.87,-1.2000000000000002,2.344054580896686,23.324036027489782,2.277468434912012,1.035970282057995,-1.0,-0.7968127490039834,0.298747944009925,4.111533746755125
2024-10-28,0.4625925925925926,0.4833333333333333,-950.0,-1.0,-1.0,483.5093070458933,-0.0720180789499176,-953.5662082253671,-951.96,-3.92,-5.37,2.1237674966914937,18.08560859336305,2.3425713546779816,1.3084299278194265,-1.0,2.338009352037407,2.7291624756923483,-2.1254399141166447
2024-10-29,0.4673148148148148,0.4888888888888889,850.0,-1.0,1.0,480.72040237871937,0.006860056068132825,1077.9646962233169,849.435,-1.13,-0.5899999999999999,-2.737984013287657,-3.3446194236872007,2.323879431473066,0.9771481249961078,-1.0,-2.473958333333337,0.5774137236471022,-0.5479851924582335
2024-10-30,0.4626851851851852,0.4833333333333333,525.0,-1.0,1.0,472.1242588445055,-0.03233135815967245,722.0284090909091,525.0,0.0,2.13,-6.9496834443909,-29.61184942333587,2.338470080068907,1.0017595925200324,0.0,-3.147540983606556,-0.672494956287828,-0.3891275537885486
2024-10-31,0.4604629629629629,0.4777777777777778,-500.0,-1.0,-1.0,469.1046903691283,-0.011157177540710416,-663.4806753980482,-500.77,-1.54,-0.33,5.531584358906434,24.723211799387368,2.347564165617585,1.1264710684186254,-1.0,-2.85528877352369,0.8216594827586299,4.935107841080066
2024-11-01,0.4610185185185185,0.4777777777777778,-825.0,-1.0,-1.0,441.8468268767499,-0.14016801810593274,-923.195581793944,-826.73,-3.46,-1.59,4.912192199766687,42.3510105614542,2.404308403514415,1.7154825417933572,-1.0,-0.5847953216374324,3.075420217603675,-0.9002684637999359
2024-11-04,0.4589814814814815,0.475,-375.0,-1.0,-1.0,422.8972750718049,0.065865074384028,-429.8694369468332,-376.715,-3.43,0.4899999999999997,8.321193376868672,-29.04372042501314,2.261711673599356,1.060423063115805,-1.0,-3.1347962382445194,4.2615649357222285,1.194805194805193
2024-11-05,0.4570370370370371,0.475,-50.0,-1.0,-1.0,398.38489719841215,0.17169935925651547,-58.81284916201117,-51.55,-3.1,-1.97,11.053620492677814,-18.0718717520708,2.0821734846149185,1.3680261425362494,-1.0,0.9132420091324311,4.347239553472049,-0.20024776418280377
2024-11-06,0.460462962962963,0.4777777777777778,725.0,-1.0,1.0,380.13155617496415,-0.08789289554658411,898.8620319214242,724.375,-1.25,-1.25,7.41022158481104,80.30033780906692,2.1258585413317515,1.3499243576135689,-1.0,-0.654450261780104,2.425694139873813,-3.850601098471318
2024-11-07,0.4666666666666667,0.4777777777777778,-475.0,-1.0,-1.0,345.9611896395925,0.052227253301665645,-564.471647137393,-476.235,-2.47,-0.9300000000000002,9.537680397478344,-10.787031127482273,1.972256576587925,0.8360540456942964,-1.0,4.274084124830391,3.487745758147054,2.2504399190018454
2024-11-08,0.4668518518518519,0.4777777777777778,225.0,-1.0,1.0,337.06355796090315,-0.040546510533038635,286.975319762205,224.345,-1.31,2.15,15.50125351134201,62.42503055996256,1.9805559646516864,1.3006841156742197,-1.0,3.382949932341006,2.70887947838947,-0.7930193541691888
2024-11-11,0.4747222222222222,0.4833333333333334,-2275.0,-1.0,-1.0,494.4610968678825,-0.0869135391108314,-2362.0218579234975,-2278.365,-6.73,-3.3000000000000003,37.01116409874047,116.05556174145416,2.3366896242849164,1.5492670424604378,-1.0,10.738714090287282,8.254488315335484,19.336715569619155
2024-11-12,0.4745370370370371,0.4833333333333334,-100.0,-1.0,-1.0,497.61767981368774,0.020273255238741662,-107.60869565217392,-102.74,-5.48,-2.3800000000000003,52.94168004280364,309.312292358804,2.3374409544288244,1.8312483324823885,-1.0,10.558583106267028,7.962482538415494,4.40067348675488
2024-11-13,0.4836111111111111,0.4916666666666667,-2675.0,-1.0,-1.0,658.8104810945254,-0.04330831720882637,-2732.837837837838,-2679.8,-9.6,-8.35,71.13896544413822,398.7001492615677,2.5443009627032493,2.248573720059704,-1.0,21.574139142656357,13.916965726138342,12.963882902801483
2024-11-14,0.4912037037037037,0.4916666666666667,2750.0,-1.0,1.0,785.5856012186738,-0.03843273663237057,3518.896268184693,2748.735,-2.53,-0.0599999999999996,61.61296894875085,484.536822460573,2.8636516062135646,2.5823006834469693,-1.0,18.075801749271147,5.809738414813359,-9.10825165296295
2024-11-15,0.4911111111111111,0.4916666666666667,1350.0,-1.0,1.0,792.293265414425,-0.013770598981254812,2209.206109910115,1350.255,0.51,1.82,71.75351324462132,185.69168138069068,2.96498099764941,1.563057231175664,1.0,10.828025477707005,1.7742249951257616,-5.88768424567453
2024-11-18,0.5015740740740741,0.4972222222222222,-1325.0,-1.0,-1.0,798.357689259645,-0.019338648736980813,-1621.1225092874029,-1326.545,-3.09,3.640000000000001,42.64608156768202,99.51527185656718,3.000238969017913,1.141700360885659,-1.0,11.732229123533466,4.6406411582212925,0.2505303858602481
2024-11-19,0.5070370370370371,0.5305555555555556,-850.0,-1.0,-1.0,796.2122501999206,-0.013413199311634361,-930.9997215260373,-852.36,-4.72,0.7600000000000007,37.86806533099366,123.76049971167376,3.00742074795215,1.4819926916336243,-1.0,12.067796610169502,6.227106227106227,3.2798133662687023
2024-11-20,0.5032407407407408,0.5305555555555556,-25.0,-1.0,-1.0,820.3767988584655,0.17005986714977456,-27.239597685312756,-27.205,-4.41,5.19,31.34572017542646,85.36839702965082,2.99071429980771,1.365721681019553,-1.0,9.900332225913623,5.784912538773934,-0.41050673454829933
2024-11-21,0.4958333333333333,0.4972222222222222,375.0,-1.0,1.0,824.48049831713,0.016823611792965452,453.5851603403142,373.445,-3.11,-0.5800000000000001,25.26589991346986,76.62784531204395,2.976248379426447,1.085253949762716,-1.0,10.444743935309964,4.30853433462739,-2.409993890749751
2024-11-22,0.4947222222222222,0.4972222222222222,1225.0,-1.0,1.0,814.4218162210797,-0.0794617600966453,1831.4173143350604,1224.75,-0.5,-1.01,15.947292553168465,63.904298859128026,3.0785461605737274,0.971561077240746,-1.0,6.425702811244971,0.8819237358035581,-3.63338729987408
2024-11-25,0.4896296296296296,0.4916666666666667,-425.0,-1.0,-1.0,821.9150855743778,0.040218640718493084,-572.6523689973825,-425.78,-1.56,1.5299999999999998,15.035758355779056,0.5983530545169646,3.0408476510649125,0.7605872236697058,-1.0,4.895561357702349,1.7185175807829856,-2.8948930562140873
2024-11-26,0.487962962962963,0.4916666666666667,850.0,-1.0,1.0,821.9150855743778,6.661338147750939e-17,1336.5873645255087,850.16,0.32,5.04,13.59144719872633,44.38730661040788,3.036446668842038,0.8038297836417911,1.0,5.006675567423224,-0.6693609497347763,-1.796637408351498
2024-11-27,0.4802777777777777,0.4916666666666667,75.0,-1.0,1.0,838.6029657773255,0.09729550688133715,114.83320251177395,75.065,0.13,4.54,10.228718630991978,-7.515857763847366,3.012953708386452,0.5180389708662542,1.0,6.296547054840884,-1.1490634345978301,-3.3379792032072197
2024-11-28,0.4697222222222222,0.4805555555555556,0.0,-1.0,0.0,857.5698145586196,1.0015059329193234,0.0,-0.19,-0.38,2.73,3.0824409358367264,19.237342941611235,3.0043747330465846,0.7548962240078689,-1.0,4.876419505678031,-1.3757145549343597,-1.8679778694035587
2024-11-29,0.4703703703703704,0.4805555555555556,-25.0,-1.0,-1.0,877.1693034084726,0.1748253761339303,-36.30531200328154,-25.225,-0.45,0.0499999999999999,3.404100032199206,-30.955149174319164,2.9701832098802674,0.6937467994957899,-1.0,2.6797385620914937,-1.439819316791613,-0.5910370388714115
2024-12-02,0.4626851851851852,0.4527777777777778,125.0,-1.0,1.0,885.4182404526777,0.054930614166738945,188.19158925942847,125.065,0.13,1.69,1.580769426578648,-22.799631948798535,2.965818285963799,0.4725824753843044,1.0,1.3592233009708687,-1.8181818181818188,-0.5895687844088116
2024-12-03,0.4518518518518518,0.425,150.0,-1.0,1.0,881.2548992025071,-0.05493061376673871,216.85175879396985,150.16,0.32,0.0,-2.176962709789318,-33.7075052217481,2.9678469024341214,0.5225961413405681,1.0,0.8403361344537785,-2.2341992291542656,-3.892095525280448
2024-12-04,0.4461111111111112,0.425,850.0,-1.0,1.0,881.1289110537326,-0.007953234721342285,1299.9447236180904,851.18,2.36,2.23,-3.747933043885789,-22.096091594976887,2.979195121858491,0.6303718503670424,1.0,0.5270092226614009,-4.388960245606343,-5.394693957369146
2024-12-05,0.4487962962962963,0.425,-100.0,-1.0,-1.0,892.4933657427022,0.07790723050759082,-125.84673366834171,-99.61,0.78,1.16,-10.290226058079805,-18.142610401954077,2.966697031857896,0.4100148671662147,1.0,-0.45543266102797686,-4.1173152848279715,-4.699564999701423
2024-12-06,0.4444444444444445,0.425,-75.0,-1.0,-1.0,898.0928257614635,0.054930613988961194,-81.79899497487438,-74.835,0.33,0.78,-14.033229599797764,-42.62939786199696,2.96346449843718,0.4664700105497496,1.0,0.327225130890052,-3.9443591591215243,-4.932279365691428
2024-12-09,0.4335185185185185,0.4111111111111112,-75.0,-1.0,-1.0,838.242012221191,0.1706123602477485,-66.94786432160804,-75.195,-0.39,-0.52,-31.501210742186785,-57.64496404082674,2.6201404844879246,0.4408476657570567,-1.0,-5.1266213712168,-3.505465510742556,-4.911857308719969
2024-12-10,0.4301851851851851,0.4111111111111112,100.0,-1.0,1.0,838.242012221191,1.3322676295501878e-16,83.78391959798995,100.035,0.07,-0.25,-37.39434944445999,-57.53350161927875,2.617731417405817,0.5834799723594206,1.0,-5.606900800985826,-3.480863128051659,-4.5812027790070875
2024-12-11,0.4192592592592593,0.3861111111111112,-25.0,-1.0,-1.0,703.4442988460047,0.23364143974178705,-17.569723618090453,-25.065,-0.13,-2.49,-47.88250414208514,-83.75651619385094,2.068194007525411,0.3264502211020143,-1.0,-11.387283236994216,-2.8147584632940315,-5.960649765027348
2024-12-12,0.4193518518518518,0.3861111111111112,-200.0,-1.0,-1.0,475.8285709658135,0.13105194097381095,-116.49748743718592,-200.325,-0.65,-1.4300000000000002,-45.62682712423423,-85.74094994842577,1.5686976174499454,0.4144691990807477,-1.0,-4.876543209876538,-2.062347071721382,-5.174401331035716
2024-12-13,0.4111111111111111,0.3861111111111112,625.0,-1.0,1.0,425.50279855595215,0.03850541104184089,485.03454773869345,625.395,0.79,0.46,-46.70509098018204,-79.37825753657795,1.4316737199580265,0.4125931448884609,1.0,-3.1928480204342247,-3.497883446322292,-7.754007344186686
2024-12-16,0.4062962962962963,0.3611111111111111,-100.0,-1.0,-1.0,365.49128796586547,0.12919987715934758,-62.28391959798996,-100.0,0.0,0.39,-50.45105559287267,-73.29932968416124,1.1725245929469468,0.4250786335862255,0.0,-6.114885731933295,-2.937420178799488,-6.795826313787289
2024-12-17,0.4054629629629629,0.3611111111111111,400.0,-1.0,1.0,343.958668722673,0.03768859005264269,132.57286432160805,398.78,-2.44,-2.51,-56.21564541169559,-83.88143192860541,1.035617934796489,0.3818383441433345,-1.0,-9.013914095583786,-3.5000481216515333,-8.735896912626451
2024-12-18,0.3977777777777778,0.3527777777777777,420.0,-1.0,1.0,339.1731431770968,-0.14106894243950818,164.5492462311558,419.165,-1.67,-1.54,-60.27934020097327,-80.5669779925259,1.037577409888894,0.4817547106997177,-1.0,-10.084643288996375,-4.064610601144358,-9.65356418406299
2024-12-19,0.3973148148148148,0.3527777777777777,220.0,-1.0,1.0,339.4045676273606,0.02666492388696322,90.06733668341707,219.23,-1.54,-0.89,-63.64130239251664,-82.28879853089383,1.0338575321582044,0.3896571067642346,-1.0,-9.798657718120808,-4.135704003423724,-10.67002563422611
2024-12-20,0.4118518518518518,0.3611111111111111,-1980.0,-1.0,-1.0,465.78061246403144,-0.024007800019923753,-625.9884422110554,-1981.495,-2.99,-3.78,-46.00244165599531,-70.30867409402546,1.5404347702717167,0.6413475190199381,-1.0,-2.037735849056599,1.1060912914784282,43.117386873014766
2024-12-23,0.4141666666666667,0.3611111111111111,350.0,-1.0,1.0,465.3704664593912,0.009707800696837942,140.52763819095475,348.945,-2.11,-2.11,-41.79171616742984,-65.2566637458998,1.5251485027978895,0.6219659327273119,-1.0,-3.9452395768512782,0.40393133817704374,4.677355790172366
2024-12-24,0.4107407407407407,0.3611111111111111,-510.0,-1.0,-1.0,451.6620621892572,0.025541281149084005,-158.5741206030151,-511.66,-3.32,-0.8799999999999999,-37.06425394637935,-65.69936988219537,1.4900140459736235,0.7011944406502482,-1.0,-0.5721551176096629,1.7606412742201982,6.179077662848909
2024-12-25,0.4127777777777777,0.3611111111111111,350.0,-1.0,1.0,447.9738009256672,-0.07702225152354777,145.71608040201002,348.775,-2.45,-0.7800000000000002,-33.75969023645392,-44.04973777382282,1.5025753069484176,0.7575034204767199,-1.0,-1.273885350318471,0.915400341159156,1.737448134715991
2024-12-26,0.4072222222222222,0.3527777777777777,-10.0,-1.0,-1.0,447.5868042831702,-0.8059047875479155,-4.0628140703517595,-11.24,-2.48,-0.94,-32.59618797619343,-70.11783696529459,1.5026348223099806,0.6375270342870525,-1.0,-1.2484076433120994,1.0058894042841438,-0.1443019089430453
2024-12-27,0.4130555555555555,0.3611111111111111,510.0,-1.0,1.0,443.05124748130055,-0.15077674314054773,324.88793969849246,509.38,-1.24,1.7500000000000002,-28.690409957899803,-56.25472707813057,1.5284691031992057,0.8930539198656392,-1.0,-2.609802673456396,-0.18983501966847172,5.169309901414487
2024-12-30,0.4121296296296296,0.3611111111111111,-910.0,-1.0,-1.0,455.84046147285926,-0.09925654276537474,-378.0158291457287,-912.09,-4.18,-2.07,-24.22212384206086,39.75255513717053,1.6260592323638972,1.8784610280795175,-1.0,0.025542784163468113,2.1834004161964238,5.639526759513713
2024-12-31,0.4063888888888888,0.3611111111111111,610.0,-1.0,1.0,454.2709601803286,-0.07014118290218888,351.4396984924623,608.67,-2.66,0.6599999999999997,-20.163831127914303,-21.83670313526888,1.6619573343728555,1.1652357083063782,-1.0,-1.1538461538461497,0.6507705462686753,1.2549741509496393
2025-01-02,0.4131481481481481,0.3805555555555555,-350.0,-1.0,-1.0,443.0385512511712,0.0443651596660116,-297.5,-350.0,0.0,0.0,-15.728453245506453,-33.98450289206592,1.595324351271051,1.2133276377616404,0.0,1.9659239842725995,1.465246848773738,-0.13880194867049722
2025-01-03,0.4088888888888889,0.3805555555555555,710.0,-1.0,1.0,442.58540656608074,-0.098004738772786,649.65,710.0,0.0,0.0,-9.376295368005012,17.689618577938692,1.652063405479559,1.3859797896479564,0.0,-0.15686274509804088,-0.37889409877331914,2.483920200588674
2025-01-06,0.4176851851851851,0.4,-640.0,-1.0,-1.0,436.9646348450444,-0.10719900255232866,-544.0,-640.0,0.0,0.0,-7.042289225652388,66.42440075470854,1.6936880683477664,2.0999330511456145,0.0,1.3176777560339303,1.2239152252968566,-2.4838179526319393
2025-01-07,0.4248148148148148,0.4111111111111112,-580.0,-1.0,-1.0,428.3720714273366,-0.10227699891974792,-623.5,-580.0,0.0,0.0,9.302102383910338,59.83537241970907,1.7230152834069017,1.7885495873999646,0.0,2.6302083333333393,2.6008174741610546,11.807119832885181
2025-01-08,0.4322222222222222,0.425,820.0,-1.0,1.0,424.99721361315676,-0.10520670727448596,820.0,820.0,0.0,0.0,9.3938767413401,-3.3572247706421976,1.7921761918329695,1.3801932368798082,0.0,0.757180156657955,0.4281011307595284,-4.501085392326642
2025-01-09,0.4294444444444444,0.425,-530.0,-1.0,-1.0,408.99065424916216,-0.15270005717823798,-545.9,-530.0,0.0,0.0,18.036722324558795,50.458333333333336,1.8163648918265063,1.0886335787803043,0.0,2.0743639921722012,1.7021857390761896,1.4690858567283804
2025-01-10,0.4175925925925926,0.4111111111111112,160.0,-1.0,1.0,410.84084189430445,0.011157177503210524,163.2,160.0,0.0,0.0,24.00584025767317,21.785345209389305,1.8174019147145404,0.9860206171327788,0.0,1.1291369240752802,1.2289864109959137,-0.3790700952457704
2025-01-13,0.412037037037037,0.4111111111111112,-420.0,-1.0,-1.0,411.146023489926,0.019874846883901797,-451.5,-420.0,0.0,0.0,36.78468561491224,79.59180043576859,1.784950180431001,1.302279870031254,0.0,3.905013192612139,2.1239075750110192,1.7519745718602708
2025-01-14,0.4040740740740741,0.4,-170.0,-1.0,-1.0,407.58434709885483,-0.026531412347226134,-200.60000000000002,-170.0,0.0,0.0,59.77012332001982,87.17808169119594,1.7856277804075578,1.2818307882258029,0.0,4.078947368421049,2.359046029219569,8.866297837682136
2025-01-15,0.4044444444444444,0.4,-580.0,-1.0,-1.0,406.4904349233944,-0.018578177782831017,-823.5999999999999,-580.0,0.0,0.0,94.36582599945694,258.4838998211091,1.780342987162307,1.8706554160984252,0.0,6.728723404255321,3.5212175931897294,11.025906546660513
2025-01-16,0.3958333333333333,0.3805555555555555,200.0,-1.0,1.0,412.87789707701313,0.03709686710551652,277.0,200.0,0.0,0.0,109.75868469901884,69.87660578178911,1.7589234690614943,0.996037623008132,0.0,7.396449704142016,2.641218430692116,-2.4985516535801944
2025-01-17,0.397962962962963,0.4,-440.0,-1.0,-1.0,407.05973957018546,-0.03465735891436088,-624.8,-440.0,0.0,0.0,142.0457356593673,208.97156223717408,1.7508395875692286,1.285242844015584,0.0,9.226190476190466,3.3194277378240766,3.0800674252001725
2025-01-20,0.3943518518518518,0.4,10.0,-1.0,1.0,247.87730411382287,0.2644133465599796,14.350000000000001,10.0,0.0,0.0,71.8971465709762,110.46310852253694,1.3181213741462738,1.293795671029962,0.0,3.64663585002567,3.1064786429593205,1.6397597798936348
2025-01-21,0.3941666666666666,0.4,1100.0,-1.0,1.0,286.75085463094746,-0.05725661511774751,1540.0,1100.0,0.0,0.0,59.52324337177506,193.1568239562727,1.4536688341948156,1.5660439065654506,0.0,1.7362010883648527,0.21058005232594823,-2.857774917544853
2025-01-22,0.3912037037037036,0.3888888888888888,-340.0,-1.0,-1.0,288.34555293039745,0.02027325535638864,-453.9,-340.0,0.0,0.0,45.92076042126741,19.124785900018622,1.43692938680775,0.6686728862462539,0.0,1.278772378516635,1.0139659460493666,-2.8747696830424663
2025-01-23,0.389537037037037,0.3888888888888888,-190.0,-1.0,-1.0,294.07124092104266,0.03054545399584794,-248.9,-190.0,0.0,0.0,41.805975077348265,6.936254811556197,1.4209550822680872,0.6283993202167412,0.0,2.6838709677419414,1.364174807983809,-1.1314223351465702
2025-01-24,0.3827777777777778,0.375,0.0,-1.0,0.0,294.8911485170147,0.805904787547916,0.0,0.0,0.0,0.0,37.21878635723471,12.494598098530684,1.4210779877390378,0.5161586789510366,0.0,2.6573787409700733,1.231364168320348,-3.3744685621642123
2025-01-27,0.3731481481481481,0.3194444444444445,-20.0,-1.0,-1.0,310.7529057322754,0.16193392020625835,-23.6,-20.0,0.0,0.0,29.48204387721832,10.263582834494112,1.3796053425168655,0.6681315488225554,0.0,4.078431372549018,1.0816575258988381,-0.7604019777591398
2025-02-05,0.3768518518518519,0.3277777777777778,750.0,-1.0,1.0,299.8578610643801,0.009668569637305512,986.25,750.0,0.0,0.0,28.205778282388472,-43.285181663119445,1.3558189610014582,0.7643599111301661,0.0,-0.25536261491317935,-0.8100764366794522,4.598269690810652
2025-02-06,0.3799074074074074,0.3277777777777778,310.0,-1.0,1.0,297.9296985249334,0.03384433290508526,440.2,310.0,0.0,0.0,33.83120594398933,-1.6031110121918046,1.3200279263691044,0.8099697193312807,0.0,0.5188067444876765,-1.622280332072401,5.697851376099461
2025-02-07,0.3756481481481481,0.2666666666666666,-150.0,-1.0,-1.0,303.5647854204572,0.042364892828884095,-204.75,-150.0,0.0,0.0,29.675678622042952,-5.288293749196383,1.3069571095463974,0.7889600876044275,0.0,0.0,-1.2414633527126906,-3.2395431695055876
2025-02-10,0.3761111111111111,0.2666666666666666,-400.0,-1.0,-1.0,295.0196246817629,0.02869002109179162,-546.0,-400.0,0.0,0.0,26.77523840929278,6.071278914956468,1.2508303649591417,1.0169732873701054,0.0,2.9065200314218442,-0.36633751220068733,0.19167475819976687
2025-02-11,0.3831481481481481,0.3277777777777778,650.0,-1.0,1.0,295.4728592042179,-0.0007752093255962045,913.25,650.0,0.0,0.0,32.99481311393151,-44.41093997370328,1.258741539892255,0.8721986451610186,0.0,-0.46355910378573784,-1.9918601260285773,2.300311714682479
2025-02-12,0.3704629629629629,0.2666666666666666,-100.0,-1.0,-1.0,298.7887829924428,0.08789289546382575,-142.5,-100.0,0.0,0.0,20.29659259981951,-53.8133319123183,1.2101560988025637,0.6632714973035788,0.0,-1.6747018523217472,-1.6559862952858273,1.1318804799829385
2025-02-13,0.3692592592592592,0.2666666666666666,100.0,-1.0,1.0,284.36262986397793,0.10520670727448614,143.00000000000003,100.0,0.0,0.0,26.984491847492954,-33.5449484311806,1.1163490030240073,0.7485663079442998,0.0,0.15548069448043655,-1.9172450546243502,0.8081848484602805
2025-02-14,0.357037037037037,0.2555555555555555,260.0,-1.0,1.0,280.80476454197407,0.035609768678564094,374.4,260.0,0.0,0.0,28.5762469543505,-5.466629742453611,1.0782923887218403,0.8576417531708911,0.0,-1.8660531697341498,-2.4867281363509353,2.741004444980799
2025-02-17,0.3456481481481482,0.2555555555555555,-190.0,-1.0,-1.0,279.99812029444206,-0.008592512796990715,-269.8,-190.0,0.0,0.0,25.564073151381315,-18.848661171273097,1.0830883331917445,0.678069679115482,0.0,-0.9753593429158158,-1.956797966963153,-2.7129036173353382
2025-02-18,0.3324074074074074,0.25,50.0,-1.0,1.0,285.1495452528279,0.10641158441151115,70.75,50.0,0.0,0.0,22.83495068484987,-53.50496677263769,1.050450407740786,0.5449140753267843,0.0,-2.158456069070591,-1.9779940214971647,-0.45959433354797463
2025-02-19,0.3222222222222222,0.2472222222222222,-120.0,-1.0,-1.0,286.569546991926,0.01741533459086191,-166.8,-120.0,0.0,0.0,12.11800502711999,-45.797927638161525,1.0475645590843792,0.6625433579809111,0.0,-2.2756005056890016,-1.5600127347978332,-0.6319287776241467
2025-02-20,0.3116666666666666,0.2416666666666667,60.0,-1.0,1.0,283.207195864571,0.11343417631879191,82.5,60.0,0.0,0.0,0.2444726580957428,-65.68765048592138,0.979698091504228,0.7003508597703608,0.0,-3.8375280338898587,-1.519694785060799,-0.7319702980368215
2025-02-21,0.315,0.2416666666666667,280.0,-1.0,1.0,282.7012557453536,-0.01682361175963192,404.59999999999997,280.0,0.0,0.0,8.166877370417193,-22.93705892478054,0.9847556154430456,0.8660510540233302,0.0,-4.057099924868524,-2.0317354780140406,5.207069547824372
2025-02-24,0.3134259259259259,0.2416666666666667,-50.0,-1.0,-1.0,284.2399838535255,0.10873758518784456,-72.24999999999999,-50.0,0.0,0.0,5.672317862384459,-56.67822129596155,0.9399845267210812,0.6862513580205324,0.0,-4.978944760961113,-1.6511127063890907,0.7028206326944009
2025-02-25,0.3010185185185185,0.2388888888888889,40.0,-1.0,1.0,282.94689849585,-0.06931471430599465,56.8,40.0,0.0,0.0,0.2340921888826321,-50.79674119788733,0.939146095099396,0.8477213975690782,0.0,-5.054509415262631,-1.4960670402550003,-3.5909379303941447
2025-02-26,0.2987962962962963,0.2388888888888889,320.0,-1.0,1.0,203.33793494936822,0.06173722303883922,464.0,320.0,0.0,0.0,9.555928203217192,-52.388993360709215,0.7543426001096404,1.1108971976843622,0.0,-3.20937340804891,-2.1601997991709365,6.176515437275776
2025-02-27,0.292037037037037,0.2333333333333333,-70.0,-1.0,-1.0,203.84398058577165,0.07902251821081567,-101.14999999999999,-70.0,0.0,0.0,11.43955800351278,-14.570404750020485,0.7201534459705717,0.8619910743749468,0.0,-3.863636363636369,-1.7865204772653964,-1.2048648117493177
2025-02-28,0.2983333333333333,0.2388888888888889,470.0,-1.0,1.0,212.16862707711826,-0.04528543097040585,693.25,470.0,0.0,0.0,21.279503962607475,6.11689503496724,0.7375084399076329,1.005371786540628,0.0,-5.5038954511183675,-2.7242387395544965,7.598524899964043
2025-03-03,0.3011111111111111,0.2388888888888889,-100.0,-1.0,-1.0,207.8581246908569,-0.921034037697618,-145.5,-100.0,0.0,0.0,23.166824340003213,-0.063385354141654,0.7451817022643836,0.7799589254662109,0.0,-5.252576024126665,-2.2011232603084463,-1.8708069499304925
2025-03-04,0.3008333333333333,0.2388888888888889,70.0,-1.0,1.0,205.55700963607669,-0.06263814663905402,101.14999999999999,70.0,0.0,0.0,22.97965717574689,-32.11467201171572,0.7417584378774317,0.6993256885976609,0.0,-5.476011052499374,-2.1059066845302343,-0.9112087736905194
2025-03-05,0.3021296296296296,0.2388888888888889,-40.0,-1.0,-1.0,168.43786922623278,0.14655968643748782,-57.400000000000006,-40.0,0.0,0.0,15.100982743944904,-28.320203337502992,0.6418184653814248,0.8343527587607659,0.0,-3.5586277521761356,-1.8243419338024536,-2.10280373831776
2025-03-06,0.312962962962963,0.2416666666666667,-730.0,-1.0,-1.0,205.98607515532342,-0.042823611740364934,-1029.3000000000002,-730.0,0.0,0.0,4.930287796703922,-1.7083974741604058,0.779921307745111,1.2128617492977642,0.0,-0.903225806451613,0.1238511179193047,-3.6419524839303663
2025-03-07,0.3088888888888889,0.2416666666666667,340.0,-1.0,1.0,207.32887680661983,-0.04091551598942289,479.40000000000003,340.0,0.0,0.0,8.559791175395013,8.320727150485506,0.7947967728591876,1.292634221398818,0.0,-2.1593830334190267,-0.6538677386095149,0.10736850265513631
2025-03-10,0.3089814814814814,0.2416666666666667,180.0,-1.0,1.0,203.18257281257328,0.03992538465811098,251.99999999999997,180.0,0.0,0.0,7.711057690290696,-46.67830157071205,0.7517497492116499,0.8533238367521693,0.0,-3.6132315521628544,-0.9401273552216982,-0.5916357877700174
2025-03-11,0.3103703703703703,0.2416666666666667,-100.0,-1.0,-1.0,176.04649505472253,0.09359010842200284,-139.0,-100.0,0.0,0.0,5.231666406935639,-46.88139213544841,0.6720962139989201,0.7271186496674718,0.0,-1.733505821474779,-0.5915301261581907,-0.054530086975490555
2025-03-12,0.3112037037037037,0.2416666666666667,180.0,-1.0,1.0,174.95488140179341,-0.02938933302288358,249.3,180.0,0.0,0.0,3.8783140444927455,-37.40388815176813,0.6723271122649004,0.6393438552293059,0.0,-2.4516129032258083,-0.9395023389284218,-0.16874578622675385
2025-03-13,0.3136111111111111,0.2416666666666667,130.0,-1.0,1.0,174.29255502413727,-0.013118213107989819,183.3,130.0,0.0,0.0,3.918823789698103,-47.00315457413249,0.6735152878155393,0.6159579918586527,0.0,-2.535575679172053,-1.1532557498786344,0.8474973259527063
2025-03-14,0.3159259259259259,0.2416666666666667,-100.0,-1.0,-1.0,174.533965929723,0.04777557194367967,-136.5,-100.0,0.0,0.0,-0.0599039188125712,-35.317553316147176,0.6660777345537313,0.8798242122558203,0.0,-1.6150039072675204,-0.8101684677705223,-1.192628233663784
2025-03-17,0.3194444444444445,0.2416666666666667,-350.0,-1.0,-1.0,178.5880293035514,-0.030545453995847738,-475.99999999999994,-350.0,0.0,0.0,2.467401802962009,13.70705394190872,0.6921522551623359,1.2044656396281563,0.0,-1.192327630896839,0.16948929852451666,-0.25268749804118196
2025-03-18,0.3187037037037037,0.2416666666666667,420.0,-1.0,1.0,182.55136263528632,-0.10641158441151086,585.9,420.0,0.0,0.0,3.888201570320776,43.34082412959432,0.7305414367543448,1.162314905494498,0.0,-2.1541655852582386,-0.8260114694586207,0.9206200831857192
2025-03-19,0.3168518518518519,0.2416666666666667,100.0,-1.0,1.0,183.109831866876,0.00911607775636456,134.5,100.0,0.0,0.0,3.318075475536568,-37.02466389921929,0.724541669026497,0.6148957655138396,0.0,-2.7166882276843496,-0.9522806000816564,-1.177248934638364
2025-03-20,0.3255555555555556,0.2416666666666667,970.0,-1.0,1.0,246.78138631505163,-0.13914757468197927,1382.25,970.0,0.0,0.0,7.147834213201298,115.05885561059856,0.907751940677946,1.9705668866439097,0.0,-5.079036019694216,-3.257754829849324,2.947662741700463
2025-03-21,0.3212037037037037,0.2388888888888889,10.0,-1.0,1.0,252.48814458879954,0.166610220687332,13.85,10.0,0.0,0.0,0.0405173757207417,14.181054700587437,0.9021665183050722,1.267251594393552,0.0,-4.4113808405116135,-3.0678419227613274,-1.7715127288028598
2025-03-24,0.3254629629629629,0.2416666666666667,-240.0,-1.0,-1.0,248.5664159895591,-0.07843079510402548,-314.40000000000003,-240.0,0.0,0.0,-4.190201327741756,-9.070648759032364,0.9203934542458864,0.7682497365329015,0.0,-3.9103232533889476,-2.238489284956502,-3.555906910087858
2025-03-25,0.3116666666666666,0.2388888888888889,-40.0,-1.0,-1.0,248.5664159895591,1.3322676295501878e-16,-48.2,-40.0,0.0,0.0,-4.6921774303577015,-16.016159672161066,0.9227268911882932,0.8465555374381745,0.0,-3.705636743215035,-1.9477586161082083,-4.096053752629691
2025-03-26,0.316111111111111,0.2416666666666667,-340.0,-1.0,-1.0,248.91131373495855,-0.003031231081630459,-360.40000000000003,-340.0,0.0,0.0,-14.382790237117998,-23.50139717341072,0.9409633038174612,0.9664281110630708,0.0,-2.0000000000000018,-0.9442745045883716,-4.619193377935149
2025-03-27,0.3074074074074074,0.2388888888888889,50.0,-1.0,1.0,249.7071969538045,0.016823611545346506,50.75000000000001,50.0,0.0,0.0,-14.72269190454695,-8.52336644196977,0.9386504991959274,0.8938799317781606,0.0,-2.3115313895455736,-0.961359218130009,-1.5970830500843136
2025-03-28,0.3074074074074074,0.2388888888888889,190.0,-1.0,1.0,244.39829442078616,0.04528543097040614,179.55,190.0,0.0,0.0,-22.382843470130016,-29.76456730482495,0.9065248888592278,0.8166964584478338,0.0,-1.5957446808510634,-1.3885557421177475,-2.0666606854476965
2025-03-31,0.3094444444444445,0.2388888888888889,-80.0,-1.0,-1.0,245.01557415590375,0.011157177440710608,-72.0,-80.0,0.0,0.0,-23.693601973862982,-19.29866710231696,0.905603726767832,0.7343721715648422,0.0,-1.644562334217503,-1.0936249666577802,-3.527962146093
2025-04-01,0.3072222222222222,0.2388888888888889,-100.0,-1.0,-1.0,244.05510594298556,-0.017833746982650743,-85.0,-100.0,0.0,0.0,-25.50933848156436,-15.850429818158052,0.908499311892738,0.6797377682845367,0.0,-1.195854371512095,-0.7673316874624692,-3.2690600206067066
2025-04-02,0.3026851851851851,0.2388888888888889,510.0,-1.0,1.0,246.95194503768246,-0.12727656242826085,436.05,510.0,0.0,0.0,-23.371840696792795,5.039497257006009,0.9535798620091314,0.9935190961239692,0.0,-2.6546323334218247,-1.9977283356718112,0.7063408695993534
2025-04-03,0.2956481481481481,0.2333333333333334,90.0,-1.0,1.0,222.86176976110647,0.10466174270354633,74.7,90.0,0.0,0.0,-22.69157719291445,-47.76330256462706,0.8199933301938807,0.7418014854729749,0.0,-4.73958333333333,-1.9999196281462184,-2.7865376648063767
2025-04-07,0.302037037037037,0.2333333333333334,1050.0,-1.0,1.0,288.77736826325645,-0.056379991177628194,735.0,1050.0,0.0,0.0,-30.37012084393283,-8.027119129609627,1.0022041961419406,1.407527968895136,0.0,-6.647398843930641,-4.48924731182796,-9.835646384019892
2025-04-08,0.2994444444444444,0.2333333333333334,390.0,-1.0,1.0,289.4750239203445,-0.038659494262101336,265.2,390.0,0.0,0.0,-32.15989779503698,40.74595091391649,1.0162515133038403,1.3440438187158257,0.0,-7.233368532206974,-5.188462887515854,-3.146843425215895
2025-04-09,0.2923148148148148,0.2277777777777778,190.0,-1.0,1.0,287.35225036438027,-0.032092694071777526,114.0,190.0,0.0,0.0,-39.85674145261673,56.18738214780652,1.0057150253461948,1.2047146646573197,0.0,-7.9778830963665115,-5.3140620131937215,-11.393909468800956
2025-04-10,0.290462962962963,0.2277777777777778,-320.0,-1.0,-1.0,286.5819438246513,-0.02876820712365018,-184.0,-320.0,0.0,0.0,-44.04136380315889,14.359629259044704,1.0481643791750812,0.7574473354226507,0.0,-6.693121693121695,-4.118526573331516,-7.114762808840968
2025-04-11,0.2830555555555555,0.2277777777777777,140.0,-1.0,1.0,286.3086299414448,-0.003705398580213437,78.4,140.0,0.0,0.0,-48.04615676422657,-16.470125786163525,1.048240500657078,0.5215089576832731,0.0,-6.74276612689143,-4.168257951879539,-6.369857757748676
2025-04-14,0.2812037037037037,0.2277777777777777,-250.0,-1.0,-1.0,283.1825708285248,-0.045814536293707644,-137.5,-250.0,0.0,0.0,-53.72018679286676,-22.88848631239936,1.0664645758538764,0.6783061204073485,0.0,-6.3277733651045835,-3.1706282414439513,-11.983668117065028
2025-04-15,0.2799074074074074,0.2277777777777777,20.0,-1.0,1.0,289.1457472588773,0.14311004168933075,10.8,20.0,0.0,0.0,-55.849904363912,-71.26998839560055,1.0278959745269376,0.3642468976786836,0.0,-7.240293809024134,-2.858477218719524,-4.842887617241731
2025-04-16,0.2760185185185185,0.225,170.0,-1.0,1.0,287.9487344723195,0.04522281353628772,34.0,168.11,-3.78,0.0,-47.86168784417505,-57.85254147874609,1.013911786988833,0.5444944864233936,-1.0,-6.657824933687007,-2.991040661612676,19.18050724573217
2025-04-17,0.2741666666666667,0.2222222222222223,-40.0,-1.0,-1.0,290.03584170526926,0.04581453584370787,-8.0,-41.965,-3.93,0.0,-44.32442011577994,-30.84820407229467,1.0188896404750327,0.4690762896397205,-1.0,-6.303191489361703,-2.5624714781574576,5.527274355835554
2025-04-18,0.2667592592592592,0.2222222222222222,140.0,-1.0,1.0,237.67735760014935,0.09678268213880985,40.875757575757575,138.305,-3.39,0.0,-41.45362737409866,-59.94877365308944,0.870143793172962,0.9869944010253244,-1.0,-4.20420420420421,-2.742554636289307,8.25593979218684
2025-04-21,0.2749074074074074,0.2222222222222223,590.0,-1.0,1.0,246.1941895077303,-0.20387686728003182,211.86363636363637,588.12,-3.76,0.0,-29.351517228487754,28.107720396452795,0.9284312517451222,2.001406830104127,-1.0,-5.789186237028943,-4.09607071872351,18.533280191311285
2025-04-22,0.2769444444444444,0.2222222222222223,580.0,-1.0,1.0,257.1790283665812,-0.04411945888779709,390.4454545454545,578.715,-2.57,0.0,-17.042393994823403,68.15055551356662,0.949501315003522,1.5370721842402135,-1.0,-7.976125881714591,-5.321479910122395,13.247599413496204
2025-04-23,0.2880555555555555,0.225,-570.0,-1.0,-1.0,260.17150214102156,-0.13283784417345215,-241.21363636363634,-572.26,-4.52,-0.7399999999999998,-13.103082409508692,113.51837218490716,1.05402258329293,2.018993856137605,-1.0,-6.53116531165312,-3.4055900969024777,0.4580256708542896
2025-04-24,0.2822222222222222,0.225,340.0,-1.0,1.0,260.17150214102156,1.554312234475219e-16,229.55151515151513,338.49,-3.02,0.91,-6.216175652649887,-8.342626333582126,1.02041002573903,0.9792933090598984,-1.0,-8.297529538131043,-3.9421684035835347,2.9400934162838954
2025-04-25,0.276574074074074,0.2222222222222223,60.0,-1.0,1.0,259.6941520935324,-0.009116077673030932,42.77272727272727,58.595,-2.81,0.5800000000000001,-2.4896823972725644,3.124910628318678,1.0198259380971102,1.0133197445928788,-1.0,-8.33557407905351,-3.6910428997217193,2.312949504838646
2025-04-28,0.2831481481481481,0.2222222222222223,610.0,-1.0,1.0,267.9473632519716,-0.05832174406915269,649.8348484848485,608.58,-2.84,0.92,12.772487208732416,54.69000435193343,1.0643106984160693,1.3329674727033671,-1.0,-9.513513513513516,-4.941724279893811,13.26171964852556
2025-04-29,0.2893518518518518,0.225,350.0,-1.0,1.0,262.3873191736935,-0.07379532550833587,418.67424242424244,348.905,-2.19,0.3799999999999999,18.2497590344284,52.49532610119439,1.0574172153629504,1.1481641038790806,-1.0,-10.652642934196333,-5.4050195585757965,1.1576095565746236
2025-04-30,0.2910185185185185,0.225,150.0,-1.0,1.0,260.3560315373826,-0.02027325523874144,168.54545454545453,148.815,-2.37,2.1499999999999995,20.126542512983125,48.298051401566646,1.0399116417838594,1.0100299292949066,-1.0,-11.296395911780532,-5.2652744664349544,-1.7338092809790928
2025-05-06,0.2886111111111111,0.225,350.0,-1.0,1.0,256.9046515733022,0.01882387851692784,414.1136363636363,348.75,-2.5,0.52,24.919455072746327,-8.111666872868028,1.0299357588066105,0.9206435358435088,-1.0,-11.017180256340332,-5.723613879980349,4.724409448818889
2025-05-07,0.295462962962963,0.2277777777777777,550.0,-1.0,1.0,255.81860349618174,-0.09050542993016594,744.6666666666667,548.995,-2.01,0.8000000000000003,38.83317957562873,149.41444252725873,1.0555679437677592,1.712053693304717,-1.0,-12.301804264625481,-6.706217646716683,8.041249985368193
2025-05-08,0.2948148148148148,0.225,-60.0,-1.0,-1.0,201.91908228167415,0.1431100432607593,-60.04545454545455,-62.105,-4.21,-1.37,48.69293948206928,100.69432277573377,0.930939387348957,2.439045355736173,-1.0,-9.541232761047002,-6.068709540718665,-3.432286023835318
2025-05-09,0.2985185185185185,0.225,630.0,-1.0,1.0,214.68397827112202,-0.023978653964254117,876.6545454545455,629.06,-1.88,0.31,66.67604436993318,92.83696260561317,0.9790146409937426,2.163403082790711,-1.0,-10.330108138873085,-7.418833553694726,8.566695088931775
2025-05-12,0.3007407407407407,0.225,-510.0,-1.0,-1.0,217.52858251394485,-0.04936933251277542,-525.6090909090909,-512.275,-4.55,-2.18,84.23931003648097,128.3189573666526,1.0914332790626622,2.201601826731873,-1.0,-8.38340486409156,-5.513669828998036,-2.0571609663007306
2025-05-13,0.3060185185185185,0.2277777777777777,410.0,-1.0,1.0,218.4249841117319,-0.012391808160930152,488.70757575757574,408.44,-3.12,-0.6200000000000001,105.25438272164746,149.85667084949864,1.0587902894431147,1.4556013519608562,-1.0,-10.377091012191663,-6.217086232217294,3.48009889881864
2025-05-14,0.3203703703703703,0.2277777777777778,-990.0,-1.0,-1.0,259.21490779091476,-0.09780312571932862,-992.9999999999999,-992.55,-5.1,-3.09,106.35095666686536,534.4957983193277,1.3405893520548158,2.287985929969843,-1.0,-7.201821804725306,-2.915512671610232,-5.869637625498769
2025-05-15,0.3272222222222222,0.2333333333333334,540.0,-1.0,1.0,260.34592372457035,-0.038505410977396105,566.0181818181818,537.715,-4.57,-0.3600000000000003,144.94633122270002,200.2910543214388,1.3451069449478648,1.332419097831403,-1.0,-9.383832673827019,-4.0493221201328815,4.4786897557734795
2025-05-16,0.3373148148148148,0.2333333333333334,1160.0,-1.0,1.0,298.6636904613613,-0.20302214807042432,1599.3939393939395,1158.82,-2.36,-0.48,192.4455791692984,676.313984504001,1.5112015278898792,1.6430979037861104,-1.0,-12.613122171945701,-6.899668574871953,13.609690351119719
2025-05-19,0.3435185185185185,0.25,310.0,-1.0,1.0,293.60015775128386,-0.030038692888619045,414.50757575757575,308.76,-2.48,2.07,150.6546143970382,295.00044072278536,1.512437065265822,1.152861534313689,-1.0,-13.0718954248366,-7.190533980582526,2.1494124553980143
2025-05-20,0.3430555555555555,0.2444444444444444,160.0,-1.0,1.0,285.9720266040016,-0.06931471711849439,230.3030303030303,159.015,-1.97,1.15,140.26043840228607,400.9635664364584,1.5013540961315894,1.1873344005535889,-1.0,-13.624751632131705,-6.998777506112475,1.1512565253255502
2025-05-21,0.3485185185185185,0.2666666666666666,-120.0,-1.0,-1.0,287.15665997573666,0.007707533931839294,-148.8,-121.485,-2.97,2.1299999999999994,115.09777914262752,185.11397214014357,1.5205944250839116,1.269489084843816,-1.0,-12.93815901966372,-5.97974948450436,-3.0817874838447556
2025-05-22,0.3561111111111111,0.3,-520.0,-1.0,-1.0,285.80956118219297,0.006314686254806667,-593.6666666666666,-521.795,-3.59,0.9800000000000004,72.34722788759413,117.43202386163507,1.5898877604348045,1.904021162724099,-1.0,-9.942028985507246,-3.8720356419101876,-5.025136313239475
2025-05-23,0.365,0.3416666666666667,590.0,-1.0,1.0,286.06035432367986,-0.0008547216665036883,798.7348484848485,588.8,-2.4,-0.04,55.03073785453183,89.14701803051317,1.5990488997197496,1.2735493904087989,-1.0,-10.14150943396226,-5.192926795129004,1.869111052830208
2025-05-26,0.3738888888888889,0.3666666666666667,430.0,-1.0,1.0,284.6530667690978,0.014092557578489795,626.6272727272727,429.135,-1.73,0.75,58.18361532647247,21.194822497525045,1.5226226892927348,1.1215499000917208,-1.0,-12.873296607712382,-5.8805105316733215,2.501051785523667
2025-05-27,0.3794444444444445,0.386111111111111,-410.0,-1.0,-1.0,283.76185345053693,-0.009360577079299558,-568.5954545454545,-410.995,-1.99,-0.02,38.238035169635125,275.98578326180257,1.586765475798254,1.5825777691754015,-1.0,-10.805270863836014,-4.04183599533755,-10.039758386630403
2025-05-28,0.3827777777777778,0.386111111111111,270.0,-1.0,1.0,272.4044979920772,-0.07520386919066538,388.18636363636364,269.325,-1.35,1.62,30.47200625661315,258.8008541556893,1.58570751217517,1.481497597347091,-1.0,-11.440305074801993,-4.304551794091537,-3.434855887910926
2025-05-29,0.3894444444444444,0.386111111111111,760.0,-1.0,1.0,278.85621648742926,-0.010992973789473105,1188.478787878788,759.625,-0.75,2.84,16.778839709663398,164.9638041650942,1.6225281003134842,1.409225831774248,-1.0,-12.096774193548388,-6.110925013159784,1.374789761888806
2025-05-30,0.3967592592592592,0.3944444444444444,-470.0,-1.0,-1.0,277.5736033256003,-0.014739976974557955,-617.9787878787879,-470.86,-1.72,0.6799999999999999,4.803109453235735,235.21837249435816,1.692983900556513,1.4850351104719808,-1.0,-9.749471777844853,-4.117496151872757,-9.216155488928923
2025-06-03,0.3996296296296296,0.3944444444444444,-70.0,-1.0,-1.0,282.94457333362516,0.03810700222139263,-87.0969696969697,-71.025,-2.05,-0.3199999999999998,6.100216974694458,166.4277357732805,1.7008975879555297,1.021957308405819,-1.0,-9.126743480897515,-3.4269418531586826,-0.5176066725668504
2025-06-04,0.4102777777777778,0.3972222222222222,-570.0,-1.0,-1.0,282.4940614187171,-0.024385160262118854,-465.4136363636364,-571.94,-3.88,-1.89,-4.151921058484301,297.425441675723,1.7736005445365552,1.3157651326172133,-1.0,-6.405148636224334,-1.2577192925733116,-5.394788529527306
2025-06-05,0.4075,0.3972222222222222,490.0,-1.0,1.0,281.99057468384666,0.005775644344960651,351.389393939394,488.315,-3.37,-2.02,-16.364030335861322,20.007457780132864,1.7703925357295809,0.7737649053870637,-1.0,-6.32793017456359,-2.522098775444004,-5.724404640749037
2025-06-06,0.4090740740740741,0.4111111111111111,-170.0,-1.0,-1.0,274.4736589796624,-0.05207269320219219,-82.29545454545455,-171.9,-3.8,-3.05,-18.31740190578767,-16.97533658385173,1.7780126532725846,0.8191303307614092,-1.0,-5.973864343497204,-1.6644159901078703,-5.6876867540632485
2025-06-09,0.4124074074074074,0.4111111111111111,-130.0,-1.0,-1.0,282.6453980743918,0.07890926814124966,-61.336363636363636,-131.8,-3.6,-1.88,-26.73551427301819,-42.94683519809814,1.7399418575754486,0.537360365649657,-1.0,-3.6813709933354533,-1.0546562994115494,-2.6220606548970737
2025-06-10,0.4107407407407407,0.4111111111111111,-30.0,-1.0,-1.0,297.6221553722452,0.14166066563418353,-13.73181818181818,-31.535,-3.07,-1.02,-31.51256809844864,-34.769728669083314,1.6900565042600326,0.6785083683692772,-1.0,-5.121798875702687,-0.6913685173986273,-8.443313946654508
2025-06-11,0.4189814814814815,0.4277777777777778,-490.0,-1.0,-1.0,297.87669649670363,-0.008912411550405364,-259.6257575757576,-491.675,-3.35,0.5299999999999998,-26.39875469876897,-22.25514092326973,1.720669937636348,0.5635783343055749,-1.0,-2.34103131920278,1.0325811255297968,11.206741607653626
2025-06-12,0.4288888888888889,0.4361111111111111,630.0,-1.0,1.0,272.2885466404688,0.02259925615829299,718.4863636363636,629.15,-1.7,1.6700000000000002,-13.856352633631335,-59.06496258525926,1.5926278647241072,0.5361415019455685,-1.0,-7.239263803680984,-0.645606426494505,10.171135144121092
2025-06-13,0.4321296296296296,0.4361111111111111,340.0,-1.0,1.0,271.1651273961851,0.02313117604293955,521.6939393939394,339.65,-0.7,3.1,-7.751244124965441,-23.000560681858683,1.5742198953479165,0.6203036181693309,-1.0,-6.737367436057395,-1.4128624890779262,11.883225752368176
2025-06-16,0.4249074074074074,0.4277777777777778,10.0,-1.0,1.0,219.95872818613714,0.23767950459842208,17.175757575757576,9.85,-0.3,3.3000000000000003,-8.614380317636073,-28.605086454011172,1.3719643748895072,0.7758116589010235,-1.0,-3.2686084142394822,-1.2814584847083643,12.546688095425406
2025-06-17,0.420462962962963,0.4194444444444444,-40.0,-1.0,-1.0,230.48004822886242,0.10238464107955328,-68.55151515151516,-40.19,-0.38,2.69,-8.478679717814101,-18.94905027135104,1.3585480362071172,0.6506723362145055,-1.0,-2.1575678326250403,-1.041494461894532,2.3010964576495763
2025-06-18,0.4201851851851851,0.4194444444444444,-10.0,-1.0,-1.0,238.7660162718212,0.1386294314244895,-17.3530303030303,-10.075,-0.15,3.2,-9.652813146761735,-25.27282933513844,1.3551264366392597,0.6558600424244498,-1.0,-1.6102530397633874,-0.9281778924902007,-0.1464200302601415
2025-06-19,0.412037037037037,0.4083333333333333,-90.0,-1.0,-1.0,240.22796191161913,0.014384103483700294,-154.81363636363636,-90.175,-0.35,1.35,-6.665755380386082,-38.04844285534508,1.3535883065589216,0.6178466304274802,-1.0,-1.7021276595744705,-0.5448012055175644,0.12252146569562417
2025-06-20,0.4233333333333334,0.4194444444444444,580.0,-1.0,1.0,243.13522336778988,-0.005459964588302513,1111.6666666666665,580.55,1.1,1.8,13.332288541620024,-22.674282503862543,1.3460401683920704,1.2415207351101705,1.0,-5.2140328290955935,-2.203330732063691,15.324431021183948
2025-06-23,0.4233333333333333,0.4194444444444444,-110.0,-1.0,-1.0,239.68180661254294,0.08398210818556791,-210.0,-109.505,0.99,1.29,12.071358153378586,-11.909902569847574,1.2952546760416368,0.981764930999655,1.0,-3.0183727034120755,-1.6878689615032805,0.7357195065853528
2025-06-24,0.4356481481481482,0.4305555555555556,-790.0,-1.0,-1.0,262.0385668681532,-0.0304123867856849,-1123.2363636363636,-791.125,-2.25,-1.87,5.235364747972262,160.22665679321483,1.4026240543489388,2.38962210680948,-1.0,0.9983361064891838,0.8892213080694766,-3.7511836259013775
2025-06-25,0.4319444444444444,0.4194444444444444,-90.0,-1.0,-1.0,266.18355360639043,0.07581737403480024,-126.94090909090909,-91.185,-2.37,-2.22,19.30948773387357,-6.554912617302255,1.3702701443195873,1.2913094885154888,-1.0,-0.06565988181220783,1.191762378870731,1.991477570409006
2025-06-26,0.4402777777777777,0.4305555555555556,-310.0,-1.0,-1.0,266.0411523370809,-0.0069075169001458605,-406.3348484848485,-311.35,-2.7,-2.35,21.723370720750896,-0.2983459576441527,1.3712013201857094,1.3628492551699996,-1.0,1.8549188473004241,2.127235590096155,-1.4811390215920928
2025-06-27,0.4512962962962962,0.4416666666666666,-900.0,-1.0,-1.0,280.0075186960443,-0.00845381649196264,-942.2727272727273,-902.285,-4.57,-5.67,18.76204322692396,59.26918644550623,1.3644415865521933,2.081999309735355,-1.0,7.543323139653424,4.730232789000843,-1.0914905450500556
2025-06-30,0.4583333333333333,0.4472222222222222,520.0,-1.0,1.0,281.67310280199825,-0.005054805833339127,660.7151515151514,518.56,-2.88,-3.87,26.74811979663537,-9.21464578227933,1.4032665574564822,1.3282399977370023,-1.0,4.113712374581935,2.800343438346209,-3.1114547456713715
2025-07-01,0.4627777777777778,0.4722222222222222,-260.0,-1.0,-1.0,275.9977116609938,-0.06560931892633023,-334.3363636363636,-261.38,-2.76,-0.5099999999999998,25.81010405995579,30.549775364479736,1.4102053719530516,1.336521990597073,-1.0,4.738071404738076,3.416466247158434,-1.2538388992334282
2025-07-02,0.4673148148148148,0.4722222222222222,-590.0,-1.0,-1.0,276.95525004288254,-0.0017243088005847395,-596.3469696969697,-592.285,-4.57,-2.2,32.53572155505801,30.78025065397989,1.4088299358692016,1.7751937016895438,-1.0,4.715127701375255,5.110928512736246,-0.33733730056692
2025-07-03,0.4688888888888888,0.4722222222222222,-60.0,-1.0,-1.0,280.4671854339879,0.1050030407128362,-69.41818181818182,-61.785,-3.57,-0.8699999999999997,44.2462476466829,72.10988094459346,1.3406847409291702,1.34384358860542,-1.0,6.622296173044928,4.964864289341353,2.6055520403963417
2025-07-04,0.4643518518518518,0.4722222222222222,400.0,-1.0,1.0,279.24522330174585,-0.042783305333768215,554.8484848484849,398.84,-2.32,2.2500000000000004,48.93048128342246,35.417981011130074,1.3845254454920133,1.09416422044705,-1.0,4.698874917273321,3.4139007370364904,-2.62500112256292
2025-07-07,0.465462962962963,0.4777777777777777,-190.0,-1.0,-1.0,277.4242428597681,-0.01897448096378753,-241.50151515151515,-191.345,-2.69,0.1899999999999999,51.64583029681836,29.186678214313844,1.3862864887677295,0.6661319181912906,-1.0,4.876441515650742,3.783889531945417,-0.8466343670839427
2025-07-08,0.4676851851851851,0.4777777777777777,-110.0,-1.0,-1.0,273.5420683512767,-0.0649641479943917,-162.81666666666666,-111.03,-2.06,0.6999999999999997,73.59023473406904,166.33704463326495,1.3859923414668265,1.6172410429122408,-1.0,5.1349572086899276,3.8783640946418396,4.805694903483038
2025-07-09,0.4681481481481481,0.4833333333333333,-260.0,-1.0,-1.0,271.10834889782546,0.03168618791419051,-368.1757575757576,-261.125,-2.25,2.3200000000000003,50.953111002336605,107.5036152004362,1.3561334307488857,1.0110051939895544,-1.0,4.308390022675734,4.497955474784199,-3.2952306572711643
2025-07-10,0.4685185185185185,0.4833333333333333,110.0,-1.0,1.0,264.1027511365502,0.08726197230447792,155.93333333333334,108.915,-2.17,1.4,35.67063458797888,157.552737155429,1.256628050869218,1.1102803065710596,-1.0,6.117724867724861,3.829291572970095,-0.9825785038009127
2025-07-11,0.4633333333333333,0.4833333333333333,-50.0,-1.0,-1.0,269.04118252553207,0.09584612975616205,-77.1969696969697,-50.735,-1.47,0.8499999999999999,20.952605729570564,127.37669199245867,1.2118058133252816,1.0893668577084583,-1.0,7.4916387959866215,3.615584248109993,-0.2542611134968453
2025-07-14,0.479074074074074,0.5138888888888888,-1100.0,-1.0,-1.0,318.5869293912529,-0.23502401333507547,-1361.1666666666665,-1101.665,-3.33,-0.6400000000000001,18.553567981040004,365.009625080209,1.3853977682080965,2.4770108326711866,-1.0,11.207761793241877,6.586288719297118,10.314377748869475
2025-07-15,0.4794444444444444,0.5138888888888888,-90.0,-1.0,-1.0,316.39249442158956,-0.04054651011637185,-115.25454545454545,-91.48,-2.96,-0.8999999999999999,11.326728163079377,320.7063643271698,1.3836136507227963,1.7415301539795869,-1.0,11.359839625793523,6.295445847684644,-3.9350181519032135
2025-07-16,0.4807407407407407,0.5138888888888888,120.0,-1.0,1.0,311.43597804533186,-0.12424532790606677,164.2909090909091,118.76,-2.48,-0.2299999999999999,10.99206543167636,164.0842658771804,1.3940794073510197,1.0541265221248195,-1.0,10.921843687374743,5.363346499785848,-0.44659297492882777
2025-07-17,0.4923148148148148,0.5249999999999999,-770.0,-1.0,-1.0,320.10647899525037,-0.10732904173525257,-857.4999999999999,-772.015,-4.03,-1.8600000000000003,18.36061198785397,394.05772597190776,1.4486545327425124,1.6996242361274894,-1.0,13.153513153513163,7.134974934577665,6.769460216430145
2025-07-18,0.4976851851851852,0.5249999999999999,-1000.0,-1.0,-1.0,347.2034895531647,-0.027236358735876532,-1329.5454545454545,-1001.405,-2.81,-1.34,6.478959889599743,265.1982925647856,1.4044546053142546,2.274611647117032,-1.0,18.777589134125638,9.33470861268695,3.747566515249834
2025-07-21,0.5013888888888889,0.5249999999999999,-660.0,-1.0,-1.0,345.5110631178717,-0.08958797308261472,-847.5,-661.51,-3.02,0.31,6.788269636984038,226.8564513829209,1.4168155927310462,1.5151608533098666,-1.0,20.56833558863329,10.349098227416986,1.0283457680126062
2025-07-22,0.5037962962962963,0.5249999999999999,-800.0,-1.0,-1.0,346.08296845212044,-0.000628939109551685,-1060.6060606060605,-801.435,-2.87,0.0899999999999998,19.81406666589049,64.0236040642643,1.3924431011010183,1.9226735923947664,-1.0,20.0658978583196,11.772283908962633,7.98903419599406
2025-07-23,0.5135185185185186,0.5277777777777778,1750.0,-1.0,1.0,447.188586145652,-0.14837806930238046,3385.4545454545455,1751.44,2.88,5.359999999999999,3.3241439929681573,263.7858118628031,1.8914568900773592,2.1178125381466395,1.0,13.961892247043362,5.715461152844026,-12.045535154674736
2025-07-24,0.5293518518518519,0.5333333333333334,-3650.0,-1.0,-1.0,830.7097472706855,-0.12329550730727543,-4258.333333333334,-3651.875,-3.75,0.2800000000000002,26.508331015943643,357.45874485118173,2.905015018191915,2.532103404583962,-1.0,24.682926829268293,15.502801711152614,20.6248239212935
2025-07-25,0.5344444444444445,0.5333333333333334,-1920.0,-1.0,-1.0,875.6980674086004,-0.03788428505536177,-2100.4511278195487,-1922.205,-4.41,-1.6,43.82512124833064,95.67551747126063,3.0075440325582643,1.6517932971663607,-1.0,27.203791469194314,19.73412244048238,12.447364142816909
2025-07-28,0.5437037037037037,0.538888888888889,3700.0,-1.0,1.0,1097.8854076910998,-0.09811296427020169,7298.18045112782,3703.225,6.45,9.47,14.402824462554106,157.9741716637544,3.767394981835502,1.3240389393702643,1.0,17.44298104722133,7.859334434741561,-22.931938878571657
2025-07-29,0.5559259259259259,0.55,1140.0,-1.0,1.0,1089.351690347593,-0.07390509537020248,2020.5428571428572,1141.79,3.58,6.45,-7.976098642079614,86.79324375544381,3.8718344015360495,0.958193503428475,1.0,12.838483593501104,3.8785834738617186,-20.570081802616833
2025-07-30,0.5518518518518519,0.55,120.0,-1.0,1.0,1101.9217662553763,0.07963153937396521,196.78195488721803,121.49,2.98,0.1,-16.223961372836897,46.71681145743707,3.867340088718564,1.004633755665809,1.0,10.381488430268915,3.0250850029915233,-9.269842325859889
2025-07-31,0.5569444444444444,0.55,1160.0,-1.0,1.0,1085.1121698021045,-0.1480915353036854,1528.1473684210525,1161.56,3.12,6.87,-31.33866376097492,23.96434874942692,3.962071825578135,0.6569957115477998,1.0,6.554307116104874,-0.6648529903836353,-15.90633283593581
2025-08-01,0.5627777777777777,0.5583333333333333,-320.0,-1.0,-1.0,1087.4107343884177,0.01115717753446066,-382.3278195488722,-319.095,1.81,6.220000000000001,-33.56564029413935,-2.030029131881439,3.944539267046527,0.4290862460583597,1.0,8.912768647281922,-0.1434387632391121,-5.783282759582853
2025-08-04,0.5514814814814815,0.5472222222222223,0.0,-1.0,0.0,1095.2109866428284,0.953126731769396,0.0,0.92,1.84,-4.61,-35.58198515505342,16.21816749803098,3.9460318534346657,0.3115577744189146,1.0,8.26264530317311,-0.5225022372333354,-3.8560316145541673
2025-08-05,0.5512962962962964,0.5472222222222223,540.0,-1.0,1.0,1082.1717929578851,-0.07955443832634224,719.4586466165414,541.43,2.86,-0.7200000000000002,-31.34950922096594,-19.83810196092812,3.972333690576906,0.5532425765987325,1.0,6.199123356293046,-2.3603914795624625,11.691774558405932
2025-08-06,0.5575925925925926,0.5583333333333333,-890.0,-1.0,-1.0,1069.7293066349469,-0.0615269914494049,-1332.4906015037593,-889.65,0.7,-2.28,-21.145933709600943,21.48775437343806,4.003331451649999,0.5357001286295403,1.0,8.105590062111801,-0.17349908948824933,11.07807396299265
2025-08-07,0.5585185185185185,0.5583333333333333,-1340.0,-1.0,-1.0,1051.4020714215249,-0.12499722594039495,-1659.7864661654137,-1341.21,-2.42,-5.54,-10.458071631812608,92.61975468692684,4.0679780111772015,0.943642788145782,-1.0,12.65191648488626,3.0692688211897856,12.438220118710476
2025-08-08,0.5644444444444444,0.5583333333333333,-2330.0,-1.0,-1.0,1060.153911368285,-0.19208002607803915,-1998.1063909774434,-2333.115,-6.23,-8.040000000000001,-0.667162237502323,122.33699753733714,4.264034982022576,1.0698994124273256,-1.0,19.72619788425638,8.729743857814952,10.652377929283174
2025-08-11,0.5659259259259259,0.5583333333333333,-2020.0,-1.0,-1.0,1076.7856650332285,-0.030389366559737275,-1696.875939849624,-2023.61,-7.22,-9.06,-10.805506498465585,-96.2475284803826,4.337810216347685,0.0482967746797076,-1.0,21.841155234657037,13.275623365544643,-0.9447905558361835
2025-08-12,0.5730555555555555,0.5833333333333334,-760.0,-1.0,-1.0,1049.9998746867093,-0.10667543765773942,-1278.1714285714286,-760.495,-0.99,-3.85,4.3408369526459465,85.55655028349747,4.336869258298394,1.7268942217237246,-1.0,23.79237923792379,14.135546334716453,12.37802037295861
2025-08-13,0.5850000000000001,0.6166666666666667,-1290.0,-1.0,-1.0,1015.7942186963076,-0.11874528735077657,-2065.9883458646614,-1290.895,-1.79,-2.49,15.283103065604283,160.48682950091398,4.342534976333512,1.449311049393161,-1.0,28.124059018367966,16.202856596662762,9.993613409598922
2025-08-14,0.5840740740740742,0.6166666666666667,-100.0,-1.0,-1.0,1045.0961930040596,0.10206101600791709,-159.65413533834587,-100.91,-1.82,0.5999999999999999,7.0120106908347,28.19893607630066,4.3427250226041885,1.2171646033988348,-1.0,25.515008828722774,15.113156367660352,-0.8908130133061687
2025-08-15,0.5867592592592593,0.6166666666666667,-800.0,-1.0,-1.0,1048.811231823916,0.011157177553210574,-1263.187969924812,-800.95,-1.9,4.33,6.316905421343476,-27.97857621880707,4.327127997609144,1.017217785350095,-1.0,24.213836477987428,15.947056625927303,3.0736657099468934
2025-08-18,0.5911111111111111,0.6166666666666667,-1170.0,-1.0,-1.0,1039.498867116671,-0.028625959605543906,-1448.6007518796994,-1171.67,-3.34,3.88,10.472867505279588,22.18687732122855,4.337807402523031,1.2001286371583275,-1.0,25.196408529741852,17.659467869103175,4.977576351339552
2025-08-19,0.597037037037037,0.6444444444444445,850.0,-1.0,1.0,1038.3178450592193,-0.003031231087145203,1591.3853383458645,850.245,0.49,1.48,0.5973695334249995,-34.27723912697434,4.3851578737115045,0.8704087793054829,1.0,20.115257958287593,14.313323495997587,-1.6644265339368247
2025-08-20,0.6033333333333334,0.6694444444444445,3280.0,-1.0,1.0,1126.423777410522,-0.03141138170970388,6461.6,3283.98,7.96,9.75,9.127920144508831,-37.12301157508213,4.608565093512791,1.0235408702145383,1.0,16.719515710579415,4.952111872885867,-4.5870894983542465
2025-08-21,0.611574074074074,0.6805555555555556,-890.0,-1.0,-1.0,993.4888021512874,0.07056304915003656,-1731.0165413533832,-886.95,6.1,7.92,-10.683562042191117,-56.06199686716757,4.031456916326443,1.0102141994067373,1.0,7.929055816379771,6.838103352568314,-1.2738482720917599
2025-08-22,0.614537037037037,0.6805555555555556,1900.0,-1.0,1.0,992.7685901982447,0.0005235649930907194,3667.0000000000005,1904.085,8.17,10.07,-26.234401980907705,-22.498221740633397,4.033065699388084,1.2330039329741878,1.0,-1.9374068554396384,2.0352781546811416,-7.130789680800065
2025-08-25,0.6110185185185185,0.6805555555555556,-210.0,-1.0,-1.0,828.9719378146707,0.14344902817116076,-401.61315789473684,-206.91,6.18,9.52,-2.5906804202160267,-37.64480627017242,3.406748032596519,0.8500543829734208,1.0,8.561269146608307,2.1647918865350446,1.7703048137494681
2025-08-26,0.6129629629629629,0.6805555555555556,180.0,-1.0,1.0,851.3139998354246,0.09229133429099852,333.4330827067669,182.765,5.53,5.04,16.2583993080966,-24.801252418834665,3.309883333343645,0.7683917981306461,1.0,11.547148503670247,1.1689093167065678,-5.200085714208214
2025-08-27,0.6030555555555555,0.6527777777777778,80.0,-1.0,1.0,853.5527918184396,0.020273255197074968,148.5924812030075,82.89,5.78,-2.18,28.805915975259666,-7.9787213917359985,3.3079875946873525,1.0062545010424628,1.0,11.699716713881013,0.43301069791135127,0.5224666376725251
2025-08-28,0.6026851851851852,0.6527777777777778,360.0,-1.0,1.0,864.6050208651711,0.05850356253672735,657.8526315789474,362.425,4.85,-1.25,51.31273760943114,54.37128364718529,3.2018475005971823,1.0896641483269367,1.0,14.440538957234917,-1.1048814752002811,-1.2122781949322814
2025-08-29,0.6062962962962962,0.6583333333333333,480.0,-1.0,1.0,859.0403152110467,-0.020273255353324825,874.7368421052631,482.555,5.11,-3.06,60.38879608334914,43.85123433234508,3.2308129885183328,0.6562403751643755,1.0,11.984910040626806,-2.8277893888651096,-0.13196451364737571
2025-09-01,0.6142592592592593,0.6805555555555556,810.0,-1.0,1.0,829.3078915260412,-1.0256272403432662,1435.5879699248121,812.4,4.8,-1.38,63.22520094335082,117.95052803975828,3.285555120482541,0.709620490057702,1.0,9.63435867672664,-5.263421851099581,-2.1557680933627643
2025-09-02,0.6279629629629631,0.6861111111111111,1470.0,-1.0,1.0,827.4022441861094,-0.05007242695214402,2741.4947368421053,1473.64,7.28,1.75,50.00689470917254,41.91012495225375,3.402001141055883,0.8051949551977681,1.0,7.045990566037741,-9.221595809842864,2.646749210486732
2025-09-03,0.6251851851851852,0.6833333333333333,370.0,-1.0,1.0,841.0987488179719,0.0438859227754405,670.5763157894737,372.78,5.56,-0.2200000000000006,34.246809170966365,4.100301157375297,3.373867645144421,0.5740066754850408,1.0,3.246193622522253,-10.273374110597933,-0.5920559365026445
2025-09-04,0.6259259259259259,0.6833333333333333,-770.0,-1.0,-1.0,839.8583840524293,0.027701718877239843,-1360.7289473684211,-768.77,2.46,-2.39,22.02724336857214,-7.111021836020504,3.2977983147693744,0.9264431333312606,1.0,1.5491009681880996,-8.415038794501406,2.203740521546149
2025-09-05,0.6287962962962962,0.6833333333333333,-420.0,-1.0,-1.0,788.3992776839863,0.08566844166652832,-737.9684210526316,-419.575,0.85,-4.260000000000001,13.500215150324596,-10.45132418276279,2.959029176024603,1.0497274557499667,1.0,-3.5083160083160037,-7.210955754645076,2.9202033511086523
2025-09-08,0.6360185185185185,0.6833333333333333,-270.0,-1.0,-1.0,755.1932481856965,0.1006215414094112,-443.95714285714286,-270.12,-0.24,-5.04,14.625278585728855,1955.073415460587,2.686010834352682,0.9764832004718748,-1.0,-7.654320987654318,-6.17277756174659,0.037087708309302414
2025-09-09,0.6477777777777778,0.7388888888888889,950.0,-1.0,1.0,755.5539968164175,-0.011157177552552522,1635.9999999999998,950.885,1.77,-5.51,-1.5848828284752297,-58.26526552792403,2.6737839303034248,0.7785936007876536,1.0,-11.657779932137668,-8.001009591115594,-3.514336637034965
2025-09-10,0.6613888888888889,0.7972222222222223,1090.0,-1.0,1.0,750.4866841975909,0.008423226099514647,1860.8676691729322,1091.465,2.93,-2.6299999999999994,-13.207105112370282,-39.6607099269004,2.5751401687503748,1.0221009541630948,1.0,-16.89776733254994,-9.934921868035307,-2.995958330961457
2025-09-11,0.6623148148148149,0.7972222222222223,-140.0,-1.0,-1.0,748.5106264407584,-0.016823611688203455,-219.38947368421054,-139.14,1.72,-0.74,-16.88717473026412,-59.81226777546465,2.5790851167094986,0.6055792646871532,1.0,-16.764361078546308,-8.747397372953248,-5.093100635537273
2025-09-12,0.6536111111111111,0.7972222222222223,-80.0,-1.0,-1.0,766.8409222257246,0.11512925408720238,-121.36240601503758,-79.49,1.02,0.17,-22.869130151892485,-52.69523521226136,2.511765065778564,0.6038314498234223,1.0,-18.112773302646723,-7.6072138043859265,-4.344949544914922
2025-09-15,0.6598148148148149,0.7972222222222223,-760.0,-1.0,-1.0,761.5676353140898,0.021572029702516905,-992.9428571428572,-760.525,-1.05,-0.81,-26.515889111055174,-53.41339807474081,2.4718815453557506,0.7393886042357369,-1.0,-18.556701030927837,-4.60815581892875,0.014220981118406861
2025-09-16,0.6528703703703704,0.7777777777777778,-250.0,-1.0,-1.0,769.9391636937775,0.06118877143992942,-315.36654135338347,-250.695,-1.39,-3.16,-27.447675303129454,-31.92988710474073,2.4893747121979573,0.780173520913788,-1.0,-16.403929632168158,-3.038172591522792,-2.9113318640409003
2025-09-17,0.6551851851851852,0.7777777777777778,-230.0,-1.0,-1.0,491.7474212599282,0.1328759694206024,-282.64924812030074,-230.8,-1.6,-4.53,-25.43090138748981,-59.00922540676308,1.9558403442502936,0.5577894949426132,-1.0,-9.063966411459623,-1.9519079700689668,-1.9348482377336995
2025-09-18,0.6549999999999999,0.7777777777777778,380.0,-1.0,1.0,488.33767437146,0.04255251042488863,507.0285714285714,379.94,-0.12,-1.84,-27.85609725458829,-35.42664371383354,1.8559981565381465,0.8333695594101577,-1.0,-11.938134364427256,-2.321342411408356,-4.484699141957204
2025-09-19,0.6513888888888889,0.7222222222222222,-540.0,-1.0,-1.0,372.9907576109061,0.06290200121353391,-658.2721804511278,-540.54,-1.08,-2.1,-22.35724105185864,-60.29066931138929,1.6577435982706623,0.6445725300949839,-1.0,-6.332320162107397,-0.5405986928807671,-0.05223676402130728
2025-09-22,0.6474074074074073,0.7222222222222222,270.0,-1.0,1.0,370.8383106308985,-0.012565721361135162,341.33684210526314,269.83,-0.34,0.71,-26.322670594330383,-36.73075818769978,1.6478641434683392,0.7044362818118084,-1.0,-7.508188460569409,-0.8695182544826041,-3.4273849479492524
2025-09-23,0.6433333333333333,0.7222222222222222,-120.0,-1.0,-1.0,373.7519582768621,0.020273255266519418,-145.42105263157893,-119.955,0.09,1.48,-26.77827500171676,-11.03325774349132,1.6551676047928132,0.8890618712109706,1.0,-6.783092887876485,-0.18429183153558792,-5.786307542779722
2025-09-24,0.6389814814814816,0.675,390.0,-1.0,1.0,362.0101045405687,-0.07920600472569558,527.2917293233082,390.515,1.03,2.63,-25.80766362482281,-52.68644340741046,1.6625537753687418,0.6384008993286195,1.0,-7.583058584833879,-0.8394900472128097,1.8549707510931768
2025-09-25,0.6479629629629629,0.6972222222222223,-580.0,-1.0,-1.0,360.63212047152604,-0.023846203551833377,-712.9421052631579,-580.155,-0.31,-0.19,-24.75688851879918,-57.45712742913535,1.713855648512232,0.6621109697900363,-1.0,-5.246992577425136,1.0205752333133145,0.18683772357224182
2025-09-26,0.6509259259259259,0.7111111111111111,580.0,-1.0,1.0,360.7634448747469,-0.009462099963966564,698.5729323308271,580.385,0.77,1.85,-28.264162375037863,-1.8442714943945449,1.7255929927586493,0.9301115942484368,1.0,-5.571391552215599,-0.2695786636014108,-4.78706905464864
2025-09-29,0.6539814814814815,0.7111111111111111,-520.0,-1.0,-1.0,354.4142684546015,0.022160271770125205,-582.6345864661654,-520.17,-0.34,0.0,-25.766882019738567,-13.826520697026623,1.709148389833495,0.9068272498675816,-1.0,-2.1704605611434613,1.2672100828823973,1.2504021879021776
2025-09-30,0.6596296296296296,0.7111111111111111,560.0,-1.0,1.0,273.78968109423704,0.04825404474690731,601.6842105263157,560.375,0.75,0.66,-33.364549609461406,-48.83349101687349,1.5014224126431128,0.6371084174862537,1.0,0.24786560176259798,-0.27943674319215184,-7.859018307917809
2025-10-09,0.6590740740740741,0.7111111111111111,-270.0,-1.0,-1.0,276.4868893817568,0.01575405228194482,-271.50225563909777,-270.06,-0.12,-1.15,-33.81785185870168,-18.452348690153563,1.488667662168207,0.7306704724591484,-1.0,2.031163049526996,0.35989435800594105,-1.2683002534876087
2025-10-10,0.662962962962963,0.7111111111111111,300.0,-1.0,1.0,268.4752267312961,0.0471304019078449,302.0639097744361,300.155,0.31,0.62,-37.25323320345855,-58.60667189963926,1.4217417104098675,0.6227910953061597,1.0,-0.9261781530918056,-0.4148241446819023,-3.1014487691138792
2025-10-13,0.6666666666666666,0.7111111111111111,230.0,-1.0,1.0,272.3673023114574,0.030108770019367313,215.47368421052633,230.04,0.08,-0.6900000000000001,-43.0049834891017,-64.81597394533208,1.3993949160331969,0.6307990054416803,1.0,-2.6663075680043113,-0.9102873437157322,-6.51408847372239
2025-10-14,0.6575925925925926,0.7,-200.0,-1.0,-1.0,274.90859725025894,0.01500522955770216,-167.84962406015038,-200.11,-0.22,0.12,-47.01691945613876,-65.44842897440782,1.394351330832997,0.6409935237191932,-1.0,-2.8342245989304793,-0.2169197396963085,-7.004622511001957
2025-10-15,0.6589814814814815,0.7,-130.0,-1.0,-1.0,252.23005372080425,0.09944637637496649,-112.01015037593984,-130.34,-0.68,-1.4300000000000002,-39.525246200261854,-83.21223644737398,1.2768145726673803,0.2501271990067334,-1.0,0.05486968449930352,0.13728720483250356,10.128491533242446
2025-10-16,0.6706481481481482,0.7111111111111111,-1070.0,-1.0,-1.0,249.29373923356445,0.0009259523875045694,-637.4142857142856,-1071.41,-2.82,-2.7,-31.368723115834445,-76.11486666311811,1.2303353605109029,0.4870689637627605,-1.0,6.165158371040724,2.7676640477428904,10.087446816521716
2025-10-17,0.6659259259259259,0.7,-350.0,-1.0,-1.0,242.99610133324708,-0.04581453637942192,-276.6842105263158,-351.63,-3.26,-3.57,-15.952092402057778,-28.738783356531417,1.238203675401303,0.8377709699370242,-1.0,6.732394366197192,3.3875874865274103,16.225818174045024
2025-10-20,0.6525925925925925,0.6861111111111111,-80.0,-1.0,-1.0,242.99610133324708,8.881784197001253e-17,-79.66917293233082,-81.305,-2.61,-2.69,-5.209727151084996,-54.0642206969043,1.2382731288258195,0.537433241090438,-1.0,6.717256885890954,3.269147084421231,7.880952556113852
2025-10-21,0.6387962962962963,0.675,-20.0,-1.0,-1.0,240.09373169660176,0.1818793055521089,-21.318045112781956,-21.265,-2.53,-2.31,0.2433380945302249,-58.99272975828001,1.1640009820253678,0.5874013087087179,-1.0,4.540451293340664,3.092223986106024,5.767807885216669
2025-10-22,0.6362037037037037,0.675,-570.0,-1.0,-1.0,243.4721425759549,-0.0412087720360367,-574.4571428571428,-571.885,-3.77,-3.09,17.572402866491142,-24.7503832953203,1.194646097544125,1.1378194883652395,-1.0,5.383984695271926,4.3600638718233276,13.872385146309307
2025-10-23,0.6356481481481482,0.675,-1410.0,-1.0,-1.0,334.022927041653,-0.09066328354052051,-1420.6545112781955,-1412.98,-5.96,-3.14,42.26505647876616,42.76615977874909,1.414268543180471,1.4515495229064344,-1.0,8.555133079847899,7.716976809992859,18.66087631040312
2025-10-24,0.6250925925925925,0.6583333333333333,210.0,-1.0,1.0,337.4673473483258,0.029653185993631936,215.79473684210527,207.48,-5.04,-1.7800000000000002,53.218601973625766,22.140924484688476,1.3912270066191,1.7845824371891856,-1.0,9.110867178924265,6.673821181836481,2.8693990413864334
2025-10-27,0.624537037037037,0.6583333333333333,-1190.0,-1.0,-1.0,378.4438357829402,-0.0395069722767869,-1201.9447368421052,-1193.21,-6.42,-3.81,71.89473235110074,38.90711444841357,1.4881003063673752,1.4658121758530127,-1.0,10.735532720389408,9.284513356996072,12.130601566884835
2025-10-28,0.611851851851852,0.6416666666666666,130.0,-1.0,1.0,383.26128232097165,0.03654437522770948,154.76353383458647,128.22,-3.56,-1.0300000000000002,79.95574765116484,83.86895082504506,1.4726116117639207,1.9839563049583333,-1.0,11.195859438845002,8.343397077754044,1.1013944791696817
2025-10-29,0.6083333333333333,0.6416666666666666,-630.0,-1.0,-1.0,377.3857442988537,-0.08291140349287499,-691.578947368421,-632.125,-4.25,-0.48,98.07273736161966,32.451888795376995,1.488288379797983,1.7552705350330222,-1.0,12.54412163996741,9.34511640176745,3.6986270542529454
2025-10-30,0.6121296296296296,0.6416666666666666,-250.0,-1.0,-1.0,380.2547622456898,0.022234290991277515,-280.0751879699248,-252.005,-4.01,1.95,104.43614907118248,140.16992013811443,1.4360913312686834,2.07343863531473,-1.0,14.43468715697036,9.246669548473307,5.127228822487284
2025-10-31,0.6122222222222222,0.6416666666666666,1310.0,-1.0,1.0,424.44359863361393,-0.04073771558469756,2224.3898496240604,1309.88,-0.24,4.8,95.46528503758506,167.05405886455085,1.6526769680202404,2.13591942994852,-1.0,9.103187466234463,5.349643965674633,-4.20946157700457
2025-11-03,0.6152777777777778,0.6583333333333333,-750.0,-1.0,-1.0,427.8083683145992,-0.012852255129954226,-1188.4141791044776,-750.73,-1.46,4.96,111.22265122265122,21.96332792815268,1.6095950440744613,1.3524425344823074,-1.0,12.897914379802412,6.652149115984862,2.8884883629809677
2025-11-04,0.6312037037037038,0.675,1860.0,-1.0,1.0,523.785813999738,-0.06372514768731649,3393.1222222222223,1861.165,2.33,5.890000000000001,81.67857667756377,109.62131999974228,1.963404550966692,2.1249091559087088,1.0,6.277056277056281,1.5249418454380992,-12.911665244942727
2025-11-05,0.627962962962963,0.6583333333333333,-290.0,-1.0,-1.0,527.6848640898025,0.03290279295430576,-517.2235294117647,-289.395,1.21,5.46,95.40101050162956,62.4564509320918,1.9164493159744995,1.0991309885265252,1.0,8.708791208791201,1.857214564268883,-0.8994826990602833
2025-11-06,0.6251851851851852,0.6583333333333333,-680.0,-1.0,-1.0,523.6722558804764,-0.04618354184693305,-1092.9883211678832,-680.27,-0.54,3.47,106.0863148518483,61.18645335135269,1.9369871509317729,1.211902077617511,-1.0,9.762748841014446,3.1324066363461744,4.130741737634036
2025-11-07,0.6234259259259259,0.6583333333333333,-900.0,-1.0,-1.0,523.7928477637136,-0.05493061432229429,-1112.282608695652,-901.53,-3.06,-2.8200000000000003,121.22981808677942,175.0005936570291,1.9492170282961017,1.6019024709931764,-1.0,13.14270002749518,4.79670966345358,4.018788812308927
2025-11-10,0.6234259259259259,0.6583333333333333,-2470.0,-1.0,-1.0,659.4934260076959,-0.11869470583779287,-2487.7697841726617,-2473.89,-7.78,-6.32,157.6281071805575,249.62647690464885,2.2613298551972987,1.8226686806686117,-1.0,20.6972883231876,10.03897529042268,8.866872661426495
2025-11-11,0.6156481481481482,0.6416666666666666,350.0,-1.0,1.0,654.0390701350782,-0.02798078928962817,361.5,347.33,-5.34,-7.67,172.89186289398802,233.8512246279506,2.294528967455053,1.5753413837515655,-1.0,19.069895432030815,8.210168304699028,-1.49490255068917
2025-11-12,0.6029629629629629,0.6138888888888889,-20.0,-1.0,-1.0,659.8093823617784,0.09359010672969512,-22.424113475177304,-22.005,-4.01,-5.22,148.95798034564552,1053.0660733521931,2.299465854711281,1.8319831070897612,-1.0,18.700301617768034,7.344772862527282,0.4697118480207818
2025-11-13,0.5986111111111112,0.6138888888888889,-630.0,-1.0,-1.0,655.0893872313592,0.026484705370882634,-700.9859154929578,-632.115,-4.23,-3.69,129.37260853765417,516.1895794798654,2.253461661297836,1.6470474882552235,-1.0,16.995205114544486,8.052254778950484,1.4269348124454018
2025-11-14,0.6000000000000001,0.6138888888888889,240.0,-1.0,1.0,658.6787013248168,0.018864711491597276,298.25454545454545,238.445,-3.11,-0.0499999999999998,90.0911505271134,149.48188747109702,2.273474301559195,1.091081741531437,-1.0,15.281076801266824,6.701843098457361,-3.6785619760155375
2025-11-17,0.6024999999999999,0.6138888888888889,-3920.0,-1.0,-1.0,959.5463566322971,-0.19459101429328637,-3947.222222222222,-3925.0,-10.0,-2.22,91.94907307958523,624.038222161014,2.919315733759755,1.8150342606357752,-1.0,25.362127995786143,14.925877637742047,8.935364895564435
2025-11-18,0.6010185185185186,0.6138888888888889,840.0,-1.0,1.0,937.6166594083105,-0.18688347847369222,802.7793103448276,836.35,-7.3,-1.96,56.14395920038427,651.4554573969966,2.983700834638581,1.819631188467122,-1.0,23.085022374309027,11.715026339994994,-13.961531492804035
2025-11-19,0.6023148148148149,0.6138888888888889,-2890.0,-1.0,-1.0,1029.4263860085023,-0.08116877094347572,-2765.294520547945,-2895.755,-11.51,-7.5,42.43710206635318,369.4999853897872,3.194079633926003,1.9922641767629072,-1.0,28.76037344398341,17.068685010964145,3.8762730795673495
2025-11-20,0.5907407407407407,0.5833333333333334,160.0,-1.0,1.0,1044.1637298512346,0.10880855812988041,150.465306122449,155.595,-8.81,-4.58,14.423340737259243,225.03177707162064,3.1646114369399294,1.693205629948035,-1.0,23.817863397548166,15.396273929162675,-4.67670511913375
2025-11-21,0.5932407407407408,0.5833333333333334,3980.0,-1.0,1.0,1221.8729152627257,-0.14709647815251822,6528.275675675675,3980.185,0.37,3.48,-4.603014096397278,85.47164029236679,3.760571153715268,1.174710982077105,1.0,14.461770623742453,5.409443074036768,-14.235762152785014
2025-11-24,0.5837962962962961,0.5611111111111111,270.0,-1.0,1.0,1238.4637130013348,0.07416433121219175,426.1651006711409,270.06,0.12,10.12,-24.489221846702435,-11.63230992020682,3.7331167470896265,0.4708043992433982,1.0,10.476190476190483,4.266058217520574,-11.243852214904448
2025-11-25,0.5921296296296297,0.5833333333333334,-2460.0,-1.0,-1.0,1249.1365438826765,-0.14701910855925102,-1910.6,-2462.715,-5.43,1.87,-29.7878695507188,-29.895229306725422,3.880402379812834,0.535535799493362,-1.0,16.85448309652131,9.070953284704908,-5.992965886742008
2025-11-26,0.5948148148148148,0.5833333333333334,-470.0,-1.0,-1.0,1253.7862656768896,0.014649356207055897,-532.7652317880795,-471.835,-3.67,7.84,-5.687319731219495,22.870063282789,3.877181633647922,0.8420206037738476,-1.0,16.212303980699637,9.305861263019356,39.29352941005073
2025-11-27,0.5987037037037037,0.5833333333333334,260.0,-1.0,1.0,1253.3738678588998,-0.001961035649971654,352.6421052631579,258.685,-2.63,6.180000000000001,-4.689502712664041,-10.571969939103887,3.889028663158327,0.7740801441040625,-1.0,14.89208633093526,7.955249608490411,6.2394624875014015
2025-11-28,0.5964814814814815,0.5833333333333334,-300.0,-1.0,-1.0,1270.5286922752814,0.07369999694845117,-406.22549019607845,-301.385,-2.77,-3.14,3.243868035420422,-36.52388158361969,3.779399526608888,0.6172900109780681,-1.0,19.361228026739298,7.682514155526521,3.7638664099141073
2025-12-01,0.5916666666666668,0.5611111111111111,-260.0,-1.0,-1.0,1284.0514623233512,0.052969578650100504,-363.3753246753247,-261.335,-2.67,-2.79,3.5128640628808188,-8.726059713500655,3.774354727587123,0.5705102938765938,-1.0,17.81720952843948,7.384185922857078,3.1565584689125847
2025-12-02,0.582962962962963,0.536111111111111,190.0,-1.0,1.0,1290.5890128154663,0.11406538449106196,284.6629032258064,188.88,-2.24,3.1899999999999995,20.741231464840588,-53.45284422394767,3.5701724051771118,0.4978492450152199,-1.0,22.912423625254586,5.907385877552818,1.583053273072088
2025-12-03,0.5824074074074074,0.536111111111111,1450.0,-1.0,1.0,1279.2806366737602,-0.0804718954837739,2595.3141025641025,1450.37,0.74,4.41,24.17508714645016,24.740029201269653,3.686100279815606,0.7001128269894565,1.0,18.34723275208492,1.9151251360174149,1.9189155420026527
2025-12-04,0.5746296296296296,0.536111111111111,-20.0,-1.0,-1.0,1300.0340076523505,0.17631802380433767,-35.214012738853505,-19.84,0.32,2.95,18.78160865963393,13.989756594557344,3.685796295685441,0.718840334750519,1.0,16.3975155279503,1.2316335350043284,-0.3921213284153846
2025-12-05,0.5745370370370372,0.536111111111111,770.0,-1.0,1.0,1301.431903712215,0.007800212414449681,1410.4645569620254,770.59,1.18,3.95,14.20202830832405,-43.06986325872288,3.709693243494807,0.5096716880622455,1.0,11.980558930741193,-0.9596681461102818,0.00838344074245434
2025-12-08,0.5795370370370371,0.536111111111111,-1340.0,-1.0,-1.0,1262.6617666034342,0.03057742681678286,-2005.7861635220127,-1341.1,-2.2,0.4699999999999997,10.972472464044694,-39.24733090133584,3.5343022549713767,0.6763807237807634,-1.0,8.711600183402112,1.5058919225541256,5.788191397527265
2025-12-09,0.5856481481481481,0.5611111111111111,1020.0,-1.0,1.0,1252.2084701165295,-0.053481237495905255,1767.1499999999999,1019.975,-0.05,2.1900000000000004,9.29319098259616,-43.24424647364514,3.572658746315485,0.5910458938542893,-1.0,7.233649179570145,-1.0091097220148004,-2.9855225423137344
2025-12-10,0.5862037037037038,0.5611111111111111,-1590.0,-1.0,-1.0,1231.6659663364817,-0.21878784861446082,-1965.27950310559,-1591.71,-3.42,-4.16,14.459719528287264,-45.78544680174866,3.633989801926056,0.7388520571122222,-1.0,10.857010857010852,1.872293453341256,5.219135207091852
2025-12-11,0.5862037037037037,0.5611111111111111,-1450.0,-1.0,-1.0,1226.979174532658,-0.04167995075656965,-1539.5061728395062,-1452.72,-5.44,-5.760000000000001,18.22301002396955,-32.71405076441374,3.670559888169796,0.9049949289444178,-1.0,12.568306010928953,4.339017389836242,4.761723866262124
2025-12-12,0.592037037037037,0.611111111111111,580.0,-1.0,1.0,1215.366091695052,-0.044119458887797135,740.1226993865031,578.35,-3.3,-4.48,23.14456110747749,0.0339304386400396,3.684026094226473,0.9213964009566268,-1.0,11.858974358974361,2.554415129190013,0.3312401562078682
2025-12-15,0.6043518518518519,0.6555555555555556,-1670.0,-1.0,-1.0,1043.3764774443646,0.042663401351500485,-1771.829268292683,-1672.925,-5.85,-3.65,17.62683984837127,-48.81913266257912,3.198876744750339,0.8867371699448496,-1.0,6.15546218487395,5.734523273940928,4.054313119123054
2025-12-16,0.5973148148148149,0.611111111111111,230.0,-1.0,1.0,1060.1122085594723,0.0647661289878408,252.30303030303028,227.64,-4.72,-4.67,37.50745834167773,-59.85028136939378,3.166595012356044,0.8023702629867313,-1.0,7.57057313943541,4.864853595738694,0.5802003971699721
2025-12-17,0.6066666666666667,0.6555555555555556,-4010.0,-1.0,-1.0,1183.7914112136302,-0.01637673695487456,-4058.313253012048,-4015.325,-10.65,-7.23,32.88540581795632,-34.44649513304078,3.357895635925238,1.622705049966754,-1.0,9.385699899295075,12.677517401632787,0.38466908999184035
2025-12-18,0.6148148148148149,0.6694444444444445,1230.0,-1.0,1.0,1161.9080269788547,-0.1019797813847821,1266.8263473053892,1225.945,-8.11,-2.669999999999999,40.26442758787495,-36.45733452156681,3.4107033673387006,1.480356818911008,-1.0,7.25399070519297,9.717025982347716,0.6165222580688523
2025-12-19,0.6218518518518519,0.6805555555555556,-2620.0,-1.0,-1.0,1020.4461098744483,0.02090537506964598,-2622.495238095238,-2626.17,-12.34,-9.04,62.602746719763104,-18.356178108389344,2.9177820363119054,1.3773225266290492,-1.0,22.39068336629313,13.932724464853695,-0.5770680128613925
2025-12-22,0.625,0.6916666666666667,-1490.0,-1.0,-1.0,1003.9525832795512,-0.08540547184542827,-1491.366568047337,-1496.725,-13.45,-7.6,84.03984901856589,121.60457708991405,2.912134895557066,1.4348729293980522,-1.0,26.414677276746247,15.568039445499737,0.4575160467025219
2025-12-23,0.634537037037037,0.7,-2990.0,-1.0,-1.0,1045.8997637390848,-0.009755601869313258,-2977.6882352941175,-2998.665,-17.33,-12.61,95.6803487189648,42.97536178876895,2.896495233796895,1.0251089664623163,-1.0,26.16352201257861,20.095789263620034,-0.04703157813269465
2025-12-24,0.6447222222222222,0.7055555555555555,-2180.0,-1.0,-1.0,1053.2100055494507,-0.07671737297050421,-2116.4485380116957,-2189.31,-18.62,-7.970000000000001,35.41691942751237,17.127831445600084,2.945445435625521,1.317996890713611,-1.0,29.458168984845344,22.708802723364062,-3.6045225165395323
2025-12-25,0.6475925925925926,0.711111111111111,600.0,-1.0,1.0,1038.4780108155244,-0.04181240110105648,580.4651162790698,592.465,-15.07,-6.960000000000001,19.552770131644756,24.72948751320025,2.961103704280453,1.2682627070646566,-1.0,28.90836986015446,19.89439353936946,-6.20653540655518
2025-12-26,0.6516666666666667,0.711111111111111,-3500.0,-1.0,-1.0,1119.715541884117,-0.12283678848868414,-3353.4248554913297,-3507.135,-14.27,-1.93,9.49472294012501,-26.20584478847153,3.109869730483646,0.5941249650252642,-1.0,35.366106616884466,24.626416751807035,-4.965850718147791
2025-12-29,0.6564814814814816,0.7166666666666668,5850.0,-1.0,1.0,1452.7067295587447,-0.15567576527675792,8935.370689655174,5849.655,-0.69,12.76,-5.755353335798231,28.626733274195804,3.901119407351759,0.9444739455616968,-1.0,22.570662265318763,12.281829091974327,-11.210758446194768
2025-12-30,0.6589814814814815,0.7166666666666668,-1380.0,-1.0,-1.0,1409.6557063788007,-0.09914073507261209,-1685.5714285714287,-1381.47,-2.94,14.39,-7.411646044556795,1.1534482379097044,3.893865211240637,0.6299084156507286,-1.0,25.91135045567523,13.547639949941171,-0.20220749690149642
2025-12-31,0.6496296296296297,0.7166666666666668,0.0,-1.0,0.0,1464.734213360729,1.0547414697034276,0.0,-1.265,-2.53,16.09,-12.906423896126048,-38.99642947632837,3.778160878790545,0.547369078786697,-1.0,29.809950886184076,12.08629114040749,-4.129596780029299
2026-01-05,0.6580555555555556,0.7277777777777779,-4200.0,-1.0,-1.0,1506.129581340687,-0.2673553740477782,-3875.7457627118647,-4204.03,-8.06,7.01,-8.08680963703269,-48.20727159820215,3.957815173216456,0.4902013721153291,-1.0,38.719316969050155,17.85934496391135,5.120013708858129
2026-01-06,0.6673148148148148,0.7611111111111111,-3980.0,-1.0,-1.0,1545.9572915732247,-0.08213232911916538,-3855.2337078651685,-3983.785,-7.57,6.699999999999999,-4.579650279305695,-34.07748961554212,3.990875916605052,0.4389385183529227,-1.0,49.67447916666667,22.53382249740168,3.8244335250692707
2026-01-07,0.6755555555555557,0.788888888888889,-2180.0,-1.0,-1.0,1535.728440221533,-0.024332763127531166,-2018.9966480446926,-2183.09,-6.18,-5.49,-14.602051155819392,-29.858167032886364,3.993925537342703,0.6144757344225723,-1.0,50.042176296921134,23.797261322708053,-5.323187519976669
2026-01-08,0.6812962962962963,0.788888888888889,-1350.0,-1.0,-1.0,1524.824062327399,-0.014015098245725287,-1388.25,-1352.24,-4.48,-1.5400000000000005,-10.592939778006016,27.841629003445824,3.8663202572859054,0.9472324914874432,-1.0,56.25,23.345469393310413,1.5689410092395217
2026-01-09,0.6887962962962962,0.788888888888889,790.0,-1.0,1.0,1550.6718408144054,0.03497281745581595,1052.882320441989,788.81,-2.38,0.1499999999999999,-15.621196030079956,-24.391602985819773,3.93014181914702,0.6866443527740137,-1.0,49.42696395082309,19.58841971849776,-0.6983927054602157
2026-01-12,0.6902777777777778,0.788888888888889,-6320.0,-1.0,-1.0,1802.786950661027,-0.0736077825597427,-8001.397802197802,-6321.3,-2.6,5.460000000000001,-20.114207695933832,-90.7965707682178,4.205195662022349,0.1053797589348198,-1.0,57.82766990291262,27.09814556915635,-0.8166397193828612
2026-01-13,0.697037037037037,0.8111111111111111,-5460.0,-1.0,-1.0,1878.2138071218508,-0.11210879818287481,-5094.508196721311,-5462.24,-4.48,3.09,-27.672443053250863,-19.732634365814995,4.237383165010803,0.9466247357168,-1.0,70.87597216537046,32.261386138613865,-9.161400586538049
2026-01-14,0.7105555555555555,0.8333333333333333,2520.0,-1.0,1.0,1865.6010742977858,-0.020571763744634475,3892.8521739130438,2520.325,0.65,6.83,-31.653087883295456,-15.806438241226072,4.428125459223685,0.9247639317904196,1.0,60.24144072828024,25.24943152814516,-1.6724566080285719
2026-01-15,0.7182407407407408,0.8333333333333333,-640.0,-1.0,-1.0,1839.752486212837,-0.051169443232259734,-761.254054054054,-641.295,-2.59,1.8900000000000008,-33.34474428213871,-27.80115081271753,4.393314543011798,0.6860177450636042,-1.0,62.24652087475149,23.25467245610724,-1.9092630523020127
2026-01-16,0.7230555555555556,0.8416666666666668,8510.0,-1.0,1.0,2243.776128714599,-0.03762253505674675,14463.797311827957,8514.035,8.07,10.45,-37.75952042286068,-48.945504574011466,5.070440143566048,0.9854078680301138,1.0,34.59767998526975,8.85751727424351,-6.264106572480188
2026-01-19,0.7134259259259259,0.8333333333333333,-530.0,-1.0,-1.0,2276.2491654381547,0.04209462203732561,-841.8497326203209,-528.73,2.54,5.140000000000001,-38.854723648045,-67.53912552913654,4.99333929609379,0.5814506285654321,1.0,38.715146948003024,7.994338474174789,-1.1539579893928176
2026-01-20,0.7239814814814814,0.8416666666666668,-6620.0,-1.0,-1.0,2425.401703028311,-0.04634605259726439,-5584.744680851063,-6622.49,-4.98,-0.5,-37.89877532224231,-51.44327599699881,5.206415845961447,0.8320119701531934,-1.0,44.075403949730706,15.622343567651686,0.9773151063255714
2026-01-21,0.7236111111111111,0.8416666666666668,-3120.0,-1.0,-1.0,2397.28662405953,-0.03695284407566966,-2693.022222222222,-3122.47,-4.94,-5.590000000000001,-36.309717825414616,-62.63622385827061,5.222061319002821,0.7372111055032998,-1.0,45.77723378212974,17.894111657899202,3.0280413433457554
2026-01-22,0.73,0.8416666666666668,-1020.0,-1.0,-1.0,2443.6251650710306,0.0537735379730236,-1212.1894736842107,-1021.27,-2.54,0.0499999999999998,-34.975646727905975,-36.4712593518768,5.169641612310854,0.9338986902408564,-1.0,40.22931206380858,17.328105774644943,2.0466059710979367
2026-01-23,0.7344444444444445,0.8500000000000001,-6370.0,-1.0,-1.0,2543.7976169085214,-0.053613729624067186,-5351.967277486911,-6372.9,-5.8,-13.87,-32.228754676643504,-63.87746758186987,5.313669062486909,0.7341254905832325,-1.0,45.54201411161001,23.741419154288202,0.46761288431504955
2026-01-26,0.7437037037037038,0.8583333333333334,7920.0,-1.0,1.0,2666.5414224974525,-0.12901084140259594,13384.8,7924.775,9.55,7.010000000000001,-31.368919295044197,-37.75295380845848,5.804691234573878,1.2807020607695825,1.0,34.132124352331616,11.343337746386117,-5.01654783829617
2026-01-27,0.7446296296296296,0.8583333333333334,-6960.0,-1.0,-1.0,2769.0914337415898,-0.03437082528544615,-6494.797927461139,-6961.975,-3.95,1.0300000000000002,-26.792482258441865,-10.823715466649253,5.935244347329544,0.8549432286013174,-1.0,37.60343242414956,18.739876367723383,1.3711877788149751
2026-01-28,0.7485185185185185,0.875,6660.0,-1.0,1.0,2806.537996592205,-0.006483891164387079,10474.051546391755,6661.72,3.44,8.38,-19.78354429144424,-31.29388295555516,5.796275962375478,1.084373170767756,1.0,39.94277057734388,8.235477907673072,-2.7100155527622127
2026-01-29,0.7440740740740741,0.8583333333333334,730.0,-1.0,1.0,2839.9247580840847,0.03183971216817947,1111.003846153846,730.965,1.93,4.47,-21.31040134243677,13.449393945988298,5.826808657185412,1.1862180598965786,1.0,35.5650600427702,5.79626420181012,-2.101779870311571
2026-01-30,0.7524074074074074,0.875,8310.0,-1.0,1.0,2863.4290723940726,-1.1420362722967052,13253.602040816326,8314.15,8.3,14.1,-23.989073713672543,40.82507325773983,6.390275425362884,1.2350027692523935,1.0,21.895048527718373,-5.677789728935023,-7.39312086333439
2026-02-02,0.7564814814814814,0.8916666666666666,7880.0,-1.0,1.0,2978.7020751715972,-0.03146216892346354,11859.4,7888.705,17.41,7.859999999999999,-32.52408343230634,87.50607497169864,6.757631535299767,1.3929968997141855,1.0,1.8925988613632816,-15.774210780697517,-6.683556941607782
2026-02-03,0.7589814814814815,0.8944444444444444,-7830.0,-1.0,-1.0,3073.4694950238413,-0.03383403452914111,-11464.622727272728,-7828.175,3.65,7.6,-33.50081028188838,103.6379533061396,7.125738887478791,1.2952912195348871,1.0,7.365521241119333,-6.118464425173686,2.3215549125965573
2026-02-04,0.7515740740740741,0.8916666666666666,440.0,-1.0,1.0,3168.323315506002,0.0800152713528409,651.0231155778895,441.965,3.93,0.4900000000000002,-28.944168048645665,-25.810702485924352,7.104132232196254,0.6595721621497311,1.0,3.457484188334514,-6.821605336776415,1.1642353205722822
2026-02-05,0.7589814814814815,0.8944444444444444,7220.0,-1.0,1.0,3132.948627932344,-0.08383751799260786,10108.0,7224.225,8.45,6.52,-35.899289944738925,-18.79894444919551,7.449107287416891,1.1392716553885578,1.0,-8.427586206896553,-15.634709347023579,-8.372880037342457
2026-02-06,0.7600925925925925,0.8944444444444444,-70.0,-1.0,-1.0,3185.0642809344067,0.12117688451959094,-85.39999999999999,-69.405,1.19,-7.110000000000001,-35.6837498091506,24.96959395414917,7.446166065010604,1.241484848940115,1.0,-7.321154650676331,-15.263097499713119,-0.3644887302631794
2026-02-09,0.7616666666666666,0.8944444444444444,-2040.0,-1.0,-1.0,3218.0982860918602,0.056538469998533715,-2233.7999999999997,-2040.545,-1.09,-18.5,-32.09598541154367,345.78265757544784,7.190094253121666,0.6302742877337614,-1.0,-12.21325131359734,-12.128228646197458,4.716122650840759
2026-02-10,0.7558333333333332,0.8944444444444444,-170.0,-1.0,-1.0,3353.27585315739,0.1734702812994744,-189.55,-170.49,-0.98,-4.63,-24.830918504131173,-51.45640167253941,6.979889753470819,0.629788110925783,-1.0,-17.750628817822488,-11.064774942205702,0.5574430858747093
2026-02-11,0.7552777777777778,0.8944444444444444,-6460.0,-1.0,-1.0,3360.2874250497334,-0.047068520801457535,-3876.0000000000005,-6464.08,-8.16,-12.09,-21.223068475837582,-40.26050093460483,7.31142361919076,0.770104341842751,-1.0,-7.212547857231078,-2.3289977444537646,3.046917676573524
2026-02-12,0.7502777777777777,0.8944444444444444,420.0,-1.0,1.0,3373.8349256096035,0.021060673212892667,287.70000000000005,417.685,-4.63,-13.079999999999998,-20.26548513094053,-29.32318622813364,7.308831768134663,0.6764295382383821,-1.0,-8.454846219826006,-2.4374318491965585,-0.7169082071404764
2026-02-13,0.7458333333333333,0.8916666666666666,-1610.0,-1.0,-1.0,3290.074227286161,0.08325038815426518,-893.5500000000001,-1612.91,-5.82,-7.01,-17.76042755561323,-49.25117028416477,6.9114868508472735,0.6884614123239204,-1.0,4.404924760601925,-0.5440625509040564,-3.3191609576947556
2026-02-24,0.7564814814814815,0.8944444444444444,-5740.0,-1.0,-1.0,3195.858298353964,-0.11911687405274334,-3845.7999999999997,-5743.69,-7.38,-6.29,-11.2199177791122,-34.86871289414996,7.0907471383839615,0.4981807770322403,-1.0,11.449137579790847,6.351818971215284,6.7072636211158665
2026-02-25,0.7494444444444445,0.8916666666666666,-1180.0,-1.0,-1.0,3226.485581949238,0.08622904653874723,-1153.45,-1181.42,-2.84,-1.86,-9.224487240911904,-28.453646186656734,6.826878423287029,0.7613708010297817,-1.0,3.7258566978193075,7.672506904156728,3.246891943699004
2026-02-26,0.7568518518518519,0.8916666666666666,-3590.0,-1.0,-1.0,3220.6208946984775,-0.0070159600318417505,-4532.375,-3590.19,-0.38,7.78,-12.320764240713393,6.918638322290649,6.838935439653493,0.9465697222624668,-1.0,4.150173923473677,12.065460787413773,-0.486159183316226
2026-02-27,0.750462962962963,0.875,-1190.0,-1.0,-1.0,3212.1913736657457,-0.007707533984360015,-1326.85,-1191.145,-2.29,2.34,-12.625547876506232,-39.28040017485039,6.839914812198987,0.6777427786131991,-1.0,4.301457518663354,13.335822721244362,1.6918796174880901
2026-03-02,0.7566666666666666,0.8805555555555555,2010.0,-1.0,1.0,3200.7766738386285,0.05767323735862817,2703.45,2010.14,0.28,6.1000000000000005,-13.765248627851426,-33.76380157815668,6.652518993103179,0.5534423825655449,1.0,-5.233583076245041,11.08743243505046,-0.8428733173984182
2026-03-03,0.7668518518518519,0.8916666666666666,10580.0,-1.0,1.0,3423.2048311179797,-0.01447871102860363,14230.1,10583.36,6.72,14.1,-18.505275737367384,-22.67946323880662,6.939531026249866,1.102472901344137,1.0,-8.944954128440363,-2.1088832652001788,-10.237460881332993
2026-03-04,0.7687962962962962,0.8916666666666666,-1100.0,-1.0,-1.0,3412.1952726869795,0.09224346468882963,-1248.5,-1099.695,0.61,3.45,-19.74798370392465,-22.278604180344374,6.65244206839689,0.7438076627166093,1.0,-14.777282850779505,0.18130289364655106,-0.17461513998657807
2026-03-05,0.7899999999999999,0.8944444444444444,-5607.541770077206,-1.0,-2.0,3373.0326784706212,0.008600352408678536,-7977.595471493703,-5607.496770077206,0.09,0.47,-19.12746207282504,-36.49822599493262,6.471324299316593,0.7688543684849152,1.0,-6.266538369016117,2.3630321419658262,-1.957753583217059
2026-03-06,0.8004629629629628,0.8944444444444444,-4341.760548347316,-1.0,-2.0,3301.070253903975,-0.08914953329287112,-7204.630256384649,-4342.050548347316,-0.58,1.71,-17.01118686109254,-56.22307388353723,6.469152422854732,0.6066685318477454,-1.0,-5.254216721271687,2.8525512253917196,0.46002394892501464
2026-03-09,0.8144444444444444,0.8944444444444444,-8339.443655535808,-1.0,-2.0,3303.1513549321658,-0.00017684486542339782,-15396.178681897543,-8341.403655535807,-3.92,-4.2,-11.253324601920015,-27.175447103867057,6.053853836426967,1.0916648527765402,-1.0,8.677462887989208,5.6325095755286325,-0.9679457806608505
2026-03-10,0.8375,0.8944444444444444,-6632.660548232493,-1.0,-2.0,3234.9408272058026,0.00861609454085066,-12630.556570239205,-6634.040548232493,-2.76,-9.48,-4.366145333018885,-64.88156395794597,5.446453457891176,0.6506197727475964,-1.0,23.074599818785856,5.844155844155852,0.5582588131405553
2026-03-11,0.8252777777777778,0.8944444444444444,1405.9287390969812,-1.0,0.0,3134.076874084139,0.08586322003727212,1302.5543916217835,1407.2037390969813,2.55,1.94,-7.120892711583327,-56.84780047196154,4.991234437589805,0.809720057097703,1.0,4.686022957461167,0.44898831852902,-0.6258326641946144
2026-03-12,0.8337037037037036,0.9,-3952.05790567612,-1.0,-2.0,3050.440891491922,-0.10976084910371968,-5770.0924078081425,-3951.73290567612,0.65,0.56,-9.594011869568115,-29.519039939467195,4.989898938684025,0.6752149209019513,1.0,6.629534030702344,1.385345690573847,-1.529494365020756
2026-03-13,0.8213888888888888,0.9,1059.5403474772786,-1.0,0.0,2984.811001440539,0.09595098862387327,871.5193226971674,1061.8153474772787,4.55,5.13,-3.8853528293361874,-45.72898721893313,4.463039442800745,0.920749619069088,1.0,14.535321584576,-2.3876765083440277,-2.58711299334321
2026-03-16,0.8372222222222221,0.9,-7962.884539083796,-1.0,-2.0,3046.0021906497973,-0.23670256681336527,-11546.585418598877,-7963.859539083796,-1.95,1.97,-5.445332115955261,-60.48906948284149,4.555511905443199,0.7840388385241144,-1.0,20.087270538669877,1.58144270849907,-1.9816130538483856
2026-03-17,0.8247222222222222,0.9,-468.41204473484004,-1.0,0.0,3112.515147203611,0.07356783695830274,-1920.8891712029535,-467.54704473484003,1.73,4.49,-10.238875115891778,-43.19453951742592,4.60112102548498,0.5999873387550676,1.0,13.372262773722632,-1.727923265275133,-0.5925654123334678
2026-03-18,0.8147222222222222,0.9,1194.5645619412855,-1.0,0.0,3059.4934133828688,-0.09748692862768289,838.3387098553071,1196.3545619412855,3.58,1.0300000000000002,-11.14688617268179,-30.26172725763894,4.690426291947711,0.7234227206926115,1.0,9.305373525557004,-5.400466317978447,-0.4597820244655826
2026-03-19,0.830925925925926,0.9111111111111112,4220.6049752144345,-1.0,2.0,2995.095701101691,0.021282542044191645,4901.715588854384,4224.074975214435,6.94,6.29,-20.695535591575485,-17.99094569977577,4.353646225067479,1.0253422859045327,1.0,-5.09783042725942,-9.921860688409234,-8.027076786957343
2026-03-20,0.847962962962963,0.9388888888888888,-1322.2272682634502,-1.0,-2.0,2950.6635652067575,-0.05734091025938763,-1765.3821897903824,-1320.4422682634502,3.57,-0.98,-21.865103467759024,-15.263223511965307,4.358783498974402,0.925346974661839,1.0,-3.721054745014052,-8.96607584683824,-2.181117261136356
2026-03-23,0.8630555555555556,0.9388888888888888,-5647.121907034123,-1.0,-2.0,2940.004807580496,-0.0627455919473054,-8530.7092510969,-5647.971907034123,-1.7,0.25,-21.25759001361673,-23.989060298276765,4.40977553005588,0.8281963813184873,-1.0,-2.358490566037741,-5.580649861576569,-2.567449327133753
2026-03-24,0.8781481481481481,0.95,-6295.489541826159,-1.0,-2.0,2961.0770403976494,-0.004618711044860646,-12407.665730809249,-6297.269541826159,-3.56,-5.29,-28.611643573032477,7.793752682353383,4.093124421628026,0.8361615981049932,-1.0,-6.812088715573972,-2.7655922181956893,-3.2585341235059073
2026-03-25,0.8939814814814816,0.95,-8025.8843911950735,-1.0,-2.0,3024.497878130939,-0.09585787141269311,-14860.641035199456,-8027.964391195073,-4.16,-7.74,-33.174462983739,-27.708558626950957,4.190485773854,0.8581260253979615,-1.0,-4.4209514656415205,1.4006958871286335,-3.352180317304443
2026-03-26,0.8831481481481481,0.95,-2738.890048863212,-1.0,0.0,3040.1801298056453,0.01352997278706014,-7342.26177253696,-2739.115048863212,-0.45,-7.390000000000001,-34.33305615078731,-35.166388792951366,4.0616245234398365,0.9853866848741464,-1.0,-9.47829091327882,0.7053216228162906,-2.211488468270384
2026-03-27,0.9002777777777777,0.95,-12039.655529692573,-1.0,-2.0,3418.3904428312785,-0.11571262605500099,-20357.569459663617,-12042.755529692573,-6.2,-9.77,-35.09744412295048,15.121639832612232,4.387864944152859,1.2161167879711507,-1.0,-4.317200636219043,8.16920221681361,0.5081478174401743
2026-03-30,0.914074074074074,0.9555555555555556,-7231.728257517668,-1.0,-2.0,3397.6727074809705,-0.06401716624711566,-16461.896729633394,-7233.803257517668,-4.15,-2.45,-37.15612577180073,-11.967709117814152,4.379052523755399,0.7526633929892695,-1.0,-0.23253110103476082,10.225499200380227,-3.988095478462428
2026-03-31,0.9036111111111113,0.9555555555555556,6070.29443026637,-1.0,0.0,3148.990770870386,0.027777915832747625,4763.920160137254,6072.13943026637,3.69,7.25,-35.832322351915764,-33.27611965447132,3.8541147575362382,1.150410170469082,1.0,4.202571920986342,0.7588965234334832,-8.346616980917808
2026-04-01,0.9105555555555556,0.9555555555555556,-2696.718819104787,-1.0,-2.0,3069.9549764789726,-0.04483628007332752,-4424.383726776714,-2695.8088191047873,1.82,5.98,-37.190533640501336,-22.237740586055686,3.847155865352478,0.90661186079434,1.0,3.6325623938324947,1.4882209169897687,-2.287578700049564
2026-04-02,0.9113888888888888,0.9555555555555556,-3466.824871234267,-1.0,-2.0,3079.9202478250622,0.02404366419347701,-7587.744285026052,-3467.034871234267,-0.42,0.03,-37.86668030592044,-26.994226385584263,3.829314158754378,0.8747195306355777,-1.0,2.104452713974081,1.7141980595431372,-3.0131826741996215
2026-04-03,0.9024074074074074,0.9555555555555556,-2153.787893230902,-1.0,0.0,3133.7821395724754,0.03505259095734185,-5287.428312677197,-2153.582893230902,0.41,6.61,-34.57051898305795,-70.72481421761077,3.835549744689993,0.2752488601847186,1.0,1.0886270491803351,0.8413023897587246,5.789409970220083
2026-04-07,0.927962962962963,0.961111111111111,-5261.828647972619,-1.0,-2.0,3016.2437895943112,0.0230258944033765,-9629.903034469904,-5262.408647972619,-1.16,2.99,-29.453444662519544,-75.27989107479168,3.7941444732357015,0.4371638242794143,-1.0,-0.12417732522040925,2.7642733481118897,6.777100850913853
2026-04-08,0.9160185185185185,0.9555555555555556,-2754.522724367943,-1.0,0.0,2995.9970042437994,0.043938091250668034,-7174.065618476339,-2754.8727243679427,-0.7,-4.39,-27.38446455369199,-45.98560146371861,3.78856627139754,0.5495879214766477,-1.0,-2.073619631901835,2.0823207387889786,3.5074182195415693
2026-04-09,0.9,0.95,270.23461026881114,-1.0,0.0,3063.7035479568794,0.08245814380225944,-2294.4218362594197,270.9496102688111,1.43,-0.3900000000000001,-23.508939703906357,-41.68493263411459,3.7225923166285377,0.7190678219190624,1.0,-0.9545923632610975,-1.746752831275189,4.677812796375358
2026-04-10,0.9146296296296296,0.9555555555555556,-5826.219791371206,-1.0,-2.0,3082.980714604143,-0.019406597583383256,-9855.376032323788,-5826.869791371206,-1.3,-0.8800000000000001,-20.529101179536667,-35.70700729661371,3.759242567004936,0.66388914919797,-1.0,0.39495477130844225,0.8181882152749731,2.3065905979727352
2026-04-13,0.9349074074074074,0.961111111111111,-11003.001480531359,-1.0,-2.0,3319.5848291993407,-0.11701664584849683,-19610.612417132328,-11005.856480531358,-5.71,-6.12,-5.937898310218196,-33.19726099552278,3.874868541697464,0.9263613955056282,-1.0,9.481851657022622,6.022592682212391,15.298316987903359
2026-04-14,0.9383333333333334,0.9638888888888888,-5699.889789123882,-1.0,-2.0,3244.9996236187535,0.016717223701632554,-12959.843759713027,-5701.4897891238825,-3.2,-2.04,4.360714940952675,-28.01741058525622,3.731849070929629,0.814569053112597,-1.0,4.523242701415864,5.995438460512181,8.750163512140151
2026-04-15,0.946574074074074,0.9638888888888888,-5478.007097654254,-1.0,-2.0,3089.202434065388,-0.12295741487537892,-8657.412066012232,-5478.797097654254,-1.58,-0.8800000000000001,12.910808763056838,24.05629645004872,3.668092533703672,1.0397474011388983,-1.0,8.588720061807887,6.699563484532178,7.551714672563703
2026-04-16,0.9618518518518518,0.9638888888888888,-10782.346134663694,-1.0,-2.0,3213.915787813903,-0.11000642215568535,-17160.69226932739,-10784.761134663695,-4.83,-6.26,28.339221005653464,22.117743055724205,3.649504102603721,1.201771203319859,-1.0,17.239541699973348,10.438995005145447,13.141639615044909
2026-04-17,0.9699074074074076,0.9694444444444444,-7930.233495436219,-1.0,-2.0,3246.1586954630166,-0.03153520014217017,-14478.984757843356,-7932.503495436219,-4.54,-3.24,44.56453695025553,-30.130886332999506,3.378297464356709,0.9841640582575216,-1.0,24.51612903225806,10.209047122498639,3.600621478520716
2026-04-20,0.9892592592592592,0.975,-8473.12217562252,-1.0,-2.0,3138.179034005326,-0.09287907083859355,-14037.010564657021,-8475.25717562252,-4.27,1.4400000000000004,57.60002603243931,-19.211618578574864,3.3784197198594303,1.03098891075587,-1.0,25.260670095926585,10.600322840010069,6.639282297938354
2026-04-21,0.9732407407407409,0.9694444444444444,-2260.8336770941323,-1.0,0.0,3247.2373989107646,0.045770619459398754,-2913.7025173313436,-2261.4836770941324,-1.3,1.9,57.35851297142243,41.59691118337439,3.469872516857306,1.5598482216934642,-1.0,16.92163177670425,6.133138437176444,-2.716759160057536
2026-04-22,0.9868518518518518,0.975,-6207.418037631191,-1.0,-2.0,3246.6225569476233,0.0007044198346703112,-8685.77312846765,-6208.628037631191,-2.42,-0.8399999999999999,65.30595022555006,-17.76769910546975,3.4449006893752894,0.9265487685797982,-1.0,14.580881391395328,6.010102537733286,1.6274216179886558
2026-04-23,0.996574074074074,0.975,-7229.001163218095,-1.0,-2.0,3222.910861139408,0.005228549625622936,-10299.501744827143,-7230.396163218095,-2.79,2.04,75.0850343510996,1.1868634914103504,3.363368152010182,1.1503595954910102,-1.0,11.840120663650078,7.045540671410611,2.3652615408891187
2026-04-24,0.993148148148148,0.975,-5760.89108873955,-1.0,0.0,3142.7360961479485,-0.037176970939237775,-8362.892078672347,-5762.26608873955,-2.75,1.79,84.87732613592549,-5.443605564710841,3.340073299997035,1.2064457608926855,-1.0,13.167938931297707,6.347365526476256,3.257703354271557
2026-04-27,1.0089814814814817,0.9805555555555556,-7210.403597002054,-1.0,-2.0,2817.2664130361845,0.025634045090106562,-9605.951582569474,-7211.668597002054,-2.53,1.7399999999999998,88.45810601808292,-26.40656767913252,2.9832875164897623,1.1931798175461097,-1.0,7.195440512942297,7.547889068903069,2.4548308489385606
2026-04-28,0.9946296296296296,0.975,-4371.707363744327,-1.0,0.0,2807.3722892161,0.025166220669635385,-6106.369169086045,-4372.862363744327,-2.31,-1.01,90.56363322832593,32.053110007154054,2.9785999623848323,1.2975709104065671,-1.0,4.078778697121543,6.171019626957053,-2.9154131632854186
2026-04-29,1.0091666666666663,0.975,-9861.885967242026,-1.0,-2.0,2968.106283040424,-0.02426351575618657,-15484.11045742933,-9864.435967242025,-5.1,-2.68,119.85856935699996,-19.72269173529788,2.2324020458289398,1.1891659224674511,-1.0,16.972010178117046,8.437713773500333,5.743059816458684
2026-04-30,1.0233333333333334,0.975,-10984.331516104736,-1.0,-2.0,3097.3203646121538,-0.0702217033824839,-17938.752163395508,-10987.526516104735,-6.39,-3.6,130.02287125876458,14.310877599951532,2.2776408163968367,1.306608755444636,-1.0,19.203126970117257,10.511704024080192,2.229773307424021
2026-05-06,1.0400925925925926,0.9805555555555556,-13750.150752651181,-1.0,-2.0,3460.7870273987965,-0.06889053176475199,-19934.76381713957,-13753.135752651182,-5.97,-3.22,147.47403336319397,1.2972568896830294,2.4881747685912234,1.098576900185278,-1.0,25.298479326379297,15.18820620653003,4.344923334490303
2026-05-07,1.037962962962963,0.9805555555555556,-7066.109108097435,-1.0,0.0,3294.1896683241753,-0.05940409435001692,-10972.91820831688,-7068.259108097434,-4.3,-1.77,136.9252669690714,310.66259560265223,2.465732238449583,1.2901554270146158,-1.0,26.099075129861895,13.639477530142496,1.2800569783846028
2026-05-08,1.0217592592592593,0.9722222222222222,-3641.6317885804974,-1.0,0.0,3356.169824708335,0.018402337159642724,-3329.6861815331813,-3642.2817885804975,-1.3,1.01,120.01826155171749,150.46887720744172,2.518636538219034,1.1319290906262314,-1.0,22.193211488250665,11.08034336801298,-0.8425213431656475
2026-05-11,1.0377777777777777,0.9861111111111112,-11972.21808271711,-1.0,-2.0,3399.9482941049105,-0.0734672308902827,-16396.432576143594,-11974.60308271711,-4.77,0.33,123.91627564099907,93.826705940108,2.5817600560494505,1.0487276880577985,-1.0,28.442551058764565,14.39379990291425,5.3412358841270935
2026-05-12,1.0342592592592592,0.9722222222222222,-6198.42708039163,-1.0,-2.0,2989.4784214040283,-0.15663801649875478,-7097.33758344711,-6199.7070803916295,-2.56,3.83,112.63679308734976,25.064302803666383,2.3098816337505443,0.855764833318557,-1.0,33.667621776504305,12.899322362052267,-0.595191855970234
2026-05-13,1.0262037037037035,0.9722222222222222,-3250.14009854928,-1.0,0.0,3121.82936823943,0.029183514048939686,-2344.7175944430614,-3250.50009854928,-0.72,5.25,100.90454165764316,201.332305036297,2.392326921628216,1.759351194192904,-1.0,28.147208121827404,9.745362068403374,-3.3381834149536327
2026-05-14,1.0157407407407406,0.9722222222222222,2478.19091402817,-1.0,0.0,3193.285008289259,0.0745319636649023,5512.507504073239,2479.03591402817,1.69,5.99,60.41966438923604,138.95649828296345,2.5536846393286528,1.8031812440903856,1.0,15.17117117117117,3.492382170555186,-7.9357929729532035
2026-05-15,1.0164814814814815,0.9722222222222222,-1102.235890505166,-1.0,0.0,3449.3308055359707,0.0821553047068373,-61.997087981582354,-1101.390890505166,1.69,2.99,41.43403931147854,134.76882509813325,2.602412967184139,1.468828814236444,1.0,13.16231119635578,1.294618186890717,-4.120389729865348
2026-05-18,1.0271296296296295,0.9861111111111112,-5532.068353436325,-1.0,-2.0,3448.260936318549,-0.0004910201613551379,-6608.711370173138,-5532.243353436325,-0.35,4.42,33.90753507151952,-3.258010243444476,2.613293284123584,0.7814788110147846,-1.0,13.945215225898266,2.4615729115017304,1.8282803392262625
2026-05-19,1.031388888888889,0.9861111111111112,1452.5858833064758,-1.0,0.0,3512.100904176515,0.10022824215058175,3127.871236223815,1453.1558833064757,1.14,3.7,13.149644018522697,37.02386776280988,2.6677725525631306,1.2712216978686657,1.0,4.772727272727262,-1.9060234170111157,-4.397192889281021
2026-05-20,1.017407407407407,0.9861111111111112,-3711.583058186574,-1.0,0.0,3537.9451901754205,0.037961199685548855,-5688.786748082752,-3712.703058186574,-2.24,-1.5200000000000002,9.422653021781093,103.85721796232552,2.67206177059579,1.4602092006953225,-1.0,3.120072088308179,-2.7408902581536165,0.18816192677812982
2026-05-21,1.013425925925926,0.9861111111111112,981.1368793380448,-1.0,0.0,3670.4683108683703,0.10779711771754608,2593.966347437338,982.3768793380448,2.48,0.79,2.818391005008179,63.84688747561788,2.7448284058334336,1.186491588607629,1.0,-1.442841287458374,-5.597193430074943,0.20301209129283126
2026-05-22,1.029074074074074,1.0194444444444444,-8596.229991702316,-1.0,-2.0,3626.5088046170576,-0.06677950524143675,-12221.696735686495,-8597.979991702316,-3.5,-5.19,6.792911129715007,-9.500051068887284,2.764124502323791,1.0202079675235012,-1.0,5.8533226213703715,-2.2158608990670015,1.0437956855849917
2026-05-25,1.0171296296296295,1.0194444444444444,-945.7046406717272,-1.0,0.0,3802.4443460477382,0.09407850057479897,-264.090435332796,-945.1396406717272,1.13,1.48,4.369689009759924,30.94229402941873,2.8022450819115683,0.8593078153115038,1.0,3.4010499885870793,-4.095523399210322,-0.6785911449707416
2026-05-26,1.0127777777777778,1.0194444444444444,943.8084483577957,-1.0,0.0,3935.9288519159654,0.10179664611543822,2262.4910776613124,944.9584483577956,2.3,1.16,0.1793085626072507,4.033498112871858,2.8652471073737886,0.8468118574003244,1.0,-1.1238480557428598,-6.819601986888236,-1.744642344984293
2026-05-27,1.0022222222222223,1.0194444444444444,-255.25882195907457,-1.0,0.0,4104.932945322293,0.15582847112028642,424.18313877289415,-254.10382195907457,2.31,4.550000000000001,-5.909420210313714,-2.0682862770846966,2.889343580388544,0.833849982373827,1.0,-2.754356379988754,-8.2680693344928,-3.018125042427533
2026-05-28,1.013148148148148,1.1166666666666667,-6770.466140798584,-1.0,-2.0,4094.845494831601,0.003147749433776337,-9139.884171757769,-6771.406140798584,-1.88,-4.359999999999999,-8.617246492333273,9.164960924909682,2.9740585795003387,0.8966223582466916,-1.0,-0.9415152857775833,-5.1180851741040145,-0.49370963527084477
2026-05-29,1.0130555555555556,1.1166666666666667,-4072.595803592072,-1.0,-2.0,4098.548646127694,0.003543652406951736,-5876.750441994906,-4073.220803592072,-1.25,2.25,-5.575100532790684,-34.48478350640445,2.965037784298218,0.6039995955453406,-1.0,0.6270294479901573,-4.679578286417341,0.3165477072566869
2026-06-01,0.9987037037037038,1.1166666666666667,-2419.639863591653,-1.0,0.0,3987.278197107809,0.07025293560917714,-2973.0224984297047,-2419.609863591653,0.06,-1.0699999999999998,-9.474710242179722,-38.46037697863453,2.888263130530993,0.5208028849251163,1.0,-2.708288013922122,-4.999601731141967,1.376026702444455
2026-06-02,0.9962962962962963,1.1166666666666667,1409.4220141251164,-1.0,0.0,3775.6470296838256,0.10266450739150242,2537.979047693869,1410.2220141251164,1.6,-0.6999999999999997,-11.743196063619102,-18.65489968916704,2.8870798937453475,0.7693682189793202,1.0,-8.514914321980116,-7.748920057596931,-0.3320167945161878
2026-06-03,0.976111111111111,1.011111111111111,1861.8279094744328,-1.0,0.0,3087.1619463517795,0.09997455176213102,3131.779343562145,1862.9479094744327,2.24,-0.0699999999999998,-16.389112275985138,12.981928795133024,2.616591346661801,0.8944680080967448,1.0,-16.369107321965892,-10.285240856906142,-1.1478857111131169
2026-06-04,0.9905555555555556,1.1166666666666667,3209.3348769913923,0.0,2.0,2986.8322966925825,0.03946231388433237,4614.168017367469,3211.6698769913924,4.67,6.55,-17.87165314626951,2.730195060792484,2.6813059182285515,1.002800092998451,1.0,-19.250477243042297,-12.623259151346478,-0.5157835861936633
2026-06-05,0.9816666666666668,1.1166666666666667,-4329.485311442419,-1.0,-2.0,2992.0171609052354,-0.008650839721340642,-5758.282256234941,-4329.900311442419,-0.83,0.42,-17.778401253185567,10.787362710123238,2.778670297010223,0.9775406874874856,-1.0,-16.381766381766383,-9.866631569711327,-0.7299338754713558
2026-06-08,0.9577777777777778,1.011111111111111,-1568.7040170620894,-1.0,0.0,2273.22534263512,0.1016169496849542,-2020.497621754164,-1568.5790170620894,0.25,0.19,-21.692505169550145,-20.968783638320776,2.501969552816382,0.6687889044934038,1.0,-20.329723929372744,-9.390463088290769,0.32653718922095454
2026-06-09,0.9813888888888888,1.1166666666666667,-6313.179903769003,0.0,-2.0,2281.707437424433,-0.0009171966586351665,-8926.158834803457,-6314.579903769003,-2.8,-4.4,-18.34261175034608,22.286502649003225,2.6649060614756297,0.8451682756256756,-1.0,-17.92848095098899,-5.586567130719389,3.6572173592642088
2026-06-10,0.9594444444444444,1.011111111111111,-2295.1610480688714,0.0,0.0,2287.5079242403885,0.017394754401475733,-3248.749936727745,-2295.6560480688713,-0.99,-3.2300000000000004,-14.621169685875262,-51.5181328292849,2.6611597573393104,0.7615069042070658,-1.0,-17.112299465240643,-5.263157894736848,1.0670683078661813
2026-06-11,0.9846296296296296,1.1166666666666667,-8295.130032176245,0.0,-2.0,2568.5426469951694,-0.060406988768651936,-12080.125311939271,-8297.450032176244,-4.64,-9.31,-6.149744919294138,-46.82445956330892,2.7145898069086254,0.9408241501410174,-1.0,-8.948685857321648,-0.7063158972259176,1.1989656159747897
2026-06-12,0.9674074074074076,1.011111111111111,-4380.951130294945,-1.0,-2.0,2524.9294930275396,-0.06899625543134161,-7036.410624405784,-4382.321130294945,-2.74,-1.91,-2.496876178928982,-49.76119791600191,2.707521386597698,0.7853166860193687,-1.0,-7.15042372881356,0.07592754342997665,-0.3885337973163594
2026-06-15,0.9674074074074076,1.011111111111111,-3083.3971545713925,-1.0,0.0,2478.475771523944,0.029226490408435966,-4797.095731857089,-3084.5271545713927,-2.26,-2.51,-3.5463650828663025,-14.947250086475272,2.6609055347303903,0.7108419875340963,-1.0,-9.230929337079818,0.09180628873077801,0.7322369907162063
2026-06-16,0.970925925925926,1.011111111111111,-49.0622908359278,-1.0,0.0,2553.6028622245767,0.16940049314446587,-166.82551369429075,-49.352290835927796,-0.58,2.22,0.7902800924681468,-45.44388488164521,2.574224805152199,0.7791572512729695,-1.0,-7.8199566160520595,-2.062122966829727,-0.09880172381254715
2026-06-17,0.9532407407407408,0.9222222222222222,-3393.1131341373634,-1.0,-2.0,2551.7268304044137,0.004485532863126629,-4367.985045770812,-3393.6381341373635,-1.05,-0.06,1.9190008585533376,-63.45904467168344,2.585519784873216,0.6581960840683339,-1.0,-6.444565811032222,-0.9649127878405994,1.3101397482398136
2026-06-18,0.9632407407407408,0.9222222222222222,5854.535339630884,-1.0,2.0,2555.4754793536235,-0.08931299652467573,8734.113710226238,5856.640339630883,4.21,8.85,0.6229751077711236,0.2263965508163767,2.8581267713647764,1.5013813153276707,1.0,-9.628378378378377,-6.747853167086926,-1.0711927466891313
2026-06-22,0.944351851851852,0.8444444444444443,-3272.195858703679,-1.0,-2.0,2256.7645490152245,0.04829312289663603,-5230.342752731438,-3273.660858703679,-2.93,-0.1899999999999999,-1.2202716131169262,12.37145133875286,2.690423416899005,1.4283720784651954,-1.0,-12.317033503198527,-5.403034308507526,-0.8071597732856706
2026-06-23,0.9221296296296296,0.8194444444444444,1347.9955432798479,-1.0,0.0,2236.9814580602188,-0.017722184192037325,2176.3953947225095,1348.4005432798479,0.81,3.07,0.014229273617815,3.897753305735296,2.7230800590773345,1.1214217018099664,1.0,-13.233995584988968,-7.397263501375317,0.5626794001663216
2026-06-24,0.913611111111111,0.8194444444444444,-5775.68749580935,-1.0,-2.0,2235.0124639619194,-0.09057446718155968,-7876.791659402876,-5777.29749580935,-3.22,-2.64,2.313036001176657,-5.124289989617048,2.8228896617188024,1.0135767785170964,-1.0,-7.513071152534668,-3.7713312598304127,0.5137370759890736
2026-06-25,0.9428703703703704,0.8444444444444443,6687.53602729325,-1.0,2.0,2206.464557709459,-0.16328613780996895,9940.879085544499,6689.57602729325,4.08,5.13,6.074775077462948,32.709220562612,3.215919159041872,1.3712594695957288,1.0,-12.8092485549133,-10.21962978394143,0.5476034607831082
2026-06-26,0.9125,0.8194444444444444,154.1652410039329,-1.0,0.0,2236.5216619469584,0.18911500951910898,263.92212604576343,154.92524100393288,1.52,-2.69,3.985218394470029,23.3440953396167,3.0750670543584104,1.3579360405598508,1.0,-16.01252376160125,-9.820024252902549,-2.4538743764132454
2026-06-29,0.9010185185185188,0.8194444444444444,-3758.908217332396,-1.0,-2.0,2233.3086655210504,0.004007601910342729,-4964.938010776294,-3759.613217332396,-1.41,1.5200000000000002,2.157652877571723,74.33095089399302,3.1501012116199005,1.23904491195652,-1.0,-14.365194169355732,-6.877128872809113,-1.4465400295847308
2026-06-30,0.9258333333333332,0.8444444444444443,-8096.9821008578765,-1.0,-2.0,2443.3156797029424,-0.06039363497128765,-10598.086964322985,-8099.082100857877,-4.2,-5.01,-2.0262247154224107,154.2719664131294,3.5042937391242126,1.4651809512887952,-1.0,-8.68641699273337,-0.6990456507203202,-2.775839307001149
2026-07-01,0.915277777777778,0.8194444444444444,-3453.9687105997086,-1.0,-2.0,2381.9319353079914,-0.044817210954252173,-6011.281304198605,-3455.353710599709,-2.77,0.4500000000000002,-2.032511861717017,29.64357523178314,3.443404141746402,1.080419069805598,-1.0,-4.867614753150651,0.2870393505963298,-0.33841266105782974
2026-07-02,0.8986111111111111,0.8,-1256.0029319996422,-1.0,0.0,2412.3260381928235,0.01968121747388434,-2183.071406732755,-1256.4729319996422,-0.94,-5.02,-1.885511957333184,-0.8945284807353793,3.349605903649109,0.9655976069992596,-1.0,-1.631086591508757,0.05306398785016597,-0.9995584280036884
2026-07-03,0.9128703703703704,0.8194444444444444,-4537.974816802831,-1.0,-2.0,2412.664130973564,-0.01732085623018831,-6095.187583858476,-4539.019816802831,-2.09,-3.61,-2.92208785082344,-24.99299314925124,3.2987294863069865,0.8317753773715552,-1.0,5.00186636804778,2.692342794560565,-1.5668306086525141
2026-07-06,0.8941666666666667,0.8,1389.9662809059491,-1.0,0.0,2473.582631743092,0.05680845901179197,1538.8544792230311,1390.1762809059492,0.42,1.83,-1.2201306148756883,-36.6899569329291,3.321546415810664,0.7016331847403503,1.0,0.12168410805548646,0.11863839625223527,1.0104559167403604
2026-07-07,0.8952777777777778,0.8,95.97448331780618,-1.0,0.0,2562.213295531574,0.13969613617356838,33.565552479038274,96.32448331780617,0.7,4.9,-2.3128049846238152,-7.562185865901794,3.322804821233163,0.6966924389287563,1.0,0.01224439818783285,-0.6120487205383163,-0.7832459728202901
2026-07-08,0.924537037037037,0.8194444444444444,3500.4763845248613,-1.0,2.0,2485.816830272901,0.02948702135522101,4440.924022977348,3502.2313845248614,3.51,6.279999999999999,-5.992489734907694,-16.2209090184664,3.3070491774051933,0.8104626555141177,1.0,-5.9479995251098146,-3.3106520611479007,-0.24734640586088208
2026-07-09,0.9230555555555556,0.8194444444444444,4482.969644717587,-1.0,2.0,2476.554222803885,-0.03347413396191956,5576.155247512436,4484.7596447175865,3.58,4.52,-6.2011187039087,36.7072361570538,3.3818016038341585,1.1278921643842623,1.0,-8.59020310633214,-6.206710553737138,0.8427722042722685
2026-07-10,0.9123148148148148,0.8194444444444444,1856.3521450905275,-1.0,2.0,2247.9757181586315,0.07485276246794581,2287.4240413798434,1857.4721450905274,2.24,4.33,-8.24319898767341,-24.856808096313145,3.1968469079106643,0.744541104502685,1.0,-13.172966781214202,-6.41744240598533,-1.004220707425174
2026-07-13,0.911574074074074,0.8194444444444444,277.8183375841851,-1.0,0.0,2331.8565649541297,0.1379026845648203,373.6001998997042,278.3983375841851,1.16,0.74,-7.0794837214815605,-7.0189879527867145,3.197219690672643,0.7422908654962623,1.0,-13.154592127780951,-5.3486940681285455,0.8747990851393439
2026-07-14,0.9012962962962964,0.8194444444444444,-249.9283676227292,-1.0,0.0,2418.425565997686,0.12563064447157438,-237.0997146718209,-249.6583676227292,0.54,-0.1599999999999999,-7.992726416916632,-16.703099317099625,3.209769878873954,0.6017903372715966,1.0,-12.187571657876639,-4.1306796845662745,-0.2577809656075458
2026-07-15,0.8951851851851853,0.8194444444444444,3511.1966517464257,-1.0,2.0,2319.900659989143,-0.2135310716183477,4326.136400627408,3512.7916517464255,3.19,-0.3199999999999998,-6.9354064433539575,31.483235259691213,3.2102657321373256,0.9964537362781368,1.0,-12.201435462995647,-5.986405699778885,1.0492328630929748
2026-07-16,0.8818518518518519,0.8,-139.2065472658287,-1.0,0.0,2413.9743395185924,0.15967721594920348,589.6290333297368,-139.4265472658287,-0.44,-4.0200000000000005,-11.32243932723041,94.26796545731769,3.2347891733019143,1.1438193931002256,-1.0,-11.465265615878572,-3.8672422208277046,-3.4655853429047645
2026-07-17,0.877037037037037,0.8,2211.0708512782817,-1.0,2.0,2321.7405429643263,0.04868698430311604,2888.2224205076377,2211.6908512782816,1.24,-1.0000000000000002,-14.625114199803088,-35.18759557802085,2.94303127269136,0.8916836857913246,1.0,-6.4548286604361405,-4.517212212944299,-4.755661324876181
2026-07-20,0.9072222222222224,0.8194444444444444,6552.62907145461,-1.0,2.0,2467.918404395636,-0.03472025389748179,8034.723432172803,6555.269071454611,5.28,4.12,-15.094651751303306,-10.187994753068574,3.053504896349628,1.1928727894211557,1.0,-11.030048225547173,-7.963492398513605,-1.3526921378665513
2026-07-21,0.912962962962963,0.8194444444444444,3162.2240918272696,-1.0,2.0,2438.450201127575,-0.04263284499093314,4164.665595990072,3163.0640918272697,1.68,1.14,-16.5960861726699,4.773546660064687,3.0182229278973134,1.092123307418147,1.0,-9.922401730059793,-8.967609644471008,-1.2156334089867826
2026-07-22,0.8965740740740742,0.8,177.53606938789596,-1.0,0.0,2431.309086472404,0.17411193868238306,931.9702524492216,177.43106938789597,-0.21,-3.4,-17.95723561988004,21.360027466632324,2.898938368811005,1.128912009807982,-1.0,-11.945434435295565,-7.30858543716324,-1.126644188866821
2026-07-23,0.895462962962963,0.8,1309.7634483602828,-1.0,0.0,2268.0319907271096,0.08151994758577889,2382.513273117599,1310.278448360283,1.03,1.47,-19.0903331954917,-19.166334015268703,2.4504908304712623,1.0476161798938997,1.0,-3.871652081675947,-6.03148269359135,-0.8410655653739774
2026-07-24,0.8905555555555555,0.8,2513.807046582241,-1.0,2.0,2199.437091015392,-0.13957643039289827,3804.342882476734,2514.2320465822413,0.85,-0.39,-20.033508316195835,-46.81913987453136,2.451010129506572,0.7131241540277139,1.0,-3.9542005059246432,-6.317771573274467,-3.5909829870758303
2026-07-27,0.8958333333333334,0.8,143.75581771009297,-1.0,0.0,2249.477953802836,0.16318838349564277,1739.5421582064246,143.51081771009297,-0.49,-5.7700000000000005,-18.99363240950265,-43.68801289663453,2.4286751372740776,0.7276684699142268,-1.0,-4.3529106029105975,-4.20042297055474,-0.16496112839051724
2026-07-28,0.8926851851851852,0.8,4225.6577066781265,-1.0,2.0,1872.6134575523326,0.032515824654277915,5662.44992624008,4226.362706678126,1.41,-0.27,-18.01023710066482,-41.62695200467462,1.970514228648048,0.9655964395967388,1.0,-12.169441723800201,-6.0262901081339475,-1.5955643931262808
2026-07-29,0.8658333333333332,0.7749999999999999,-1067.9194952226042,-1.0,0.0,1868.0354709134865,0.058690578072821874,762.9690600325316,-1068.5594952226043,-1.28,-1.07,-20.782456132065448,-26.169012769837764,2.1200528681399966,0.9268219256609984,-1.0,-10.123966942148765,-2.5999683894420755,-3.708147361471892
2026-07-30,0.8636111111111112,0.7749999999999999,7063.517074143792,-1.0,2.0,2154.0023022121263,-0.0863504346754886,9227.27561121569,7065.267074143792,3.5,2.47,-21.125856879123397,-20.52717452458648,2.3096594845761365,0.9016099151240108,1.0,-14.008778346744698,-6.396193737184719,-1.4287162121880526
2026-07-31,0.8816666666666666,0.8,6232.949894612576,-1.0,2.0,2271.703435736103,-0.015868444103464885,11264.372266391212,6232.949894612576,0.0,0.0,-20.597550189611933,-13.82887144073408,2.170583576833799,0.8361782263105861,0.0,-18.378954852470674,-7.6353688953254455,-0.9075156569887222
2026-08-03,0.8957407407407406,0.8194444444444444,3688.4185566324504,-1.0,0.0,2270.291578694327,-0.04879591508968657,9172.604931117743,3688.4185566324504,0.0,0.0,-22.22523419414425,6.002734757161576,2.176073935674455,0.8483455158507036,0.0,-15.59309674282936,-6.062962837723596,-1.0601741932727449
2026-08-04,0.8798148148148148,0.8194444444444444,3881.7737827460833,-1.0,0.0,2205.389237805435,-0.18499825605634043,9153.539126034906,3881.7737827460833,0.0,0.0,-23.62702192993061,-22.176317294857935,2.191683401362519,0.622150304333235,0.0,-14.679236043095,-4.967749853408421,-2.5714973103686534
2026-08-05,0.8721296296296297,0.8194444444444444,1108.6155916551447,-1.0,0.0,2230.8212631819306,0.05748935231508003,5775.415860806832,1108.6155916551447,0.0,0.0,-25.7742378813623,-17.253963565732366,2.259201921033165,0.7696611281108541,0.0,-9.606160060590764,-1.840238511360126,-3.05187877329669
2026-08-06,0.8950925925925926,0.8388888888888889,4409.646429238492,-1.0,2.0,2227.7827103640066,0.0008245591239770533,8688.800507492186,4409.646429238492,0.0,0.0,-28.04895636038496,-44.1401641696396,2.159976721179669,0.7561318371665833,0.0,-7.554568030322839,-2.6608957729809313,-2.247649650100736
2026-08-07,0.9132407407407408,0.8611111111111112,4675.274283142862,-1.0,2.0,2261.239759449896,-0.046183724058635224,9643.639994000012,4675.274283142862,0.0,0.0,-29.230623552320417,8.592663421418646,2.1615180548981034,0.9549050075423068,0.0,-7.651715039577834,-3.2795152921994974,-2.6300493071608977
2026-08-10,0.911574074074074,0.8611111111111112,-1045.2689708515072,-1.0,0.0,2221.816189494985,-0.0662531039424064,3174.1073437418627,-1045.2689708515072,0.0,0.0,-34.54529700170169,5.229104620344827,2.4221629919807355,0.9178556294945084,0.0,-3.862322648449812,1.3201525755782262,-6.700746204648766
2026-08-11,0.9063888888888888,0.8611111111111112,2527.06933528012,-1.0,2.0,2137.303133400415,-0.11568205969472962,5604.966404672288,2527.06933528012,0.0,0.0,-38.54169180353187,-19.54254482328369,2.415261512622695,0.5694511936858297,0.0,-4.778691735213469,1.23050656894792,-6.347630394492986
2026-08-12,0.9086111111111111,0.8611111111111112,-736.0888558108186,-1.0,0.0,2190.581052832903,0.07811806721308963,1882.982303263495,-736.0888558108186,0.0,0.0,-44.16424276291595,-35.999158330905445,2.428484482876281,0.7756614423475622,0.0,0.3082283570088551,3.878981333703413,-8.195318082942649
2026-08-13,0.9142592592592592,0.8611111111111112,-715.006257487915,-1.0,0.0,2156.68899047901,-0.08181662534261007,469.68519061193456,-715.006257487915,0.0,0.0,-33.735905440907985,-53.7116182785933,2.4283143190555223,0.6888106582888239,0.0,0.3033100356059526,5.541409670235131,14.563962191523029
2026-08-14,0.92,0.8611111111111112,-10800.0,-1.0,-2.0,2782.4246079759205,-0.07930345937533159,-7388.7,-10800.0,0.0,0.0,-26.23048751980468,-52.274620521341305,2.454958105002926,0.557050667702398,0.0,3.396829625682707,7.515860043770961,6.032210615914169
2026-08-17,0.9112037037037036,0.8611111111111112,-6630.0,-1.0,0.0,2787.231850926812,-0.0005869225063658944,-4612.5,-6630.0,0.0,0.0,-20.306370161294566,-47.74481697605542,2.2576502128337825,0.8416171619953668,0.0,6.671299513551077,5.958527763205135,6.569255686219289
2026-08-18,0.9156481481481482,0.8611111111111112,-10350.0,-1.0,-2.0,3200.515805982787,-0.05928554564675288,-6962.5,-10350.0,0.0,0.0,-17.03772805415995,-38.77488480623818,2.2183899219509438,0.9317568342057532,0.0,9.730264086993357,6.762299305426733,2.8360171535427137
2026-08-19,0.9352777777777778,0.8694444444444445,-2290.0,-1.0,0.0,3113.023451775392,-0.12785666476308083,-1581.4999999999998,-2290.0,0.0,0.0,-14.920557044193682,-38.02695372037018,2.3468249204094422,1.0153668326132017,0.0,5.136078157711088,3.244817543258516,1.3965726622588104
2026-08-20,0.939074074074074,0.8694444444444445,-6910.0,-1.0,-2.0,3131.822659859768,-0.08315615450119603,-4598.900000000001,-6910.0,0.0,0.0,-12.58053817169515,-46.69711957653995,2.343320441949664,0.829571311099149,0.0,4.937931034482768,4.01755501322778,1.8861946268959429
2026-08-21,0.9357407407407408,0.8694444444444445,-15940.0,-1.0,-2.0,4080.3585972216133,-0.09235166586814358,-10262.2,-15940.0,0.0,0.0,-0.3361259231478531,31.785419918278592,2.499956182237801,1.3319185691345872,0.0,9.980593290823393,7.943375305265876,9.91255185625166
2026-08-24,0.923425925925926,0.8638888888888889,-12950.0,-1.0,-2.0,4321.766433657708,-0.22503674551816993,-7692.900000000001,-12950.0,0.0,0.0,1.4388042164250772,29.442880199804435,2.4748263668451265,1.2793880827983872,0.0,7.9065344382556635,7.63966527763662,1.6130173128449998
2026-08-25,0.9489814814814816,0.9027777777777778,10.0,-1.0,0.0,4480.030055312206,0.3023172502569104,864.0,10.0,0.0,0.0,1.673674995335754,5.214508419162711,2.7244072941088198,1.3296206803706383,0.0,4.739336492891,1.592022984620578,-1.3677193724974779
2026-08-26,0.947962962962963,0.9027777777777778,-7100.0,-1.0,-2.0,4392.838102494742,-0.09471912122799511,-4405.2,-7100.0,0.0,0.0,6.945951424244953,5.596292802474068,2.654798121608909,1.2559667863951922,0.0,2.8803245436105573,2.7150359799646306,1.2850553036761747
2026-08-27,0.9546296296296296,0.9027777777777778,-5950.0,-1.0,0.0,4378.386852296525,0.008577593850912368,-3448.2000000000003,-5950.0,0.0,0.0,9.969971241339891,-19.6266124587246,2.4051549002236072,0.9296906256507202,0.0,7.769743371614912,2.2423092961004976,1.3585002424897796
2026-08-28,0.9425925925925926,0.9027777777777778,-17390.0,-1.0,-2.0,5135.701272251394,-0.05130228045980898,-10891.0,-17390.0,0.0,0.0,19.59277592299852,31.39480632111669,2.5206605337818906,1.3771327582695618,0.0,15.853658536585357,6.5577054039979155,7.763466170954647
2026-08-31,0.9294444444444444,0.8638888888888889,-15700.0,-1.0,-2.0,5542.8391449557375,-0.07242314606987313,-8778.0,-15700.0,0.0,0.0,24.312786852884567,-9.967130651611887,2.5207460234555303,0.96478415230463,0.0,15.910727141828662,6.705195416315957,2.8447193557277206
2026-09-01,0.9374074074074076,0.8638888888888889,-10290.0,-1.0,0.0,5565.292147796768,-0.04874401700073996,-4922.5,-10290.0,0.0,0.0,28.190622121055743,57.894033441240246,2.5924058352033543,1.2028198035571924,0.0,13.258717176065439,3.9872996633883773,0.4677047976339388
2026-09-02,0.9220370370370372,0.8388888888888889,-7240.0,-1.0,0.0,5397.186708974532,-0.09382545917270804,-3383.7000000000007,-7240.0,0.0,0.0,29.24687572453475,12.729065708356767,2.60543748310536,1.0476771217343903,0.0,8.071498394079036,1.57167700232963,-2.2530543296527483
2026-09-03,0.945925925925926,0.8638888888888889,-1430.0,-1.0,0.0,5517.550834325475,0.05630600333621967,92.95000000000027,-1430.0,0.0,0.0,31.7119205740476,56.67543998731568,2.7041232089405587,1.3549715143234655,0.0,5.9522126396154285,-1.9148462756698015,-0.38328019121057766
2026-09-04,0.9487037037037036,0.8638888888888889,8030.0,-1.0,2.0,5493.010536218588,-0.027044834832935027,5815.7,8030.0,0.0,0.0,34.70452011321726,56.280268160896526,2.9716960923450464,1.662050495266285,0.0,1.385714285714279,-7.1699051032353855,-0.4177266236681354
2026-09-07,0.9509259259259258,0.9027777777777778,3670.0,-1.0,0.0,5368.1177736604195,-0.06279587103547737,1932.4,3670.0,0.0,0.0,45.24902185744124,-23.15593776614529,2.7834245396205723,0.7967806559356992,0.0,-2.842306641158787,-6.873178558564463,0.6026029595293192
