date,close,P_fund,D_f,D_c,profit_f,profit_c,n_f,n_c,Total_Demand,n_f_minus_n_c,valid,disagreement,deviation,ret5,vol_abs5,td_sign,td_flip,gmm_state_proxy,q_med,q_high,q_neutral,q_vol,vol_anomaly,signal_dir,main_trigger,aux_confirm,position_size,open_signal,position
2023-09-15,170100.0,170100.0,0.0,0.0,0.0,156532500.0,7.124576406741287e-218,1.0,475.0,-1.0,1,,,,,1.0,True,0,,,,,False,-1,False,True,0.0,False,0.0
2023-09-18,167150.0,167150.0,0.0,-1475.0,0.0,156983750.0,7.124576406741287e-218,1.0,-1475.0,-1.0,1,,,,,-1.0,True,0,,,,,False,-1,False,True,0.0,False,0.0
2023-09-19,159400.0,159400.0,0.0,-3875.0,0.0,146755000.0,7.124576406741287e-218,1.0,-3875.0,-1.0,1,,,,,-1.0,False,0,,,,,False,-1,False,False,0.0,False,0.0
2023-09-20,154150.0,154150.0,0.0,-2625.0,0.0,172725000.0,7.124576406741287e-218,1.0,-2625.0,-1.0,1,,,,,-1.0,False,0,,,,,False,-1,False,False,0.0,False,0.0
2023-09-21,159950.0,159950.0,0.0,2900.0,0.0,185061250.0,7.124576406741287e-218,1.0,2900.0,-1.0,1,,,,,1.0,True,0,,,,,False,-1,False,True,0.0,False,0.0
2023-09-22,156150.0,156150.0,0.0,-1900.0,0.0,201730000.0,7.124576406741287e-218,1.0,-1900.0,-1.0,1,,,-0.0855694156727278,0.0855694156727278,-1.0,True,0,,,,,False,-1,False,True,0.0,False,0.0
2023-09-25,158750.0,158750.0,0.0,1300.0,0.0,195430000.0,7.124576406741287e-218,1.0,1300.0,-1.0,1,,,-0.05156097509330593,0.05156097509330593,1.0,True,0,,,,,False,-1,False,True,0.0,False,0.0
2023-09-26,149100.0,149100.0,0.0,-4825.0,0.0,160528750.0,7.124576406741287e-218,1.0,-4825.0,-1.0,1,,,-0.06679954458542348,0.06679954458542348,-1.0,True,0,,,,,False,-1,False,True,0.0,False,0.0
2023-09-27,148450.0,148450.0,0.0,-325.0,0.0,206728750.0,7.124576406741287e-218,1.0,-325.0,-1.0,1,,,-0.037677953122390306,0.037677953122390306,-1.0,False,0,,,,,False,-1,False,False,0.0,False,0.0
2023-09-28,150000.0,150000.0,0.0,775.0,0.0,206908750.0,7.124576406741287e-218,1.0,775.0,-1.0,1,,,-0.06422597229927085,0.06422597229927085,1.0,True,0,,,,,False,-1,False,True,0.0,False,0.0
2023-10-09,151900.0,151900.0,0.0,950.0,0.0,207828750.0,7.124576406741287e-218,1.0,950.0,-1.0,1,,,-0.02759467412736072,0.02759467412736072,1.0,False,0,,,,,False,-1,False,False,0.0,False,0.0
2023-10-10,151900.0,151900.0,0.0,0.0,0.0,209628750.0,7.124576406741287e-218,1.0,0.0,-1.0,1,,,-0.044108228171074515,0.044108228171074515,0.0,True,0,,,,,False,-1,False,True,0.0,False,0.0
2023-10-11,155900.0,155900.0,0.0,2000.0,0.0,204667500.0,7.124576406741287e-218,1.0,2000.0,-1.0,1,,,0.044597554293039465,0.044597554293039465,1.0,True,0,,,,,False,-1,False,True,0.0,False,0.0
2023-10-12,164950.0,164950.0,0.0,4525.0,0.0,212516250.0,7.124576406741287e-218,1.0,4525.0,-1.0,1,,,0.10539419646482173,0.10539419646482173,1.0,False,0,,,,,False,-1,False,False,0.0,False,0.0
2023-10-13,170250.0,170250.0,0.0,2650.0,0.0,253462500.0,7.124576406741287e-218,1.0,2650.0,-1.0,1,,,0.12663265093336662,0.12663265093336662,1.0,False,0,,,,,False,-1,False,False,0.0,False,0.0
2023-10-16,168900.0,168900.0,0.0,-675.0,0.0,250396250.0,7.124576406741287e-218,1.0,-675.0,-1.0,1,,,0.10608441421202741,0.10608441421202741,-1.0,True,0,,,,,False,-1,False,True,0.0,False,0.0
2023-10-17,169150.0,169150.0,0.0,125.0,0.0,217687500.0,7.124576406741287e-218,1.0,125.0,-1.0,1,,,0.10756348562498985,0.10756348562498985,1.0,True,0,,,,,False,-1,False,True,0.0,False,0.0
2023-10-18,165900.0,165900.0,0.0,-1625.0,0.0,215407500.0,7.124576406741287e-218,1.0,-1625.0,-1.0,1,,,0.062170421132666576,0.062170421132666576,-1.0,True,0,,,,,False,-1,False,True,0.0,False,0.0
2023-10-19,159450.0,159450.0,0.0,-3225.0,0.0,220283750.0,7.124576406741287e-218,1.0,-3225.0,-1.0,1,,,-0.03391200421852503,0.03391200421852503,-1.0,False,0,,,,,False,-1,False,False,0.0,False,0.0
2023-10-20,151950.0,151950.0,0.0,-3750.0,0.0,239640000.0,7.124576406741287e-218,1.0,-3750.0,-1.0,1,,,-0.11371642566681928,0.11371642566681928,-1.0,False,0,,,,,False,-1,False,False,0.0,False,0.0
2023-10-23,150800.0,150800.0,0.0,-575.0,0.0,243960000.0,7.124576406741287e-218,1.0,-575.0,-1.0,1,,,-0.11335236823989803,0.11335236823989803,-1.0,False,0,,,,,False,-1,False,False,0.0,False,0.0
2023-10-24,155000.0,155000.0,0.0,2100.0,0.0,244170000.0,7.124576406741287e-218,1.0,2100.0,-1.0,1,,,-0.08736077830747035,0.08736077830747035,1.0,True,0,,,,,False,-1,False,True,0.0,False,0.0
2023-10-25,150950.0,150950.0,0.0,-2025.0,0.0,248638750.0,7.124576406741287e-218,1.0,-2025.0,-1.0,1,,,-0.09443654104354948,0.09443654104354948,-1.0,True,0,,,,,False,-1,False,True,0.0,False,0.0
2023-10-26,151150.0,151150.0,0.0,100.0,0.0,226808750.0,7.124576406741287e-218,1.0,100.0,-1.0,1,,,-0.05345767223059994,0.05345767223059994,1.0,True,0,,,,,False,-1,False,True,0.0,False,0.0
2023-10-27,154050.0,154050.0,0.0,1450.0,0.0,213047500.0,7.124576406741287e-218,1.0,1450.0,-1.0,1,,,0.013725705679874523,0.013725705679874523,1.0,False,0,,,,,False,-1,False,False,0.0,False,0.0
2023-10-30,156850.0,156850.0,0.0,1400.0,0.0,200432500.0,7.124576406741287e-218,1.0,1400.0,-1.0,1,,,0.039335479062831524,0.039335479062831524,1.0,False,0,,,,,False,-1,False,False,0.0,False,0.0
2023-10-31,153750.0,153750.0,0.0,-1550.0,0.0,197132500.0,7.124576406741287e-218,1.0,-1550.0,-1.0,1,,,-0.00809721023262,0.00809721023262,-1.0,True,0,,,,,False,-1,False,True,0.0,False,0.0
2023-11-01,154000.0,154000.0,0.0,125.0,0.0,198557500.0,7.124576406741287e-218,1.0,125.0,-1.0,1,,,0.020003946260780836,0.020003946260780836,1.0,True,0,,,,,False,-1,False,True,0.0,False,0.0
2023-11-02,152400.0,152400.0,0.0,-800.0,0.0,152027500.0,7.124576406741287e-218,1.0,-800.0,-1.0,1,,,0.008235922027079567,0.008235922027079567,-1.0,True,0,,,,,False,-1,False,True,0.0,False,0.0
2023-11-03,151400.0,151400.0,0.0,-500.0,0.0,153096250.0,7.124576406741287e-218,1.0,-500.0,-1.0,1,,,-0.017351884039328525,0.017351884039328525,-1.0,False,0,,,,,False,-1,False,False,0.0,False,0.0
2023-11-06,147150.0,147150.0,0.0,-2125.0,0.0,152395000.0,7.124576406741287e-218,1.0,-2125.0,-1.0,1,,,-0.06383745995720602,0.06383745995720602,-1.0,False,0,,,,,False,-1,False,False,0.0,False,0.0
2023-11-07,142550.0,142550.0,0.0,-2300.0,0.0,159621250.0,7.124576406741287e-218,1.0,-2300.0,-1.0,1,,,-0.07563509132794621,0.07563509132794621,-1.0,False,0,,,,,False,-1,False,False,0.0,False,0.0
2023-11-08,145350.0,145350.0,0.0,1400.0,0.0,170201250.0,7.124576406741287e-218,1.0,1400.0,-1.0,1,,,-0.05780797540874438,0.05780797540874438,1.0,True,0,,,,,False,-1,False,True,0.0,False,0.0
2023-11-09,144150.0,144150.0,0.0,-600.0,0.0,166121250.0,7.124576406741287e-218,1.0,-600.0,-1.0,1,,,-0.055654219168134844,0.055654219168134844,-1.0,True,0,,,,,False,-1,False,True,0.0,False,0.0
2023-11-10,148900.0,148900.0,0.0,2375.0,0.0,125890000.0,7.124576406741287e-218,1.0,2375.0,-1.0,1,,,-0.016650401313384577,0.016650401313384577,1.0,True,0,,,,,False,-1,False,True,0.0,False,0.0
2023-11-13,141650.0,141650.0,0.0,-3625.0,0.0,123126250.0,7.124576406741287e-218,1.0,-3625.0,-1.0,1,,,-0.0380932484029568,0.0380932484029568,-1.0,True,0,,,,,False,-1,False,True,0.0,False,0.0
2023-11-14,142550.0,142550.0,0.0,450.0,0.0,148496250.0,7.124576406741287e-218,1.0,450.0,-1.0,1,,,0.0,0.0,1.0,True,0,,,,,False,-1,False,True,0.0,False,0.0
2023-11-15,142600.0,142600.0,0.0,25.0,0.0,148870000.0,7.124576406741287e-218,1.0,25.0,-1.0,1,,,-0.019101119024689694,0.019101119024689694,1.0,False,0,,,,,False,-1,False,False,0.0,False,0.0
2023-11-16,140900.0,140900.0,0.0,-850.0,0.0,143590000.0,7.124576406741287e-218,1.0,-850.0,-1.0,1,,,-0.02280400517977732,0.02280400517977732,-1.0,True,0,,,,,False,-1,False,True,0.0,False,0.0
2023-11-17,138000.0,138000.0,0.0,-1450.0,0.0,124233750.0,7.124576406741287e-218,1.0,-1450.0,-1.0,1,,,-0.0760212545327601,0.0760212545327601,-1.0,False,0,,,,,False,-1,False,False,0.0,False,0.0
2023-11-20,137200.0,137200.0,0.0,-400.0,0.0,100313750.0,7.124576406741287e-218,1.0,-400.0,-1.0,1,,,-0.031919510984740995,0.031919510984740995,-1.0,False,0,,,,,False,-1,False,False,0.0,False,0.0
2023-11-21,132300.0,132300.0,0.0,-2450.0,0.0,99972500.0,7.124576406741287e-218,1.0,-2450.0,-1.0,1,,,-0.07462074423776954,0.07462074423776954,-1.0,False,0,,,,,False,-1,False,False,0.0,False,0.0
2023-11-22,124700.0,124700.0,0.0,-3800.0,0.0,103157500.0,7.124576406741287e-218,1.0,-3800.0,-1.0,1,,,-0.13413265529420393,0.13413265529420393,-1.0,False,0,,,,,False,-1,False,False,0.0,False,0.0
2023-11-23,124800.0,124800.0,0.0,50.0,0.0,123836250.0,7.124576406741287e-218,1.0,50.0,-1.0,1,,,-0.12133796296930655,0.12133796296930655,1.0,True,0,,,,,False,-1,False,True,0.0,False,0.0
2023-11-24,124050.0,124050.0,0.0,-375.0,0.0,123821250.0,7.124576406741287e-218,1.0,-375.0,-1.0,1,,,-0.10656897501939433,0.10656897501939433,-1.0,True,0,,,,,False,-1,False,True,0.0,False,0.0
2023-11-27,116650.0,116650.0,0.0,-3700.0,0.0,119897500.0,7.124576406741287e-218,1.0,-3700.0,-1.0,1,,,-0.16226171682434476,0.16226171682434476,-1.0,False,0,,,,,False,-1,False,False,0.0,False,0.0
2023-11-28,113200.0,113200.0,0.0,-1725.0,0.0,143357500.0,7.124576406741287e-218,1.0,-1725.0,-1.0,1,,,-0.15591590535182753,0.15591590535182753,-1.0,False,0,,,,,False,-1,False,False,0.0,False,0.0
2023-11-29,109850.0,109850.0,0.0,-1675.0,0.0,144503750.0,7.124576406741287e-218,1.0,-1675.0,-1.0,1,,,-0.12679505385537126,0.12679505385537126,-1.0,False,0,,,,,False,-1,False,False,0.0,False,0.0
2023-11-30,106200.0,106200.0,0.0,-1825.0,0.0,150083750.0,7.124576406741287e-218,1.0,-1825.0,-1.0,1,,,-0.16138834712748817,0.16138834712748817,-1.0,False,0,,,,,False,-1,False,False,0.0,False,0.0
2023-12-01,101750.0,101750.0,0.0,-2225.0,0.0,155465000.0,7.124576406741287e-218,1.0,-2225.0,-1.0,1,,,-0.19816588581510608,0.19816588581510608,-1.0,False,0,,,,,False,-1,False,False,0.0,False,0.0
2023-12-04,96350.0,96350.0,0.0,-2700.0,0.0,164866250.0,7.124576406741287e-218,1.0,-2700.0,-1.0,1,,,-0.19119060360706364,0.19119060360706364,-1.0,False,0,,,,,False,-1,False,False,0.0,False,0.0
2023-12-05,93050.0,93050.0,0.0,-1650.0,0.0,170415000.0,7.124576406741287e-218,1.0,-1650.0,-1.0,1,,,-0.19601918268082308,0.19601918268082308,-1.0,False,0,,,,,False,-1,False,False,0.0,False,0.0
2023-12-06,92450.0,92450.0,0.0,-300.0,0.0,165280000.0,7.124576406741287e-218,1.0,-300.0,-1.0,1,,,-0.17244784099748678,0.17244784099748678,-1.0,False,0,,,,,False,-1,False,False,0.0,False,0.0
2023-12-07,95600.0,95600.0,0.0,1575.0,0.0,161540000.0,7.124576406741287e-218,1.0,1575.0,-1.0,1,,,-0.10515128875048418,0.10515128875048418,1.0,True,0,,,,,False,-1,False,True,0.0,False,0.0
2023-12-08,102300.0,102300.0,0.0,3350.0,0.0,165781250.0,7.124576406741287e-218,1.0,3350.0,-1.0,1,,,0.005390848634876377,0.005390848634876377,1.0,False,0,,,,,False,-1,False,False,0.0,False,0.0
2023-12-11,96800.0,96800.0,0.0,-2750.0,0.0,176945000.0,7.124576406741287e-218,1.0,-2750.0,-1.0,1,,,0.00465959942215477,0.00465959942215477,-1.0,True,0,,,,,False,-1,False,True,0.0,False,0.0
2023-12-12,93100.0,93100.0,0.0,-1850.0,0.0,165788750.0,7.124576406741287e-218,1.0,-1850.0,-1.0,1,,,0.0005372011947617494,0.0005372011947617494,-1.0,False,0,,,,,False,-1,False,False,0.0,False,0.0
2023-12-13,103550.0,103550.0,0.0,5225.0,0.0,172228750.0,7.124576406741287e-218,1.0,5225.0,-1.0,1,,,0.11338663000845983,0.11338663000845983,1.0,True,0,,,,,False,-1,False,True,0.0,False,0.0
2023-12-14,102550.0,102550.0,0.0,-500.0,0.0,226828750.0,7.124576406741287e-218,1.0,-500.0,-1.0,1,,,0.0701776644610348,0.0701776644610348,-1.0,True,0,,,,,False,-1,False,True,0.0,False,0.0
2023-12-15,104600.0,104600.0,0.0,1025.0,0.0,225883750.0,7.124576406741287e-218,1.0,1025.0,-1.0,1,0.55,0.55,0.022233878673242558,0.022233878673242558,1.0,True,0,,,,,False,1,False,True,0.0,False,0.0
2023-12-18,102750.0,102750.0,0.0,-925.0,0.0,223780000.0,7.124576406741287e-218,1.0,-925.0,-1.0,1,-0.16393442622950827,0.16393442622950827,0.05965185909381354,0.05965185909381354,-1.0,True,0,,,,,False,-1,False,True,0.0,False,0.0
2023-12-19,101900.0,101900.0,0.0,-425.0,0.0,225171250.0,7.124576406741287e-218,1.0,-425.0,-1.0,1,0.08064516129032251,0.08064516129032251,0.09031775594565694,0.09031775594565694,-1.0,False,0,,,,,False,1,False,False,0.0,False,0.0
2023-12-20,100800.0,100800.0,0.0,-550.0,0.0,213527500.0,7.124576406741287e-218,1.0,-550.0,-1.0,1,0.0,0.0,-0.02691623220432504,0.02691623220432504,-1.0,False,0,,,,,False,0,False,False,0.0,False,0.0
2023-12-21,97600.0,97600.0,0.0,-1600.0,0.0,185252500.0,7.124576406741287e-218,1.0,-1600.0,-1.0,1,-0.296875,0.296875,-0.04947299109934278,0.04947299109934278,-1.0,False,0,,,,,False,-1,False,False,0.0,False,0.0
2023-12-22,100800.0,100800.0,0.0,1600.0,0.0,190367500.0,7.124576406741287e-218,1.0,1600.0,-1.0,1,0.7384615384615385,0.7384615384615385,-0.03700519599355445,0.03700519599355445,1.0,True,0,,,,0.1564631495293936,False,1,False,True,0.0,False,0.0
2023-12-25,102850.0,102850.0,0.0,1025.0,0.0,195206250.0,7.124576406741287e-218,1.0,1025.0,-1.0,1,0.5454545454545454,0.5454545454545454,0.0009727627226219226,0.0009727627226219226,1.0,False,0,,,,0.15591590535182753,False,1,False,False,0.0,False,0.0
2023-12-26,107100.0,107100.0,0.0,2125.0,0.0,169927500.0,7.124576406741287e-218,1.0,2125.0,-1.0,1,0.8059701492537312,0.8059701492537312,0.04977103722502463,0.04977103722502463,1.0,False,0,,,,0.15373758034606513,False,1,False,False,0.0,False,0.0
2023-12-27,105700.0,105700.0,0.0,-700.0,0.0,173007500.0,7.124576406741287e-218,1.0,-700.0,-1.0,1,-0.13235294117647056,0.13235294117647056,0.04746653723892358,0.04746653723892358,-1.0,True,0,,,,0.1515592553403029,False,-1,False,True,0.0,False,0.0
2023-12-28,106550.0,106550.0,0.0,425.0,0.0,168376250.0,7.124576406741287e-218,1.0,425.0,-1.0,1,0.4057971014492754,0.4057971014492754,0.08773686512557966,0.08773686512557966,1.0,True,0,,,,0.1493809303345405,False,1,False,True,0.0,False,0.0
2023-12-29,107700.0,107700.0,0.0,575.0,0.0,162076250.0,7.124576406741287e-218,1.0,575.0,-1.0,1,0.44285714285714284,0.44285714285714284,0.06621122852507533,0.06621122852507533,1.0,False,0,,,,0.14720260532877813,False,1,False,False,0.0,False,0.0
2024-01-02,108350.0,108350.0,0.0,325.0,0.0,152836250.0,7.124576406741287e-218,1.0,325.0,-1.0,1,0.3661971830985915,0.3661971830985915,0.05209511188340166,0.05209511188340166,1.0,False,0,,,,0.14502428032301573,False,1,False,False,0.0,False,0.0
2024-01-03,106600.0,106600.0,0.0,-875.0,0.0,138467500.0,7.124576406741287e-218,1.0,-875.0,-1.0,1,-0.23611111111111105,0.23611111111111105,-0.0046794657219599856,0.0046794657219599856,-1.0,True,0,,,,0.14284595531725333,False,-1,False,True,0.0,False,0.0
2024-01-04,100450.0,100450.0,0.0,-3075.0,0.0,134553750.0,7.124576406741287e-218,1.0,-3075.0,-1.0,1,-0.7945205479452055,0.7945205479452055,-0.05094480161524828,0.05094480161524828,-1.0,False,0,,,,0.1406676303114911,False,-1,False,False,0.0,False,0.0
2024-01-05,98650.0,98650.0,0.0,-900.0,0.0,153285000.0,7.124576406741287e-218,1.0,-900.0,-1.0,1,-0.22972972972972983,0.22972972972972983,-0.07703612607600263,0.07703612607600263,-1.0,False,0,,,,0.1384893053057287,False,-1,False,False,0.0,False,0.0
2024-01-08,97200.0,97200.0,0.0,-725.0,0.0,149943750.0,7.124576406741287e-218,1.0,-725.0,-1.0,1,-0.13333333333333341,0.13333333333333341,-0.10257887269595045,0.10257887269595045,-1.0,False,0,,,,0.13631098029996633,False,-1,False,False,0.0,False,0.0
2024-01-09,98950.0,98950.0,0.0,875.0,0.0,128550000.0,7.124576406741287e-218,1.0,875.0,-1.0,1,0.5131578947368423,0.5131578947368423,-0.09075205593379287,0.09075205593379287,1.0,True,0,,,,0.13413265529420393,False,1,False,True,0.0,False,0.0
2024-01-10,97900.0,97900.0,0.0,-525.0,0.0,114956250.0,7.124576406741287e-218,1.0,-525.0,-1.0,1,0.0,0.0,-0.08513696219527844,0.08513696219527844,-1.0,True,0,,,,0.13339889515032066,False,0,False,True,0.0,False,0.0
2024-01-11,104700.0,104700.0,0.0,3400.0,0.0,108662500.0,7.124576406741287e-218,1.0,3400.0,-1.0,1,0.9358974358974359,0.9358974358974359,0.04143902661554755,0.04143902661554755,1.0,True,0,,,,0.13266513500643737,False,1,False,True,0.0,False,0.0
2024-01-12,102850.0,102850.0,0.0,-925.0,0.0,77181250.0,7.124576406741287e-218,1.0,-925.0,-1.0,1,-0.2911392405063292,0.2911392405063292,0.04169338363034214,0.04169338363034214,-1.0,True,0,,,,0.13193137486255416,False,-1,False,True,0.0,False,0.0
2024-01-15,101950.0,101950.0,0.0,-450.0,0.0,78392500.0,7.124576406741287e-218,1.0,-450.0,-1.0,1,0.0625,0.0625,0.047711785554071184,0.047711785554071184,-1.0,False,0,,,,0.13119761471867092,False,1,False,False,0.0,False,0.0
2024-01-16,104150.0,104150.0,0.0,1100.0,0.0,76696250.0,7.124576406741287e-218,1.0,1100.0,-1.0,1,0.5925925925925926,0.5925925925925926,0.051217495658406165,0.051217495658406165,1.0,True,0,,,,0.1304638545747876,False,1,False,True,0.0,False,0.0
2024-01-17,101750.0,101750.0,0.0,-1200.0,0.0,77405000.0,7.124576406741287e-218,1.0,-1200.0,-1.0,1,-0.3292682926829268,0.3292682926829268,0.03857227478623848,0.03857227478623848,-1.0,True,0,,,,0.12973009443090439,False,-1,False,True,0.0,False,0.0
2024-01-18,102400.0,102400.0,0.0,325.0,0.0,79923750.0,7.124576406741287e-218,1.0,325.0,-1.0,1,0.37349397590361444,0.37349397590361444,-0.022212405271083924,0.022212405271083924,1.0,True,0,,,,0.12899633428702104,False,1,False,True,0.0,False,0.0
2024-01-19,101400.0,101400.0,0.0,-500.0,0.0,79530000.0,7.124576406741287e-218,1.0,-500.0,-1.0,1,0.011904761904761862,0.011904761904761862,-0.01419852494188234,0.01419852494188234,-1.0,True,0,,,,0.12826257414313783,False,1,False,True,0.0,False,0.0
2024-01-22,99850.0,99850.0,0.0,-775.0,0.0,74910000.0,7.124576406741287e-218,1.0,-775.0,-1.0,1,-0.18823529411764706,0.18823529411764706,-0.02081343715864037,0.02081343715864037,-1.0,False,0,,,,0.1275288139992546,False,-1,False,False,0.0,False,0.0
2024-01-23,102000.0,102000.0,0.0,1075.0,0.0,70991250.0,7.124576406741287e-218,1.0,1075.0,-1.0,1,0.5930232558139534,0.5930232558139534,-0.020859354422709586,0.020859354422709586,1.0,True,0,,,,0.12679505385537126,False,1,False,True,0.0,False,0.0
2024-01-24,102350.0,102350.0,0.0,175.0,0.0,71201250.0,7.124576406741287e-218,1.0,175.0,-1.0,1,0.34482758620689635,0.34482758620689635,0.005879487784595128,0.005879487784595128,1.0,False,0,,,,0.1267788135631708,False,1,False,False,0.0,False,0.0
2024-01-25,101350.0,101350.0,0.0,-500.0,0.0,62231250.0,7.124576406741287e-218,1.0,-500.0,-1.0,1,0.0,0.0,-0.010306839707398652,0.010306839707398652,-1.0,True,0,,,,0.12676257327097035,False,0,False,True,0.0,False,0.0
2024-01-26,100650.0,100650.0,0.0,-350.0,0.0,61751250.0,7.124576406741287e-218,1.0,-350.0,-1.0,1,0.1348314606741572,0.1348314606741572,-0.007423939071284025,0.007423939071284025,-1.0,False,0,,,,0.12674633297876986,False,1,False,False,0.0,False,0.0
2024-01-29,101950.0,101950.0,0.0,650.0,0.0,61635000.0,7.124576406741287e-218,1.0,650.0,-1.0,1,0.47777777777777786,0.47777777777777786,0.02081343715864037,0.02081343715864037,1.0,True,3,,,,0.1267300926865694,False,1,False,True,0.0,False,0.0
2024-01-30,101000.0,101000.0,0.0,-475.0,0.0,61818750.0,7.124576406741287e-218,1.0,-475.0,-1.0,1,0.021978021978022122,0.021978021978022122,-0.009852296443011,0.009852296443011,-1.0,True,0,,,,0.12671385239436894,False,1,False,True,0.0,False,0.0
2024-01-31,99150.0,99150.0,0.0,-925.0,0.0,62058750.0,7.124576406741287e-218,1.0,-925.0,-1.0,1,-0.3586956521739131,0.3586956521739131,-0.03176445714149345,0.03176445714149345,-1.0,False,1,,,,0.12669761210216848,False,-1,False,False,0.0,False,0.0
2024-02-01,99600.0,99600.0,0.0,225.0,0.0,62238750.0,7.124576406741287e-218,1.0,225.0,-1.0,1,0.3655913978494625,0.3655913978494625,-0.01741770830745537,0.01741770830745537,1.0,True,1,,,,0.12668137180996802,False,1,False,True,0.0,False,0.0
2024-02-02,100150.0,100150.0,0.0,275.0,0.0,43428750.0,7.124576406741287e-218,1.0,275.0,-1.0,1,0.37234042553191493,0.37234042553191493,-0.004980089973972923,0.004980089973972923,1.0,False,1,,,,0.12666513151776754,False,1,False,False,0.0,False,0.0
2024-02-05,100450.0,100450.0,0.0,150.0,0.0,41960000.0,7.124576406741287e-218,1.0,150.0,-1.0,1,0.3157894736842104,0.3157894736842104,-0.014822405759520763,0.014822405759520763,1.0,False,1,,,,0.12664889122556708,False,1,False,False,0.0,False,0.0
2024-02-06,97150.0,97150.0,0.0,-1650.0,0.0,40953750.0,7.124576406741287e-218,1.0,-1650.0,-1.0,1,-0.5416666666666667,0.5416666666666667,-0.038864341017811554,0.038864341017811554,-1.0,True,3,,,,0.12663265093336662,False,-1,False,True,0.0,False,0.0
2024-02-07,97650.0,97650.0,0.0,250.0,0.0,44867500.0,7.124576406741287e-218,1.0,250.0,-1.0,1,0.3711340206185567,0.3711340206185567,-0.015244197643117019,0.015244197643117019,1.0,True,1,,,,0.12610318213696065,False,1,False,True,0.0,False,0.0
2024-02-08,96300.0,96300.0,0.0,-675.0,0.0,44441250.0,7.124576406741287e-218,1.0,-675.0,-1.0,1,-0.18367346938775497,0.18367346938775497,-0.033693845786473275,0.033693845786473275,-1.0,True,0,,,,0.1255737133405546,False,-1,False,True,0.0,False,0.0
2024-02-19,94750.0,94750.0,0.0,-775.0,0.0,22232500.0,7.124576406741287e-218,1.0,-775.0,-1.0,1,-0.2525252525252526,0.2525252525252526,-0.055427218149290525,0.055427218149290525,-1.0,False,1,,,,0.12504424454414861,False,-1,False,False,0.0,False,0.0
2024-02-20,92800.0,92800.0,0.0,-975.0,0.0,21722500.0,7.124576406741287e-218,1.0,-975.0,-1.0,1,-0.41000000000000003,0.41000000000000003,-0.07921345146878878,0.07921345146878878,-1.0,False,3,,,,0.12451477574774264,False,-1,False,False,0.0,False,0.0
2024-02-21,96900.0,96900.0,0.0,2050.0,0.0,23218750.0,7.124576406741287e-218,1.0,2050.0,-1.0,1,0.8118811881188119,0.8118811881188119,-0.002576656926727594,0.002576656926727594,1.0,True,3,,,,0.12398530695133658,False,1,False,True,0.0,False,0.0
2024-02-22,97650.0,97650.0,0.0,375.0,0.0,29203750.0,7.124576406741287e-218,1.0,375.0,-1.0,1,0.4411764705882353,0.4411764705882353,0.0,0.0,1.0,False,3,,,,0.12345583815493061,False,1,False,False,0.0,False,0.0
2024-02-23,101800.0,101800.0,0.0,2075.0,0.0,26605000.0,7.124576406741287e-218,1.0,2075.0,-1.0,1,0.8155339805825244,0.8155339805825244,0.055541785312342995,0.055541785312342995,1.0,False,3,,,,0.12292636935852455,False,1,False,False,0.0,False,0.0
2024-02-26,102300.0,102300.0,0.0,250.0,0.0,35005000.0,7.124576406741287e-218,1.0,250.0,-1.0,1,0.34615384615384626,0.34615384615384626,0.07666782899504376,0.07666782899504376,1.0,False,1,,,,0.12239690056211858,False,1,False,False,0.0,False,0.0
2024-02-27,106650.0,106650.0,0.0,2175.0,0.0,34630000.0,7.124576406741287e-218,1.0,2175.0,-1.0,1,0.8571428571428572,0.8571428571428572,0.13910580512520454,0.13910580512520454,1.0,False,3,,,,0.12664889122556708,True,1,False,True,0.0,False,0.0
2024-02-28,108000.0,108000.0,0.0,675.0,0.0,42890000.0,7.124576406741287e-218,1.0,675.0,-1.0,1,0.5,0.5,0.1084517082274985,0.1084517082274985,1.0,False,3,,,,0.12663265093336662,False,1,False,False,0.0,False,0.0
2024-02-29,119200.0,119200.0,0.0,5600.0,0.0,41490000.0,7.124576406741287e-218,1.0,5600.0,-1.0,1,0.9906542056074767,0.9906542056074767,0.19941309730856105,0.19941309730856105,1.0,False,3,,,,0.1267788135631708,True,1,False,True,0.0,False,0.0
2024-03-01,119450.0,119450.0,0.0,125.0,0.0,104148750.0,7.124576406741287e-218,1.0,125.0,-1.0,1,0.21296296296296302,0.21296296296296302,0.15988776965539664,0.15988776965539664,1.0,False,0,,,,0.13266513500643737,True,1,False,True,0.0,False,0.0
2024-03-04,117600.0,117600.0,0.0,-925.0,0.0,103680000.0,7.124576406741287e-218,1.0,-925.0,-1.0,1,-0.4128440366972477,0.4128440366972477,0.13937936250694705,0.13937936250694705,-1.0,True,1,,,,0.13761386017590438,True,-1,False,True,0.0,False,0.0
2024-03-05,111550.0,111550.0,0.0,-3025.0,0.0,105146250.0,7.124576406741287e-218,1.0,-3025.0,-1.0,1,-0.8454545454545455,0.8454545454545455,0.04492047596118276,0.04492047596118276,-1.0,False,3,,,,0.13711654519280433,False,-1,False,False,0.0,False,0.0
2024-03-06,114000.0,114000.0,0.0,1225.0,0.0,122602500.0,7.124576406741287e-218,1.0,1225.0,-1.0,1,0.6306306306306306,0.6306306306306306,0.05406722127027663,0.05406722127027663,1.0,True,3,,,,0.13661923020970423,False,1,False,True,0.0,False,0.0
2024-03-07,113000.0,113000.0,0.0,-500.0,0.0,125152500.0,7.124576406741287e-218,1.0,-500.0,-1.0,1,-0.0803571428571428,0.0803571428571428,-0.05341493591890867,0.05341493591890867,-1.0,True,0,,,,0.1361219152266042,False,-1,False,True,0.0,False,0.0
2024-03-08,113350.0,113350.0,0.0,175.0,0.0,123941250.0,7.124576406741287e-218,1.0,175.0,-1.0,1,0.2743362831858407,0.2743362831858407,-0.052417496818280895,0.052417496818280895,1.0,True,1,,,,0.1356246002435041,False,1,False,True,0.0,False,0.0
2024-03-11,116400.0,116400.0,0.0,1525.0,0.0,123901250.0,7.124576406741287e-218,1.0,1525.0,-1.0,1,0.7105263157894737,0.7105263157894737,-0.010256500167189486,0.010256500167189486,1.0,False,3,,,,0.13512728526040407,False,1,False,False,0.0,False,0.0
2024-03-12,119850.0,119850.0,0.0,1725.0,0.0,128401250.0,7.124576406741287e-218,1.0,1725.0,-1.0,1,0.7478260869565219,0.7478260869565219,0.07176804000185122,0.07176804000185122,1.0,False,3,,,,0.13462997027730403,False,1,False,False,0.0,False,0.0
2024-03-13,118800.0,118800.0,0.0,-525.0,0.0,134307500.0,7.124576406741287e-218,1.0,-525.0,-1.0,1,-0.15517241379310343,0.15517241379310343,0.04124295853404902,0.04124295853404902,-1.0,True,0,,,,0.13413265529420393,False,-1,False,True,0.0,False,0.0
2024-03-14,112100.0,112100.0,0.0,-3350.0,0.0,129413750.0,7.124576406741287e-218,1.0,-3350.0,-1.0,1,-0.8888888888888888,0.8888888888888888,-0.00799648863422675,0.00799648863422675,-1.0,False,3,,,,0.13339889515032072,False,-1,False,False,0.0,False,0.0
2024-03-15,115050.0,115050.0,0.0,1475.0,0.0,151733750.0,7.124576406741287e-218,1.0,1475.0,-1.0,1,0.6864406779661016,0.6864406779661016,0.01488643952783697,0.01488643952783697,1.0,True,3,,,,0.13266513500643737,False,1,False,True,0.0,False,0.0
2024-03-18,116900.0,116900.0,0.0,925.0,0.0,155173750.0,7.124576406741287e-218,1.0,925.0,-1.0,1,0.5042016806722689,0.5042016806722689,0.004286333180685276,0.004286333180685276,1.0,False,3,0.8122464673651831,0.8587301587301587,0.3386038687973085,0.13193137486255416,False,1,False,False,0.0,False,0.0
2024-03-19,114950.0,114950.0,0.0,-975.0,0.0,155683750.0,7.124576406741287e-218,1.0,-975.0,-1.0,1,-0.4666666666666667,0.4666666666666667,-0.04174370967120211,0.04174370967120211,-1.0,True,1,0.8118811881188119,0.8571428571428572,0.34482758620689635,0.13119761471867092,False,-1,False,True,0.0,False,0.0
2024-03-20,117200.0,117200.0,0.0,1125.0,0.0,155683750.0,7.124576406741287e-218,1.0,1125.0,-1.0,1,0.5950413223140496,0.5950413223140496,-0.013559529785633018,0.013559529785633018,1.0,True,3,0.8112900842323039,0.8565584415584415,0.3453580901856763,0.1304638545747876,False,1,False,True,0.0,False,0.0
2024-03-21,117350.0,117350.0,0.0,75.0,0.0,149810000.0,7.124576406741287e-218,1.0,75.0,-1.0,1,0.139344262295082,0.139344262295082,0.045769592218919186,0.045769592218919186,1.0,False,0,0.8106989803457958,0.855974025974026,0.34171572750210244,0.12973009443090439,False,1,False,False,0.0,False,0.0
2024-03-22,114350.0,114350.0,0.0,-1500.0,0.0,149540000.0,7.124576406741287e-218,1.0,-1500.0,-1.0,1,-0.5365853658536585,0.5365853658536585,-0.0061028960125852905,0.0061028960125852905,-1.0,True,3,0.8101078764592877,0.8553896103896104,0.34509283819628633,0.12899633428702104,False,-1,False,True,0.0,False,0.0
2024-03-25,107400.0,107400.0,0.0,-3475.0,0.0,145428750.0,7.124576406741287e-218,1.0,-3475.0,-1.0,1,-0.8951612903225806,0.8951612903225806,-0.08475868640325857,0.08475868640325857,-1.0,False,3,0.8140728635970393,0.8825396825396824,0.3456233421750663,0.12826257414313783,False,-1,True,False,1.0,False,0.0
2024-03-26,108400.0,108400.0,0.0,500.0,0.0,169455000.0,7.124576406741287e-218,1.0,500.0,-1.0,1,0.4159999999999999,0.4159999999999999,-0.058669162203644376,0.058669162203644376,1.0,True,1,0.8137075843506681,0.8809523809523809,0.34615384615384626,0.1275288139992546,False,1,False,True,0.0,False,0.0
2024-03-27,108400.0,108400.0,0.0,0.0,0.0,160493750.0,7.124576406741287e-218,1.0,0.0,-1.0,1,0.08730158730158744,0.08730158730158744,-0.07805378813736574,0.07805378813736574,0.0,True,0,0.813342305104297,0.8793650793650792,0.3453580901856763,0.12679505385537126,False,1,False,True,0.0,False,0.0
2024-03-28,108500.0,108500.0,0.0,50.0,0.0,159582500.0,7.124576406741287e-218,1.0,50.0,-1.0,1,0.13385826771653542,0.13385826771653542,-0.07841074931651804,0.07841074931651804,1.0,True,0,0.8129770258579256,0.8777777777777778,0.34171572750210244,0.1267788135631708,False,1,False,True,0.0,False,0.0
2024-03-29,107050.0,107050.0,0.0,-725.0,0.0,96867500.0,7.124576406741287e-218,1.0,-725.0,-1.0,1,-0.28125,0.28125,-0.06596790543309794,0.06596790543309794,-1.0,True,1,0.8126117466115544,0.876190476190476,0.33238015138772076,0.12676257327097035,False,-1,False,True,0.0,False,0.0
2024-04-01,112600.0,112600.0,0.0,2775.0,0.0,97887500.0,7.124576406741287e-218,1.0,2775.0,-1.0,1,0.8992248062015504,0.8992248062015504,0.047281533630826544,0.047281533630826544,1.0,True,3,0.8185260370697265,0.8923387096774194,0.3386038687973085,0.12674633297876986,False,1,True,True,1.0,True,1.0
2024-04-02,111000.0,111000.0,0.0,-800.0,0.0,111577500.0,7.124576406741287e-218,1.0,-800.0,-1.0,1,-0.3384615384615385,0.3384615384615385,0.02370211230678798,0.02370211230678798,-1.0,True,1,0.8155339805825244,0.8920250896057347,0.3384615384615385,0.1267300926865694,False,-1,False,True,0.0,False,1.0
2024-04-03,111800.0,111800.0,0.0,400.0,0.0,94556250.0,7.124576406741287e-218,1.0,400.0,-1.0,1,0.3816793893129773,0.3816793893129773,0.030883471715451805,0.030883471715451805,1.0,True,1,0.8151687013361532,0.8917114695340501,0.34100795755968166,0.12671385239436894,False,1,False,True,0.0,False,0.0
2024-04-08,113500.0,113500.0,0.0,850.0,0.0,91875000.0,7.124576406741287e-218,1.0,850.0,-1.0,1,0.49242424242424243,0.49242424242424243,0.045052663940943205,0.045052663940943205,1.0,False,1,0.8148034220897818,0.8913978494623656,0.3435543766578248,0.12669761210216848,False,1,False,False,0.0,False,0.0
2024-04-09,114150.0,114150.0,0.0,325.0,0.0,92820000.0,7.124576406741287e-218,1.0,325.0,-1.0,1,0.3308270676691729,0.3308270676691729,0.06421735794011241,0.06421735794011241,1.0,False,1,0.8144381428434107,0.8910842293906809,0.3397347480106101,0.12668137180996802,False,1,False,False,0.0,False,0.0
2024-04-10,115950.0,115950.0,0.0,900.0,0.0,92970000.0,7.124576406741287e-218,1.0,900.0,-1.0,1,0.5149253731343284,0.5149253731343284,0.029317347995949206,0.029317347995949206,1.0,False,3,0.8140728635970395,0.8907706093189963,0.3422811671087532,0.12666513151776754,False,1,False,False,0.0,False,0.0
2024-04-11,112500.0,112500.0,0.0,-1725.0,0.0,89938750.0,7.124576406741287e-218,1.0,-1725.0,-1.0,1,-0.6592592592592592,0.6592592592592592,0.013423020332140823,0.013423020332140823,-1.0,True,3,0.8137075843506681,0.8904569892473118,0.34482758620689635,0.12664889122556708,False,-1,False,True,0.0,False,0.0
2024-04-12,112200.0,112200.0,0.0,-150.0,0.0,89938750.0,7.124576406741287e-218,1.0,-150.0,-1.0,1,0.03676470588235303,0.03676470588235303,0.0035714323675968274,0.0035714323675968274,-1.0,False,0,0.813342305104297,0.8901433691756272,0.34100795755968166,0.12663265093336662,False,1,False,False,0.0,False,0.0
2024-04-15,111750.0,111750.0,0.0,-225.0,0.0,89432500.0,7.124576406741287e-218,1.0,-225.0,-1.0,1,0.029197080291970767,0.029197080291970767,-0.015538603427780018,0.015538603427780018,-1.0,False,0,0.8129770258579256,0.8898297491039425,0.33693464430306536,0.12610318213696065,False,1,False,False,0.0,False,0.0
2024-04-16,108150.0,108150.0,0.0,-1800.0,0.0,67088750.0,7.124576406741287e-218,1.0,-1800.0,-1.0,1,-0.673913043478261,0.673913043478261,-0.05399422057673675,0.05399422057673675,-1.0,False,3,0.8126117466115544,0.889516129032258,0.3397347480106101,0.1255737133405546,False,-1,False,False,0.0,False,0.0
2024-04-17,109400.0,109400.0,0.0,625.0,0.0,69217500.0,7.124576406741287e-218,1.0,625.0,-1.0,1,0.446043165467626,0.446043165467626,-0.058148173713659546,0.058148173713659546,1.0,True,1,0.8122464673651832,0.8892025089605734,0.3422811671087532,0.12504424454414861,False,1,False,True,0.0,False,0.0
2024-04-18,108400.0,108400.0,0.0,-500.0,0.0,68287500.0,7.124576406741287e-218,1.0,-500.0,-1.0,1,-0.12857142857142856,0.12857142857142856,-0.037125132638928804,0.037125132638928804,-1.0,True,0,0.8118811881188119,0.8888888888888888,0.3384615384615385,0.12451477574774264,False,-1,False,True,0.0,False,0.0
2024-04-19,107700.0,107700.0,0.0,-350.0,0.0,66886250.0,7.124576406741287e-218,1.0,-350.0,-1.0,1,-0.007092198581560183,0.007092198581560183,-0.04093340892625186,0.04093340892625186,-1.0,False,0,0.8112900842323039,0.8873015873015874,0.3338808559861191,0.12398530695133658,False,-1,False,False,0.0,False,0.0
2024-04-22,108550.0,108550.0,0.0,425.0,0.0,64600000.0,7.124576406741287e-218,1.0,425.0,-1.0,1,0.3943661971830985,0.3943661971830985,-0.02905333716937797,0.02905333716937797,1.0,True,1,0.8106989803457958,0.8857142857142855,0.3369346443030654,0.12345583815493061,False,1,False,True,0.0,False,0.0
2024-04-23,109150.0,109150.0,0.0,300.0,0.0,64950000.0,7.124576406741287e-218,1.0,300.0,-1.0,1,0.3076923076923075,0.3076923076923075,0.009203930596884291,0.009203930596884291,1.0,False,1,0.8101078764592877,0.8841269841269839,0.33235396182764604,0.12292636935852455,False,1,False,False,0.0,False,0.0
2024-04-24,110400.0,110400.0,0.0,625.0,0.0,60630000.0,7.124576406741287e-218,1.0,625.0,-1.0,1,0.45833333333333326,0.45833333333333326,0.009099243855114736,0.009099243855114736,1.0,False,1,0.8095167725727797,0.8825396825396824,0.3354077501445923,0.12239690056211858,False,1,False,False,0.0,False,0.0
2024-04-25,109600.0,109600.0,0.0,-400.0,0.0,37260000.0,7.124576406741287e-218,1.0,-400.0,-1.0,1,-0.06206896551724139,0.06206896551724139,0.01100928550836855,0.01100928550836855,-1.0,True,0,0.8089256686862716,0.8809523809523809,0.3308270676691729,0.1218674317657126,False,-1,False,True,0.0,False,0.0
2024-04-26,109900.0,109900.0,0.0,150.0,0.0,37080000.0,7.124576406741287e-218,1.0,150.0,-1.0,1,0.20547945205479445,0.20547945205479445,0.02022127724723255,0.02022127724723255,1.0,True,0,0.8083345647997635,0.8793650793650795,0.32989180267742524,0.12133796296930655,False,1,False,True,0.0,False,0.0
2024-04-29,115900.0,115900.0,0.0,3000.0,0.0,37125000.0,7.124576406741287e-218,1.0,3000.0,-1.0,1,0.9251700680272108,0.9251700680272108,0.06551685402140528,0.06551685402140528,1.0,False,3,0.8129770258579256,0.8929659498207885,0.3305153126719237,0.12057580923905786,False,1,True,False,1.0,False,0.0
2024-04-30,111450.0,111450.0,0.0,-2225.0,0.0,55120000.0,7.124576406741287e-218,1.0,-2225.0,-1.0,1,-0.7702702702702703,0.7702702702702703,0.020852976835925574,0.020852976835925574,-1.0,True,3,0.8126117466115544,0.8926523297491039,0.33235396182764604,0.11981365550880907,False,-1,False,True,0.0,False,0.0
2024-05-06,112400.0,112400.0,0.0,475.0,0.0,63970000.0,7.124576406741287e-218,1.0,475.0,-1.0,1,0.4161073825503354,0.4161073825503354,0.01795380361659582,0.01795380361659582,1.0,True,1,0.8122464673651832,0.8923387096774194,0.3354077501445923,0.1190515017785605,False,1,False,True,0.0,False,0.0
2024-05-07,113900.0,113900.0,0.0,750.0,0.0,49020000.0,7.124576406741287e-218,1.0,750.0,-1.0,1,0.5,0.5,0.03848349593922151,0.03848349593922151,1.0,False,1,0.8118811881188119,0.8920250896057347,0.3384615384615385,0.1182893480483116,False,1,False,False,0.0,False,0.0
2024-05-08,112050.0,112050.0,0.0,-925.0,0.0,48865000.0,7.124576406741287e-218,1.0,-925.0,-1.0,1,-0.4635761589403974,0.4635761589403974,0.01937433883736084,0.01937433883736084,-1.0,True,1,0.8112900842323039,0.8917114695340501,0.3410079575596816,0.11752719431806291,False,-1,False,True,0.0,False,0.0
2024-05-09,111700.0,111700.0,0.0,-175.0,0.0,50256250.0,7.124576406741287e-218,1.0,-175.0,-1.0,1,0.019736842105263275,0.019736842105263275,-0.03691104427054981,0.03691104427054981,-1.0,False,0,0.8106989803457958,0.8913978494623656,0.3369346443030654,0.11676504058781423,False,1,False,False,0.0,False,0.0
2024-05-10,108350.0,108350.0,0.0,-1675.0,0.0,48872500.0,7.124576406741287e-218,1.0,-1675.0,-1.0,1,-0.6470588235294117,0.6470588235294117,-0.028209331849510022,0.028209331849510022,-1.0,False,3,0.8101078764592877,0.8910842293906809,0.3397347480106101,0.11600288685756555,False,-1,False,False,0.0,False,0.0
2024-05-13,107100.0,107100.0,0.0,-625.0,0.0,54272500.0,7.124576406741287e-218,1.0,-625.0,-1.0,1,-0.26623376623376627,0.26623376623376627,-0.04830096000588746,0.04830096000588746,-1.0,False,0,0.8095167725727797,0.8907706093189963,0.3354077501445923,0.11524073312731686,False,-1,False,False,0.0,False,0.0
2024-05-14,105000.0,105000.0,0.0,-1050.0,0.0,53433750.0,7.124576406741287e-218,1.0,-1050.0,-1.0,1,-0.5161290322580645,0.5161290322580645,-0.08136052029561291,0.08136052029561291,-1.0,False,3,0.8089256686862716,0.8904569892473118,0.3384615384615385,0.11447857939706796,False,-1,False,False,0.0,False,0.0
2024-05-15,103000.0,103000.0,0.0,-1000.0,0.0,49687500.0,7.124576406741287e-218,1.0,-1000.0,-1.0,1,-0.5064102564102564,0.5064102564102564,-0.08421621201730112,0.08421621201730112,-1.0,False,3,0.8083345647997635,0.8901433691756271,0.34100795755968166,0.11371642566681928,False,-1,False,False,0.0,False,0.0
2024-05-16,104000.0,104000.0,0.0,500.0,0.0,51642500.0,7.124576406741287e-218,1.0,500.0,-1.0,1,0.4394904458598725,0.4394904458598725,-0.07142580693378342,0.07142580693378342,1.0,True,1,0.8077434609132554,0.8898297491039425,0.3435543766578248,0.11368344610098334,False,1,False,True,0.0,False,0.0
2024-05-17,106450.0,106450.0,0.0,1225.0,0.0,52041250.0,7.124576406741287e-218,1.0,1225.0,-1.0,1,0.6708860759493671,0.6708860759493671,-0.017691336642879918,0.017691336642879918,1.0,False,3,0.8071523570267474,0.889516129032258,0.34509283819628633,0.11365046653514739,False,1,False,False,0.0,False,0.0
2024-05-20,106000.0,106000.0,0.0,-225.0,0.0,48562500.0,7.124576406741287e-218,1.0,-225.0,-1.0,1,0.018867924528301883,0.018867924528301883,-0.01032388334163592,0.01032388334163592,-1.0,True,0,0.8065612531402393,0.8892025089605734,0.3422811671087532,0.11361748696931145,False,1,False,True,0.0,False,0.0
2024-05-21,106700.0,106700.0,0.0,350.0,0.0,47882500.0,7.124576406741287e-218,1.0,350.0,-1.0,1,0.34375,0.34375,0.016060808150184513,0.016060808150184513,1.0,True,1,0.8059701492537312,0.8888888888888888,0.34375,0.11358450740347549,False,1,False,True,0.0,False,0.0
2024-05-22,106400.0,106400.0,0.0,-150.0,0.0,47627500.0,7.124576406741287e-218,1.0,-150.0,-1.0,1,0.04347826086956541,0.04347826086956541,0.032476588677909035,0.032476588677909035,-1.0,True,0,0.8048251891228787,0.8873015873015869,0.3405769230769231,0.11355152783763955,False,1,False,True,0.0,False,0.0
2024-05-23,106150.0,106150.0,0.0,-125.0,0.0,47427500.0,7.124576406741287e-218,1.0,-125.0,-1.0,1,0.05555555555555558,0.05555555555555558,0.020462289007893375,0.020462289007893375,-1.0,False,0,0.8036802289920261,0.8857142857142855,0.3369346443030654,0.11351854827180362,False,1,False,False,0.0,False,0.0
2024-05-24,107600.0,107600.0,0.0,725.0,0.0,47097500.0,7.124576406741287e-218,1.0,725.0,-1.0,1,0.5153374233128836,0.5153374233128836,0.010745256388196012,0.010745256388196012,1.0,True,3,0.8025352688611735,0.8841269841269839,0.3395192307692308,0.11348556870596767,False,1,False,True,0.0,False,0.0
2024-05-27,106200.0,106200.0,0.0,-700.0,0.0,47968750.0,7.124576406741287e-218,1.0,-700.0,-1.0,1,-0.3170731707317074,0.3170731707317074,0.0018850146957714031,0.0018850146957714031,-1.0,True,1,0.801390308730321,0.8825396825396824,0.3354077501445923,0.11345258914013173,False,-1,False,True,0.0,False,0.0
2024-05-28,105000.0,105000.0,0.0,-600.0,0.0,48167500.0,7.124576406741287e-218,1.0,-600.0,-1.0,1,-0.2606060606060606,0.2606060606060606,-0.016060808150184513,0.016060808150184513,-1.0,False,0,0.8002453485994684,0.8809523809523809,0.3308270676691729,0.11341960957429577,False,-1,False,False,0.0,False,0.0
2024-05-29,105200.0,105200.0,0.0,100.0,0.0,48567500.0,7.124576406741287e-218,1.0,100.0,-1.0,1,0.15662650602409633,0.15662650602409633,-0.011342276603935275,0.011342276603935275,1.0,True,0,0.7991003884686159,0.879365079365079,0.32989180267742524,0.11338663000845983,False,1,False,True,0.0,False,0.0
2024-05-30,106000.0,106000.0,0.0,400.0,0.0,48542500.0,7.124576406741287e-218,1.0,400.0,-1.0,1,0.3772455089820359,0.3772455089820359,-0.0014140940371980548,0.0014140940371980548,1.0,False,1,0.7979554283377632,0.8777777777777775,0.3305153126719237,0.11338320383160365,False,1,False,False,0.0,False,0.0
2024-05-31,104850.0,104850.0,0.0,-575.0,0.0,30862500.0,7.124576406741287e-218,1.0,-575.0,-1.0,1,-0.25,0.25,-0.025889890379755087,0.025889890379755087,-1.0,True,0,0.7968104682069107,0.876190476190476,0.329580047680176,0.11337977765474747,False,-1,False,True,0.0,False,0.0
2024-06-03,102700.0,102700.0,0.0,-1075.0,0.0,21622500.0,7.124576406741287e-218,1.0,-1075.0,-1.0,1,-0.5562130177514792,0.5562130177514792,-0.03351199187332554,0.03351199187332554,-1.0,False,2,0.7956655080760582,0.8746031746031745,0.33020355767467446,0.1133763514778913,False,-1,False,False,0.0,False,0.0
2024-06-04,101850.0,101850.0,0.0,-425.0,0.0,23482500.0,7.124576406741287e-218,1.0,-425.0,-1.0,1,-0.09411764705882353,0.09411764705882353,-0.030459207484708983,0.030459207484708983,-1.0,False,0,0.7945205479452055,0.873015873015873,0.3292682926829268,0.11337292530103511,False,-1,False,False,0.0,False,0.0
2024-06-05,99800.0,99800.0,0.0,-1025.0,0.0,22718750.0,7.124576406741287e-218,1.0,-1025.0,-1.0,1,-0.5380116959064327,0.5380116959064327,-0.05269511698619134,0.05269511698619134,-1.0,False,2,0.7920955201777121,0.8714285714285711,0.32989180267742524,0.11336949912417893,False,-1,False,False,0.0,False,0.0
2024-06-06,101150.0,101150.0,0.0,675.0,0.0,23108750.0,7.124576406741287e-218,1.0,675.0,-1.0,1,0.5232558139534884,0.5232558139534884,-0.04683453049831243,0.04683453049831243,1.0,True,2,0.7896704924102185,0.8698412698412696,0.3305153126719237,0.11336607294732275,False,1,False,True,0.0,False,0.0
2024-06-07,100050.0,100050.0,0.0,-550.0,0.0,23958750.0,7.124576406741287e-218,1.0,-550.0,-1.0,1,-0.22543352601156075,0.22543352601156075,-0.0468606963181859,0.0468606963181859,-1.0,True,0,0.787245464642725,0.8682539682539681,0.329580047680176,0.11336264677046656,False,-1,False,True,0.0,False,0.0
2024-06-11,97000.0,97000.0,0.0,-1525.0,0.0,18952500.0,7.124576406741287e-218,1.0,-1525.0,-1.0,1,-0.6149425287356323,0.6149425287356323,-0.05710113843113085,0.05710113843113085,-1.0,False,3,0.7848204368752316,0.8666666666666666,0.33020355767467446,0.1133592205936104,False,-1,False,False,0.0,False,0.0
2024-06-12,98450.0,98450.0,0.0,725.0,0.0,22822500.0,7.124576406741287e-218,1.0,725.0,-1.0,1,0.5428571428571427,0.5428571428571427,-0.03395233758767979,0.03395233758767979,1.0,True,3,0.7823954091077379,0.8650793650793651,0.3308270676691729,0.11335579441675421,False,1,False,True,0.0,False,0.0
2024-06-13,97800.0,97800.0,0.0,-325.0,0.0,21668750.0,7.124576406741287e-218,1.0,-325.0,-1.0,1,-0.011363636363636354,0.011363636363636354,-0.020243606276645565,0.020243606276645565,-1.0,True,0,0.7799703813402445,0.8634920634920632,0.32989180267742524,0.11335236823989803,False,-1,False,True,0.0,False,0.0
2024-06-14,96900.0,96900.0,0.0,-450.0,0.0,19880000.0,7.124576406741287e-218,1.0,-450.0,-1.0,1,-0.10734463276836159,0.10734463276836159,-0.042925044717033956,0.042925044717033956,-1.0,False,0,0.7775453535727508,0.8619047619047617,0.32682926829268294,0.1128623022386581,False,-1,False,False,0.0,False,0.0
2024-06-17,95800.0,95800.0,0.0,-550.0,0.0,19785000.0,7.124576406741287e-218,1.0,-550.0,-1.0,1,-0.2303370786516853,0.2303370786516853,-0.04340737605292766,0.04340737605292766,-1.0,False,0,0.7751203258052574,0.8603174603174601,0.3195121951219513,0.11237223623741818,False,-1,False,False,0.0,False,0.0
2024-06-18,92800.0,92800.0,0.0,-1500.0,0.0,17388750.0,7.124576406741287e-218,1.0,-1500.0,-1.0,1,-0.6089385474860336,0.6089385474860336,-0.044264338711228035,0.044264338711228035,-1.0,False,3,0.772695298037764,0.8587301587301587,0.32439024390243903,0.11188217023617825,False,-1,False,False,0.0,False,0.0
2024-06-19,94000.0,94000.0,0.0,600.0,0.0,21787500.0,7.124576406741287e-218,1.0,600.0,-1.0,1,0.4833333333333334,0.4833333333333334,-0.04625402281513047,0.04625402281513047,1.0,True,1,0.7702702702702703,0.8571428571428572,0.3292682926829268,0.11139210423493819,False,1,False,True,0.0,False,0.0
2024-06-20,94400.0,94400.0,0.0,200.0,0.0,22262500.0,7.124576406741287e-218,1.0,200.0,-1.0,1,0.26111111111111107,0.26111111111111107,-0.035383503889317325,0.035383503889317325,1.0,False,1,0.7680258519388956,0.8565584415584415,0.3219512195121952,0.11090203823369826,False,1,False,False,0.0,False,0.0
2024-06-21,91900.0,91900.0,0.0,-1250.0,0.0,22297500.0,7.124576406741287e-218,1.0,-1250.0,-1.0,1,-0.5833333333333333,0.5833333333333333,-0.05297848953508044,0.05297848953508044,-1.0,True,3,0.7657814336075205,0.8559740259740259,0.32682926829268294,0.11041197223245834,False,-1,False,True,0.0,False,0.0
2024-06-24,88550.0,88550.0,0.0,-1675.0,0.0,25391250.0,7.124576406741287e-218,1.0,-1675.0,-1.0,1,-0.7055555555555555,0.7055555555555555,-0.07869532074797192,0.07869532074797192,-1.0,False,3,0.7635370152761458,0.8553896103896104,0.329580047680176,0.10992190623121842,False,-1,False,False,0.0,False,0.0
2024-06-25,90250.0,90250.0,0.0,850.0,0.0,29951250.0,7.124576406741287e-218,1.0,850.0,-1.0,1,0.588888888888889,0.588888888888889,-0.027863042579165054,0.027863042579165054,1.0,True,3,0.7612925969447711,0.8548051948051948,0.33020355767467446,0.10943184022997848,False,1,False,True,0.0,False,0.0
2024-06-26,92550.0,92550.0,0.0,1150.0,0.0,30416250.0,7.124576406741287e-218,1.0,1150.0,-1.0,1,0.7055555555555555,0.7055555555555555,-0.015545743250498845,0.015545743250498845,1.0,False,3,0.759048178613396,0.8542207792207792,0.3308270676691729,0.10894177422873842,False,1,False,False,0.0,False,0.0
2024-06-27,94600.0,94600.0,0.0,1025.0,0.0,32341250.0,7.124576406741287e-218,1.0,1025.0,-1.0,1,0.6499999999999999,0.6499999999999999,0.0021164029063776013,0.0021164029063776013,1.0,False,3,0.7568037602820213,0.8536363636363635,0.33388085598611916,0.10894177422873842,False,1,False,False,0.0,False,0.0
2024-06-28,94500.0,94500.0,0.0,-50.0,0.0,34422500.0,7.124576406741287e-218,1.0,-50.0,-1.0,1,0.07222222222222219,0.07222222222222219,0.027898805138056204,0.027898805138056204,-1.0,True,0,0.7545593419506463,0.853051948051948,0.3305153126719237,0.10894177422873842,False,1,False,True,0.0,False,0.0
2024-07-01,95650.0,95650.0,0.0,575.0,0.0,34107500.0,7.124576406741287e-218,1.0,575.0,-1.0,1,0.4555555555555555,0.4555555555555555,0.07712833165741806,0.07712833165741806,1.0,True,1,0.7523149236192717,0.8524675324675325,0.33235396182764604,0.10894177422873842,False,1,False,True,0.0,False,0.0
2024-07-02,94050.0,94050.0,0.0,-800.0,0.0,34107500.0,7.124576406741287e-218,1.0,-800.0,-1.0,1,-0.4277777777777778,0.4277777777777778,0.04124295853404902,0.04124295853404902,-1.0,True,1,0.7500705052878969,0.8518831168831169,0.3354077501445923,0.10894177422873842,False,-1,False,True,0.0,False,0.0
2024-07-03,94550.0,94550.0,0.0,250.0,0.0,33076250.0,7.124576406741287e-218,1.0,250.0,-1.0,1,0.27222222222222214,0.27222222222222214,0.021379756084961343,0.021379756084961343,1.0,True,1,0.7478260869565219,0.8512987012987013,0.3308270676691729,0.10894177422873842,False,1,False,True,0.0,False,0.0
2024-07-04,93950.0,93950.0,0.0,-300.0,0.0,32840000.0,7.124576406741287e-218,1.0,-300.0,-1.0,1,-0.011111111111111072,0.011111111111111072,-0.006894750198357613,0.006894750198357613,-1.0,True,0,0.7468896321070235,0.8507142857142856,0.32989180267742524,0.10894177422873842,False,-1,False,True,0.0,False,0.0
2024-07-05,93900.0,93900.0,0.0,-25.0,0.0,30918750.0,7.124576406741287e-218,1.0,-25.0,-1.0,1,0.08333333333333326,0.08333333333333326,-0.006369448285479251,0.006369448285479251,-1.0,False,0,0.7459531772575252,0.8501298701298701,0.32682926829268294,0.10894177422873842,False,1,False,False,0.0,False,0.0
2024-07-08,93650.0,93650.0,0.0,-125.0,0.0,30008750.0,7.124576406741287e-218,1.0,-125.0,-1.0,1,0.06666666666666665,0.06666666666666665,-0.0211312669961643,0.0211312669961643,-1.0,False,0,0.7450167224080269,0.8495454545454545,0.3195121951219513,0.10894177422873842,False,1,False,False,0.0,False,0.0
2024-07-09,94150.0,94150.0,0.0,250.0,0.0,29435000.0,7.124576406741287e-218,1.0,250.0,-1.0,1,0.30000000000000004,0.30000000000000004,0.0010626993561224651,0.0010626993561224651,1.0,True,1,0.7440802675585286,0.8489610389610389,0.3165596919127086,0.10894177422873842,False,1,False,True,0.0,False,0.0
2024-07-10,91800.0,91800.0,0.0,-1175.0,0.0,24908750.0,7.124576406741287e-218,1.0,-1175.0,-1.0,1,-0.5944444444444444,0.5944444444444444,-0.02951649747802243,0.02951649747802243,-1.0,True,3,0.7431438127090302,0.8483766233766235,0.3170731707317074,0.10765230788524072,False,-1,False,True,0.0,False,0.0
2024-07-11,92500.0,92500.0,0.0,350.0,0.0,26618750.0,7.124576406741287e-218,1.0,350.0,-1.0,1,0.38888888888888884,0.38888888888888884,-0.015554081341095483,0.015554081341095483,1.0,True,1,0.7422073578595318,0.8477922077922077,0.3219512195121952,0.10765230788524072,False,1,False,True,0.0,False,0.0
2024-07-12,91350.0,91350.0,0.0,-575.0,0.0,26652500.0,7.124576406741287e-218,1.0,-575.0,-1.0,1,-0.27222222222222225,0.27222222222222225,-0.027532103390202067,0.027532103390202067,-1.0,True,1,0.7412709030100335,0.8472077922077923,0.316816431322208,0.10675724834020474,False,-1,False,True,0.0,False,0.0
2024-07-15,87950.0,87950.0,0.0,-1700.0,0.0,26908750.0,7.124576406741287e-218,1.0,-1700.0,-1.0,1,-0.75,0.75,-0.06279595770653046,0.06279595770653046,-1.0,False,3,0.7482608695652175,0.8466233766233766,0.3195121951219513,0.10675724834020474,False,-1,True,False,0.6,False,0.0
2024-07-16,88800.0,88800.0,0.0,425.0,0.0,32083750.0,7.124576406741287e-218,1.0,425.0,-1.0,1,0.4388888888888889,0.4388888888888889,-0.05850260510503702,0.05850260510503702,1.0,True,1,0.7480434782608697,0.8460389610389608,0.32439024390243903,0.10675724834020474,False,1,False,True,0.0,False,0.0
2024-07-17,86850.0,86850.0,0.0,-975.0,0.0,27945000.0,7.124576406741287e-218,1.0,-975.0,-1.0,1,-0.55,0.55,-0.05542980493933136,0.05542980493933136,-1.0,True,3,0.7478260869565219,0.8454545454545455,0.3292682926829268,0.1052930573773752,False,-1,False,True,0.0,False,0.0
2024-07-18,87950.0,87950.0,0.0,550.0,0.0,29126250.0,7.124576406741287e-218,1.0,550.0,-1.0,1,0.49444444444444446,0.49444444444444446,-0.05044017333481321,0.05044017333481321,1.0,True,1,0.7468896321070235,0.8439585172109441,0.32989180267742524,0.10283611430140381,False,1,False,True,0.0,False,0.0
2024-07-19,89800.0,89800.0,0.0,925.0,0.0,29651250.0,7.124576406741287e-218,1.0,925.0,-1.0,1,0.6777777777777778,0.6777777777777778,-0.01711330751586182,0.01711330751586182,1.0,False,3,0.7459531772575252,0.8424624889673435,0.3305153126719237,0.10283611430140381,False,1,False,False,0.0,False,0.0
2024-07-22,88950.0,88950.0,0.0,-425.0,0.0,28237500.0,7.124576406741287e-218,1.0,-425.0,-1.0,1,-0.1166666666666667,0.1166666666666667,0.011305942928277801,0.011305942928277801,-1.0,True,0,0.745016722408027,0.8409664607237421,0.329580047680176,0.10283611430140381,False,-1,False,True,0.0,False,0.0
2024-07-23,87900.0,87900.0,0.0,-525.0,0.0,22987500.0,7.124576406741287e-218,1.0,-525.0,-1.0,1,-0.23888888888888882,0.23888888888888882,-0.01018684530699332,0.01018684530699332,-1.0,False,0,0.7440802675585285,0.8394704324801407,0.32439024390243903,0.10283611430140381,False,-1,False,False,0.0,False,0.0
2024-07-24,86900.0,86900.0,0.0,-500.0,0.0,22093750.0,7.124576406741287e-218,1.0,-500.0,-1.0,1,-0.18333333333333335,0.18333333333333335,0.0005755395842328426,0.0005755395842328426,-1.0,False,0,0.7431438127090302,0.8379744042365402,0.3170731707317074,0.10283611430140381,False,-1,False,False,0.0,False,0.0
2024-07-25,87050.0,87050.0,0.0,75.0,0.0,19948750.0,7.124576406741287e-218,1.0,75.0,-1.0,1,0.16666666666666674,0.16666666666666674,-0.010285804969369039,0.010285804969369039,1.0,True,0,0.7422073578595318,0.8364783759929388,0.3163029525032092,0.10283611430140381,False,1,False,True,0.0,False,0.0
2024-07-26,85850.0,85850.0,0.0,-600.0,0.0,17858750.0,7.124576406741287e-218,1.0,-600.0,-1.0,1,-0.3277777777777777,0.3277777777777777,-0.04498338796466861,0.04498338796466861,-1.0,True,1,0.7412709030100336,0.8349823477493382,0.316816431322208,0.10283611430140381,False,-1,False,True,0.0,False,0.0
2024-07-29,83400.0,83400.0,0.0,-1225.0,0.0,18573750.0,7.124576406741287e-218,1.0,-1225.0,-1.0,1,-0.6499999999999999,0.6499999999999999,-0.0644261047471435,0.0644261047471435,-1.0,False,3,0.7403344481605353,0.8334863195057368,0.3192140921409215,0.10283611430140381,False,-1,False,False,0.0,False,0.0
2024-07-30,81150.0,81150.0,0.0,-1125.0,0.0,20913750.0,7.124576406741287e-218,1.0,-1125.0,-1.0,1,-0.6166666666666667,0.6166666666666667,-0.07990051073053017,0.07990051073053017,-1.0,False,3,0.7393979933110368,0.8319902912621354,0.3234959349593496,0.10283611430140381,False,-1,False,False,0.0,False,0.0
2024-07-31,82700.0,82700.0,0.0,775.0,0.0,22165000.0,7.124576406741287e-218,1.0,775.0,-1.0,1,0.6388888888888888,0.6388888888888888,-0.04953843024170013,0.04953843024170013,1.0,True,3,0.7384615384615385,0.8304942630185349,0.3277777777777777,0.10283611430140381,False,1,False,True,0.0,False,0.0
2024-08-01,80850.0,80850.0,0.0,-925.0,0.0,23241250.0,7.124576406741287e-218,1.0,-925.0,-1.0,1,-0.5111111111111111,0.5111111111111111,-0.07388708019108137,0.07388708019108137,-1.0,True,3,0.7356680161943322,0.8289982347749335,0.32837398373983734,0.10283611430140381,False,-1,False,True,0.0,False,0.0
2024-08-02,81000.0,81000.0,0.0,75.0,0.0,24772500.0,7.124576406741287e-218,1.0,75.0,-1.0,1,0.1611111111111112,0.1611111111111112,-0.058152432671047194,0.058152432671047194,1.0,True,0,0.7328744939271259,0.827502206531333,0.3256368563685637,0.10283611430140381,False,1,False,True,0.0,False,0.0
2024-08-05,81500.0,81500.0,0.0,250.0,0.0,24782500.0,7.124576406741287e-218,1.0,250.0,-1.0,1,0.2944444444444445,0.2944444444444445,-0.023045289117883172,0.023045289117883172,1.0,False,1,0.7300809716599195,0.8260061782877316,0.3192140921409215,0.10283611430140381,False,1,False,False,0.0,False,0.0
2024-08-06,81250.0,81250.0,0.0,-125.0,0.0,24876250.0,7.124576406741287e-218,1.0,-125.0,-1.0,1,0.061111111111111116,0.061111111111111116,0.0012315272492458007,0.0012315272492458007,-1.0,True,0,0.7272874493927124,0.8245101500441302,0.3165596919127086,0.10283611430140381,False,1,False,True,0.0,False,0.0
2024-08-07,80300.0,80300.0,0.0,-475.0,0.0,24782500.0,7.124576406741287e-218,1.0,-475.0,-1.0,1,-0.15555555555555556,0.15555555555555556,-0.029449981076929532,0.029449981076929532,-1.0,False,0,0.7244939271255061,0.8230141218005296,0.3157894736842104,0.10283611430140381,False,-1,False,False,0.0,False,0.0
2024-08-08,78500.0,78500.0,0.0,-900.0,0.0,22472500.0,7.124576406741287e-218,1.0,-900.0,-1.0,1,-0.4888888888888888,0.4888888888888888,-0.029496961234753982,0.029496961234753982,-1.0,False,1,0.7217004048582998,0.8215180935569283,0.3163029525032092,0.10283611430140381,False,-1,False,False,0.0,False,0.0
2024-08-09,77550.0,77550.0,0.0,-475.0,0.0,23847500.0,7.124576406741287e-218,1.0,-475.0,-1.0,1,-0.15000000000000002,0.15000000000000002,-0.043526265049889545,0.043526265049889545,-1.0,False,0,0.7189068825910935,0.8200220653133277,0.31417004048582986,0.10283611430140381,False,-1,False,False,0.0,False,0.0
2024-08-12,76000.0,76000.0,0.0,-775.0,0.0,23637500.0,7.124576406741287e-218,1.0,-775.0,-1.0,1,-0.41666666666666663,0.41666666666666663,-0.06986967996048676,0.06986967996048676,-1.0,False,1,0.7161133603238871,0.8185260370697263,0.3160462130937098,0.10283611430140381,False,-1,False,False,0.0,False,0.0
2024-08-13,77000.0,77000.0,0.0,500.0,0.0,19058750.0,7.124576406741287e-218,1.0,500.0,-1.0,1,0.5055555555555555,0.5055555555555555,-0.053725399356162384,0.053725399356162384,1.0,True,3,0.71331983805668,0.8170300088261249,0.3165596919127086,0.10283611430140381,False,1,False,True,0.0,False,0.0
2024-08-14,73450.0,73450.0,0.0,-1775.0,0.0,19197500.0,7.124576406741287e-218,1.0,-1775.0,-1.0,1,-0.8388888888888889,0.8388888888888889,-0.0891647183328299,0.0891647183328299,-1.0,True,3,0.7384615384615385,0.8388888888888889,0.3170731707317074,0.10283611430140381,False,-1,True,True,0.6,True,-0.6
2024-08-15,72400.0,72400.0,0.0,-525.0,0.0,23597500.0,7.124576406741287e-218,1.0,-525.0,-1.0,1,-0.24444444444444446,0.24444444444444446,-0.08089232539669133,0.08089232539669133,-1.0,False,0,0.7356680161943322,0.8377211434735704,0.3163029525032092,0.10283611430140381,False,-1,False,False,0.0,False,-0.6
2024-08-16,72950.0,72950.0,0.0,275.0,0.0,23543750.0,7.124576406741287e-218,1.0,275.0,-1.0,1,0.33333333333333326,0.33333333333333326,-0.061148614653752986,0.061148614653752986,1.0,True,1,0.7328744939271259,0.8365533980582526,0.316816431322208,0.10283611430140381,False,1,False,True,0.0,False,0.0
2024-08-19,73400.0,73400.0,0.0,225.0,0.0,21983750.0,7.124576406741287e-218,1.0,225.0,-1.0,1,0.25555555555555554,0.25555555555555554,-0.03480940466586091,0.03480940466586091,1.0,False,0,0.7300809716599195,0.8353856526429341,0.3160462130937098,0.09193473761000856,False,1,False,False,0.0,False,0.0
2024-08-20,75000.0,75000.0,0.0,800.0,0.0,21723750.0,7.124576406741287e-218,1.0,800.0,-1.0,1,0.6611111111111112,0.6611111111111112,-0.026317308317374,0.026317308317374,1.0,False,3,0.7272874493927124,0.8342179072276156,0.3165596919127086,0.09036118594447053,False,1,False,False,0.0,False,0.0
2024-08-21,77900.0,77900.0,0.0,1450.0,0.0,22452500.0,7.124576406741287e-218,1.0,1450.0,-1.0,1,0.8277777777777777,0.8277777777777777,0.05882105025681561,0.05882105025681561,1.0,False,3,0.7431438127090302,0.8361111111111111,0.3170731707317074,0.08928002209411261,False,1,True,False,0.6,False,0.0
2024-08-22,75450.0,75450.0,0.0,-1225.0,0.0,26157500.0,7.124576406741287e-218,1.0,-1225.0,-1.0,1,-0.711111111111111,0.711111111111111,0.041263885822187873,0.041263885822187873,-1.0,True,3,0.7422073578595318,0.8355555555555554,0.32135501355013557,0.08787965044630468,False,-1,False,True,0.0,False,0.0
2024-08-23,73350.0,73350.0,0.0,-1050.0,0.0,29147500.0,7.124576406741287e-218,1.0,-1050.0,-1.0,1,-0.6555555555555556,0.6555555555555556,0.005468229620195331,0.005468229620195331,-1.0,False,3,0.7412709030100336,0.8350000000000001,0.3256368563685636,0.08539695248830854,False,-1,False,False,0.0,False,0.0
2024-08-26,74350.0,74350.0,0.0,500.0,0.0,30632500.0,7.124576406741287e-218,1.0,500.0,-1.0,1,0.47777777777777786,0.47777777777777786,0.01285973728569445,0.01285973728569445,1.0,True,1,0.7403344481605353,0.8344444444444443,0.32807588075880756,0.08479651398246055,False,1,False,True,0.0,False,0.0
2024-08-27,76150.0,76150.0,0.0,900.0,0.0,28131250.0,7.124576406741287e-218,1.0,900.0,-1.0,1,0.6888888888888889,0.6888888888888889,0.01521696580486065,0.01521696580486065,1.0,False,3,0.7393979933110368,0.8338888888888887,0.3286720867208672,0.08427045945589685,False,1,False,False,0.0,False,0.0
2024-08-28,75750.0,75750.0,0.0,-200.0,0.0,27220000.0,7.124576406741287e-218,1.0,-200.0,-1.0,1,-0.02777777777777779,0.02777777777777779,-0.027987508487223423,0.027987508487223423,-1.0,True,0,0.7384615384615385,0.8333333333333333,0.3277777777777777,0.08164608946778172,False,-1,False,True,0.0,False,0.0
2024-08-29,76850.0,76850.0,0.0,550.0,0.0,26098750.0,7.124576406741287e-218,1.0,550.0,-1.0,1,0.48888888888888893,0.48888888888888893,0.01838528477074597,0.01838528477074597,1.0,True,1,0.735726495726496,0.8327777777777776,0.32837398373983734,0.08093914488658349,False,1,False,True,0.0,False,0.0
2024-08-30,78900.0,78900.0,0.0,1025.0,0.0,24992500.0,7.124576406741287e-218,1.0,1025.0,-1.0,1,0.7333333333333334,0.7333333333333334,0.0729387232628369,0.0729387232628369,1.0,False,3,0.7374358974358975,0.8322222222222223,0.32897018970189695,0.07999969219714628,False,1,False,False,0.0,False,0.0
2024-09-02,75200.0,75200.0,0.0,-1850.0,0.0,27082500.0,7.124576406741287e-218,1.0,-1850.0,-1.0,1,-0.9222222222222222,0.9222222222222222,0.011367558049629523,0.011367558049629523,-1.0,True,3,0.745016722408027,0.8411868686868686,0.329580047680176,0.07928215739496292,False,-1,True,True,1.0,True,-1.0
2024-09-03,74900.0,74900.0,0.0,-150.0,0.0,33802500.0,7.124576406741287e-218,1.0,-150.0,-1.0,1,-0.016666666666666607,0.016666666666666607,-0.016551188817997442,0.016551188817997442,-1.0,False,0,0.7440802675585285,0.8408585858585857,0.3286720867208672,0.0787471338200536,False,-1,False,False,0.0,False,-1.0
2024-09-04,73600.0,73600.0,0.0,-650.0,0.0,33816250.0,7.124576406741287e-218,1.0,-650.0,-1.0,1,-0.41666666666666663,0.41666666666666663,-0.02879341865464724,0.02879341865464724,-1.0,False,1,0.7431438127090302,0.8405303030303031,0.3292682926829268,0.0787471338200536,False,-1,False,False,0.0,False,0.0
2024-09-05,70750.0,70750.0,0.0,-1425.0,0.0,34210000.0,7.124576406741287e-218,1.0,-1425.0,-1.0,1,-0.7944444444444444,0.7944444444444444,-0.0827029334612579,0.0827029334612579,-1.0,False,3,0.7486956521739131,0.8402020202020202,0.32989180267742524,0.07928215739496292,True,-1,True,True,0.6,True,-0.6
2024-09-06,71200.0,71200.0,0.0,225.0,0.0,36651250.0,7.124576406741287e-218,1.0,225.0,-1.0,1,0.2055555555555555,0.2055555555555555,-0.10268840943389712,0.10268840943389712,1.0,True,0,0.7484782608695654,0.8398737373737374,0.32897018970189695,0.07999969219714628,True,1,False,True,0.0,False,-0.6
2024-09-09,73150.0,73150.0,0.0,975.0,0.0,36301250.0,7.124576406741287e-218,1.0,975.0,-1.0,1,0.7388888888888889,0.7388888888888889,-0.027639103489660144,0.027639103489660144,1.0,False,3,0.7482608695652175,0.8395454545454545,0.329580047680176,0.07928215739496292,False,1,False,False,0.0,False,0.0
2024-09-10,72150.0,72150.0,0.0,-500.0,0.0,37001250.0,7.124576406741287e-218,1.0,-500.0,-1.0,1,-0.25555555555555554,0.25555555555555554,-0.03740660530329265,0.03740660530329265,-1.0,True,0,0.7480434782608697,0.8392171717171716,0.3286720867208672,0.07928215739496292,False,-1,False,True,0.0,False,0.0
2024-09-11,78450.0,78450.0,0.0,3150.0,0.0,37001250.0,7.124576406741287e-218,1.0,3150.0,-1.0,1,0.9722222222222223,0.9722222222222223,0.06381645344420939,0.06381645344420939,1.0,True,3,0.752027027027027,0.8460389610389608,0.3286720867208672,0.07928215739496292,False,1,True,True,1.0,True,1.0
2024-09-12,76950.0,76950.0,0.0,-750.0,0.0,50545000.0,7.124576406741287e-218,1.0,-750.0,-1.0,1,-0.49444444444444446,0.49444444444444446,0.08400332376154118,0.08400332376154118,-1.0,True,1,0.752027027027027,0.8460389610389608,0.33020355767467446,0.07999969219714628,True,-1,False,True,0.0,False,1.0
2024-09-13,77550.0,77550.0,0.0,300.0,0.0,51118750.0,7.124576406741287e-218,1.0,300.0,-1.0,1,0.30000000000000004,0.30000000000000004,0.08543007120461787,0.08543007120461787,1.0,True,1,0.752027027027027,0.8460389610389608,0.33020355767467446,0.07999969219714628,True,1,False,True,0.0,False,0.0
2024-09-18,75300.0,75300.0,0.0,-1125.0,0.0,51147500.0,7.124576406741287e-218,1.0,-1125.0,-1.0,1,-0.7333333333333334,0.7333333333333334,0.02896800733971361,0.02896800733971361,-1.0,True,3,0.752027027027027,0.8460389610389608,0.33233082706766914,0.07999969219714628,False,-1,False,True,0.0,False,0.0
2024-09-19,75700.0,75700.0,0.0,200.0,0.0,53577500.0,7.124576406741287e-218,1.0,200.0,-1.0,1,0.16666666666666674,0.16666666666666674,0.048030875223522784,0.048030875223522784,1.0,True,0,0.752027027027027,0.8460389610389608,0.33233082706766914,0.07999969219714628,False,1,False,True,0.0,False,0.0
2024-09-20,75300.0,75300.0,0.0,-200.0,0.0,52377500.0,7.124576406741287e-218,1.0,-200.0,-1.0,1,-0.06666666666666665,0.06666666666666665,-0.04098134437319345,0.04098134437319345,-1.0,True,0,0.752027027027027,0.8460389610389608,0.33020355767467446,0.07999969219714628,False,-1,False,True,0.0,False,0.0
2024-09-23,74850.0,74850.0,0.0,-225.0,0.0,48252500.0,7.124576406741287e-218,1.0,-225.0,-1.0,1,-0.08333333333333326,0.08333333333333326,-0.027669749419249712,0.027669749419249712,-1.0,False,0,0.752027027027027,0.8460389610389608,0.3286720867208672,0.07999969219714628,False,-1,False,False,0.0,False,0.0
2024-09-24,76800.0,76800.0,0.0,975.0,0.0,45352500.0,7.124576406741287e-218,1.0,975.0,-1.0,1,0.7666666666666666,0.7666666666666666,-0.009718249468921414,0.009718249468921414,1.0,True,3,0.7516666666666666,0.8460389610389608,0.3286720867208672,0.07999969219714628,False,1,True,True,0.6,True,0.6
2024-09-25,76250.0,76250.0,0.0,-275.0,0.0,45048750.0,7.124576406741287e-218,1.0,-275.0,-1.0,1,-0.10555555555555551,0.10555555555555551,0.01253728068167348,0.01253728068167348,-1.0,True,0,0.7516666666666666,0.8460389610389608,0.3286720867208672,0.07999969219714628,False,-1,False,True,0.0,False,0.6
2024-09-26,77050.0,77050.0,0.0,400.0,0.0,44700000.0,7.124576406741287e-218,1.0,400.0,-1.0,1,0.41666666666666674,0.41666666666666674,0.017676401322722413,0.017676401322722413,1.0,True,1,0.7516666666666666,0.8460389610389608,0.3286720867208672,0.07928215739496292,False,1,False,True,0.0,False,0.0
2024-09-27,76950.0,76950.0,0.0,-50.0,0.0,43400000.0,7.124576406741287e-218,1.0,-50.0,-1.0,1,0.04444444444444451,0.04444444444444451,0.02167572547904051,0.02167572547904051,-1.0,True,0,0.7516666666666666,0.8460389610389608,0.3234959349593497,0.07928215739496292,False,1,False,True,0.0,False,0.0
2024-09-30,79750.0,79750.0,0.0,1400.0,0.0,43325000.0,7.124576406741287e-218,1.0,1400.0,-1.0,1,0.8611111111111112,0.8611111111111112,0.06341063079931608,0.06341063079931608,1.0,True,3,0.767027027027027,0.8573412698412698,0.3234959349593497,0.07928215739496292,False,1,True,True,1.0,True,1.0
2024-10-08,76650.0,76650.0,0.0,-1550.0,0.0,46640000.0,7.124576406741287e-218,1.0,-1550.0,-1.0,1,-0.85,0.85,-0.0019550348358041703,0.0019550348358041703,-1.0,True,3,0.7726876876876876,0.8573412698412698,0.3286720867208672,0.07928215739496292,False,-1,True,True,0.6,True,1.0
2024-10-09,76400.0,76400.0,0.0,-125.0,0.0,49343750.0,7.124576406741287e-218,1.0,-125.0,-1.0,1,0.011111111111111072,0.011111111111111072,0.0019652806849546067,0.0019652806849546067,-1.0,False,0,0.767027027027027,0.8573412698412698,0.3234959349593497,0.07928215739496292,False,1,False,False,0.0,False,0.0
2024-10-10,73700.0,73700.0,0.0,-1350.0,0.0,42530000.0,7.124576406741287e-218,1.0,-1350.0,-1.0,1,-0.8055555555555556,0.8055555555555556,-0.044451762570835385,0.044451762570835385,-1.0,False,3,0.7726876876876876,0.8573412698412698,0.3286720867208672,0.07928215739496292,False,-1,True,False,0.6,False,0.0
2024-10-11,73900.0,73900.0,0.0,100.0,0.0,46130000.0,7.124576406741287e-218,1.0,100.0,-1.0,1,0.12222222222222223,0.12222222222222223,-0.040443032330731654,0.040443032330731654,1.0,True,0,0.7726876876876876,0.8573412698412698,0.3286720867208672,0.0787471338200536,False,1,False,True,0.0,False,0.0
2024-10-14,73100.0,73100.0,0.0,-400.0,0.0,45305000.0,7.124576406741287e-218,1.0,-400.0,-1.0,1,-0.1777777777777778,0.1777777777777778,-0.08706837490922226,0.08706837490922226,-1.0,True,0,0.7726876876876876,0.8573412698412698,0.3234959349593497,0.0787471338200536,True,-1,False,True,0.0,False,0.0
2024-10-15,73400.0,73400.0,0.0,150.0,0.0,41563750.0,7.124576406741287e-218,1.0,150.0,-1.0,1,0.1611111111111112,0.1611111111111112,-0.043325669697352964,0.043325669697352964,1.0,True,0,0.7726876876876876,0.8573412698412698,0.3234959349593497,0.07843920645966342,False,1,False,True,0.0,False,0.0
2024-10-16,71150.0,71150.0,0.0,-1125.0,0.0,41507500.0,7.124576406741287e-218,1.0,-1125.0,-1.0,1,-0.7277777777777777,0.7277777777777777,-0.07119237163661474,0.07119237163661474,-1.0,True,3,0.767027027027027,0.8503571428571427,0.3234959349593497,0.07843920645966342,False,-1,False,True,0.0,False,0.0
2024-10-17,68600.0,68600.0,0.0,-1275.0,0.0,42137500.0,7.124576406741287e-218,1.0,-1275.0,-1.0,1,-0.7944444444444444,0.7944444444444444,-0.07171026446345152,0.07171026446345152,-1.0,False,3,0.7726876876876876,0.8503571428571427,0.3286720867208672,0.07843920645966342,False,-1,True,False,0.6,False,0.0
2024-10-18,70650.0,70650.0,0.0,1025.0,0.0,44888750.0,7.124576406741287e-218,1.0,1025.0,-1.0,1,0.7833333333333334,0.7833333333333334,-0.04497471882361914,0.04497471882361914,1.0,True,3,0.7844444444444445,0.8503571428571427,0.33020355767467446,0.07843920645966342,False,1,False,True,0.0,False,0.0
2024-10-21,72450.0,72450.0,0.0,900.0,0.0,27145000.0,7.124576406741287e-218,1.0,900.0,-1.0,1,0.7166666666666668,0.7166666666666668,-0.008931697989041254,0.008931697989041254,1.0,False,3,0.7844444444444445,0.8503571428571427,0.33020355767467446,0.07843920645966342,False,1,False,False,0.0,False,0.0
2024-10-22,73750.0,73750.0,0.0,650.0,0.0,27640000.0,7.124576406741287e-218,1.0,650.0,-1.0,1,0.588888888888889,0.588888888888889,0.004757059599459268,0.004757059599459268,1.0,False,3,0.7844444444444445,0.8503571428571427,0.33233082706766914,0.07843920645966342,False,1,False,False,0.0,False,0.0
2024-10-23,75250.0,75250.0,0.0,750.0,0.0,28305000.0,7.124576406741287e-218,1.0,750.0,-1.0,1,0.6444444444444444,0.6444444444444444,0.05602557909312367,0.05602557909312367,1.0,False,3,0.7844444444444445,0.8503571428571427,0.33233082706766914,0.07843920645966342,False,1,False,False,0.0,False,0.0
2024-10-24,74200.0,74200.0,0.0,-525.0,0.0,26898750.0,7.124576406741287e-218,1.0,-525.0,-1.0,1,-0.3555555555555555,0.3555555555555555,0.0784716154414955,0.0784716154414955,-1.0,True,1,0.7844444444444445,0.8503571428571427,0.33641025641025646,0.07849398597214315,False,-1,False,True,0.0,False,0.0
2024-10-25,74700.0,74700.0,0.0,250.0,0.0,27370000.0,7.124576406741287e-218,1.0,250.0,-1.0,1,0.2666666666666666,0.2666666666666666,0.055741983008234186,0.055741983008234186,1.0,True,0,0.7844444444444445,0.8503571428571427,0.33641025641025646,0.07849398597214315,False,1,False,True,0.0,False,0.0
2024-10-28,76600.0,76600.0,0.0,950.0,0.0,27415000.0,7.124576406741287e-218,1.0,950.0,-1.0,1,0.7611111111111111,0.7611111111111111,0.055700407979854205,0.055700407979854205,1.0,False,3,0.7844444444444445,0.8503571428571427,0.33641025641025646,0.07849398597214315,False,1,False,False,0.0,False,0.0
2024-10-29,74900.0,74900.0,0.0,-850.0,0.0,29118750.0,7.124576406741287e-218,1.0,-850.0,-1.0,1,-0.5611111111111111,0.5611111111111111,0.015472895303243916,0.015472895303243916,-1.0,True,3,0.7844444444444445,0.8503571428571427,0.33641025641025646,0.07849398597214315,False,-1,False,True,0.0,False,0.0
2024-10-30,73850.0,73850.0,0.0,-525.0,0.0,28662500.0,7.124576406741287e-218,1.0,-525.0,-1.0,1,-0.35,0.35,-0.018779894651595797,0.018779894651595797,-1.0,False,1,0.7844444444444445,0.8503571428571427,0.3416346153846154,0.07849398597214315,False,-1,False,False,0.0,False,0.0
2024-10-31,74850.0,74850.0,0.0,500.0,0.0,29062500.0,7.124576406741287e-218,1.0,500.0,-1.0,1,0.4722222222222223,0.4722222222222223,0.00872196069230391,0.00872196069230391,1.0,True,1,0.7844444444444445,0.8503571428571427,0.3451923076923078,0.07849398597214315,False,1,False,True,0.0,False,0.0
2024-11-01,76500.0,76500.0,0.0,825.0,0.0,29242500.0,7.124576406741287e-218,1.0,825.0,-1.0,1,0.6722222222222223,0.6722222222222223,0.023810648693718406,0.023810648693718406,1.0,False,3,0.7844444444444445,0.8503571428571427,0.3451923076923078,0.07849398597214315,False,1,False,False,0.0,False,0.0
2024-11-04,77250.0,77250.0,0.0,375.0,0.0,30598750.0,7.124576406741287e-218,1.0,375.0,-1.0,1,0.3666666666666667,0.3666666666666667,0.008449839031310802,0.008449839031310802,1.0,False,1,0.7844444444444445,0.8503571428571427,0.34846153846153854,0.07849398597214315,False,1,False,False,0.0,False,0.0
2024-11-05,77350.0,77350.0,0.0,50.0,0.0,26960000.0,7.124576406741287e-218,1.0,50.0,-1.0,1,0.03333333333333344,0.03333333333333344,0.032186686495901284,0.032186686495901284,1.0,False,0,0.7844444444444445,0.8503571428571427,0.3451923076923078,0.07849398597214315,False,1,False,False,0.0,False,0.0
2024-11-06,75900.0,75900.0,0.0,-725.0,0.0,22160000.0,7.124576406741287e-218,1.0,-725.0,-1.0,1,-0.5,0.5,0.027380675424195644,0.027380675424195644,-1.0,True,1,0.7844444444444445,0.8503571428571427,0.3451923076923078,0.07849398597214315,False,-1,False,True,0.0,False,0.0
2024-11-07,76850.0,76850.0,0.0,475.0,0.0,23180000.0,7.124576406741287e-218,1.0,475.0,-1.0,1,0.43333333333333335,0.43333333333333335,0.02636935911896643,0.02636935911896643,1.0,True,1,0.7844444444444445,0.8503571428571427,0.3451923076923078,0.07849398597214315,False,1,False,True,0.0,False,0.0
2024-11-08,76400.0,76400.0,0.0,-225.0,0.0,19986250.0,7.124576406741287e-218,1.0,-225.0,-1.0,1,-0.1333333333333333,0.1333333333333333,-0.0013080446600142182,0.0013080446600142182,-1.0,True,0,0.7844444444444445,0.8503571428571427,0.3451923076923078,0.07849398597214315,False,-1,False,True,0.0,False,0.0
2024-11-11,80950.0,80950.0,0.0,2275.0,0.0,20067500.0,7.124576406741287e-218,1.0,2275.0,-1.0,1,0.95,0.95,0.04678476434578904,0.04678476434578904,1.0,True,3,0.7944444444444444,0.8573412698412698,0.3451923076923078,0.07849398597214315,False,1,True,True,1.0,True,1.0
2024-11-12,81150.0,81150.0,0.0,100.0,0.0,30098750.0,7.124576406741287e-218,1.0,100.0,-1.0,1,0.10555555555555562,0.10555555555555562,0.04795871694152609,0.04795871694152609,1.0,False,0,0.7944444444444444,0.8573412698412698,0.3416346153846154,0.07849398597214315,False,1,False,False,0.0,False,1.0
2024-11-13,86500.0,86500.0,0.0,2675.0,0.0,30073750.0,7.124576406741287e-218,1.0,2675.0,-1.0,1,0.95,0.95,0.13072772953624856,0.13072772953624856,1.0,False,3,0.7955555555555555,0.8624999999999996,0.3451923076923078,0.0787471338200536,True,1,True,True,1.0,True,1.0
2024-11-14,81000.0,81000.0,0.0,-2750.0,0.0,41853750.0,7.124576406741287e-218,1.0,-2750.0,-1.0,1,-0.9611111111111111,0.9611111111111111,0.05259368468783343,0.05259368468783343,-1.0,True,3,0.8061881188118811,0.8892025089605733,0.34846153846153854,0.0787471338200536,False,-1,True,True,1.0,True,1.0
2024-11-15,78300.0,78300.0,0.0,-1350.0,0.0,53727500.0,7.124576406741287e-218,1.0,-1350.0,-1.0,1,-0.8,0.8,0.024564906824281252,0.024564906824281252,-1.0,False,3,0.8061881188118811,0.8892025089605733,0.34846153846153854,0.07849398597214315,False,-1,False,False,0.0,False,0.0
2024-11-18,80950.0,80950.0,0.0,1325.0,0.0,55271250.0,7.124576406741287e-218,1.0,1325.0,-1.0,1,0.8500000000000001,0.8500000000000001,0.0,0.0,1.0,True,3,0.8065533980582524,0.8892025089605733,0.34846153846153854,0.07849398597214315,False,1,True,True,0.6,True,0.6
2024-11-19,82650.0,82650.0,0.0,850.0,0.0,57162500.0,7.124576406741287e-218,1.0,850.0,-1.0,1,0.6611111111111112,0.6611111111111112,0.018315530306432848,0.018315530306432848,1.0,False,3,0.8065533980582524,0.8892025089605733,0.34846153846153854,0.07849398597214315,False,1,False,False,0.0,False,0.6
2024-11-20,82700.0,82700.0,0.0,25.0,0.0,57762500.0,7.124576406741287e-218,1.0,25.0,-1.0,1,0.0277777777777779,0.0277777777777779,-0.04492481190818687,0.04492481190818687,1.0,False,0,0.8005555555555556,0.8892025089605733,0.3451923076923078,0.07849398597214315,False,1,False,False,0.0,False,0.6
2024-11-21,81950.0,81950.0,0.0,-375.0,0.0,56638750.0,7.124576406741287e-218,1.0,-375.0,-1.0,1,-0.21666666666666667,0.21666666666666667,0.011660150517400325,0.011660150517400325,-1.0,True,0,0.8005555555555556,0.8892025089605733,0.3416346153846154,0.07849398597214315,False,-1,False,True,0.0,False,0.0
2024-11-22,79500.0,79500.0,0.0,-1225.0,0.0,56368750.0,7.124576406741287e-218,1.0,-1225.0,-1.0,1,-0.75,0.75,0.015209418663529206,0.015209418663529206,-1.0,False,3,0.7949999999999999,0.8892025089605733,0.3416346153846154,0.07841683592901579,False,-1,False,False,0.0,False,0.0
2024-11-25,80350.0,80350.0,0.0,425.0,0.0,59245000.0,7.124576406741287e-218,1.0,425.0,-1.0,1,0.40555555555555567,0.40555555555555567,-0.007439587940123005,0.007439587940123005,1.0,True,1,0.7949999999999999,0.8892025089605733,0.3416346153846154,0.07808948425528096,False,1,False,True,0.0,False,0.0
2024-11-26,78650.0,78650.0,0.0,-850.0,0.0,57801250.0,7.124576406741287e-218,1.0,-850.0,-1.0,1,-0.5555555555555556,0.5555555555555556,-0.04960719476274633,0.04960719476274633,-1.0,True,1,0.7944444444444444,0.8624999999999996,0.3416346153846154,0.07722087730541283,False,-1,False,True,0.0,False,0.0
2024-11-27,78500.0,78500.0,0.0,-75.0,0.0,57801250.0,7.124576406741287e-218,1.0,-75.0,-1.0,1,0.016666666666666607,0.016666666666666607,-0.05212097724128384,0.05212097724128384,-1.0,False,0,0.7944444444444444,0.8624999999999996,0.3416346153846154,0.07421120533771501,False,1,False,False,0.0,False,0.0
2024-11-28,78500.0,78500.0,0.0,0.0,0.0,57261250.0,7.124576406741287e-218,1.0,0.0,-1.0,1,0.05555555555555558,0.05555555555555558,-0.043010680401476264,0.043010680401476264,0.0,True,0,0.7944444444444444,0.8624999999999996,0.33641025641025646,0.07303355895566134,False,1,False,True,0.0,False,0.0
2024-11-29,78550.0,78550.0,0.0,25.0,0.0,56761250.0,7.124576406741287e-218,1.0,25.0,-1.0,1,0.06666666666666665,0.06666666666666665,-0.012021656958655313,0.012021656958655313,1.0,True,0,0.7844444444444445,0.8624999999999996,0.33233082706766914,0.07303355895566134,False,1,False,True,0.0,False,0.0
2024-12-02,78300.0,78300.0,0.0,-125.0,0.0,55401250.0,7.124576406741287e-218,1.0,-125.0,-1.0,1,-0.02777777777777779,0.02777777777777779,-0.025844489186765074,0.025844489186765074,-1.0,True,0,0.7844444444444445,0.8624999999999996,0.32960735171261485,0.07303355895566134,False,-1,False,True,0.0,False,0.0
2024-12-03,78000.0,78000.0,0.0,-150.0,0.0,55151250.0,7.124576406741287e-218,1.0,-150.0,-1.0,1,-0.07777777777777772,0.07777777777777772,-0.008298802814694639,0.008298802814694639,-1.0,False,0,0.7844444444444445,0.8624999999999996,0.32960735171261485,0.07303355895566134,False,-1,False,False,0.0,False,0.0
2024-12-04,76300.0,76300.0,0.0,-850.0,0.0,55191250.0,7.124576406741287e-218,1.0,-850.0,-1.0,1,-0.5722222222222222,0.5722222222222222,-0.02842568649795041,0.02842568649795041,-1.0,False,3,0.7844444444444445,0.8624999999999996,0.33233082706766914,0.07303355895566134,False,-1,False,False,0.0,False,0.0
2024-12-05,76500.0,76500.0,0.0,100.0,0.0,55585000.0,7.124576406741287e-218,1.0,100.0,-1.0,1,0.1777777777777778,0.1777777777777778,-0.025807883955872413,0.025807883955872413,1.0,True,0,0.7844444444444445,0.8624999999999996,0.32960735171261485,0.07303355895566134,False,1,False,True,0.0,False,0.0
2024-12-06,76650.0,76650.0,0.0,75.0,0.0,55153750.0,7.124576406741287e-218,1.0,75.0,-1.0,1,0.14444444444444438,0.14444444444444438,-0.024485759383807704,0.024485759383807704,1.0,False,0,0.7844444444444445,0.8624999999999996,0.3234959349593497,0.07303355895566134,False,1,False,False,0.0,False,0.0
2024-12-09,76800.0,76800.0,0.0,75.0,0.0,55063750.0,7.124576406741287e-218,1.0,75.0,-1.0,1,0.13888888888888884,0.13888888888888884,-0.01934296284312964,0.01934296284312964,1.0,False,0,0.7844444444444445,0.8624999999999996,0.3234959349593497,0.07303355895566134,False,1,False,False,0.0,False,0.0
2024-12-10,76600.0,76600.0,0.0,-100.0,0.0,44723750.0,7.124576406741287e-218,1.0,-100.0,-1.0,1,-0.005555555555555536,0.005555555555555536,-0.018111749943047428,0.018111749943047428,-1.0,True,0,0.7715765765765765,0.8505555555555554,0.3133208255159475,0.07303355895566134,False,-1,False,True,0.0,False,0.0
2024-12-11,76650.0,76650.0,0.0,25.0,0.0,44723750.0,7.124576406741287e-218,1.0,25.0,-1.0,1,0.08333333333333326,0.08333333333333326,0.004576667027411219,0.004576667027411219,1.0,True,0,0.7715765765765765,0.8505555555555554,0.30461538461538457,0.07303355895566134,False,1,False,True,0.0,False,0.0
2024-12-12,77050.0,77050.0,0.0,200.0,0.0,30413750.0,7.124576406741287e-218,1.0,200.0,-1.0,1,0.26111111111111107,0.26111111111111107,0.007163820933635989,0.007163820933635989,1.0,False,1,0.7715765765765765,0.8505555555555554,0.30000000000000004,0.07303355895566134,False,1,False,False,0.0,False,0.0
2024-12-13,75800.0,75800.0,0.0,-625.0,0.0,15368750.0,7.124576406741287e-218,1.0,-625.0,-1.0,1,-0.47777777777777775,0.47777777777777775,-0.011151312669497315,0.011151312669497315,-1.0,True,1,0.7715765765765765,0.8505555555555554,0.30000000000000004,0.07303355895566134,False,-1,False,True,0.0,False,0.0
2024-12-16,76000.0,76000.0,0.0,100.0,0.0,12505000.0,7.124576406741287e-218,1.0,100.0,-1.0,1,0.2055555555555555,0.2055555555555555,-0.010471299867296224,0.010471299867296224,1.0,True,0,0.7715765765765765,0.8505555555555554,0.29777777777777786,0.07303355895566134,False,1,False,True,0.0,False,0.0
2024-12-17,75200.0,75200.0,0.0,-400.0,0.0,9013750.0,7.124576406741287e-218,1.0,-400.0,-1.0,1,-0.25,0.25,-0.018445845790751036,0.018445845790751036,-1.0,True,1,0.7715765765765765,0.8505555555555554,0.29777777777777786,0.07303355895566134,False,-1,False,True,0.0,False,0.0
2024-12-18,74360.0,74360.0,0.0,-420.0,0.0,7888750.0,7.124576406741287e-218,1.0,-420.0,-1.0,1,-0.27222222222222225,0.27222222222222225,-0.030331442464579084,0.030331442464579084,-1.0,False,1,0.7715765765765765,0.8505555555555554,0.2891666666666668,0.07303355895566134,False,-1,False,False,0.0,False,0.0
2024-12-19,73920.0,73920.0,0.0,-220.0,0.0,8240300.0,7.124576406741287e-218,1.0,-220.0,-1.0,1,-0.13888888888888884,0.13888888888888884,-0.041471134432697454,0.041471134432697454,-1.0,False,0,0.767027027027027,0.85,0.277638888888889,0.07183311034339006,False,-1,False,False,0.0,False,0.0
2024-12-20,77880.0,77880.0,0.0,1980.0,0.0,8055850.0,7.124576406741287e-218,1.0,1980.0,-1.0,1,0.9388888888888889,0.9388888888888889,0.027070887855673575,0.027070887855673575,1.0,True,2,0.7715765765765765,0.8505555555555554,0.277638888888889,0.07183311034339006,False,1,True,True,1.0,True,1.0
2024-12-23,77180.0,77180.0,0.0,-350.0,0.0,12895400.0,7.124576406741287e-218,1.0,-350.0,-1.0,1,-0.2222222222222222,0.2222222222222222,0.015407015823141634,0.015407015823141634,-1.0,True,0,0.7715765765765765,0.8505555555555554,0.277638888888889,0.07145425268675022,False,-1,False,True,0.0,False,1.0
2024-12-24,78200.0,78200.0,0.0,510.0,0.0,12779150.0,7.124576406741287e-218,1.0,510.0,-1.0,1,0.5611111111111111,0.5611111111111111,0.03911841659547122,0.03911841659547122,1.0,True,2,0.7715765765765765,0.8505555555555554,0.2891666666666668,0.0712157151663316,False,1,False,True,0.0,False,0.0
2024-12-25,77500.0,77500.0,0.0,-350.0,0.0,11854350.0,7.124576406741287e-218,1.0,-350.0,-1.0,1,-0.22777777777777775,0.22777777777777775,0.04135977350605735,0.04135977350605735,-1.0,True,0,0.7715765765765765,0.8505555555555554,0.2855555555555558,0.0712157151663316,False,-1,False,True,0.0,False,0.0
2024-12-26,77520.0,77520.0,0.0,10.0,0.0,12088100.0,7.124576406741287e-218,1.0,10.0,-1.0,1,0.08333333333333326,0.08333333333333326,0.0475525402490824,0.0475525402490824,1.0,True,0,0.767027027027027,0.85,0.27222222222222225,0.0712157151663316,False,1,False,True,0.0,False,0.0
2024-12-27,76500.0,76500.0,0.0,-510.0,0.0,12088300.0,7.124576406741287e-218,1.0,-510.0,-1.0,1,-0.3944444444444444,0.3944444444444444,-0.017878439671509483,0.017878439671509483,-1.0,True,1,0.767027027027027,0.85,0.27222222222222225,0.0712157151663316,False,-1,False,True,0.0,False,0.0
2024-12-30,78320.0,78320.0,0.0,910.0,0.0,12607250.0,7.124576406741287e-218,1.0,910.0,-1.0,1,0.8055555555555556,0.8055555555555556,0.01466264211278201,0.01466264211278201,1.0,True,2,0.7715765765765765,0.85,0.27222222222222225,0.0712157151663316,False,1,True,True,0.6,True,0.6
2024-12-31,77100.0,77100.0,0.0,-610.0,0.0,14232200.0,7.124576406741287e-218,1.0,-610.0,-1.0,1,-0.5055555555555555,0.5055555555555555,-0.014166366981982037,0.014166366981982037,-1.0,True,1,0.7715765765765765,0.85,0.27222222222222225,0.0712157151663316,False,-1,False,True,0.0,False,0.6
2025-01-02,77800.0,77800.0,0.0,350.0,0.0,14931400.0,7.124576406741287e-218,1.0,350.0,-1.0,1,0.41666666666666674,0.41666666666666674,0.0038634948250440004,0.0038634948250440004,1.0,True,1,0.7715765765765765,0.85,0.27222222222222225,0.0712157151663316,False,1,False,True,0.0,False,0.0
2025-01-03,76380.0,76380.0,0.0,-710.0,0.0,13731400.0,7.124576406741287e-218,1.0,-710.0,-1.0,1,-0.55,0.55,-0.014815085785141235,0.014815085785141235,-1.0,True,2,0.7715765765765765,0.85,0.27222222222222225,0.0712157151663316,False,-1,False,True,0.0,False,0.0
2025-01-06,77660.0,77660.0,0.0,640.0,0.0,14719600.0,7.124576406741287e-218,1.0,640.0,-1.0,1,0.6499999999999999,0.6499999999999999,0.015049583471030914,0.015049583471030914,1.0,True,2,0.7715765765765765,0.85,0.27222222222222225,0.0712157151663316,False,1,False,True,0.0,False,0.0
2025-01-07,78820.0,78820.0,0.0,580.0,0.0,15527550.0,7.124576406741287e-218,1.0,580.0,-1.0,1,0.6055555555555556,0.6055555555555556,0.006363773544602935,0.006363773544602935,1.0,False,2,0.7715765765765765,0.85,0.2855555555555558,0.0712157151663316,False,1,False,False,0.0,False,0.0
2025-01-08,77180.0,77180.0,0.0,-820.0,0.0,16189100.0,7.124576406741287e-218,1.0,-820.0,-1.0,1,-0.6055555555555555,0.6055555555555555,0.0010370755401893916,0.0010370755401893916,-1.0,True,2,0.7715765765765765,0.85,0.29777777777777786,0.0712157151663316,False,-1,False,True,0.0,False,0.0
2025-01-09,78240.0,78240.0,0.0,530.0,0.0,17513900.0,7.124576406741287e-218,1.0,530.0,-1.0,1,0.5611111111111111,0.5611111111111111,0.0056395945422167415,0.0056395945422167415,1.0,True,2,0.7715765765765765,0.85,0.29777777777777786,0.0712157151663316,False,1,False,True,0.0,False,0.0
2025-01-10,77920.0,77920.0,0.0,-160.0,0.0,18074450.0,7.124576406741287e-218,1.0,-160.0,-1.0,1,-0.08333333333333326,0.08333333333333326,0.019961777536909864,0.019961777536909864,-1.0,True,0,0.7715765765765765,0.85,0.2855555555555558,0.0712157151663316,False,-1,False,True,0.0,False,0.0
2025-01-13,78760.0,78760.0,0.0,420.0,0.0,18045650.0,7.124576406741287e-218,1.0,420.0,-1.0,1,0.44999999999999996,0.44999999999999996,0.014064929467403786,0.014064929467403786,1.0,True,1,0.7715765765765765,0.85,0.29777777777777786,0.0712157151663316,False,1,False,True,0.0,False,0.0
2025-01-14,79100.0,79100.0,0.0,170.0,0.0,17617200.0,7.124576406741287e-218,1.0,170.0,-1.0,1,0.23888888888888893,0.23888888888888893,0.003546103006751622,0.003546103006751622,1.0,False,0,0.7715765765765765,0.85,0.29777777777777786,0.0712157151663316,False,1,False,False,0.0,False,0.0
2025-01-15,80260.0,80260.0,0.0,580.0,0.0,17655000.0,7.124576406741287e-218,1.0,580.0,-1.0,1,0.6111111111111112,0.6111111111111112,0.039131008729297534,0.039131008729297534,1.0,False,2,0.7715765765765765,0.85,0.29777777777777786,0.0712157151663316,False,1,False,False,0.0,False,0.0
2025-01-16,79860.0,79860.0,0.0,-200.0,0.0,18007800.0,7.124576406741287e-218,1.0,-200.0,-1.0,1,-0.12777777777777777,0.12777777777777777,0.0204940759085126,0.0204940759085126,-1.0,True,0,0.7715765765765765,0.85,0.2855555555555558,0.0712157151663316,False,-1,False,True,0.0,False,0.0
2025-01-17,80740.0,80740.0,0.0,440.0,0.0,17735000.0,7.124576406741287e-218,1.0,440.0,-1.0,1,0.4833333333333334,0.4833333333333334,0.035551456090516353,0.035551456090516353,1.0,True,1,0.7715765765765765,0.85,0.2855555555555558,0.0712157151663316,False,1,False,True,0.0,False,0.0
2025-01-20,80720.0,80720.0,0.0,-10.0,0.0,18025400.0,7.124576406741287e-218,1.0,-10.0,-1.0,1,0.050000000000000044,0.050000000000000044,0.024581122274428324,0.024581122274428324,-1.0,True,0,0.7715765765765765,0.85,0.2855555555555558,0.0712157151663316,False,1,False,True,0.0,False,0.0
2025-01-21,78520.0,78520.0,0.0,-1100.0,0.0,10184800.0,7.124576406741287e-218,1.0,-1100.0,-1.0,1,-0.75,0.75,-0.007359505365348795,0.007359505365348795,-1.0,False,2,0.7715765765765765,0.85,0.29777777777777786,0.0712157151663316,False,-1,False,False,0.0,False,0.0
2025-01-22,79200.0,79200.0,0.0,340.0,0.0,12359800.0,7.124576406741287e-218,1.0,340.0,-1.0,1,0.3833333333333333,0.3833333333333333,-0.013295066018390145,0.013295066018390145,1.0,True,1,0.767027027027027,0.8394444444444442,0.29777777777777786,0.0712157151663316,False,1,False,True,0.0,False,0.0
2025-01-23,79580.0,79580.0,0.0,190.0,0.0,12070800.0,7.124576406741287e-218,1.0,190.0,-1.0,1,0.25,0.25,-0.0035122966362912678,0.0035122966362912678,1.0,False,1,0.7616666666666666,0.8394444444444442,0.2855555555555558,0.0712157151663316,False,1,False,False,0.0,False,0.0
2025-01-24,79580.0,79580.0,0.0,0.0,0.0,11898000.0,7.124576406741287e-218,1.0,0.0,-1.0,1,0.06666666666666665,0.06666666666666665,-0.014471310426012352,0.014471310426012352,0.0,True,0,0.7616666666666666,0.8394444444444442,0.27222222222222225,0.0712157151663316,False,1,False,True,0.0,False,0.0
2025-01-27,79620.0,79620.0,0.0,20.0,0.0,11897800.0,7.124576406741287e-218,1.0,20.0,-1.0,1,0.09444444444444455,0.09444444444444455,-0.013721058473182168,0.013721058473182168,1.0,True,0,0.7616666666666666,0.8394444444444442,0.2722222222222222,0.0712157151663316,False,1,False,True,0.0,False,0.0
2025-02-05,78120.0,78120.0,0.0,-750.0,0.0,11378400.0,7.124576406741287e-218,1.0,-750.0,-1.0,1,-0.5888888888888888,0.5888888888888888,-0.0051072633997826244,0.0051072633997826244,-1.0,True,2,0.7616666666666666,0.8394444444444442,0.2722222222222222,0.0712157151663316,False,-1,False,True,0.0,False,0.0
2025-02-06,77500.0,77500.0,0.0,-310.0,0.0,10847200.0,7.124576406741287e-218,1.0,-310.0,-1.0,1,-0.21666666666666667,0.21666666666666667,-0.021698362461078702,0.021698362461078702,-1.0,False,0,0.7616666666666666,0.8394444444444442,0.2722222222222222,0.0712157151663316,False,-1,False,False,0.0,False,0.0
2025-02-07,77800.0,77800.0,0.0,150.0,0.0,10295200.0,7.124576406741287e-218,1.0,150.0,-1.0,1,0.24444444444444446,0.24444444444444446,-0.022621373814438073,0.022621373814438073,1.0,True,1,0.7616666666666666,0.8394444444444442,0.26999999999999996,0.0712157151663316,False,1,False,True,0.0,False,0.0
2025-02-10,78600.0,78600.0,0.0,400.0,0.0,10095200.0,7.124576406741287e-218,1.0,400.0,-1.0,1,0.461111111111111,0.461111111111111,-0.012391105563622773,0.012391105563622773,1.0,False,1,0.7616666666666666,0.8394444444444442,0.2722222222222222,0.0712157151663316,False,1,False,False,0.0,False,0.0
2025-02-11,77300.0,77300.0,0.0,-650.0,0.0,9407000.0,7.124576406741287e-218,1.0,-650.0,-1.0,1,-0.5555555555555556,0.5555555555555556,-0.029571361978794286,0.029571361978794286,-1.0,True,2,0.7616666666666666,0.8394444444444442,0.2722222222222222,0.07000194912809955,False,-1,False,True,0.0,False,0.0
2025-02-12,77500.0,77500.0,0.0,100.0,0.0,9432800.0,7.124576406741287e-218,1.0,100.0,-1.0,1,0.18888888888888888,0.18888888888888888,-0.00796816964917646,0.00796816964917646,1.0,True,0,0.7616666666666666,0.8394444444444442,0.26999999999999996,0.06497046226847779,False,1,False,True,0.0,False,0.0
2025-02-13,77300.0,77300.0,0.0,-100.0,0.0,8780000.0,7.124576406741287e-218,1.0,-100.0,-1.0,1,-0.033333333333333326,0.033333333333333326,-0.0025839807659249203,0.0025839807659249203,-1.0,True,0,0.7616666666666666,0.8394444444444442,0.2644444444444444,0.0638774185745028,False,-1,False,True,0.0,False,0.0
2025-02-14,76780.0,76780.0,0.0,-260.0,0.0,7455200.0,7.124576406741287e-218,1.0,-260.0,-1.0,1,-0.21666666666666667,0.21666666666666667,-0.01319724161169411,0.01319724161169411,-1.0,False,0,0.7616666666666666,0.8394444444444442,0.26111111111111107,0.0638774185745028,False,-1,False,False,0.0,False,0.0
2025-02-17,77160.0,77160.0,0.0,190.0,0.0,7028600.0,7.124576406741287e-218,1.0,190.0,-1.0,1,0.2777777777777779,0.2777777777777779,-0.018490511397631693,0.018490511397631693,1.0,True,1,0.7616666666666666,0.8394444444444442,0.2644444444444444,0.0638774185745028,False,1,False,True,0.0,False,0.0
2025-02-18,77060.0,77060.0,0.0,-50.0,0.0,7049600.0,7.124576406741287e-218,1.0,-50.0,-1.0,1,0.005555555555555536,0.005555555555555536,-0.0031096163953652223,0.0031096163953652223,-1.0,True,0,0.7616666666666666,0.8394444444444442,0.26111111111111107,0.0638774185745028,False,1,False,True,0.0,False,0.0
2025-02-19,77300.0,77300.0,0.0,120.0,0.0,6701800.0,7.124576406741287e-218,1.0,120.0,-1.0,1,0.23888888888888893,0.23888888888888893,-0.0025839807659249203,0.0025839807659249203,1.0,True,1,0.7616666666666666,0.8394444444444442,0.26111111111111107,0.0638774185745028,False,1,False,True,0.0,False,0.0
2025-02-20,77180.0,77180.0,0.0,-60.0,0.0,6672800.0,7.124576406741287e-218,1.0,-60.0,-1.0,1,-0.02777777777777779,0.02777777777777779,-0.001553599483903767,0.001553599483903767,-1.0,True,0,0.7616666666666666,0.8394444444444442,0.26111111111111107,0.0638774185745028,False,-1,False,True,0.0,False,0.0
2025-02-21,76620.0,76620.0,0.0,-280.0,0.0,6007200.0,7.124576406741287e-218,1.0,-280.0,-1.0,1,-0.22777777777777775,0.22777777777777775,-0.002086050300148301,0.002086050300148301,-1.0,False,0,0.7616666666666666,0.8394444444444442,0.26090909090909087,0.0638774185745028,False,-1,False,False,0.0,False,0.0
2025-02-24,76720.0,76720.0,0.0,50.0,0.0,6084000.0,7.124576406741287e-218,1.0,50.0,-1.0,1,0.12222222222222223,0.12222222222222223,-0.005718757462345181,0.005718757462345181,1.0,True,0,0.7616666666666666,0.8394444444444442,0.25858585858585864,0.0638774185745028,False,1,False,True,0.0,False,0.0
2025-02-25,76640.0,76640.0,0.0,-40.0,0.0,5701800.0,7.124576406741287e-218,1.0,-40.0,-1.0,1,0.005555555555555536,0.005555555555555536,-0.005465205535406525,0.005465205535406525,-1.0,True,0,0.7616666666666666,0.8394444444444442,0.25555555555555554,0.0638774185745028,False,1,False,True,0.0,False,0.0
2025-02-26,76000.0,76000.0,0.0,-320.0,0.0,5704800.0,7.124576406741287e-218,1.0,-320.0,-1.0,1,-0.27222222222222225,0.27222222222222225,-0.0169606153070454,0.0169606153070454,-1.0,False,1,0.7616666666666666,0.8394444444444442,0.2588888888888889,0.0638774185745028,False,-1,False,False,0.0,False,0.0
2025-02-27,76140.0,76140.0,0.0,70.0,0.0,3489600.0,7.124576406741287e-218,1.0,70.0,-1.0,1,0.1499999999999999,0.1499999999999999,-0.013566605155121536,0.013566605155121536,1.0,True,0,0.7616666666666666,0.8394444444444442,0.25555555555555554,0.0638774185745028,False,1,False,True,0.0,False,0.0
2025-02-28,75200.0,75200.0,0.0,-470.0,0.0,3268200.0,7.124576406741287e-218,1.0,-470.0,-1.0,1,-0.3944444444444444,0.3944444444444444,-0.018706908316708848,0.018706908316708848,-1.0,True,1,0.7616666666666666,0.8394444444444442,0.2588888888888889,0.0638774185745028,False,-1,False,True,0.0,False,0.0
2025-03-03,75400.0,75400.0,0.0,100.0,0.0,3637800.0,7.124576406741287e-218,1.0,100.0,-1.0,1,0.22222222222222232,0.22222222222222232,-0.01735515556127254,0.01735515556127254,1.0,True,0,0.7616666666666666,0.8394444444444442,0.25555555555555554,0.0638774185745028,False,1,False,True,0.0,False,0.0
2025-03-04,75260.0,75260.0,0.0,-70.0,0.0,3657800.0,7.124576406741287e-218,1.0,-70.0,-1.0,1,-0.04999999999999993,0.04999999999999993,-0.018170348497314137,0.018170348497314137,-1.0,True,0,0.7616666666666666,0.8394444444444442,0.25555555555555554,0.0638774185745028,False,-1,False,True,0.0,False,0.0
2025-03-05,75340.0,75340.0,0.0,40.0,0.0,3666800.0,7.124576406741287e-218,1.0,40.0,-1.0,1,0.10555555555555562,0.10555555555555562,-0.008722138022434933,0.008722138022434933,1.0,True,0,0.7616666666666666,0.8394444444444442,0.25333333333333335,0.0638774185745028,False,1,False,True,0.0,False,0.0
2025-03-06,76800.0,76800.0,0.0,730.0,0.0,2545000.0,7.124576406741287e-218,1.0,730.0,-1.0,1,0.7277777777777779,0.7277777777777779,0.008630889199276126,0.008630889199276126,1.0,False,2,0.7616666666666666,0.8394444444444442,0.25333333333333335,0.0638774185745028,False,1,False,False,0.0,False,0.0
2025-03-07,76120.0,76120.0,0.0,-340.0,0.0,3418600.0,7.124576406741287e-218,1.0,-340.0,-1.0,1,-0.3277777777777777,0.3277777777777777,0.012159811472155724,0.012159811472155724,-1.0,True,1,0.7616666666666666,0.8394444444444442,0.25555555555555554,0.0638774185745028,False,-1,False,True,0.0,False,0.0
2025-03-10,75760.0,75760.0,0.0,-180.0,0.0,3604800.0,7.124576406741287e-218,1.0,-180.0,-1.0,1,-0.18333333333333335,0.18333333333333335,0.004763173863912229,0.004763173863912229,-1.0,False,0,0.7616666666666666,0.8394444444444442,0.25333333333333335,0.0638774185745028,False,-1,False,False,0.0,False,0.0
2025-03-11,75960.0,75960.0,0.0,100.0,0.0,3349600.0,7.124576406741287e-218,1.0,100.0,-1.0,1,0.22777777777777786,0.22777777777777786,0.009258100778794187,0.009258100778794187,1.0,True,1,0.7616666666666666,0.8394444444444442,0.25,0.0638774185745028,False,1,False,True,0.0,False,0.0
2025-03-12,75600.0,75600.0,0.0,-180.0,0.0,2524600.0,7.124576406741287e-218,1.0,-180.0,-1.0,1,-0.18888888888888888,0.18888888888888888,0.0034450809215922362,0.0034450809215922362,-1.0,True,0,0.7616666666666666,0.8394444444444442,0.25,0.0638774185745028,False,-1,False,True,0.0,False,0.0
2025-03-13,75340.0,75340.0,0.0,-130.0,0.0,2569400.0,7.124576406741287e-218,1.0,-130.0,-1.0,1,-0.15000000000000002,0.15000000000000002,-0.019193437889731157,0.019193437889731157,-1.0,False,0,0.7616666666666666,0.8394444444444442,0.25,0.0638774185745028,False,-1,False,False,0.0,False,0.0
2025-03-14,75540.0,75540.0,0.0,100.0,0.0,2583200.0,7.124576406741287e-218,1.0,100.0,-1.0,1,0.22222222222222232,0.22222222222222232,-0.0076487251436390125,0.0076487251436390125,1.0,True,1,0.7616666666666666,0.8394444444444442,0.25,0.0638774185745028,False,1,False,True,0.0,False,0.0
2025-03-17,76240.0,76240.0,0.0,350.0,0.0,2468000.0,7.124576406741287e-218,1.0,350.0,-1.0,1,0.4722222222222223,0.4722222222222223,0.006315810468123573,0.006315810468123573,1.0,False,1,0.7616666666666666,0.8394444444444442,0.25,0.0638774185745028,False,1,False,False,0.0,False,0.0
2025-03-18,75400.0,75400.0,0.0,-420.0,0.0,2640800.0,7.124576406741287e-218,1.0,-420.0,-1.0,1,-0.43333333333333335,0.43333333333333335,-0.007399610930173495,0.007399610930173495,-1.0,True,1,0.7616666666666666,0.8394444444444442,0.25,0.0638774185745028,False,-1,False,True,0.0,False,0.0
2025-03-19,75200.0,75200.0,0.0,-100.0,0.0,2988600.0,7.124576406741287e-218,1.0,-100.0,-1.0,1,-0.09444444444444444,0.09444444444444444,-0.00530505222969424,0.00530505222969424,-1.0,False,0,0.7616666666666666,0.8394444444444442,0.24777777777777782,0.0638774185745028,False,-1,False,False,0.0,False,0.0
2025-03-20,73260.0,73260.0,0.0,-970.0,0.0,2979800.0,7.124576406741287e-218,1.0,-970.0,-1.0,1,-0.7722222222222221,0.7722222222222221,-0.027996444913227947,0.027996444913227947,-1.0,False,2,0.7672222222222221,0.8394444444444442,0.24777777777777782,0.0638774185745028,False,-1,True,False,0.6,False,0.0
2025-03-21,73240.0,73240.0,0.0,-10.0,0.0,4854400.0,7.124576406741287e-218,1.0,-10.0,-1.0,1,0.011111111111111072,0.011111111111111072,-0.030920597478001355,0.030920597478001355,-1.0,False,0,0.7672222222222221,0.8394444444444442,0.24444444444444446,0.06345121306380541,False,1,False,False,0.0,False,0.0
2025-03-24,73720.0,73720.0,0.0,240.0,0.0,4697800.0,7.124576406741287e-218,1.0,240.0,-1.0,1,0.3944444444444444,0.3944444444444444,-0.033612126544324994,0.033612126544324994,1.0,True,1,0.7672222222222221,0.8394444444444442,0.24444444444444446,0.06345121306380541,False,1,False,True,0.0,False,0.0
2025-03-25,73800.0,73800.0,0.0,40.0,0.0,4808000.0,7.124576406741287e-218,1.0,40.0,-1.0,1,0.11111111111111116,0.11111111111111116,-0.02144854340748381,0.02144854340748381,1.0,False,0,0.7672222222222221,0.8394444444444442,0.24222222222222228,0.06345121306380541,False,1,False,False,0.0,False,0.0
2025-03-26,74480.0,74480.0,0.0,340.0,0.0,4808000.0,7.124576406741287e-218,1.0,340.0,-1.0,1,0.48888888888888893,0.48888888888888893,-0.00962059798698256,0.00962059798698256,1.0,False,1,0.7672222222222221,0.8394444444444442,0.24222222222222228,0.06345121306380541,False,1,False,False,0.0,False,0.0
2025-03-27,74380.0,74380.0,0.0,-50.0,0.0,4834400.0,7.124576406741287e-218,1.0,-50.0,-1.0,1,-0.03888888888888886,0.03888888888888886,0.015172331146256823,0.015172331146256823,-1.0,True,0,0.7672222222222221,0.8394444444444442,0.24222222222222228,0.06345121306380541,False,-1,False,True,0.0,False,0.0
2025-03-28,74000.0,74000.0,0.0,-190.0,0.0,4829600.0,7.124576406741287e-218,1.0,-190.0,-1.0,1,-0.22777777777777775,0.22777777777777775,0.010323373397859825,0.010323373397859825,-1.0,False,1,0.7672222222222221,0.8394444444444442,0.23888888888888893,0.06285742501580902,False,-1,False,False,0.0,False,0.0
2025-03-31,74160.0,74160.0,0.0,80.0,0.0,4460000.0,7.124576406741287e-218,1.0,80.0,-1.0,1,0.2055555555555555,0.2055555555555555,0.005950788455978184,0.005950788455978184,1.0,True,1,0.7672222222222221,0.8394444444444442,0.23888888888888887,0.06285742501580902,False,1,False,True,0.0,False,0.0
2025-04-01,74360.0,74360.0,0.0,100.0,0.0,4452800.0,7.124576406741287e-218,1.0,100.0,-1.0,1,0.26111111111111107,0.26111111111111107,0.0075594312468165725,0.0075594312468165725,1.0,False,1,0.7672222222222221,0.8394444444444442,0.23888888888888887,0.06285742501580902,False,1,False,False,0.0,False,0.0
2025-04-02,73340.0,73340.0,0.0,-510.0,0.0,4463000.0,7.124576406741287e-218,1.0,-510.0,-1.0,1,-0.5333333333333333,0.5333333333333333,-0.0154244703256321,0.0154244703256321,-1.0,True,2,0.7672222222222221,0.8394444444444442,0.23888888888888893,0.06285742501580902,False,-1,False,True,0.0,False,0.0
2025-04-03,73160.0,73160.0,0.0,-90.0,0.0,4980000.0,7.124576406741287e-218,1.0,-90.0,-1.0,1,-0.08333333333333326,0.08333333333333326,-0.01653826497426003,0.01653826497426003,-1.0,False,0,0.7672222222222221,0.8394444444444442,0.23888888888888893,0.06285742501580902,False,-1,False,False,0.0,False,0.0
2025-04-07,71060.0,71060.0,0.0,-1050.0,0.0,3930400.0,7.124576406741287e-218,1.0,-1050.0,-1.0,1,-0.8,0.8,-0.04054050261128772,0.04054050261128772,-1.0,False,2,0.7733333333333332,0.8394444444444442,0.24222222222222228,0.06285742501580902,False,-1,True,False,0.6,False,0.0
2025-04-08,70280.0,70280.0,0.0,-390.0,0.0,5904200.0,7.124576406741287e-218,1.0,-390.0,-1.0,1,-0.3944444444444444,0.3944444444444444,-0.05373765793870433,0.05373765793870433,-1.0,False,1,0.7733333333333332,0.8394444444444442,0.24222222222222228,0.06285742501580902,False,-1,False,False,0.0,False,0.0
2025-04-09,69900.0,69900.0,0.0,-190.0,0.0,6143600.0,7.124576406741287e-218,1.0,-190.0,-1.0,1,-0.2222222222222222,0.2222222222222222,-0.06185251361347888,0.06185251361347888,-1.0,False,1,0.7733333333333332,0.8394444444444442,0.23888888888888893,0.06285742501580902,False,-1,False,False,0.0,False,0.0
2025-04-10,70540.0,70540.0,0.0,320.0,0.0,6195800.0,7.124576406741287e-218,1.0,320.0,-1.0,1,0.49444444444444446,0.49444444444444446,-0.03892623783527327,0.03892623783527327,1.0,True,1,0.7733333333333332,0.8394444444444442,0.23888888888888893,0.06285742501580902,False,1,False,True,0.0,False,0.0
2025-04-11,70260.0,70260.0,0.0,-140.0,0.0,6335800.0,7.124576406741287e-218,1.0,-140.0,-1.0,1,-0.1611111111111111,0.1611111111111111,-0.04044617668498418,0.04044617668498418,-1.0,True,0,0.7733333333333332,0.8394444444444442,0.23888888888888887,0.06285742501580902,False,-1,False,True,0.0,False,0.0
2025-04-14,70760.0,70760.0,0.0,250.0,0.0,6341200.0,7.124576406741287e-218,1.0,250.0,-1.0,1,0.44999999999999996,0.44999999999999996,-0.004230721301297535,0.004230721301297535,1.0,True,1,0.7733333333333332,0.8394444444444442,0.23888888888888887,0.06200832533206259,False,1,False,True,0.0,False,0.0
2025-04-15,70720.0,70720.0,0.0,-20.0,0.0,6446200.0,7.124576406741287e-218,1.0,-20.0,-1.0,1,0.005555555555555536,0.005555555555555536,0.006241155010492605,0.006241155010492605,-1.0,True,0,0.7733333333333332,0.8394444444444442,0.23444444444444454,0.06200832533206259,False,1,False,True,0.0,False,0.0
2025-04-16,70380.0,70380.0,0.0,-170.0,0.0,6202000.0,7.124576406741287e-218,1.0,-170.0,-1.0,1,-0.21666666666666667,0.21666666666666667,0.006843482653673405,0.006843482653673405,-1.0,False,1,0.7733333333333332,0.8394444444444442,0.2277777777777778,0.06200832533206259,False,-1,False,False,0.0,False,0.0
2025-04-17,70460.0,70460.0,0.0,40.0,0.0,5907000.0,7.124576406741287e-218,1.0,40.0,-1.0,1,0.12777777777777777,0.12777777777777777,-0.0011347518948134905,0.0011347518948134905,1.0,True,0,0.7733333333333332,0.8394444444444442,0.22777777777777775,0.06200832533206259,False,1,False,True,0.0,False,0.0
2025-04-18,70180.0,70180.0,0.0,-140.0,0.0,5890200.0,7.124576406741287e-218,1.0,-140.0,-1.0,1,-0.16666666666666663,0.16666666666666663,-0.0011392766826112677,0.0011392766826112677,-1.0,True,0,0.7733333333333332,0.8394444444444442,0.22777777777777775,0.06200832533206259,False,-1,False,True,0.0,False,0.0
2025-04-21,69000.0,69000.0,0.0,-590.0,0.0,4047600.0,7.124576406741287e-218,1.0,-590.0,-1.0,1,-0.6166666666666667,0.6166666666666667,-0.025187364694325254,0.025187364694325254,-1.0,False,2,0.7733333333333332,0.8394444444444442,0.22777777777777775,0.06200832533206259,False,-1,False,False,0.0,False,0.0
2025-04-22,67840.0,67840.0,0.0,-580.0,0.0,4743600.0,7.124576406741287e-218,1.0,-580.0,-1.0,1,-0.6055555555555555,0.6055555555555555,-0.041576426845740144,0.041576426845740144,-1.0,False,2,0.7733333333333332,0.8394444444444442,0.22777777777777775,0.06200832533206259,False,-1,False,False,0.0,False,0.0
2025-04-23,68980.0,68980.0,0.0,570.0,0.0,5301200.0,7.124576406741287e-218,1.0,570.0,-1.0,1,0.7166666666666668,0.7166666666666668,-0.020092524384743626,0.020092524384743626,1.0,True,2,0.7733333333333332,0.8394444444444442,0.2277777777777778,0.06200832533206259,False,1,False,True,0.0,False,0.0
2025-04-24,68300.0,68300.0,0.0,-340.0,0.0,5947800.0,7.124576406741287e-218,1.0,-340.0,-1.0,1,-0.4,0.4,-0.03113540633634848,0.03113540633634848,-1.0,True,1,0.7733333333333332,0.8394444444444442,0.2344444444444446,0.06200832533206259,False,-1,False,True,0.0,False,0.0
2025-04-25,68180.0,68180.0,0.0,-60.0,0.0,5947800.0,7.124576406741287e-218,1.0,-60.0,-1.0,1,-0.0444444444444444,0.0444444444444444,-0.02891210344531281,0.02891210344531281,-1.0,False,0,0.7733333333333332,0.8394444444444442,0.2277777777777778,0.06200832533206259,False,-1,False,False,0.0,False,0.0
2025-04-28,66960.0,66960.0,0.0,-610.0,0.0,5950000.0,7.124576406741287e-218,1.0,-610.0,-1.0,1,-0.6444444444444444,0.6444444444444444,-0.030011078416038117,0.030011078416038117,-1.0,False,2,0.7733333333333332,0.8394444444444442,0.2277777777777778,0.06121900454972557,False,-1,False,False,0.0,False,0.0
2025-04-29,66260.0,66260.0,0.0,-350.0,0.0,6622000.0,7.124576406741287e-218,1.0,-350.0,-1.0,1,-0.4388888888888889,0.4388888888888889,-0.023565594611898888,0.023565594611898888,-1.0,False,1,0.7733333333333332,0.8394444444444442,0.2277777777777778,0.05905380669650934,False,-1,False,False,0.0,False,0.0
2025-04-30,65960.0,65960.0,0.0,-150.0,0.0,6854200.0,7.124576406741287e-218,1.0,-150.0,-1.0,1,-0.19444444444444442,0.19444444444444442,-0.044768109817296065,0.044768109817296065,-1.0,False,0,0.7733333333333332,0.8394444444444442,0.22777777777777775,0.05905380669650934,False,-1,False,False,0.0,False,0.0
2025-05-06,65260.0,65260.0,0.0,-350.0,0.0,6879200.0,7.124576406741287e-218,1.0,-350.0,-1.0,1,-0.4444444444444444,0.4444444444444444,-0.04553047541156907,0.04553047541156907,-1.0,False,1,0.7733333333333332,0.8394444444444442,0.22777777777777775,0.05821929442962403,False,-1,False,False,0.0,False,0.0
2025-05-07,64160.0,64160.0,0.0,-550.0,0.0,6604000.0,7.124576406741287e-218,1.0,-550.0,-1.0,1,-0.6277777777777778,0.6277777777777778,-0.06077130315149759,0.06077130315149759,-1.0,False,2,0.7733333333333332,0.8394444444444442,0.2277777777777778,0.0590160755462838,True,-1,False,True,0.0,False,0.0
2025-05-08,64280.0,64280.0,0.0,60.0,0.0,7192800.0,7.124576406741287e-218,1.0,60.0,-1.0,1,0.2055555555555555,0.2055555555555555,-0.040846885311909276,0.040846885311909276,1.0,True,1,0.7733333333333332,0.8394444444444442,0.22777777777777775,0.0590160755462838,False,1,False,True,0.0,False,0.0
2025-05-09,63020.0,63020.0,0.0,-630.0,0.0,4995000.0,7.124576406741287e-218,1.0,-630.0,-1.0,1,-0.6833333333333333,0.6833333333333333,-0.05013426054262027,0.05013426054262027,-1.0,True,2,0.7733333333333332,0.8394444444444442,0.2277777777777778,0.0590160755462838,False,-1,False,True,0.0,False,0.0
2025-05-12,64040.0,64040.0,0.0,510.0,0.0,5484600.0,7.124576406741287e-218,1.0,510.0,-1.0,1,0.6888888888888889,0.6888888888888889,-0.029540609562884512,0.029540609562884512,1.0,True,2,0.7733333333333332,0.8394444444444442,0.2344444444444446,0.0590160755462838,False,1,False,True,0.0,False,0.0
2025-05-13,63220.0,63220.0,0.0,-410.0,0.0,5932600.0,7.124576406741287e-218,1.0,-410.0,-1.0,1,-0.5055555555555555,0.5055555555555555,-0.031758584377703514,0.031758584377703514,-1.0,True,2,0.7733333333333332,0.8394444444444442,0.2344444444444446,0.0590160755462838,False,-1,False,True,0.0,False,0.0
2025-05-14,65200.0,65200.0,0.0,990.0,0.0,6064000.0,7.124576406741287e-218,1.0,990.0,-1.0,1,0.8944444444444444,0.8944444444444444,0.016079505374348102,0.016079505374348102,1.0,True,2,0.7844444444444445,0.85,0.23888888888888893,0.0590160755462838,False,1,True,True,1.0,True,1.0
2025-05-15,64120.0,64120.0,0.0,-540.0,0.0,7985000.0,7.124576406741287e-218,1.0,-540.0,-1.0,1,-0.6277777777777778,0.6277777777777778,-0.0024922131279581095,0.0024922131279581095,-1.0,True,2,0.7844444444444445,0.85,0.23888888888888893,0.056305126209492844,False,-1,False,True,0.0,False,1.0
2025-05-16,61800.0,61800.0,0.0,-1160.0,0.0,8443200.0,7.124576406741287e-218,1.0,-1160.0,-1.0,1,-0.8833333333333333,0.8833333333333333,-0.01954877186548387,0.01954877186548387,-1.0,False,2,0.7944444444444444,0.8505555555555554,0.23888888888888893,0.056305126209492844,False,-1,True,False,1.0,False,0.0
2025-05-19,61180.0,61180.0,0.0,-310.0,0.0,11133600.0,7.124576406741287e-218,1.0,-310.0,-1.0,1,-0.37777777777777777,0.37777777777777777,-0.045687549405757366,0.045687549405757366,-1.0,False,1,0.7844444444444445,0.8505555555555554,0.23888888888888893,0.05577034261672313,False,-1,False,False,0.0,False,0.0
2025-05-20,60860.0,60860.0,0.0,-160.0,0.0,11268000.0,7.124576406741287e-218,1.0,-160.0,-1.0,1,-0.21111111111111114,0.21111111111111114,-0.03804456231864606,0.03804456231864606,-1.0,False,0,0.7844444444444445,0.8505555555555554,0.2344444444444446,0.0557045654826922,False,-1,False,False,0.0,False,0.0
2025-05-21,61100.0,61100.0,0.0,120.0,0.0,11316000.0,7.124576406741287e-218,1.0,120.0,-1.0,1,0.3555555555555556,0.3555555555555556,-0.06494760275505662,0.06494760275505662,1.0,True,1,0.7844444444444445,0.8505555555555554,0.2344444444444446,0.0557045654826922,True,1,False,True,0.0,False,0.0
2025-05-22,62140.0,62140.0,0.0,520.0,0.0,11305600.0,7.124576406741287e-218,1.0,520.0,-1.0,1,0.6833333333333333,0.6833333333333333,-0.03136642377645238,0.03136642377645238,1.0,False,3,0.7844444444444445,0.8505555555555554,0.2344444444444446,0.0557045654826922,False,1,False,False,0.0,False,0.0
2025-05-23,60960.0,60960.0,0.0,-590.0,0.0,11150200.0,7.124576406741287e-218,1.0,-590.0,-1.0,1,-0.6555555555555556,0.6555555555555556,-0.013685453085253485,0.013685453085253485,-1.0,True,2,0.7844444444444445,0.8505555555555554,0.2344444444444446,0.0557045654826922,False,-1,False,True,0.0,False,0.0
2025-05-26,60100.0,60100.0,0.0,-430.0,0.0,11173600.0,7.124576406741287e-218,1.0,-430.0,-1.0,1,-0.5388888888888889,0.5388888888888889,-0.017810497181594442,0.017810497181594442,-1.0,False,2,0.7733333333333332,0.8505555555555554,0.2344444444444446,0.053933932942819306,False,-1,False,False,0.0,False,0.0
2025-05-27,60920.0,60920.0,0.0,410.0,0.0,10893600.0,7.124576406741287e-218,1.0,410.0,-1.0,1,0.6055555555555556,0.6055555555555556,0.0009853835581363768,0.0009853835581363768,1.0,True,2,0.7733333333333332,0.8505555555555554,0.2344444444444446,0.053933932942819306,False,1,False,True,0.0,False,0.0
2025-05-28,60380.0,60380.0,0.0,-270.0,0.0,10998600.0,7.124576406741287e-218,1.0,-270.0,-1.0,1,-0.35,0.35,-0.011853941898857911,0.011853941898857911,-1.0,True,1,0.7733333333333332,0.8505555555555554,0.2344444444444446,0.053933932942819306,False,-1,False,True,0.0,False,0.0
2025-05-29,58860.0,58860.0,0.0,-760.0,0.0,11137200.0,7.124576406741287e-218,1.0,-760.0,-1.0,1,-0.7944444444444444,0.7944444444444444,-0.05422816115957474,0.05422816115957474,-1.0,False,2,0.7844444444444445,0.8505555555555554,0.2344444444444446,0.054375385841602675,False,-1,True,False,0.6,False,0.0
2025-05-30,59800.0,59800.0,0.0,470.0,0.0,11548200.0,7.124576406741287e-218,1.0,470.0,-1.0,1,0.6611111111111112,0.6611111111111112,-0.01921225042180552,0.01921225042180552,1.0,True,2,0.7844444444444445,0.8505555555555554,0.2344444444444446,0.054375385841602675,False,1,False,True,0.0,False,0.0
2025-06-03,59940.0,59940.0,0.0,70.0,0.0,11745000.0,7.124576406741287e-218,1.0,70.0,-1.0,1,0.22222222222222232,0.22222222222222232,-0.0026657796526450284,0.0026657796526450284,1.0,False,1,0.7844444444444445,0.8505555555555554,0.2344444444444446,0.054375385841602675,False,1,False,False,0.0,False,0.0
2025-06-04,61080.0,61080.0,0.0,570.0,0.0,11709800.0,7.124576406741287e-218,1.0,570.0,-1.0,1,0.7444444444444445,0.7444444444444445,0.002622952323470429,0.002622952323470429,1.0,False,2,0.7844444444444445,0.8505555555555554,0.2344444444444446,0.054375385841602675,False,1,False,False,0.0,False,0.0
2025-06-05,60100.0,60100.0,0.0,-490.0,0.0,12114600.0,7.124576406741287e-218,1.0,-490.0,-1.0,1,-0.5611111111111111,0.5611111111111111,-0.004648082737530146,0.004648082737530146,-1.0,True,2,0.7844444444444445,0.8505555555555554,0.2344444444444446,0.05378670826079137,False,-1,False,True,0.0,False,0.0
2025-06-06,60440.0,60440.0,0.0,170.0,0.0,11989800.0,7.124576406741287e-218,1.0,170.0,-1.0,1,0.4222222222222223,0.4222222222222223,0.02648939459921351,0.02648939459921351,1.0,True,1,0.7733333333333332,0.85,0.2344444444444446,0.05378670826079137,False,1,False,True,0.0,False,0.0
2025-06-09,60700.0,60700.0,0.0,130.0,0.0,12040400.0,7.124576406741287e-218,1.0,130.0,-1.0,1,0.3833333333333333,0.3833333333333333,0.014938037108866098,0.014938037108866098,1.0,False,1,0.7733333333333332,0.85,0.23888888888888893,0.05378670826079137,False,1,False,False,0.0,False,0.0
2025-06-10,60760.0,60760.0,0.0,30.0,0.0,11280400.0,7.124576406741287e-218,1.0,30.0,-1.0,1,0.12777777777777777,0.12777777777777777,0.013587615839055545,0.013587615839055545,1.0,False,0,0.7733333333333332,0.85,0.2344444444444446,0.05378670826079137,False,1,False,False,0.0,False,0.0
2025-06-11,61740.0,61740.0,0.0,490.0,0.0,10762000.0,7.124576406741287e-218,1.0,490.0,-1.0,1,0.6833333333333333,0.6833333333333333,0.010747538723581584,0.010747538723581584,1.0,False,2,0.7672222222222221,0.85,0.2344444444444446,0.052708082012920515,False,1,False,False,0.0,False,0.0
2025-06-12,60480.0,60480.0,0.0,-630.0,0.0,10906000.0,7.124576406741287e-218,1.0,-630.0,-1.0,1,-0.7444444444444445,0.7444444444444445,0.006302890330115218,0.006302890330115218,-1.0,True,2,0.7672222222222221,0.85,0.23888888888888893,0.0521682479859388,False,-1,False,True,0.0,False,0.0
2025-06-13,59800.0,59800.0,0.0,-340.0,0.0,9739600.0,7.124576406741287e-218,1.0,-340.0,-1.0,1,-0.41666666666666663,0.41666666666666663,-0.010645476447953328,0.010645476447953328,-1.0,False,1,0.7672222222222221,0.85,0.23888888888888893,0.0521682479859388,False,-1,False,False,0.0,False,0.0
2025-06-16,59780.0,59780.0,0.0,-10.0,0.0,9387600.0,7.124576406741287e-218,1.0,-10.0,-1.0,1,0.03888888888888897,0.03888888888888897,-0.015272541209659707,0.015272541209659707,-1.0,False,0,0.7672222222222221,0.85,0.2344444444444446,0.0521682479859388,False,1,False,False,0.0,False,0.0
2025-06-17,59860.0,59860.0,0.0,40.0,0.0,6696600.0,7.124576406741287e-218,1.0,40.0,-1.0,1,0.16666666666666674,0.16666666666666674,-0.014923175303019676,0.014923175303019676,1.0,True,0,0.7616666666666666,0.807777777777777,0.2277777777777778,0.050332932212486615,False,1,False,True,0.0,False,0.0
2025-06-18,59880.0,59880.0,0.0,10.0,0.0,6507600.0,7.124576406741287e-218,1.0,10.0,-1.0,1,0.07777777777777772,0.07777777777777772,-0.030589459522586182,0.030589459522586182,1.0,False,0,0.7616666666666666,0.807777777777777,0.22777777777777775,0.049659901340733725,False,1,False,False,0.0,False,0.0
2025-06-19,60060.0,60060.0,0.0,90.0,0.0,6456600.0,7.124576406741287e-218,1.0,90.0,-1.0,1,0.28333333333333344,0.28333333333333344,-0.006968669316092857,0.006968669316092857,1.0,False,1,0.7616666666666666,0.807777777777777,0.22777777777777775,0.04818850717744513,False,1,False,False,0.0,False,0.0
2025-06-20,58900.0,58900.0,0.0,-580.0,0.0,6444000.0,7.124576406741287e-218,1.0,-580.0,-1.0,1,-0.6888888888888889,0.6888888888888889,-0.015164570299045721,0.015164570299045721,-1.0,True,2,0.7616666666666666,0.807777777777777,0.22777777777777775,0.04818850717744513,False,-1,False,True,0.0,False,0.0
2025-06-23,59120.0,59120.0,0.0,110.0,0.0,6576000.0,7.124576406741287e-218,1.0,110.0,-1.0,1,0.3944444444444444,0.3944444444444444,-0.011101880215846904,0.011101880215846904,1.0,True,1,0.7616666666666666,0.807777777777777,0.2277777777777778,0.04812356472364811,False,1,False,True,0.0,False,0.0
2025-06-24,60700.0,60700.0,0.0,790.0,0.0,5904000.0,7.124576406741287e-218,1.0,790.0,-1.0,1,0.8500000000000001,0.8500000000000001,0.013935195640899067,0.013935195640899067,1.0,False,2,0.7672222222222221,0.85,0.2344444444444446,0.04812356472364811,False,1,True,False,1.0,False,0.0
2025-06-25,60880.0,60880.0,0.0,90.0,0.0,6782400.0,7.124576406741287e-218,1.0,90.0,-1.0,1,0.2666666666666666,0.2666666666666666,0.01656215400200267,0.01656215400200267,1.0,False,1,0.7672222222222221,0.85,0.23888888888888893,0.04812356472364811,False,1,False,False,0.0,False,0.0
2025-06-26,61500.0,61500.0,0.0,310.0,0.0,6462400.0,7.124576406741287e-218,1.0,310.0,-1.0,1,0.538888888888889,0.538888888888889,0.023693112257287652,0.023693112257287652,1.0,False,2,0.7622222222222221,0.85,0.23888888888888893,0.04812356472364811,False,1,False,False,0.0,False,0.0
2025-06-27,63300.0,63300.0,0.0,900.0,0.0,6508800.0,7.124576406741287e-218,1.0,900.0,-1.0,1,0.8888888888888888,0.8888888888888888,0.07204423849258923,0.07204423849258923,1.0,False,2,0.7733333333333332,0.8500000000000001,0.24222222222222228,0.049659901340733725,True,1,True,True,1.0,True,1.0
2025-06-30,62260.0,62260.0,0.0,-520.0,0.0,6973600.0,7.124576406741287e-218,1.0,-520.0,-1.0,1,-0.6277777777777778,0.6277777777777778,0.05174988837351613,0.05174988837351613,-1.0,True,2,0.7733333333333332,0.8500000000000001,0.24222222222222228,0.050295823325709844,True,-1,False,True,0.0,False,1.0
2025-07-01,62780.0,62780.0,0.0,260.0,0.0,7072600.0,7.124576406741287e-218,1.0,260.0,-1.0,1,0.5277777777777779,0.5277777777777779,0.03369285334835581,0.03369285334835581,1.0,True,1,0.7733333333333332,0.8500000000000001,0.24777777777777782,0.050295823325709844,False,1,False,True,0.0,False,0.0
2025-07-02,63960.0,63960.0,0.0,590.0,0.0,7198000.0,7.124576406741287e-218,1.0,590.0,-1.0,1,0.8055555555555556,0.8055555555555556,0.04935317441232279,0.04935317441232279,1.0,False,2,0.7733333333333332,0.85,0.24777777777777782,0.049659901340733725,False,1,True,False,0.6,False,0.0
2025-07-03,64080.0,64080.0,0.0,60.0,0.0,7244400.0,7.124576406741287e-218,1.0,60.0,-1.0,1,0.1777777777777778,0.1777777777777778,0.04109512794763148,0.04109512794763148,1.0,False,0,0.7622222222222221,0.807777777777777,0.24222222222222228,0.049659901340733725,False,1,False,False,0.0,False,0.0
2025-07-04,63280.0,63280.0,0.0,-400.0,0.0,6771400.0,7.124576406741287e-218,1.0,-400.0,-1.0,1,-0.5277777777777777,0.5277777777777777,-0.00031600569073120255,0.00031600569073120255,-1.0,True,1,0.7622222222222221,0.807777777777777,0.24777777777777782,0.049659901340733725,False,-1,False,True,0.0,False,0.0
2025-07-07,63660.0,63660.0,0.0,190.0,0.0,7033600.0,7.124576406741287e-218,1.0,190.0,-1.0,1,0.461111111111111,0.461111111111111,0.022237256840485387,0.022237256840485387,1.0,True,1,0.7511111111111111,0.807777777777777,0.24777777777777782,0.049659901340733725,False,1,False,True,0.0,False,0.0
2025-07-08,63880.0,63880.0,0.0,110.0,0.0,7072000.0,7.124576406741287e-218,1.0,110.0,-1.0,1,0.3555555555555556,0.3555555555555556,0.017369771933003264,0.017369771933003264,1.0,False,1,0.7511111111111111,0.807777777777777,0.25,0.049659901340733725,False,1,False,False,0.0,False,0.0
2025-07-09,64400.0,64400.0,0.0,260.0,0.0,7094400.0,7.124576406741287e-218,1.0,260.0,-1.0,1,0.5222222222222221,0.5222222222222221,0.006855745144555669,0.006855745144555669,1.0,False,1,0.7511111111111111,0.807777777777777,0.2566666666666667,0.04937857644736514,False,1,False,False,0.0,False,0.0
2025-07-10,64180.0,64180.0,0.0,-110.0,0.0,6749400.0,7.124576406741287e-218,1.0,-110.0,-1.0,1,-0.18333333333333335,0.18333333333333335,0.0015593329216070373,0.0015593329216070373,-1.0,True,0,0.7511111111111111,0.807777777777777,0.2566666666666667,0.04937857644736514,False,-1,False,True,0.0,False,0.0
2025-07-11,64280.0,64280.0,0.0,50.0,0.0,5979800.0,7.124576406741287e-218,1.0,50.0,-1.0,1,0.13888888888888884,0.13888888888888884,0.015679217409912738,0.015679217409912738,1.0,True,0,0.7511111111111111,0.807777777777777,0.25,0.048098162688605756,False,1,False,True,0.0,False,0.0
2025-07-14,66480.0,66480.0,0.0,1100.0,0.0,5753600.0,7.124576406741287e-218,1.0,1100.0,-1.0,1,0.95,0.95,0.04334472869324557,0.04334472869324557,1.0,False,2,0.7511111111111111,0.8500000000000001,0.25,0.047593157918326766,False,1,True,False,1.0,False,0.0
2025-07-15,66660.0,66660.0,0.0,90.0,0.0,8173400.0,7.124576406741287e-218,1.0,90.0,-1.0,1,0.23888888888888893,0.23888888888888893,0.04259874953278242,0.04259874953278242,1.0,False,1,0.75,0.8500000000000001,0.24777777777777782,0.047593157918326766,False,1,False,False,0.0,False,0.0
2025-07-16,66420.0,66420.0,0.0,-120.0,0.0,8186400.0,7.124576406741287e-218,1.0,-120.0,-1.0,1,-0.2055555555555555,0.2055555555555555,0.030884582838291763,0.030884582838291763,-1.0,True,0,0.75,0.8500000000000001,0.24222222222222228,0.047593157918326766,False,-1,False,True,0.0,False,0.0
2025-07-17,67960.0,67960.0,0.0,770.0,0.0,8215000.0,7.124576406741287e-218,1.0,770.0,-1.0,1,0.8611111111111112,0.8611111111111112,0.05722766112202038,0.05722766112202038,1.0,True,2,0.7511111111111111,0.8505555555555554,0.24222222222222228,0.048098162688605756,True,1,True,True,1.0,True,1.0
2025-07-18,69960.0,69960.0,0.0,1000.0,0.0,9384600.0,7.124576406741287e-218,1.0,1000.0,-1.0,1,0.9388888888888889,0.9388888888888889,0.08467510928108979,0.08467510928108979,1.0,False,2,0.7622222222222221,0.8622222222222219,0.24222222222222228,0.048098162688605756,True,1,True,True,1.0,True,1.0
2025-07-21,71280.0,71280.0,0.0,660.0,0.0,10711800.0,7.124576406741287e-218,1.0,660.0,-1.0,1,0.8277777777777777,0.8277777777777777,0.06971463261536037,0.06971463261536037,1.0,False,2,0.7744444444444443,0.8622222222222219,0.24222222222222228,0.048098162688605756,True,1,True,True,0.6,True,1.0
2025-07-22,72880.0,72880.0,0.0,800.0,0.0,11558800.0,7.124576406741287e-218,1.0,800.0,-1.0,1,0.8611111111111112,0.8611111111111112,0.08920918007210865,0.08920918007210865,1.0,False,3,0.7949999999999999,0.8622222222222219,0.24222222222222228,0.048098162688605756,True,1,True,True,0.6,True,1.0
2025-07-23,69380.0,69380.0,0.0,-1750.0,0.0,11590600.0,7.124576406741287e-218,1.0,-1750.0,-1.0,1,-0.9833333333333333,0.9833333333333333,0.04360042559300403,0.04360042559300403,-1.0,True,3,0.8,0.883611111111111,0.24222222222222228,0.047593157918326766,False,-1,True,True,1.0,True,-1.0
2025-07-24,76680.0,76680.0,0.0,3650.0,0.0,17699400.0,7.124576406741287e-218,1.0,3650.0,-1.0,1,0.9944444444444445,0.9944444444444445,0.120721621373713,0.120721621373713,1.0,True,3,0.8005555555555556,0.8891666666666665,0.24222222222222228,0.048098162688605756,True,1,True,True,1.0,True,-1.0
2025-07-25,80520.0,80520.0,0.0,1920.0,0.0,44152200.0,7.124576406741287e-218,1.0,1920.0,-1.0,1,0.95,0.95,0.14058195062118983,0.14058195062118983,1.0,False,3,0.8055555555555556,0.8966666666666658,0.24222222222222228,0.04937857644736514,True,1,True,True,1.0,True,1.0
2025-07-28,73120.0,73120.0,0.0,-3700.0,0.0,49905000.0,7.124576406741287e-218,1.0,-3700.0,-1.0,1,-0.9944444444444445,0.9944444444444445,0.02548614398334159,0.02548614398334159,-1.0,True,3,0.8077777777777777,0.9388888888888889,0.24222222222222228,0.04937857644736514,False,-1,True,True,1.0,True,1.0
2025-07-29,70840.0,70840.0,0.0,-1140.0,0.0,76744200.0,7.124576406741287e-218,1.0,-1140.0,-1.0,1,-0.9277777777777778,0.9277777777777778,-0.02839044003706981,0.02839044003706981,-1.0,False,3,0.8299999999999998,0.9388888888888889,0.24222222222222228,0.04937857644736514,False,-1,True,False,0.6,False,0.0
2025-07-30,70600.0,70600.0,0.0,-120.0,0.0,79208200.0,7.124576406741287e-218,1.0,-120.0,-1.0,1,-0.19999999999999996,0.19999999999999996,0.017431502957592215,0.017431502957592215,-1.0,False,0,0.8299999999999998,0.9388888888888889,0.23888888888888893,0.04937857644736514,False,-1,False,False,0.0,False,0.0
2025-07-31,68280.0,68280.0,0.0,-1160.0,0.0,78540800.0,7.124576406741287e-218,1.0,-1160.0,-1.0,1,-0.9333333333333333,0.9333333333333333,-0.11602402025120462,0.11602402025120462,-1.0,False,3,0.8500000000000001,0.9388888888888889,0.24222222222222228,0.049659901340733725,True,-1,True,True,0.6,True,-0.6
2025-08-01,68920.0,68920.0,0.0,320.0,0.0,81224800.0,7.124576406741287e-218,1.0,320.0,-1.0,1,0.5555555555555556,0.5555555555555556,-0.1555591891118624,0.1555591891118624,1.0,True,3,0.8500000000000001,0.9388888888888889,0.24222222222222228,0.050295823325709844,True,1,False,True,0.0,False,-0.6
2025-08-04,68920.0,68920.0,0.0,0.0,0.0,81109600.0,7.124576406741287e-218,1.0,0.0,-1.0,1,0.005555555555555536,0.005555555555555536,-0.059155515486166266,0.059155515486166266,0.0,True,0,0.8500000000000001,0.9388888888888889,0.23888888888888893,0.0517869972602929,True,1,False,True,0.0,False,0.0
2025-08-05,67840.0,67840.0,0.0,-540.0,0.0,81037400.0,7.124576406741287e-218,1.0,-540.0,-1.0,1,-0.6777777777777778,0.6777777777777778,-0.0432718214309844,0.0432718214309844,-1.0,True,3,0.8500000000000001,0.9388888888888889,0.24222222222222228,0.0517869972602929,False,-1,False,True,0.0,False,0.0
2025-08-06,69620.0,69620.0,0.0,890.0,0.0,81596400.0,7.124576406741287e-218,1.0,890.0,-1.0,1,0.8833333333333333,0.8833333333333333,-0.013978262115903917,0.013978262115903917,1.0,True,3,0.8500000000000001,0.9336111111111111,0.24222222222222228,0.0517869972602929,False,1,True,True,0.6,True,0.6
2025-08-07,72300.0,72300.0,0.0,1340.0,0.0,83045400.0,7.124576406741287e-218,1.0,1340.0,-1.0,1,0.95,0.95,0.05720723123847904,0.05720723123847904,1.0,False,3,0.8511111111111112,0.9388888888888889,0.24777777777777782,0.0521682479859388,True,1,True,True,1.0,True,0.6
2025-08-08,76960.0,76960.0,0.0,2330.0,0.0,86612400.0,7.124576406741287e-218,1.0,2330.0,-1.0,1,0.9833333333333334,0.9833333333333334,0.11033939469772314,0.11033939469772314,1.0,False,3,0.8511111111111112,0.9388888888888889,0.24777777777777782,0.0521682479859388,True,1,True,True,1.0,True,0.6
2025-08-11,81000.0,81000.0,0.0,2020.0,0.0,97465200.0,7.124576406741287e-218,1.0,2020.0,-1.0,1,0.9722222222222223,0.9722222222222223,0.16150274301270962,0.16150274301270962,1.0,False,3,0.8511111111111112,0.9388888888888889,0.24777777777777782,0.05228264531102588,True,1,True,True,1.0,True,0.6
2025-08-12,82520.0,82520.0,0.0,760.0,0.0,103206000.0,7.124576406741287e-218,1.0,760.0,-1.0,1,0.8055555555555556,0.8055555555555556,0.19588869671940223,0.19588869671940223,1.0,False,3,0.8511111111111112,0.9388888888888889,0.24777777777777782,0.05378670826079137,True,1,False,True,0.0,False,0.6
2025-08-13,85100.0,85100.0,0.0,1290.0,0.0,104345000.0,7.124576406741287e-218,1.0,1290.0,-1.0,1,0.9277777777777778,0.9277777777777778,0.20077515319603556,0.20077515319603556,1.0,False,3,0.8611111111111112,0.9388888888888889,0.24777777777777782,0.05452606816746515,True,1,True,True,0.6,True,0.6
2025-08-14,85300.0,85300.0,0.0,100.0,0.0,107644400.0,7.124576406741287e-218,1.0,100.0,-1.0,1,0.30000000000000004,0.30000000000000004,0.1653503253329145,0.1653503253329145,1.0,False,1,0.8611111111111112,0.9388888888888889,0.24777777777777782,0.057209274226833175,True,1,False,True,0.0,False,0.6
2025-08-15,86900.0,86900.0,0.0,800.0,0.0,106478600.0,7.124576406741287e-218,1.0,800.0,-1.0,1,0.8444444444444446,0.8444444444444446,0.1214722259138945,0.1214722259138945,1.0,False,3,0.8611111111111112,0.9388888888888889,0.25,0.05742044655843496,True,1,False,True,0.0,False,0.0
2025-08-18,89240.0,89240.0,0.0,1170.0,0.0,105758600.0,7.124576406741287e-218,1.0,1170.0,-1.0,1,0.9166666666666667,0.9166666666666667,0.09688021489189325,0.09688021489189325,1.0,False,3,0.8633333333333333,0.9388888888888889,0.2566666666666667,0.05931709425269939,True,1,True,True,0.6,True,0.6
2025-08-19,87540.0,87540.0,0.0,-850.0,0.0,107625200.0,7.124576406741287e-218,1.0,-850.0,-1.0,1,-0.8944444444444444,0.8944444444444444,0.05905514355969821,0.05905514355969821,-1.0,True,3,0.8833333333333333,0.9388888888888889,0.2566666666666667,0.05931709425269939,False,-1,True,True,0.6,True,0.6
2025-08-20,80980.0,80980.0,0.0,-3280.0,0.0,107790200.0,7.124576406741287e-218,1.0,-3280.0,-1.0,1,-0.9833333333333333,0.9833333333333333,-0.04962482497531262,0.04962482497531262,-1.0,False,3,0.8838888888888888,0.9394444444444442,0.2566666666666667,0.05931709425269939,False,-1,True,False,1.0,False,0.0
2025-08-21,82760.0,82760.0,0.0,890.0,0.0,123182000.0,7.124576406741287e-218,1.0,890.0,-1.0,1,0.8444444444444446,0.8444444444444446,-0.030229601620291646,0.030229601620291646,1.0,True,3,0.8838888888888888,0.9394444444444442,0.2566666666666667,0.05931709425269939,False,1,False,True,0.0,False,0.0
2025-08-22,78960.0,78960.0,0.0,-1900.0,0.0,98121200.0,7.124576406741287e-218,1.0,-1900.0,-1.0,1,-0.9722222222222222,0.9722222222222222,-0.09581663714611999,0.09581663714611999,-1.0,True,3,0.8894444444444444,0.95,0.26111111111111107,0.060879424197695715,True,-1,True,True,1.0,True,-1.0
2025-08-25,79380.0,79380.0,0.0,210.0,0.0,97968400.0,7.124576406741287e-218,1.0,210.0,-1.0,1,0.44999999999999996,0.44999999999999996,-0.11708292220941274,0.11708292220941274,1.0,True,1,0.8894444444444444,0.95,0.2644444444444444,0.06216202252763663,True,1,False,True,0.0,False,-1.0
2025-08-26,79020.0,79020.0,0.0,-180.0,0.0,70676600.0,7.124576406741287e-218,1.0,-180.0,-1.0,1,-0.3388888888888889,0.3388888888888889,-0.10239484677950372,0.10239484677950372,-1.0,True,1,0.8894444444444444,0.95,0.27,0.06542430574108697,True,-1,False,True,0.0,False,0.0
2025-08-27,78860.0,78860.0,0.0,-80.0,0.0,68142200.0,7.124576406741287e-218,1.0,-80.0,-1.0,1,-0.15000000000000002,0.15000000000000002,-0.026528082154534616,0.026528082154534616,-1.0,False,0,0.8894444444444444,0.95,0.27,0.06542430574108697,False,-1,False,False,0.0,False,0.0
2025-08-28,78140.0,78140.0,0.0,-360.0,0.0,68126200.0,7.124576406741287e-218,1.0,-360.0,-1.0,1,-0.5388888888888889,0.5388888888888889,-0.05744276325041753,0.05744276325041753,-1.0,False,1,0.8894444444444444,0.95,0.27222222222222225,0.06542430574108697,False,-1,False,False,0.0,False,0.0
2025-08-29,77180.0,77180.0,0.0,-480.0,0.0,65694200.0,7.124576406741287e-218,1.0,-480.0,-1.0,1,-0.6388888888888888,0.6388888888888888,-0.022801039015753588,0.022801039015753588,-1.0,False,3,0.8894444444444444,0.95,0.27222222222222225,0.06542430574108697,False,-1,False,False,0.0,False,0.0
2025-09-01,75560.0,75560.0,0.0,-810.0,0.0,65950200.0,7.124576406741287e-218,1.0,-810.0,-1.0,1,-0.8611111111111112,0.8611111111111112,-0.04931940472160967,0.04931940472160967,-1.0,False,3,0.8894444444444444,0.95,0.27555555555555566,0.06542430574108697,False,-1,False,False,0.0,False,0.0
2025-09-02,72620.0,72620.0,0.0,-1470.0,0.0,67262400.0,7.124576406741287e-218,1.0,-1470.0,-1.0,1,-0.95,0.95,-0.08446061899705448,0.08446061899705448,-1.0,False,3,0.8944444444444444,0.95,0.28111111111111126,0.06994759320308325,True,-1,True,True,0.6,True,-0.6
2025-09-03,71880.0,71880.0,0.0,-370.0,0.0,71001000.0,7.124576406741287e-218,1.0,-370.0,-1.0,1,-0.5166666666666666,0.5166666666666666,-0.09267606653412308,0.09267606653412308,-1.0,False,1,0.8944444444444444,0.95,0.29333333333333356,0.07328587654303569,True,-1,False,True,0.0,False,-0.6
2025-09-04,73420.0,73420.0,0.0,770.0,0.0,69690600.0,7.124576406741287e-218,1.0,770.0,-1.0,1,0.788888888888889,0.788888888888889,-0.06230571155823661,0.06230571155823661,1.0,True,3,0.8944444444444444,0.95,0.3166666666666669,0.07328587654303569,False,1,False,True,0.0,False,0.0
2025-09-05,74260.0,74260.0,0.0,420.0,0.0,67285200.0,7.124576406741287e-218,1.0,420.0,-1.0,1,0.588888888888889,0.588888888888889,-0.038567907360539166,0.038567907360539166,1.0,False,1,0.8944444444444444,0.95,0.33444444444444454,0.07328587654303569,False,1,False,False,0.0,False,0.0
2025-09-08,74800.0,74800.0,0.0,270.0,0.0,56780200.0,7.124576406741287e-218,1.0,270.0,-1.0,1,0.4722222222222223,0.4722222222222223,-0.010109157652877343,0.010109157652877343,1.0,False,1,0.8944444444444444,0.95,0.3455555555555556,0.07328587654303569,False,1,False,False,0.0,False,0.0
2025-09-09,72900.0,72900.0,0.0,-950.0,0.0,48765200.0,7.124576406741287e-218,1.0,-950.0,-1.0,1,-0.8722222222222222,0.8722222222222222,0.0038482730284226108,0.0038482730284226108,-1.0,True,3,0.8944444444444444,0.95,0.3455555555555556,0.07328587654303569,False,-1,False,True,0.0,False,0.0
2025-09-10,70720.0,70720.0,0.0,-1090.0,0.0,49415000.0,7.124576406741287e-218,1.0,-1090.0,-1.0,1,-0.8944444444444444,0.8944444444444444,-0.016269643585969717,0.016269643585969717,-1.0,False,3,0.8944444444444444,0.95,0.3533333333333334,0.07328587654303569,False,-1,False,False,0.0,False,0.0
2025-09-11,71000.0,71000.0,0.0,140.0,0.0,48463000.0,7.124576406741287e-218,1.0,140.0,-1.0,1,0.338888888888889,0.338888888888889,-0.03351650102737125,0.03351650102737125,1.0,True,1,0.8944444444444444,0.95,0.3533333333333334,0.07328587654303569,False,1,False,True,0.0,False,0.0
2025-09-12,71160.0,71160.0,0.0,80.0,0.0,48482200.0,7.124576406741287e-218,1.0,80.0,-1.0,1,0.16666666666666674,0.16666666666666674,-0.04264158595129963,0.04264158595129963,1.0,False,0,0.8944444444444444,0.95,0.3533333333333334,0.07328587654303569,False,1,False,False,0.0,False,0.0
2025-09-15,72680.0,72680.0,0.0,760.0,0.0,47215000.0,7.124576406741287e-218,1.0,760.0,-1.0,1,0.7666666666666666,0.7666666666666666,-0.028751641452460674,0.028751641452460674,1.0,False,3,0.8944444444444444,0.95,0.3555555555555556,0.07328587654303569,False,1,False,False,0.0,False,0.0
2025-09-16,73180.0,73180.0,0.0,250.0,0.0,45632400.0,7.124576406741287e-218,1.0,250.0,-1.0,1,0.43333333333333335,0.43333333333333335,0.003833520576447924,0.003833520576447924,1.0,False,1,0.8944444444444444,0.95,0.3555555555555556,0.07328587654303569,False,1,False,False,0.0,False,0.0
2025-09-17,73640.0,73640.0,0.0,230.0,0.0,44312400.0,7.124576406741287e-218,1.0,230.0,-1.0,1,0.40555555555555567,0.40555555555555567,0.04045993803548953,0.04045993803548953,1.0,False,1,0.8944444444444444,0.95,0.3688888888888891,0.07328587654303569,False,1,False,False,0.0,False,0.0
2025-09-18,72880.0,72880.0,0.0,-380.0,0.0,22901400.0,7.124576406741287e-218,1.0,-380.0,-1.0,1,-0.5277777777777777,0.5277777777777777,0.026134375910386254,0.026134375910386254,-1.0,True,1,0.8944444444444444,0.95,0.3688888888888891,0.07328587654303569,False,-1,False,True,0.0,False,0.0
2025-09-19,73960.0,73960.0,0.0,540.0,0.0,21606000.0,7.124576406741287e-218,1.0,540.0,-1.0,1,0.6722222222222223,0.6722222222222223,0.03859354372129076,0.03859354372129076,1.0,True,3,0.8944444444444444,0.95,0.3811111111111111,0.07328587654303569,False,1,False,True,0.0,False,0.0
2025-09-22,73420.0,73420.0,0.0,-270.0,0.0,14969200.0,7.124576406741287e-218,1.0,-270.0,-1.0,1,-0.38888888888888884,0.38888888888888884,0.01013013454071654,0.01013013454071654,-1.0,True,1,0.8944444444444444,0.95,0.3833333333333333,0.07328587654303569,False,-1,False,True,0.0,False,0.0
2025-09-23,73660.0,73660.0,0.0,120.0,0.0,15026800.0,7.124576406741287e-218,1.0,120.0,-1.0,1,0.28333333333333344,0.28333333333333344,0.006537751425858218,0.006537751425858218,1.0,True,1,0.8944444444444444,0.95,0.3811111111111111,0.07328587654303569,False,1,False,True,0.0,False,0.0
2025-09-24,72880.0,72880.0,0.0,-390.0,0.0,14990800.0,7.124576406741287e-218,1.0,-390.0,-1.0,1,-0.5444444444444444,0.5444444444444444,-0.010374103413175462,0.010374103413175462,-1.0,True,1,0.8944444444444444,0.95,0.3811111111111111,0.07328587654303569,False,-1,False,True,0.0,False,0.0
2025-09-25,74040.0,74040.0,0.0,580.0,0.0,15282200.0,7.124576406741287e-218,1.0,580.0,-1.0,1,0.7166666666666668,0.7166666666666668,0.015791234753594452,0.015791234753594452,1.0,True,3,0.8944444444444444,0.95,0.3811111111111111,0.07328587654303569,False,1,False,True,0.0,False,0.0
2025-09-26,72880.0,72880.0,0.0,-580.0,0.0,15695800.0,7.124576406741287e-218,1.0,-580.0,-1.0,1,-0.7055555555555555,0.7055555555555555,-0.01471015356722205,0.01471015356722205,-1.0,True,3,0.8944444444444444,0.95,0.3811111111111111,0.07328587654303569,False,-1,False,True,0.0,False,0.0
2025-09-29,73920.0,73920.0,0.0,520.0,0.0,15907800.0,7.124576406741287e-218,1.0,520.0,-1.0,1,0.6444444444444444,0.6444444444444444,0.00678704926474083,0.00678704926474083,1.0,True,3,0.8944444444444444,0.95,0.3811111111111111,0.07328587654303569,False,1,False,True,0.0,False,0.0
2025-09-30,72800.0,72800.0,0.0,-560.0,0.0,15136400.0,7.124576406741287e-218,1.0,-560.0,-1.0,1,-0.6944444444444444,0.6944444444444444,-0.01174395581427845,0.01174395581427845,-1.0,True,3,0.8944444444444444,0.95,0.3811111111111111,0.07328587654303569,False,-1,False,True,0.0,False,0.0
2025-10-09,73340.0,73340.0,0.0,270.0,0.0,11441800.0,7.124576406741287e-218,1.0,270.0,-1.0,1,0.48888888888888893,0.48888888888888893,0.00629190969147686,0.00629190969147686,1.0,True,1,0.8944444444444444,0.95,0.3811111111111111,0.07328587654303569,False,1,False,True,0.0,False,0.0
2025-10-10,72740.0,72740.0,0.0,-300.0,0.0,11313800.0,7.124576406741287e-218,1.0,-300.0,-1.0,1,-0.41666666666666663,0.41666666666666663,-0.01771404814645372,0.01771404814645372,-1.0,True,1,0.8944444444444444,0.95,0.3811111111111111,0.07328587654303569,False,-1,False,True,0.0,False,0.0
2025-10-13,72280.0,72280.0,0.0,-230.0,0.0,10308000.0,7.124576406741287e-218,1.0,-230.0,-1.0,1,-0.36111111111111105,0.36111111111111105,-0.008266787227674044,0.008266787227674044,-1.0,False,1,0.8944444444444444,0.95,0.3711111111111112,0.07328587654303569,False,-1,False,False,0.0,False,0.0
2025-10-14,72680.0,72680.0,0.0,200.0,0.0,10061000.0,7.124576406741287e-218,1.0,200.0,-1.0,1,0.40555555555555567,0.40555555555555567,-0.01691718380545737,0.01691718380545737,1.0,True,1,0.8944444444444444,0.95,0.3811111111111111,0.07328587654303569,False,1,False,True,0.0,False,0.0
2025-10-15,72940.0,72940.0,0.0,130.0,0.0,9995200.0,7.124576406741287e-218,1.0,130.0,-1.0,1,0.3222222222222222,0.3222222222222222,0.0019212301778939178,0.0019212301778939178,1.0,False,1,0.8944444444444444,0.95,0.3711111111111112,0.07328587654303569,False,1,False,False,0.0,False,0.0
2025-10-16,75080.0,75080.0,0.0,1070.0,0.0,8224000.0,7.124576406741287e-218,1.0,1070.0,-1.0,1,0.9055555555555557,0.9055555555555557,0.023448049075128097,0.023448049075128097,1.0,False,2,0.8944444444444444,0.95,0.3811111111111111,0.07328587654303569,False,1,True,False,0.6,False,0.0
2025-10-17,75780.0,75780.0,0.0,350.0,0.0,8137600.0,7.124576406741287e-218,1.0,350.0,-1.0,1,0.5777777777777777,0.5777777777777777,0.040942966031611405,0.040942966031611405,1.0,False,1,0.8944444444444444,0.95,0.3811111111111111,0.07328587654303569,False,1,False,False,0.0,False,0.0
2025-10-20,75940.0,75940.0,0.0,80.0,0.0,8343400.0,7.124576406741287e-218,1.0,80.0,-1.0,1,0.13888888888888884,0.13888888888888884,0.04939608907962878,0.04939608907962878,1.0,False,0,0.8944444444444444,0.95,0.3811111111111111,0.07328587654303569,False,1,False,False,0.0,False,0.0
2025-10-21,75980.0,75980.0,0.0,20.0,0.0,8343400.0,7.124576406741287e-218,1.0,20.0,-1.0,1,0.0,0.0,0.04440390423150831,0.04440390423150831,1.0,False,0,0.8944444444444444,0.95,0.3711111111111112,0.07328587654303569,False,0,False,False,0.0,False,0.0
2025-10-22,77120.0,77120.0,0.0,570.0,0.0,7189000.0,7.124576406741287e-218,1.0,570.0,-1.0,1,0.7055555555555555,0.7055555555555555,0.05572546492175512,0.05572546492175512,1.0,False,2,0.8944444444444444,0.95,0.3811111111111111,0.07328587654303569,False,1,False,False,0.0,False,0.0
2025-10-23,79940.0,79940.0,0.0,1410.0,0.0,7713800.0,7.124576406741287e-218,1.0,1410.0,-1.0,1,0.95,0.95,0.06272214156487088,0.06272214156487088,1.0,False,2,0.8955555555555554,0.95,0.3811111111111111,0.07328587654303569,False,1,True,False,0.6,False,0.0
2025-10-24,79520.0,79520.0,0.0,-210.0,0.0,11584200.0,7.124576406741287e-218,1.0,-210.0,-1.0,1,-0.36111111111111105,0.36111111111111105,0.04817415675786485,0.04817415675786485,-1.0,True,1,0.8955555555555554,0.95,0.3711111111111112,0.07328587654303569,False,-1,False,True,0.0,False,0.0
2025-10-27,81900.0,81900.0,0.0,1190.0,0.0,11383600.0,7.124576406741287e-218,1.0,1190.0,-1.0,1,0.9166666666666667,0.9166666666666667,0.07555543605536741,0.07555543605536741,1.0,True,2,0.9066666666666667,0.95,0.3811111111111111,0.07644595434953606,False,1,True,True,0.6,True,0.6
2025-10-28,81640.0,81640.0,0.0,-130.0,0.0,13632600.0,7.124576406741287e-218,1.0,-130.0,-1.0,1,-0.23333333333333328,0.23333333333333328,0.0718491901821654,0.0718491901821654,-1.0,True,0,0.9066666666666667,0.95,0.3811111111111111,0.07644595434953606,False,-1,False,True,0.0,False,0.6
2025-10-29,82900.0,82900.0,0.0,630.0,0.0,13520600.0,7.124576406741287e-218,1.0,630.0,-1.0,1,0.7166666666666668,0.7166666666666668,0.07227241183895927,0.07227241183895927,1.0,True,3,0.9066666666666667,0.95,0.38666666666666666,0.07644595434953606,False,1,False,True,0.0,False,0.0
2025-10-30,83400.0,83400.0,0.0,250.0,0.0,14285600.0,7.124576406741287e-218,1.0,250.0,-1.0,1,0.4277777777777778,0.4277777777777778,0.042371956081522555,0.042371956081522555,1.0,False,1,0.9066666666666667,0.95,0.38666666666666666,0.07644595434953606,False,1,False,False,0.0,False,0.0
2025-10-31,80780.0,80780.0,0.0,-1310.0,0.0,14106400.0,7.124576406741287e-218,1.0,-1310.0,-1.0,1,-0.9388888888888889,0.9388888888888889,0.015720847786948156,0.015720847786948156,-1.0,True,3,0.9166666666666667,0.95,0.3922222222222222,0.07644595434953606,False,-1,True,True,0.6,True,-0.6
2025-11-03,82280.0,82280.0,0.0,750.0,0.0,16865800.0,7.124576406741287e-218,1.0,750.0,-1.0,1,0.7388888888888889,0.7388888888888889,0.004629073925732641,0.004629073925732641,1.0,True,2,0.9166666666666667,0.95,0.3944444444444444,0.07644595434953606,False,1,False,True,0.0,False,-0.6
2025-11-04,78560.0,78560.0,0.0,-1860.0,0.0,17318000.0,7.124576406741287e-218,1.0,-1860.0,-1.0,1,-0.9611111111111111,0.9611111111111111,-0.038456673895433724,0.038456673895433724,-1.0,True,2,0.9177777777777778,0.95,0.3944444444444444,0.07644595434953606,False,-1,True,True,1.0,True,-1.0
2025-11-05,79140.0,79140.0,0.0,290.0,0.0,23696400.0,7.124576406741287e-218,1.0,290.0,-1.0,1,0.4833333333333334,0.4833333333333334,-0.04641662618397113,0.04641662618397113,1.0,True,1,0.9177777777777778,0.95,0.3944444444444444,0.07644595434953606,False,1,False,True,0.0,False,-1.0
2025-11-06,80500.0,80500.0,0.0,680.0,0.0,23237400.0,7.124576406741287e-218,1.0,680.0,-1.0,1,0.7166666666666668,0.7166666666666668,-0.03539112494018326,0.03539112494018326,1.0,False,3,0.9177777777777778,0.95,0.3944444444444444,0.07644595434953606,False,1,False,False,0.0,False,0.0
2025-11-07,82300.0,82300.0,0.0,900.0,0.0,24016400.0,7.124576406741287e-218,1.0,900.0,-1.0,1,0.8444444444444446,0.8444444444444446,0.01864169754775702,0.01864169754775702,1.0,False,3,0.9177777777777778,0.95,0.3944444444444444,0.07644595434953606,False,1,False,False,0.0,False,0.0
2025-11-10,87240.0,87240.0,0.0,2470.0,0.0,25456400.0,7.124576406741287e-218,1.0,2470.0,-1.0,1,0.9833333333333334,0.9833333333333334,0.05853487654867173,0.05853487654867173,1.0,False,3,0.9277777777777778,0.9505555555555554,0.3977777777777778,0.07644595434953606,False,1,True,False,1.0,False,0.0
2025-11-11,86540.0,86540.0,0.0,-350.0,0.0,37552400.0,7.124576406741287e-218,1.0,-350.0,-1.0,1,-0.5055555555555555,0.5055555555555555,0.09674407075052827,0.09674407075052827,-1.0,True,1,0.9277777777777778,0.9505555555555554,0.40333333333333343,0.08448206802545802,True,-1,False,True,0.0,False,0.0
2025-11-12,86580.0,86580.0,0.0,20.0,0.0,37717400.0,7.124576406741287e-218,1.0,20.0,-1.0,1,-0.0444444444444444,0.0444444444444444,0.08985040605655747,0.08985040605655747,1.0,True,0,0.9277777777777778,0.9505555555555554,0.40333333333333343,0.08512851636019166,True,-1,False,True,0.0,False,0.0
2025-11-13,87840.0,87840.0,0.0,630.0,0.0,37684400.0,7.124576406741287e-218,1.0,630.0,-1.0,1,0.6666666666666667,0.6666666666666667,0.08725979333670253,0.08725979333670253,1.0,False,1,0.9277777777777778,0.9505555555555554,0.40555555555555567,0.08745473201024313,False,1,False,False,0.0,False,0.0
2025-11-14,87360.0,87360.0,0.0,-240.0,0.0,36188400.0,7.124576406741287e-218,1.0,-240.0,-1.0,1,-0.3833333333333333,0.3833333333333333,0.059666404313571064,0.059666404313571064,-1.0,True,1,0.9277777777777778,0.9505555555555554,0.40555555555555567,0.08745473201024313,False,-1,False,True,0.0,False,0.0
2025-11-17,95200.0,95200.0,0.0,3920.0,0.0,36058600.0,7.124576406741287e-218,1.0,3920.0,-1.0,1,0.9944444444444445,0.9944444444444445,0.08731700046389079,0.08731700046389079,1.0,True,3,0.9283333333333333,0.9616666666666664,0.4122222222222223,0.08750621842471257,False,1,True,True,1.0,True,1.0
2025-11-18,93520.0,93520.0,0.0,-840.0,0.0,66778600.0,7.124576406741287e-218,1.0,-840.0,-1.0,1,-0.8277777777777777,0.8277777777777777,0.07756858236707309,0.07756858236707309,-1.0,True,3,0.9283333333333333,0.9616666666666664,0.41666666666666663,0.08750621842471257,False,-1,False,True,0.0,False,1.0
2025-11-19,99300.0,99300.0,0.0,2890.0,0.0,68189000.0,7.124576406741287e-218,1.0,2890.0,-1.0,1,0.9722222222222223,0.9722222222222223,0.1370767290372914,0.1370767290372914,1.0,True,3,0.9338888888888889,0.9722222222222222,0.42000000000000004,0.08927330267055353,True,1,True,True,1.0,True,1.0
2025-11-20,98980.0,98980.0,0.0,-160.0,0.0,84243400.0,7.124576406741287e-218,1.0,-160.0,-1.0,1,-0.28888888888888886,0.28888888888888886,0.11940083176252081,0.11940083176252081,-1.0,True,0,0.9338888888888889,0.9722222222222222,0.42000000000000004,0.09013297210431402,True,-1,False,True,0.0,False,1.0
2025-11-21,91020.0,91020.0,0.0,-3980.0,0.0,80318400.0,7.124576406741287e-218,1.0,-3980.0,-1.0,1,-0.9944444444444445,0.9944444444444445,0.04104175059189963,0.04104175059189963,-1.0,False,3,0.9388888888888889,0.9722222222222223,0.42555555555555563,0.09013297210431402,False,-1,True,False,1.0,False,0.0
2025-11-24,90480.0,90480.0,0.0,-270.0,0.0,111911000.0,7.124576406741287e-218,1.0,-270.0,-1.0,1,-0.40555555555555556,0.40555555555555556,-0.05085110998945552,0.05085110998945552,-1.0,False,1,0.9388888888888889,0.9722222222222223,0.42555555555555563,0.09013297210431402,False,-1,False,False,0.0,False,0.0
2025-11-25,95400.0,95400.0,0.0,2460.0,0.0,109224600.0,7.124576406741287e-218,1.0,2460.0,-1.0,1,0.95,0.95,0.01990326129042863,0.01990326129042863,1.0,True,3,0.94,0.9722222222222223,0.43111111111111117,0.09013297210431402,False,1,True,True,0.6,True,0.6
2025-11-26,96340.0,96340.0,0.0,470.0,0.0,121294000.0,7.124576406741287e-218,1.0,470.0,-1.0,1,0.5,0.5,-0.03026196984905205,0.03026196984905205,1.0,False,1,0.94,0.9722222222222223,0.43333333333333335,0.09013297210431402,False,1,False,False,0.0,False,0.6
2025-11-27,95820.0,95820.0,0.0,-260.0,0.0,120942000.0,7.124576406741287e-218,1.0,-260.0,-1.0,1,-0.3833333333333333,0.3833333333333333,-0.03244637806876405,0.03244637806876405,-1.0,True,0,0.94,0.9722222222222223,0.43333333333333335,0.09013297210431402,False,-1,False,True,0.0,False,0.0
2025-11-28,96420.0,96420.0,0.0,300.0,0.0,120952200.0,7.124576406741287e-218,1.0,300.0,-1.0,1,0.40555555555555567,0.40555555555555567,0.05763438638898144,0.05763438638898144,1.0,True,1,0.94,0.9722222222222223,0.43111111111111117,0.09013297210431402,False,1,False,True,0.0,False,0.0
2025-12-01,96940.0,96940.0,0.0,260.0,0.0,117700000.0,7.124576406741287e-218,1.0,260.0,-1.0,1,0.3500000000000001,0.3500000000000001,0.06896339860936607,0.06896339860936607,1.0,False,0,0.94,0.9722222222222223,0.43111111111111117,0.09013297210431402,False,1,False,False,0.0,False,0.0
2025-12-02,96560.0,96560.0,0.0,-190.0,0.0,116710200.0,7.124576406741287e-218,1.0,-190.0,-1.0,1,-0.3388888888888889,0.3388888888888889,0.012085998335034986,0.012085998335034986,-1.0,True,0,0.94,0.9722222222222223,0.43111111111111117,0.09013297210431402,False,-1,False,True,0.0,False,0.0
2025-12-03,93660.0,93660.0,0.0,-1450.0,0.0,109863200.0,7.124576406741287e-218,1.0,-1450.0,-1.0,1,-0.9166666666666666,0.9166666666666666,-0.02821239744667814,0.02821239744667814,-1.0,False,3,0.94,0.9722222222222223,0.43333333333333335,0.09013297210431402,False,-1,False,False,0.0,False,0.0
2025-12-04,93700.0,93700.0,0.0,20.0,0.0,113900000.0,7.124576406741287e-218,1.0,20.0,-1.0,1,-0.04999999999999993,0.04999999999999993,-0.022373242210599997,0.022373242210599997,1.0,True,0,0.94,0.9722222222222223,0.43333333333333335,0.09013297210431402,False,-1,False,True,0.0,False,0.0
2025-12-05,92160.0,92160.0,0.0,-770.0,0.0,112976000.0,7.124576406741287e-218,1.0,-770.0,-1.0,1,-0.7833333333333333,0.7833333333333333,-0.045187452029894715,0.045187452029894715,-1.0,True,3,0.94,0.9722222222222223,0.4366666666666667,0.09013297210431402,False,-1,False,True,0.0,False,0.0
2025-12-08,94840.0,94840.0,0.0,1340.0,0.0,112541800.0,7.124576406741287e-218,1.0,1340.0,-1.0,1,0.8888888888888888,0.8888888888888888,-0.0219009692200256,0.0219009692200256,1.0,True,3,0.94,0.9722222222222223,0.44222222222222224,0.09013297210431402,False,1,False,True,0.0,False,0.0
2025-12-09,92800.0,92800.0,0.0,-1020.0,0.0,103931200.0,7.124576406741287e-218,1.0,-1020.0,-1.0,1,-0.8388888888888889,0.8388888888888889,-0.03971793699712123,0.03971793699712123,-1.0,True,3,0.94,0.9722222222222223,0.44222222222222224,0.09013297210431402,False,-1,False,True,0.0,False,0.0
2025-12-10,95980.0,95980.0,0.0,1590.0,0.0,105767000.0,7.124576406741287e-218,1.0,1590.0,-1.0,1,0.9055555555555557,0.9055555555555557,0.024468632674702562,0.024468632674702562,1.0,True,3,0.94,0.9722222222222223,0.4477777777777778,0.09013297210431402,False,1,False,True,0.0,False,0.0
2025-12-11,98880.0,98880.0,0.0,1450.0,0.0,110822400.0,7.124576406741287e-218,1.0,1450.0,-1.0,1,0.8944444444444444,0.8944444444444444,0.053808804465003135,0.053808804465003135,1.0,False,3,0.94,0.9722222222222223,0.44999999999999996,0.09013297210431402,False,1,False,False,0.0,False,0.0
2025-12-12,97720.0,97720.0,0.0,-580.0,0.0,114233600.0,7.124576406741287e-218,1.0,-580.0,-1.0,1,-0.6888888888888889,0.6888888888888889,0.05858004944195727,0.05858004944195727,-1.0,True,1,0.94,0.9722222222222223,0.44999999999999996,0.09013297210431402,False,-1,False,True,0.0,False,0.0
2025-12-15,101060.0,101060.0,0.0,1670.0,0.0,114791200.0,7.124576406741287e-218,1.0,1670.0,-1.0,1,0.9055555555555557,0.9055555555555557,0.06352313866655734,0.06352313866655734,1.0,True,3,0.94,0.9722222222222223,0.45666666666666667,0.09013297210431402,False,1,False,True,0.0,False,0.0
2025-12-16,100600.0,100600.0,0.0,-230.0,0.0,89636200.0,7.124576406741287e-218,1.0,-230.0,-1.0,1,-0.34444444444444444,0.34444444444444444,0.08070561787348396,0.08070561787348396,-1.0,True,0,0.94,0.9722222222222223,0.45666666666666667,0.09013297210431402,False,-1,False,True,0.0,False,0.0
2025-12-17,108620.0,108620.0,0.0,4010.0,0.0,88330800.0,7.124576406741287e-218,1.0,4010.0,-1.0,1,0.9944444444444445,0.9944444444444445,0.1237157161765996,0.1237157161765996,1.0,True,3,0.95,0.9727777777777776,0.4677777777777779,0.09299012359532276,True,1,True,True,1.0,True,1.0
2025-12-18,106160.0,106160.0,0.0,-1230.0,0.0,103786800.0,7.124576406741287e-218,1.0,-1230.0,-1.0,1,-0.8944444444444444,0.8944444444444444,0.07104039631457226,0.07104039631457226,-1.0,True,3,0.95,0.9727777777777776,0.4677777777777779,0.09299012359532276,False,-1,False,True,0.0,False,1.0
2025-12-19,111400.0,111400.0,0.0,2620.0,0.0,106761400.0,7.124576406741287e-218,1.0,2620.0,-1.0,1,0.95,0.95,0.1310210811036452,0.1310210811036452,1.0,True,3,0.95,0.9727777777777776,0.47888888888888903,0.09590938050656081,True,1,False,True,0.0,False,0.0
2025-12-22,114380.0,114380.0,0.0,1490.0,0.0,88809400.0,7.124576406741287e-218,1.0,1490.0,-1.0,1,0.8611111111111112,0.8611111111111112,0.12381183862340883,0.12381183862340883,1.0,False,3,0.95,0.9727777777777776,0.48666666666666675,0.09675768516466476,True,1,False,True,0.0,False,0.0
2025-12-23,120360.0,120360.0,0.0,2990.0,0.0,93103800.0,7.124576406741287e-218,1.0,2990.0,-1.0,1,0.961111111111111,0.961111111111111,0.17933499409620524,0.17933499409620524,1.0,False,3,0.95,0.9727777777777776,0.4922222222222223,0.09743167808065427,True,1,True,True,0.6,True,0.6
2025-12-24,124720.0,124720.0,0.0,2180.0,0.0,98880800.0,7.124576406741287e-218,1.0,2180.0,-1.0,1,0.8944444444444444,0.8944444444444444,0.13821567214282204,0.13821567214282204,1.0,False,3,0.95,0.9727777777777776,0.4977777777777778,0.10318930157132562,True,1,False,True,0.0,False,0.6
2025-12-25,123520.0,123520.0,0.0,-600.0,0.0,107943800.0,7.124576406741287e-218,1.0,-600.0,-1.0,1,-0.7166666666666667,0.7166666666666667,0.15145569625251376,0.15145569625251376,-1.0,True,1,0.95,0.9727777777777776,0.4977777777777778,0.11090785725307126,True,-1,False,True,0.0,False,0.6
2025-12-26,130520.0,130520.0,0.0,3500.0,0.0,108528600.0,7.124576406741287e-218,1.0,3500.0,-1.0,1,0.961111111111111,0.961111111111111,0.1583991442319359,0.1583991442319359,1.0,True,3,0.95,0.9727777777777776,0.5033333333333334,0.11612991044702542,True,1,True,True,0.6,True,0.6
2025-12-29,118820.0,118820.0,0.0,-5850.0,0.0,132848600.0,7.124576406741287e-218,1.0,-5850.0,-1.0,1,-0.9944444444444445,0.9944444444444445,0.038083504440423965,0.038083504440423965,-1.0,True,3,0.95,0.9833333333333333,0.5033333333333334,0.11612991044702542,False,-1,True,True,1.0,True,0.6
2025-12-30,121580.0,121580.0,0.0,1380.0,0.0,201158400.0,7.124576406741287e-218,1.0,1380.0,-1.0,1,0.7944444444444445,0.7944444444444445,0.010085230558733116,0.010085230558733116,1.0,True,3,0.95,0.9833333333333333,0.5055555555555555,0.11612991044702542,False,1,False,True,0.0,False,0.0
2025-12-31,121580.0,121580.0,0.0,0.0,0.0,204895000.0,7.124576406741287e-218,1.0,0.0,-1.0,1,-0.1333333333333333,0.1333333333333333,-0.0254987424289439,0.0254987424289439,0.0,True,0,0.95,0.9833333333333333,0.5055555555555555,0.11612991044702542,False,-1,False,True,0.0,False,0.0
2026-01-05,129980.0,129980.0,0.0,4200.0,0.0,200690000.0,7.124576406741287e-218,1.0,4200.0,-1.0,1,0.9944444444444445,0.9944444444444445,0.05097750618973684,0.05097750618973684,1.0,True,3,0.95,0.9833333333333333,0.5122222222222222,0.11612991044702542,False,1,True,True,1.0,True,1.0
2026-01-06,137940.0,137940.0,0.0,3980.0,0.0,235969200.0,7.124576406741287e-218,1.0,3980.0,-1.0,1,0.9722222222222223,0.9722222222222223,0.055292336278025545,0.055292336278025545,1.0,False,3,0.951111111111111,0.9833333333333333,0.52,0.11612991044702542,False,1,True,False,0.6,False,1.0
2026-01-07,142300.0,142300.0,0.0,2180.0,0.0,266464200.0,7.124576406741287e-218,1.0,2180.0,-1.0,1,0.8555555555555556,0.8555555555555556,0.18032776216821134,0.18032776216821134,1.0,False,3,0.951111111111111,0.9833333333333333,0.5255555555555556,0.11731471316472354,True,1,False,True,0.0,False,1.0
2026-01-08,145000.0,145000.0,0.0,1350.0,0.0,272377800.0,7.124576406741287e-218,1.0,1350.0,-1.0,1,0.75,0.75,0.1761612600999971,0.1761612600999971,1.0,False,1,0.951111111111111,0.9833333333333333,0.5277777777777777,0.11953291072364002,True,1,False,True,0.0,False,1.0
2026-01-09,143420.0,143420.0,0.0,-790.0,0.0,273942000.0,7.124576406741287e-218,1.0,-790.0,-1.0,1,-0.7722222222222221,0.7722222222222221,0.16520490613385164,0.16520490613385164,-1.0,True,1,0.951111111111111,0.9833333333333333,0.5277777777777778,0.12079668182773115,True,-1,False,True,0.0,False,0.0
2026-01-12,156060.0,156060.0,0.0,6320.0,0.0,270134000.0,7.124576406741287e-218,1.0,6320.0,-1.0,1,0.9944444444444445,0.9944444444444445,0.18285995622241202,0.18285995622241202,1.0,True,3,0.961111111111111,0.9833333333333334,0.5344444444444446,0.121696574940165,True,1,True,True,1.0,True,1.0
2026-01-13,166980.0,166980.0,0.0,5460.0,0.0,345813800.0,7.124576406741287e-218,1.0,5460.0,-1.0,1,0.9833333333333334,0.9833333333333334,0.1910552367627094,0.1910552367627094,1.0,False,3,0.961111111111111,0.9833333333333334,0.5388888888888889,0.12372532842128052,True,1,True,True,0.6,True,1.0
2026-01-14,161940.0,161940.0,0.0,-2520.0,0.0,404764200.0,7.124576406741287e-218,1.0,-2520.0,-1.0,1,-0.95,0.95,0.12928839116216295,0.12928839116216295,-1.0,True,3,0.961111111111111,0.9833333333333334,0.5388888888888889,0.12435949387728422,True,-1,False,True,0.0,False,1.0
2026-01-15,163220.0,163220.0,0.0,640.0,0.0,411887200.0,7.124576406741287e-218,1.0,640.0,-1.0,1,0.461111111111111,0.461111111111111,0.11836524162052342,0.11836524162052342,1.0,True,1,0.961111111111111,0.9833333333333334,0.5344444444444446,0.12435949387728422,False,1,False,True,0.0,False,0.0
2026-01-16,146200.0,146200.0,0.0,-8510.0,0.0,412600600.0,7.124576406741287e-218,1.0,-8510.0,-1.0,1,-0.9944444444444445,0.9944444444444445,0.01919815886124887,0.01919815886124887,-1.0,True,3,0.9622222222222222,0.9838888888888887,0.5344444444444446,0.12435949387728422,False,-1,True,True,1.0,True,-1.0
2026-01-19,147260.0,147260.0,0.0,530.0,0.0,525280600.0,7.124576406741287e-218,1.0,530.0,-1.0,1,0.37222222222222223,0.37222222222222223,-0.05804081674804351,0.05804081674804351,1.0,True,0,0.9622222222222222,0.9838888888888887,0.5344444444444446,0.12435949387728422,False,1,False,True,0.0,False,-1.0
2026-01-20,160500.0,160500.0,0.0,6620.0,0.0,522816600.0,7.124576406741287e-218,1.0,6620.0,-1.0,1,0.9944444444444445,0.9944444444444445,-0.039580102195785116,0.039580102195785116,1.0,False,3,0.9722222222222222,0.9944444444444445,0.5388888888888889,0.12435949387728422,False,1,True,False,0.6,False,0.0
2026-01-21,166740.0,166740.0,0.0,3120.0,0.0,596736600.0,7.124576406741287e-218,1.0,3120.0,-1.0,1,0.8944444444444444,0.8944444444444444,0.029209816724497628,0.029209816724497628,1.0,False,3,0.9722222222222222,0.9944444444444445,0.5388888888888889,0.12435949387728422,False,1,False,False,0.0,False,0.0
2026-01-22,168780.0,168780.0,0.0,1020.0,0.0,611765200.0,7.124576406741287e-218,1.0,1020.0,-1.0,1,0.6166666666666667,0.6166666666666667,0.033497107688722494,0.033497107688722494,1.0,False,1,0.9722222222222222,0.9944444444444445,0.538888888888889,0.12435949387728422,False,1,False,False,0.0,False,0.0
2026-01-23,181520.0,181520.0,0.0,6370.0,0.0,595965800.0,7.124576406741287e-218,1.0,6370.0,-1.0,1,0.9833333333333334,0.9833333333333334,0.21639029315590896,0.21639029315590896,1.0,False,3,0.9722222222222223,0.9944444444444445,0.5422222222222223,0.12946166015631116,True,1,True,True,0.6,True,0.6
2026-01-26,165680.0,165680.0,0.0,-7920.0,0.0,667614800.0,7.124576406741287e-218,1.0,-7920.0,-1.0,1,-0.9833333333333333,0.9833333333333333,0.11785848514675656,0.11785848514675656,-1.0,True,3,0.9722222222222223,0.9944444444444445,0.5511111111111112,0.12946166015631116,False,-1,True,True,0.6,True,0.6
2026-01-27,179600.0,179600.0,0.0,6960.0,0.0,792347600.0,7.124576406741287e-218,1.0,6960.0,-1.0,1,0.9944444444444445,0.9944444444444445,0.11243821329802905,0.11243821329802905,1.0,True,3,0.9733333333333334,0.9944444444444445,0.5511111111111112,0.12946166015631116,False,1,True,True,0.6,True,0.6
2026-01-28,166280.0,166280.0,0.0,-6660.0,0.0,864730800.0,7.124576406741287e-218,1.0,-6660.0,-1.0,1,-0.9722222222222222,0.9722222222222222,-0.002762598598030408,0.002762598598030408,-1.0,True,3,0.9733333333333334,0.9944444444444445,0.558888888888889,0.12946166015631116,False,-1,False,True,0.0,False,0.6
2026-01-29,164820.0,164820.0,0.0,-730.0,0.0,884997000.0,7.124576406741287e-218,1.0,-730.0,-1.0,1,-0.6944444444444444,0.6944444444444444,-0.023742122394581955,0.023742122394581955,-1.0,False,1,0.9733333333333334,0.9944444444444445,0.558888888888889,0.12946166015631116,False,-1,False,False,0.0,False,0.0
2026-01-30,148200.0,148200.0,0.0,-8310.0,0.0,882254000.0,7.124576406741287e-218,1.0,-8310.0,-1.0,1,-0.9833333333333333,0.9833333333333333,-0.2028031276096005,0.2028031276096005,-1.0,False,3,0.9833333333333333,0.9944444444444445,0.558888888888889,0.1316266458970098,True,-1,False,True,0.0,False,0.0
2026-02-02,132440.0,132440.0,0.0,-7880.0,0.0,1020366200.0,7.124576406741287e-218,1.0,-7880.0,-1.0,1,-0.9611111111111111,0.9611111111111111,-0.22392850440828305,0.22392850440828305,-1.0,False,3,0.9833333333333333,0.9944444444444445,0.5711111111111112,0.13719062334784446,True,-1,False,True,0.0,False,0.0
2026-02-03,148100.0,148100.0,0.0,7830.0,0.0,1109275000.0,7.124576406741287e-218,1.0,7830.0,-1.0,1,0.9944444444444445,0.9944444444444445,-0.19284443459434542,0.19284443459434542,1.0,True,3,0.9833333333333333,0.9944444444444445,0.5711111111111112,0.1384522999906588,True,1,True,True,0.6,True,0.6
2026-02-04,147220.0,147220.0,0.0,-440.0,0.0,1200212000.0,7.124576406741287e-218,1.0,-440.0,-1.0,1,-0.5388888888888889,0.5388888888888889,-0.12174504775387618,0.12174504775387618,-1.0,True,1,0.9833333333333333,0.9944444444444445,0.558888888888889,0.1384522999906588,False,-1,False,True,0.0,False,0.6
2026-02-05,132780.0,132780.0,0.0,-7220.0,0.0,1191094400.0,7.124576406741287e-218,1.0,-7220.0,-1.0,1,-0.95,0.95,-0.21616034604422474,0.21616034604422474,-1.0,False,3,0.9833333333333333,0.9944444444444445,0.558888888888889,0.14166932518432215,True,-1,False,True,0.0,False,0.0
2026-02-06,132920.0,132920.0,0.0,70.0,0.0,1291706200.0,7.124576406741287e-218,1.0,70.0,-1.0,1,-0.11111111111111105,0.11111111111111105,-0.10881526937559194,0.10881526937559194,1.0,True,0,0.9833333333333333,0.9944444444444445,0.558888888888889,0.14166932518432215,False,-1,False,True,0.0,False,0.0
2026-02-09,137000.0,137000.0,0.0,2040.0,0.0,1290467800.0,7.124576406741287e-218,1.0,2040.0,-1.0,1,0.7611111111111111,0.7611111111111111,0.033851213149080905,0.033851213149080905,1.0,False,1,0.9833333333333333,0.9944444444444445,0.5711111111111112,0.14166932518432215,False,1,False,False,0.0,False,0.0
2026-02-10,137340.0,137340.0,0.0,170.0,0.0,1218906200.0,7.124576406741287e-218,1.0,170.0,-1.0,1,0.03333333333333344,0.03333333333333344,-0.07542811808122352,0.07542811808122352,1.0,False,0,0.9833333333333333,0.9944444444444445,0.5711111111111112,0.14166932518432215,False,1,False,False,0.0,False,0.0
2026-02-11,150260.0,150260.0,0.0,6460.0,0.0,1159340800.0,7.124576406741287e-218,1.0,6460.0,-1.0,1,0.961111111111111,0.961111111111111,0.02043906031045495,0.02043906031045495,1.0,False,3,0.9833333333333333,0.9944444444444445,0.5711111111111112,0.14166932518432215,False,1,False,False,0.0,False,0.0
2026-02-12,149420.0,149420.0,0.0,-420.0,0.0,1230103200.0,7.124576406741287e-218,1.0,-420.0,-1.0,1,-0.5277777777777777,0.5277777777777777,0.11806750925664211,0.11806750925664211,-1.0,True,1,0.9833333333333333,0.9944444444444445,0.558888888888889,0.14166932518432215,False,-1,False,True,0.0,False,0.0
2026-02-13,152640.0,152640.0,0.0,1610.0,0.0,1229636800.0,7.124576406741287e-218,1.0,1610.0,-1.0,1,0.7055555555555555,0.7055555555555555,0.1383347642135817,0.1383347642135817,1.0,True,1,0.9833333333333333,0.9944444444444445,0.5711111111111112,0.14166932518432215,False,1,False,True,0.0,False,0.0
2026-02-24,164120.0,164120.0,0.0,5740.0,0.0,1089980800.0,7.124576406741287e-218,1.0,5740.0,-1.0,1,0.9277777777777778,0.9277777777777778,0.18061694174585874,0.18061694174585874,1.0,False,3,0.9833333333333333,0.9944444444444445,0.5711111111111112,0.1518660455384486,True,1,False,True,0.0,False,0.0
2026-02-25,166480.0,166480.0,0.0,1180.0,0.0,1155314200.0,7.124576406741287e-218,1.0,1180.0,-1.0,1,0.5722222222222222,0.5722222222222222,0.19241557889284877,0.19241557889284877,1.0,False,1,0.9833333333333333,0.9944444444444445,0.5755555555555556,0.15584318462386973,True,1,False,True,0.0,False,0.0
2026-02-26,173660.0,173660.0,0.0,3590.0,0.0,1070450200.0,7.124576406741287e-218,1.0,3590.0,-1.0,1,0.8500000000000001,0.8500000000000001,0.1447322376914837,0.1447322376914837,1.0,False,1,0.9833333333333333,0.9944444444444445,0.5755555555555556,0.15584318462386973,False,1,False,False,0.0,False,0.0
2026-02-27,176040.0,176040.0,0.0,1190.0,0.0,1076757600.0,7.124576406741287e-218,1.0,1190.0,-1.0,1,0.5666666666666667,0.5666666666666667,0.1639501093952358,0.1639501093952358,1.0,False,1,0.9833333333333333,0.9944444444444445,0.5700000000000001,0.15870950411001325,True,1,False,True,0.0,False,0.0
2026-03-02,172020.0,172020.0,0.0,-2010.0,0.0,1077509000.0,7.124576406741287e-218,1.0,-2010.0,-1.0,1,-0.8722222222222222,0.8722222222222222,0.11952854142335845,0.11952854142335845,-1.0,True,1,0.9833333333333333,0.9944444444444445,0.5755555555555556,0.15870950411001325,False,-1,False,True,0.0,False,0.0
2026-03-03,150860.0,150860.0,0.0,-10580.0,0.0,1004435400.0,7.124576406741287e-218,1.0,-10580.0,-1.0,1,-0.9944444444444445,0.9944444444444445,-0.0842456131485001,0.0842456131485001,-1.0,False,3,0.9833333333333333,0.9944444444444445,0.5755555555555556,0.15870950411001325,False,-1,True,False,0.6,False,0.0
2026-03-04,153060.0,153060.0,0.0,1100.0,0.0,1102855400.0,7.124576406741287e-218,1.0,1100.0,-1.0,1,0.5222222222222221,0.5222222222222221,-0.08404518070360467,0.08404518070360467,1.0,True,1,0.9833333333333333,0.9944444444444445,0.5755555555555556,0.15870950411001325,False,1,False,True,0.0,False,0.0
2026-03-05,155860.0,141834.8607664093,-4207.541770077206,1400.0,0.0,1008392200.0,7.124576406741287e-218,1.0,1400.0,-1.0,1,1.6222222222222222,1.6222222222222222,-0.10814119621708329,0.10814119621708329,1.0,False,3,0.9833333333333333,0.9944444444444445,0.5844444444444445,0.15870950411001325,False,1,True,False,1.0,False,0.0
2026-03-06,156160.0,142187.46483884228,-4191.760548347316,150.0,-11781116.956216175,923601000.0,0.0,1.0,150.0,-1.0,1,0.9666666666666667,0.9666666666666667,-0.11983011927810949,0.11983011927810949,1.0,False,3,0.9833333333333333,0.9944444444444445,0.6055555555555558,0.15870950411001325,False,1,False,False,0.0,False,0.0
2026-03-09,161060.0,141428.52114821397,-5889.443655535809,2450.0,-13038645.120720372,922580200.0,0.0,1.0,2450.0,-1.0,1,1.7555555555555555,1.7555555555555555,-0.06583378275593432,0.06583378275593432,1.0,False,3,0.9833333333333334,0.9944444444444445,0.6233333333333334,0.15870950411001325,False,1,True,False,1.0,False,0.0
2026-03-10,163000.0,144124.46483922502,-5662.660548232493,970.0,-41896919.03284584,796473000.0,0.0,1.0,970.0,-1.0,1,1.4333333333333331,1.4333333333333331,0.07739794638127862,0.07739794638127862,1.0,False,3,0.9833333333333334,0.9944444444444445,0.6233333333333334,0.15870950411001325,False,1,True,False,1.0,False,0.0
2026-03-11,155040.0,146459.7624636566,-2574.071260903019,-3980.0,-52882480.49641688,674166000.0,0.0,1.0,-3980.0,-1.0,1,0.04999999999999993,0.04999999999999993,0.01285314676068161,0.01285314676068161,-1.0,True,0,0.9833333333333334,0.9944444444444445,0.6055555555555558,0.15870950411001325,False,1,False,True,0.0,False,0.0
2026-03-12,156980.0,147039.8069810796,-2982.05790567612,970.0,-32392873.259628844,583229000.0,0.0,1.0,970.0,-1.0,1,1.3944444444444444,1.3944444444444444,0.007160240283251795,0.007160240283251795,1.0,True,3,0.9833333333333334,0.9944444444444445,0.6233333333333334,0.15870950411001325,False,1,True,True,1.0,True,1.0
2026-03-13,152080.0,147445.13449159093,-1390.4596525227214,-2450.0,-38178065.59664051,584723600.0,0.0,1.0,-2450.0,-1.0,1,0.07777777777777783,0.07777777777777783,-0.026474424484607795,0.026474424484607795,-1.0,True,0,0.9833333333333334,0.9944444444444445,0.6233333333333334,0.15870950411001325,False,1,False,True,0.0,False,1.0
2026-03-16,159620.0,145643.718203054,-4192.884539083796,3770.0,-31364813.299279176,492471800.0,0.0,1.0,3770.0,-1.0,1,1.8222222222222224,1.8222222222222224,-0.008980975919536505,0.008980975919536505,1.0,True,3,0.9844444444444445,0.9944444444444445,0.6344444444444445,0.15870950411001325,False,1,True,True,1.0,True,1.0
2026-03-17,155320.0,146591.95985088387,-2618.4120447348396,-2150.0,-62979162.723970994,520887800.0,0.0,1.0,-2150.0,-1.0,1,0.0888888888888889,0.0888888888888889,-0.04826269594329702,0.04826269594329702,-1.0,True,0,0.9844444444444445,0.9944444444444445,0.6344444444444445,0.15870950411001325,False,1,False,True,0.0,False,1.0
2026-03-18,150120.0,145435.21520647095,-1405.4354380587145,-2600.0,-51719990.9316112,521809600.0,0.0,1.0,-2600.0,-1.0,1,0.0444444444444444,0.0444444444444444,-0.03224817387563661,0.03224817387563661,-1.0,False,0,0.9844444444444445,0.9944444444444445,0.6344444444444445,0.15870950411001325,False,1,False,False,0.0,False,0.0
2026-03-19,142600.0,144135.34991738145,460.60497521443466,-3760.0,-44411726.653705865,535271800.0,0.0,1.0,-3760.0,-1.0,1,-1.8777777777777778,1.8777777777777778,-0.09607490071847202,0.09607490071847202,-1.0,False,3,0.9944444444444445,0.9944444444444445,0.6344444444444445,0.15870950411001325,False,-1,True,False,1.0,False,0.0
2026-03-20,143860.0,141552.57577245517,-692.2272682634502,630.0,-47875476.06731843,480083800.0,0.0,1.0,630.0,-1.0,1,1.1222222222222222,1.1222222222222222,-0.055566093740964106,0.055566093740964106,1.0,True,3,0.9944444444444445,0.9944444444444445,0.6422222222222222,0.15870950411001325,False,1,True,True,1.0,True,1.0
2026-03-23,149040.0,138849.5936432196,-3057.1219070341235,2590.0,-48747682.42533038,480524800.0,0.0,1.0,2590.0,-1.0,1,1.711111111111111,1.711111111111111,-0.06858126415452936,0.06858126415452936,1.0,False,3,0.9944444444444445,0.9944444444444445,0.6422222222222222,0.15870950411001325,False,1,True,False,1.0,False,1.0
2026-03-24,152940.0,138455.03486057947,-4345.4895418261585,1950.0,-64583573.90376714,488756800.0,0.0,1.0,1950.0,-1.0,1,1.6444444444444444,1.6444444444444444,-0.015441817247387135,0.015441817247387135,1.0,False,3,0.9944444444444445,1.0008333333333312,0.657777777777778,0.15870950411001325,False,1,True,False,1.0,False,1.0
2026-03-25,159120.0,142667.05202934975,-4935.8843911950735,3090.0,-81530983.11688915,430466600.0,0.0,1.0,3090.0,-1.0,1,1.7777777777777777,1.7777777777777777,0.05822366027889814,0.05822366027889814,1.0,False,3,0.9944444444444445,1.1358333333333286,0.6700000000000002,0.15870950411001325,False,1,True,False,1.0,False,1.0
2026-03-26,157200.0,144870.3665037893,-3698.8900488632116,-960.0,-112034748.6544747,446778000.0,0.0,1.0,-960.0,-1.0,1,0.24444444444444435,0.24444444444444435,0.09747537201491063,0.09747537201491063,-1.0,True,0,0.9944444444444445,1.1358333333333286,0.657777777777778,0.15870950411001325,False,1,False,True,0.0,False,1.0
2026-03-27,168440.0,147041.1482343581,-6419.6555296925735,5620.0,-104932879.76065734,422845000.0,0.0,1.0,5620.0,-1.0,1,1.9111111111111112,1.9111111111111112,0.15773899885451748,0.15773899885451748,1.0,True,3,0.9944444444444445,1.3963888888888882,0.6700000000000002,0.15870950411001325,False,1,True,True,1.0,True,1.0
2026-03-30,171620.0,152814.23914160777,-5641.728257517668,1590.0,-177089807.9144019,483181600.0,0.0,1.0,1590.0,-1.0,1,1.5611111111111113,1.5611111111111113,0.1410680040856409,0.1410680040856409,1.0,False,3,0.9944444444444445,1.43972222222222,0.6755555555555557,0.15870950411001325,False,1,True,False,1.0,False,1.0
2026-03-31,157200.0,153400.98143422123,-1139.7055697336298,-7210.0,-195030503.77330807,480157600.0,0.0,1.0,-7210.0,-1.0,1,-0.11111111111111116,0.11111111111111116,0.02747319237902701,0.02747319237902701,-1.0,True,0,0.9944444444444445,1.43972222222222,0.6700000000000002,0.15870950411001325,False,-1,False,True,0.0,False,1.0
2026-04-01,158620.0,151997.60393631738,-1986.718819104787,710.0,-178595949.45774913,360253000.0,0.0,1.0,710.0,-1.0,1,1.088888888888889,1.088888888888889,-0.0031472298905441676,0.0031472298905441676,1.0,True,3,0.9944444444444445,1.43972222222222,0.6755555555555557,0.15870950411001325,False,1,True,True,0.6,True,0.6
2026-04-02,159140.0,148450.58376255244,-3206.824871234267,260.0,-181417090.18087792,358841200.0,0.0,1.0,260.0,-1.0,1,0.8999999999999999,0.8999999999999999,0.012265437954283698,0.012265437954283698,1.0,False,1,0.9944444444444445,1.43972222222222,0.6844444444444445,0.15870950411001325,False,1,False,False,0.0,False,0.6
2026-04-03,157860.0,148547.37368923033,-2793.787893230902,-640.0,-171303522.15770355,355056400.0,0.0,1.0,-640.0,-1.0,1,0.2777777777777778,0.2777777777777778,-0.06487103901347169,0.06487103901347169,-1.0,True,0,0.9944444444444445,1.43972222222222,0.6844444444444445,0.15870950411001325,False,1,False,True,0.0,False,0.0
2026-04-07,160860.0,148320.5711734246,-3761.82864797262,1500.0,-166469945.48986378,355830600.0,0.0,1.0,1500.0,-1.0,1,1.4777777777777776,1.4777777777777776,-0.06474830890305228,0.06474830890305228,1.0,True,3,0.9944444444444445,1.481944444444443,0.6922222222222223,0.15870950411001325,False,1,True,True,0.6,True,0.6
2026-04-08,159620.0,148371.59091877352,-3374.522724367943,-620.0,-148897157.5216562,348325600.0,0.0,1.0,-620.0,-1.0,1,0.3111111111111111,0.3111111111111111,0.01527711045275737,0.01527711045275737,-1.0,True,0,0.9944444444444445,1.481944444444443,0.6922222222222223,0.15870950411001325,False,1,False,True,0.0,False,0.6
2026-04-09,153560.0,144360.78203422937,-2759.765389731189,-3030.0,-133727187.87986892,347212600.0,0.0,1.0,-3030.0,-1.0,1,-0.022222222222222254,0.022222222222222254,-0.03242003452257691,0.03242003452257691,-1.0,False,0,0.9944444444444445,1.481944444444443,0.6922222222222223,0.15870950411001325,False,-1,False,False,0.0,False,0.0
2026-04-10,157600.0,144912.6006954293,-3806.219791371206,2020.0,-137492616.85488597,333893600.0,0.0,1.0,2020.0,-1.0,1,1.55,1.55,-0.009724140525610991,0.009724140525610991,1.0,True,3,0.9944444444444445,1.5505555555555555,0.6944444444444444,0.15870950411001325,False,1,True,True,0.6,True,0.6
2026-04-13,166500.0,144656.66173156214,-6553.001480531358,4450.0,-147084552.47501394,340172600.0,0.0,1.0,4450.0,-1.0,1,1.8888888888888888,1.8888888888888888,0.053286745140242786,0.053286745140242786,1.0,False,3,0.9944444444444445,1.5641666666666658,0.6944444444444444,0.15870950411001325,False,1,True,False,1.0,False,0.6
2026-04-14,166840.0,148407.03403625372,-5529.889789123882,170.0,-212219517.9491044,367772600.0,0.0,1.0,170.0,-1.0,1,0.8611111111111112,0.8611111111111112,0.036500847852822815,0.036500847852822815,1.0,False,1,0.9944444444444445,1.5641666666666658,0.7011111111111111,0.15870950411001325,False,1,False,False,0.0,False,0.6
2026-04-15,168660.0,153433.30967448582,-4568.007097654254,910.0,-182485331.05271465,339404600.0,0.0,1.0,910.0,-1.0,1,1.2555555555555555,1.2555555555555555,0.055088863698632196,0.055088863698632196,1.0,False,3,0.9944444444444445,1.5641666666666658,0.7055555555555555,0.15870950411001325,False,1,True,False,0.6,False,0.0
2026-04-16,176000.0,152292.17955112102,-7112.346134663693,3670.0,-202058275.7628052,331815800.0,0.0,1.0,3670.0,-1.0,1,1.8222222222222222,1.8222222222222222,0.1363926249055556,0.1363926249055556,1.0,False,3,1.0038888888888884,1.6233333333333329,0.7055555555555555,0.15870950411001325,False,1,True,False,1.0,False,0.0
2026-04-17,177560.0,153725.88834854594,-7150.233495436219,780.0,-261571160.66914204,345233600.0,0.0,1.0,780.0,-1.0,1,1.2666666666666666,1.2666666666666666,0.11924840254205549,0.11924840254205549,1.0,False,3,1.0922222222222222,1.6233333333333329,0.7055555555555555,0.15870950411001325,False,1,True,False,0.6,False,0.0
2026-04-20,180200.0,156356.2594145916,-7153.122175622521,1320.0,-269261775.50841,318175200.0,0.0,1.0,1320.0,-1.0,1,1.4444444444444444,1.4444444444444444,0.07907203575373956,0.07907203575373956,1.0,False,3,1.1355555555555548,1.6233333333333329,0.7055555555555555,0.15870950411001325,False,1,True,False,0.6,False,0.0
2026-04-21,174260.0,156823.88774301956,-5230.833677094132,-2970.0,-287273811.6940415,320866200.0,0.0,1.0,-2970.0,-1.0,1,0.06666666666666665,0.06666666666666665,0.04351316747439604,0.04351316747439604,-1.0,True,0,1.1355555555555548,1.6233333333333329,0.7011111111111111,0.15870950411001325,False,1,False,True,0.0,False,0.0
2026-04-22,175240.0,156181.9398745627,-5717.418037631191,490.0,-240366768.1736656,325091800.0,0.0,1.0,490.0,-1.0,1,1.0222222222222224,1.0222222222222224,0.038271608799202994,0.038271608799202994,1.0,True,3,1.1355555555555548,1.6233333333333329,0.7011111111111111,0.15870950411001325,False,1,False,True,0.0,False,0.0
2026-04-23,177960.0,158396.66278927302,-5869.001163218095,1360.0,-229022428.6374221,317967000.0,0.0,1.0,1360.0,-1.0,1,1.4222222222222223,1.4222222222222223,0.011074810899689425,0.011074810899689425,1.0,False,3,1.2566666666666666,1.6233333333333329,0.7011111111111111,0.15870950411001325,False,1,True,False,0.6,False,0.0
2026-04-24,177900.0,158597.0297042015,-5790.89108873955,-30.0,-214482346.26378977,302570000.0,0.0,1.0,-30.0,-1.0,1,0.6777777777777778,0.6777777777777778,0.001913014705955618,0.001913014705955618,-1.0,True,1,1.2566666666666666,1.6233333333333329,0.6944444444444444,0.15870950411001325,False,1,False,True,0.0,False,0.0
2026-04-27,180560.0,160958.65467665982,-5880.403597002054,1330.0,-221236761.6922828,300728600.0,0.0,1.0,1330.0,-1.0,1,1.3888888888888888,1.3888888888888888,0.001995787335042465,0.001995787335042465,1.0,True,3,1.278888888888888,1.6233333333333329,0.6944444444444444,0.15870950411001325,False,1,True,True,0.6,True,0.6
2026-04-28,178620.0,160814.3087875189,-5341.707363744327,-970.0,-164721707.10656375,241097600.0,0.0,1.0,-970.0,-1.0,1,0.1777777777777777,0.1777777777777777,0.024712207452598278,0.024712207452598278,-1.0,True,0,1.278888888888888,1.6233333333333329,0.6922222222222223,0.15870950411001325,False,1,False,True,0.0,False,0.6
2026-04-29,183880.0,159773.71344252658,-7231.885967242025,2630.0,-136418098.96199355,237923200.0,0.0,1.0,2630.0,-1.0,1,1.7444444444444445,1.7444444444444445,0.04812690799232833,0.04812690799232833,1.0,True,3,1.3894444444444443,1.6477777777777767,0.6944444444444444,0.15870950411001325,False,1,True,True,1.0,True,1.0
2026-04-30,189080.0,161132.22827965088,-8384.331516104736,2600.0,-190892373.46524557,147788800.0,0.0,1.0,2600.0,-1.0,1,1.7222222222222223,1.7222222222222223,0.06061139998719334,0.06061139998719334,1.0,False,3,1.397222222222222,1.7116666666666664,0.6944444444444444,0.15870950411001325,False,1,True,False,1.0,False,1.0
2026-05-06,199400.0,170766.1641578294,-8590.150752651181,5160.0,-231669756.62586135,160300600.0,0.0,1.0,5160.0,-1.0,1,1.8888888888888888,1.8888888888888888,0.11409126285594873,0.11409126285594873,1.0,False,3,1.4233333333333333,1.723333333333333,0.7011111111111111,0.15870950411001325,False,1,True,False,1.0,False,1.0
2026-05-07,199060.0,174939.63630634188,-7236.109108097435,-170.0,-318652563.46017975,213416600.0,0.0,1.0,-170.0,-1.0,1,0.6666666666666666,0.6666666666666666,0.09754315430863691,0.09754315430863691,-1.0,True,1,1.4233333333333333,1.723333333333333,0.7011111111111111,0.15870950411001325,False,1,False,True,0.0,False,1.0
2026-05-08,196560.0,180254.56070473167,-4891.631788580497,-1250.0,-319768334.86676216,212655200.0,0.0,1.0,-1250.0,-1.0,1,0.05555555555555547,0.05555555555555547,0.09570708395718341,0.09570708395718341,-1.0,False,0,1.4233333333333333,1.723333333333333,0.7011111111111111,0.15870950411001325,False,1,False,False,0.0,False,0.0
2026-05-11,205020.0,179212.60639094296,-7742.2180827171105,4230.0,-296253769.45139307,211280200.0,0.0,1.0,4230.0,-1.0,1,1.8444444444444446,1.8444444444444446,0.10882416441722853,0.10882416441722853,1.0,True,3,1.4344444444444442,1.7449999999999999,0.7011111111111111,0.15870950411001325,False,1,True,True,1.0,True,1.0
2026-05-12,205260.0,184998.57639869457,-6078.42708039163,120.0,-365937342.6093961,246297200.0,0.0,1.0,120.0,-1.0,1,0.7277777777777777,0.7277777777777777,0.08210726229253318,0.08210726229253318,1.0,False,1,1.4344444444444442,1.7449999999999999,0.7011111111111111,0.15870950411001325,False,1,False,False,0.0,False,1.0
2026-05-13,201960.0,185626.1996715024,-4900.14009854928,-1650.0,-384120343.3704611,227964200.0,0.0,1.0,-1650.0,-1.0,1,0.0,0.0,0.012756800462977225,0.012756800462977225,-1.0,True,0,1.4344444444444442,1.7449999999999999,0.6944444444444444,0.15870950411001325,False,0,False,True,0.0,False,0.0
2026-05-14,191760.0,183020.6363800939,-2621.80908597183,-5100.0,-352572753.0881088,225248400.0,0.0,1.0,-5100.0,-1.0,1,-0.3222222222222222,0.3222222222222222,-0.03736169669178757,0.03736169669178757,-1.0,False,0,1.4344444444444442,1.7449999999999999,0.6922222222222223,0.1578050133922593,False,-1,False,False,0.0,False,0.0
2026-05-15,188800.0,180192.54703164945,-2582.235890505166,-1480.0,-267508587.23446703,237663400.0,0.0,1.0,-1480.0,-1.0,1,-0.1777777777777777,0.1777777777777777,-0.04027947450152247,0.04027947450152247,-1.0,False,0,1.4344444444444442,1.7449999999999999,0.6844444444444445,0.1520840265127141,False,-1,False,False,0.0,False,0.0
2026-05-18,192180.0,179373.10548854558,-3842.068353436325,1690.0,-257985006.4702696,241986400.0,0.0,1.0,1690.0,-1.0,1,1.2666666666666668,1.2666666666666668,-0.06467510250613273,0.06467510250613273,1.0,True,3,1.4344444444444442,1.7449999999999999,0.6844444444444445,0.14540458354758665,False,1,False,True,0.0,False,0.0
2026-05-19,184400.0,176275.28627768825,-2437.4141166935237,-3890.0,-262657424.58715364,246042400.0,0.0,1.0,-3890.0,-1.0,1,-0.34444444444444455,0.34444444444444455,-0.10717015709507471,0.10717015709507471,-1.0,True,0,1.4344444444444442,1.7449999999999999,0.6844444444444445,0.14143442744622517,False,-1,False,True,0.0,False,0.0
2026-05-20,183100.0,168561.38980604475,-4361.583058186574,-650.0,-191489722.13084653,249368800.0,0.0,1.0,-650.0,-1.0,1,0.188888888888889,0.188888888888889,-0.09803720631025037,0.09803720631025037,-1.0,False,0,1.4344444444444442,1.7449999999999999,0.6755555555555557,0.14143442744622517,False,1,False,False,0.0,False,0.0
2026-05-21,177600.0,171703.78959779348,-1768.8631206619552,-2750.0,-174665299.90232348,248997000.0,0.0,1.0,-2750.0,-1.0,1,-0.3222222222222223,0.3222222222222223,-0.07671075956806028,0.07671075956806028,-1.0,False,0,1.4344444444444442,1.7449999999999999,0.6700000000000002,0.14143442744622517,False,-1,False,False,0.0,False,0.0
2026-05-22,184460.0,167239.23336099228,-5166.2299917023165,3430.0,-146052310.19503924,260637200.0,0.0,1.0,3430.0,-1.0,1,1.5333333333333332,1.5333333333333332,-0.023255615903828186,0.023255615903828186,1.0,True,3,1.4477777777777776,1.7449999999999999,0.6700000000000002,0.14143442744622517,False,1,True,True,0.6,True,0.6
2026-05-25,181200.0,172614.31786442758,-2575.7046406717272,-1630.0,-212563799.98005635,266525200.0,0.0,1.0,-1630.0,-1.0,1,-0.21111111111111114,0.21111111111111114,-0.05883103924024269,0.05883103924024269,-1.0,True,0,1.4477777777777776,1.7449999999999999,0.6666666666666667,0.14143442744622517,False,-1,False,True,0.0,False,0.6
2026-05-26,175960.0,170372.69482785932,-1676.1915516422043,-2620.0,-198563933.17458788,271358800.0,0.0,1.0,-2620.0,-1.0,1,-0.3555555555555556,0.3555555555555556,-0.04685061464197382,0.04685061464197382,-1.0,False,0,1.4477777777777776,1.7449999999999999,0.6577777777777779,0.14143442744622517,False,-1,False,False,0.0,False,0.0
2026-05-27,173000.0,167215.80392680308,-1735.2588219590746,-1480.0,-173817006.28002954,281388400.0,0.0,1.0,-1480.0,-1.0,1,-0.25,0.25,-0.056740857182687066,0.056740857182687066,-1.0,False,0,1.4477777777777776,1.7449999999999999,0.6422222222222222,0.14143442744622517,False,-1,False,False,0.0,False,0.0
2026-05-28,178860.0,166058.44619733805,-3840.466140798584,2930.0,-169028093.63235506,285767400.0,0.0,1.0,2930.0,-1.0,1,1.3666666666666667,1.3666666666666667,0.007069546359966594,0.007069546359966594,1.0,True,3,1.4477777777777776,1.7449999999999999,0.6577777777777779,0.14143442744622517,False,1,False,True,0.0,False,0.0
2026-05-29,179740.0,167631.34732135976,-3632.5958035920717,440.0,-175891351.6494093,299399400.0,0.0,1.0,440.0,-1.0,1,0.688888888888889,0.688888888888889,-0.02592127557734436,0.02592127557734436,1.0,False,1,1.4477777777777776,1.7449999999999999,0.6666666666666667,0.14143442744622517,False,1,False,False,0.0,False,0.0
2026-06-01,178900.0,169434.53378802782,-2839.6398635916526,-420.0,-189450948.24223432,297904800.0,0.0,1.0,-420.0,-1.0,1,0.12777777777777777,0.12777777777777777,-0.012774403094207187,0.012774403094207187,-1.0,True,0,1.4477777777777776,1.7449999999999999,0.6666666666666667,0.14143442744622517,False,1,False,True,0.0,False,0.0
2026-06-02,172980.0,167811.4067137504,-1550.5779858748836,-2960.0,-149025930.5691243,284423800.0,0.0,1.0,-2960.0,-1.0,1,-0.4222222222222223,0.4222222222222223,-0.017080715602153518,0.017080715602153518,-1.0,False,0,1.4477777777777776,1.7449999999999999,0.6666666666666667,0.14143442744622517,False,-1,False,False,0.0,False,0.0
2026-06-03,166760.0,162599.42636491478,-1248.1720905255672,-3110.0,-96247985.00900032,288427000.0,0.0,1.0,-3110.0,-1.0,1,-0.47777777777777786,0.47777777777777786,-0.036735941485181556,0.036735941485181556,-1.0,False,0,1.4477777777777776,1.7449999999999999,0.6666666666666667,0.14143442744622517,False,-1,False,False,0.0,False,0.0
2026-06-04,160740.0,161404.4495899713,199.33487699139224,-3010.0,166001.1614288995,254520000.0,0.5,0.5,-1405.3325615043038,0.0,1,-1.8,1.8,-0.106815224133463,0.106815224133463,-1.0,False,3,1.483333333333333,1.7566666666666662,0.6666666666666667,0.14143442744622517,False,-1,True,False,1.0,False,0.0
2026-06-05,164360.0,155961.71562852527,-2519.4853114424186,1810.0,-3494271.894812416,272582400.0,0.0,1.0,1810.0,-1.0,1,1.0222222222222221,1.0222222222222221,-0.08945221821501903,0.08945221821501903,1.0,True,3,1.483333333333333,1.7566666666666662,0.6666666666666667,0.14143442744622517,False,1,False,True,0.0,False,0.0
2026-06-08,163340.0,156410.98660979304,-2078.7040170620894,-510.0,-24843888.193685204,276009600.0,0.0,1.0,-510.0,-1.0,1,0.0,0.0,-0.09099307258454381,0.09099307258454381,-1.0,True,0,1.483333333333333,1.7566666666666662,0.6666666666666667,0.14143442744622517,False,0,False,True,0.0,False,0.0
2026-06-09,168460.0,155949.40032077,-3753.179903769004,2560.0,42775554.88350488,240744000.0,0.5,0.5,-596.5899518845019,0.0,1,1.2666666666666666,1.2666666666666666,-0.0264776479911486,0.0264776479911486,-1.0,False,3,1.483333333333333,1.7566666666666662,0.6666666666666667,0.14143442744622517,False,1,False,False,0.0,False,0.0
2026-06-10,167400.0,157982.7965064371,-2825.1610480688714,-530.0,25018096.27550156,253822400.0,0.5,0.5,-1677.5805240344357,0.0,1,0.0888888888888888,0.0888888888888888,0.003830505042778043,0.003830505042778043,-1.0,False,0,1.483333333333333,1.7566666666666662,0.6666666666666667,0.14143442744622517,False,1,False,False,0.0,False,0.0
2026-06-11,174600.0,158949.56655941252,-4695.130032176245,3600.0,11842304.661241949,248939200.0,0.5,0.5,-547.5650160881223,0.0,1,1.511111111111111,1.511111111111111,0.08270949062092825,0.08270949062092825,-1.0,False,3,1.5133333333333332,1.7566666666666662,0.6700000000000002,0.14143442744622517,False,1,False,False,0.0,False,0.0
2026-06-12,175300.0,161863.49623235018,-4030.951130294945,350.0,-48705084.24733968,222839200.0,0.0,1.0,350.0,-1.0,1,0.6944444444444444,0.6944444444444444,0.0644396479119802,0.0644396479119802,1.0,True,1,1.5133333333333332,1.7566666666666662,0.6700000000000002,0.14143442744622517,False,1,False,True,0.0,False,0.0
2026-06-15,174440.0,162728.6761514287,-3513.3971545713925,-430.0,-59170168.27444144,218703400.0,0.0,1.0,-430.0,-1.0,1,0.13333333333333341,0.13333333333333341,0.06574692504443647,0.06574692504443647,-1.0,True,0,1.5133333333333332,1.7566666666666662,0.6666666666666667,0.14143442744622517,False,1,False,True,0.0,False,0.0
2026-06-16,169980.0,162383.12569721357,-2279.062290835928,-2230.0,-43162455.68689526,213361000.0,0.0,1.0,-2230.0,-1.0,1,-0.3555555555555555,0.3555555555555555,0.008982450183262713,0.008982450183262713,-1.0,False,0,1.5133333333333332,1.7566666666666662,0.6666666666666667,0.14143442744622517,False,-1,False,False,0.0,False,0.0
2026-06-17,171300.0,162189.6228862088,-2733.1131341373634,660.0,-51960919.69764264,193042600.0,0.0,1.0,660.0,-1.0,1,0.6444444444444444,0.6444444444444444,0.023030247274698823,0.023030247274698823,1.0,True,1,1.5133333333333332,1.7566666666666662,0.6666666666666667,0.14143442744622517,False,1,False,True,0.0,False,0.0
2026-06-18,160500.0,162015.1177987696,454.5353396308841,-5400.0,-61238687.01034649,193068800.0,0.0,1.0,-5400.0,-1.0,1,-1.8777777777777778,1.8777777777777778,-0.08420370083543105,0.08420370083543105,-1.0,True,3,1.5349999999999997,1.7788888888888885,0.6666666666666667,0.14143442744622517,False,-1,True,True,1.0,True,-1.0
2026-06-22,161740.0,152899.3471376544,-2652.195858703679,620.0,-75876415.8420008,236263800.0,0.0,1.0,620.0,-1.0,1,0.5888888888888888,0.5888888888888888,-0.08050868425951307,0.08050868425951307,1.0,True,1,1.5349999999999997,1.7788888888888885,0.6666666666666667,0.14143442744622517,False,1,False,True,0.0,False,-1.0
2026-06-23,157220.0,154179.98514426616,-912.0044567201519,-2260.0,-43724800.96371548,213502800.0,0.0,1.0,-2260.0,-1.0,1,-0.48888888888888893,0.48888888888888893,-0.10393474460895469,0.10393474460895469,-1.0,True,0,1.5349999999999997,1.7788888888888885,0.6666666666666667,0.14143442744622517,False,-1,False,True,0.0,False,0.0
2026-06-24,162740.0,152687.70834730216,-3015.687495809351,2760.0,-47999337.94793023,218404200.0,0.0,1.0,2760.0,-1.0,1,1.2,1.2,-0.04352694780196842,0.04352694780196842,1.0,True,3,1.5349999999999997,1.7788888888888885,0.6700000000000002,0.14143442744622517,False,1,False,True,0.0,False,0.0
2026-06-25,150840.0,153298.45342431084,737.5360272932506,-5950.0,-73429176.65540299,219910600.0,0.0,1.0,-5950.0,-1.0,1,-1.9,1.9,-0.1271967329399164,0.1271967329399164,-1.0,True,3,1.551111111111111,1.8011111111111107,0.6733333333333335,0.14143442744622517,False,-1,True,True,1.0,True,-1.0
2026-06-26,150220.0,149700.55080334644,-155.8347589960671,-310.0,-87342221.49319154,286334800.0,0.0,1.0,-310.0,-1.0,1,-0.12222222222222223,0.12222222222222223,-0.06619305631220485,0.06619305631220485,-1.0,False,0,1.551111111111111,1.8011111111111107,0.6733333333333335,0.14143442744622517,False,-1,False,False,0.0,False,-1.0
2026-06-29,153920.0,147556.972608892,-1908.9082173323957,1850.0,-64740472.35753427,269357200.0,0.0,1.0,1850.0,-1.0,1,0.8444444444444446,0.8444444444444446,-0.04955712075027918,0.04955712075027918,1.0,True,1,1.551111111111111,1.8011111111111107,0.6844444444444445,0.14143442744622517,False,1,False,True,0.0,False,0.0
2026-06-30,163360.0,152103.3929971404,-3376.9821008578756,4720.0,-68606748.45450312,275815000.0,0.0,1.0,4720.0,-1.0,1,1.422222222222222,1.422222222222222,0.03831025605074423,0.03831025605074423,1.0,False,3,1.551111111111111,1.8011111111111107,0.688888888888889,0.14143442744622517,False,1,False,False,0.0,False,0.0
2026-07-01,164560.0,155046.77096466764,-2853.9687105997086,600.0,-102870756.97201844,320019000.0,0.0,1.0,600.0,-1.0,1,0.5777777777777778,0.5777777777777778,0.01112141007619094,0.01112141007619094,1.0,False,1,1.551111111111111,1.8011111111111107,0.6844444444444445,0.14143442744622517,False,1,False,False,0.0,False,0.0
2026-07-02,164040.0,158986.65689333453,-1516.0029319996422,-260.0,-115474941.1011174,303215800.0,0.0,1.0,-260.0,-1.0,1,-0.07222222222222219,0.07222222222222219,0.08389062813370174,0.08389062813370174,-1.0,True,0,1.551111111111111,1.8011111111111107,0.6733333333333335,0.14143442744622517,False,-1,False,True,0.0,False,0.0
2026-07-03,168780.0,161553.4172773239,-2167.974816802831,2370.0,-122450249.97954662,284006800.0,0.0,1.0,2370.0,-1.0,1,0.8888888888888888,0.8888888888888888,0.11649520547195458,0.11649520547195458,1.0,True,1,1.551111111111111,1.8011111111111107,0.6844444444444445,0.14143442744622517,False,1,False,True,0.0,False,0.0
2026-07-06,164560.0,162159.88760301983,-720.033719094051,-2110.0,-131526454.65170386,277120400.0,0.0,1.0,-2110.0,-1.0,1,-0.5222222222222223,0.5222222222222223,0.06684225842730562,0.06684225842730562,-1.0,True,1,1.551111111111111,1.8011111111111107,0.6733333333333335,0.14143442744622517,False,-1,False,True,0.0,False,0.0
2026-07-07,163360.0,161679.9149443927,-504.0255166821938,-600.0,-119367375.5297054,279472400.0,0.0,1.0,-600.0,-1.0,1,-0.3055555555555556,0.3055555555555556,0.0,0.0,-1.0,False,0,1.551111111111111,1.8011111111111107,0.6733333333333335,0.14143442744622517,False,-1,False,False,0.0,False,0.0
2026-07-08,158440.0,161908.25461508287,1040.4763845248613,-2460.0,-120882823.0070901,279672200.0,0.0,1.0,-2460.0,-1.0,1,-1.7111111111111112,1.7111111111111112,-0.037899272590987465,0.037899272590987465,-1.0,False,3,1.567222222222222,1.8011111111111107,0.6844444444444445,0.14143442744622517,False,-1,True,False,0.6,False,0.0
2026-07-09,153020.0,158929.8988157253,1772.9696447175868,-2710.0,-106785685.71165513,278668200.0,0.0,1.0,-2710.0,-1.0,1,-1.7444444444444445,1.7444444444444445,-0.06954166872015222,0.06954166872015222,-1.0,False,3,1.6244444444444444,1.8011111111111107,0.688888888888889,0.14143442744622517,False,-1,True,False,0.6,False,0.0
2026-07-10,151600.0,155421.17381696842,1146.3521450905275,-710.0,-119389851.89697744,292794600.0,0.0,1.0,-710.0,-1.0,1,-1.4333333333333333,1.4333333333333333,-0.10735061852154892,0.10735061852154892,-1.0,False,3,1.6244444444444444,1.8011111111111107,0.6922222222222223,0.14143442744622517,False,-1,False,False,0.0,False,0.0
2026-07-13,152240.0,154232.72779194728,597.8183375841851,320.0,-87212735.71133703,267882800.0,0.0,1.0,320.0,-1.0,1,-0.9444444444444444,0.9444444444444444,-0.07781702235680932,0.07781702235680932,1.0,True,1,1.6244444444444444,1.8011111111111107,0.6944444444444444,0.14143442744622517,False,-1,False,True,0.0,False,0.0
2026-07-14,153180.0,153913.57210792424,220.07163237727073,470.0,-84008466.1840767,267842600.0,0.0,1.0,470.0,-1.0,1,-0.8611111111111112,0.8611111111111112,-0.0643426539349079,0.0643426539349079,1.0,False,1,1.6244444444444444,1.8011111111111107,0.6944444444444444,0.14143442744622517,False,-1,False,False,0.0,False,0.0
2026-07-15,149240.0,154377.3221724881,1541.1966517464257,-1970.0,-86823120.40257347,267914600.0,0.0,1.0,-1970.0,-1.0,1,-1.6111111111111112,1.6111111111111112,-0.05982022440075774,0.05982022440075774,-1.0,True,3,1.6244444444444444,1.8011111111111107,0.7011111111111111,0.14143442744622517,False,-1,False,True,0.0,False,0.0
2026-07-16,151660.0,155229.3115091139,1070.7934527341713,1210.0,-103060053.02758265,265730600.0,0.0,1.0,1210.0,-1.0,1,-0.6444444444444444,0.6444444444444444,-0.008927458530916255,0.008927458530916255,1.0,True,1,1.6244444444444444,1.8011111111111107,0.7011111111111111,0.14143442744622517,False,-1,False,True,0.0,False,0.0
2026-07-17,150140.0,154976.90283759427,1451.0708512782817,-760.0,-96861023.5349046,267787600.0,0.0,1.0,-760.0,-1.0,1,-1.4222222222222223,1.4222222222222223,-0.009677281063414256,0.009677281063414256,-1.0,True,3,1.6244444444444444,1.8011111111111107,0.7055555555555555,0.14143442744622517,False,-1,False,True,0.0,False,0.0
2026-07-20,143900.0,155342.0969048487,3432.6290714546108,-3120.0,-94157669.56083404,210622800.0,0.0,1.0,-3120.0,-1.0,1,-1.8111111111111111,1.8111111111111111,-0.056339609094571586,0.056339609094571586,-1.0,False,3,1.6511111111111108,1.8116666666666665,0.7122222222222223,0.14143442744622517,False,-1,True,False,0.6,False,0.0
2026-07-21,141620.0,148360.74697275757,2022.2240918272698,-1140.0,-112288552.10191824,229322800.0,0.0,1.0,-1140.0,-1.0,1,-1.488888888888889,1.488888888888889,-0.07846628625781982,0.07846628625781982,-1.0,False,3,1.6511111111111108,1.8116666666666665,0.7122222222222223,0.14143442744622517,False,-1,False,False,0.0,False,0.0
2026-07-22,143300.0,146691.78689795965,1017.536069387896,840.0,-121021483.17565952,221706800.0,0.0,1.0,840.0,-1.0,1,-0.6888888888888889,0.6888888888888889,-0.04061541351883058,0.04061541351883058,1.0,True,1,1.6511111111111108,1.8116666666666665,0.7122222222222223,0.14143442744622517,False,-1,False,True,0.0,False,0.0
2026-07-23,145000.0,152199.21149453428,2159.763448360283,850.0,-102665427.60222022,207882800.0,0.0,1.0,850.0,-1.0,1,-0.7555555555555555,0.7555555555555555,-0.04490743085221638,0.04490743085221638,1.0,False,1,1.6511111111111108,1.8116666666666665,0.7122222222222223,0.14143442744622517,False,-1,False,False,0.0,False,0.0
2026-07-24,144280.0,151459.3568219408,2153.807046582241,-360.0,-90217151.01521803,138522800.0,0.0,1.0,-360.0,-1.0,1,-1.2333333333333334,1.2333333333333334,-0.0398123361095184,0.0398123361095184,-1.0,True,3,1.6511111111111108,1.8116666666666665,0.7166666666666668,0.14143442744622517,False,-1,False,True,0.0,False,0.0
2026-07-27,147220.0,152599.18605903364,1613.755817710093,1470.0,-91864509.63933484,138589800.0,0.0,1.0,1470.0,-1.0,1,-0.5222222222222221,0.5222222222222221,0.022809452737238445,0.022809452737238445,1.0,True,0,1.6511111111111108,1.8116666666666665,0.7122222222222223,0.14143442744622517,False,-1,False,True,0.0,False,0.0
2026-07-28,143480.0,151332.19235559375,2355.657706678126,-1870.0,-80057107.1311373,136066600.0,0.0,1.0,-1870.0,-1.0,1,-1.588888888888889,1.588888888888889,0.01304823844045444,0.01304823844045444,-1.0,True,3,1.6511111111111108,1.8116666666666665,0.7166666666666668,0.14143442744622517,False,-1,False,True,0.0,False,0.0
2026-07-29,147900.0,151706.93501592465,1142.0805047773958,2210.0,-56988555.922015145,98503600.0,0.0,1.0,2210.0,-1.0,1,-0.3111111111111111,0.3111111111111111,0.03159603488262697,0.03159603488262697,1.0,True,0,1.6511111111111108,1.8116666666666665,0.7122222222222223,0.14143442744622517,False,-1,False,True,0.0,False,0.0
2026-07-30,141060.0,153205.05691381264,3643.5170741437933,-3420.0,-48515797.6381794,107551800.0,0.0,1.0,-3420.0,-1.0,1,-1.8111111111111111,1.8111111111111111,-0.027548410640541476,0.027548410640541476,-1.0,True,3,1.711111111111111,1.8116666666666665,0.7122222222222223,0.14143442744622517,False,-1,True,True,0.6,True,-0.6
2026-07-31,137760.0,153036.4996487086,4582.949894612576,-1650.0,-74225775.94996276,130809400.0,0.0,1.0,-1650.0,-1.0,1,-1.5722222222222222,1.5722222222222222,-0.046242815355917344,0.046242815355917344,-1.0,False,3,1.711111111111111,1.8116666666666665,0.7122222222222223,0.14143442744622517,False,-1,False,False,0.0,False,-0.6
2026-08-03,138900.0,153094.72852210817,4258.41855663245,570.0,-79073309.97053885,125020600.0,0.0,1.0,570.0,-1.0,1,-0.9000000000000001,0.9000000000000001,-0.05817381687026213,0.05817381687026213,1.0,True,1,1.711111111111111,1.8116666666666665,0.7166666666666668,0.14143442744622517,False,-1,False,True,0.0,False,-0.6
2026-08-04,139380.0,153119.24594248694,4121.773782746083,240.0,-77257255.11055475,116766200.0,0.0,1.0,240.0,-1.0,1,-1.0,1.0,-0.028991636653708852,0.028991636653708852,1.0,False,3,1.711111111111111,1.8116666666666665,0.7233333333333334,0.14143442744622517,False,-1,False,False,0.0,False,0.0
2026-08-05,143220.0,153315.38530551715,3028.6155916551447,1920.0,-75883634.31485525,116161400.0,0.0,1.0,1920.0,-1.0,1,-0.43333333333333335,0.43333333333333335,-0.03215446013795997,0.03215446013795997,1.0,False,0,1.711111111111111,1.8116666666666665,0.7122222222222223,0.14143442744622517,False,-1,False,False,0.0,False,0.0
2026-08-06,141460.0,153225.48809746164,3529.6464292384917,-880.0,-59134606.631037176,111431000.0,0.0,1.0,-880.0,-1.0,1,-1.4,1.4,0.0028316598278106397,0.0028316598278106397,-1.0,True,3,1.711111111111111,1.8116666666666665,0.7122222222222223,0.14143442744622517,False,-1,False,True,0.0,False,0.0
2026-08-07,140000.0,153150.91427714287,3945.2742831428623,-730.0,-55737288.87212761,98291600.0,0.0,1.0,-730.0,-1.0,1,-1.3499999999999999,1.3499999999999999,0.01612938192988267,0.01612938192988267,-1.0,False,3,1.711111111111111,1.8116666666666665,0.7233333333333334,0.14143442744622517,False,-1,False,False,0.0,False,0.0
2026-08-10,146360.0,153475.77009716164,2134.731029148493,3180.0,-59869569.27948765,98349200.0,0.0,1.0,3180.0,-1.0,1,-0.1333333333333333,0.1333333333333333,0.05231509039070836,0.05231509039070836,1.0,True,0,1.711111111111111,1.8116666666666665,0.7233333333333334,0.14143442744622517,False,-1,False,True,0.0,False,0.0
2026-08-11,145860.0,153450.2311176004,2277.06933528012,-250.0,-46675283.67015711,118369200.0,0.0,1.0,-250.0,-1.0,1,-1.0666666666666664,1.0666666666666664,0.045443241545713775,0.045443241545713775,-1.0,True,3,1.711111111111111,1.8116666666666665,0.7411111111111113,0.14143442744622517,False,-1,False,True,0.0,False,0.0
2026-08-12,149700.0,153646.3704806306,1183.9111441891814,1920.0,-48020685.67223181,118052400.0,0.0,1.0,1920.0,-1.0,1,-0.2944444444444445,0.2944444444444445,0.044251381846789783,0.044251381846789783,1.0,True,0,1.711111111111111,1.8116666666666665,0.7411111111111113,0.14143442744622517,False,-1,False,True,0.0,False,0.0
2026-08-13,152120.0,153769.97914170695,494.99374251208496,1210.0,-37402152.07066443,117663400.0,0.0,1.0,1210.0,-1.0,1,-0.4166666666666665,0.4166666666666665,0.07265269145221609,0.07265269145221609,1.0,False,0,1.711111111111111,1.8116666666666665,0.7233333333333334,0.14143442744622517,False,-1,False,False,0.0,False,0.0
2026-08-14,155240.0,153929.34237416898,-393.197287749307,1560.0,-38795587.36940187,117663400.0,0.0,1.0,1560.0,-1.0,1,0.5333333333333334,0.5333333333333334,0.10332988389140141,0.10332988389140141,1.0,False,0,1.711111111111111,1.8116666666666665,0.7122222222222223,0.14143442744622517,False,1,False,False,0.0,False,0.0
2026-08-17,153500.0,153840.46672529593,102.14001758878003,-870.0,-37816735.21323673,121375400.0,0.0,1.0,-870.0,-1.0,1,-1.0888888888888888,1.0888888888888888,0.04763122687624488,0.04763122687624488,-1.0,True,3,1.711111111111111,1.8116666666666665,0.7122222222222223,0.14143442744622517,False,-1,False,True,0.0,False,0.0
2026-08-18,155400.0,153937.51484762857,-438.74554571142943,950.0,-16574853.437964434,103420400.0,0.0,1.0,950.0,-1.0,1,0.3222222222222222,0.3222222222222222,0.06335518037746013,0.06335518037746013,1.0,True,0,1.711111111111111,1.8116666666666665,0.7122222222222223,0.14143442744622517,False,1,False,True,0.0,False,0.0
2026-08-19,150660.0,153695.40532138816,910.6215964164468,-2370.0,-12797799.045449978,102626200.0,0.0,1.0,-2370.0,-1.0,1,-1.4000000000000001,1.4000000000000001,0.0063923509719643334,0.0063923509719643334,-1.0,True,3,1.711111111111111,1.8116666666666665,0.7122222222222223,0.14143442744622517,False,-1,False,True,0.0,False,0.0
2026-08-20,152160.0,153772.02226007186,483.60667802155655,750.0,-18823606.009035595,112448800.0,0.0,1.0,750.0,-1.0,1,-0.5333333333333334,0.5333333333333334,0.0002629157370215296,0.0002629157370215296,1.0,True,0,1.711111111111111,1.8116666666666665,0.7122222222222223,0.14143442744622517,False,-1,False,True,0.0,False,0.0
2026-08-21,158680.0,154105.05055355022,-1372.484833934935,3260.0,-21769793.85421574,112128800.0,0.0,1.0,3260.0,-1.0,1,0.9333333333333333,0.9333333333333333,0.021917289145424235,0.021917289145424235,1.0,False,1,1.711111111111111,1.8116666666666665,0.7122222222222223,0.14143442744622517,False,1,False,False,0.0,False,0.0
2026-08-24,158860.0,154114.24458619225,-1423.726624142326,90.0,-29167653.897932302,133124800.0,0.0,1.0,90.0,-1.0,1,0.11111111111111105,0.11111111111111105,0.034322744177734066,0.034322744177734066,1.0,False,0,1.711111111111111,1.8116666666666665,0.7122222222222223,0.14143442744622517,False,1,False,False,0.0,False,0.0
2026-08-25,150280.0,153675.99569692163,1018.7987090764886,-4290.0,-34168366.7943456,128819200.0,0.0,1.0,-4290.0,-1.0,1,-1.6,1.6,-0.03350221722777924,0.03350221722777924,-1.0,True,3,1.711111111111111,1.8116666666666665,0.7233333333333334,0.14143442744622517,False,-1,False,True,0.0,False,0.0
2026-08-26,152160.0,153772.02226007186,483.60667802155655,940.0,-34099499.89524568,158633600.0,0.0,1.0,940.0,-1.0,1,-0.4722222222222223,0.4722222222222223,0.009906956399532874,0.009906956399532874,1.0,True,0,1.711111111111111,1.8116666666666665,0.7233333333333334,0.14143442744622517,False,-1,False,True,0.0,False,0.0
2026-08-27,152020.0,153764.8713457947,523.4614037384105,-70.0,-38238315.17168125,150632600.0,0.0,1.0,-70.0,-1.0,1,-0.8222222222222222,0.8222222222222222,-0.000920507659186498,0.000920507659186498,-1.0,True,1,1.711111111111111,1.8116666666666665,0.7411111111111113,0.14143442744622517,False,-1,False,True,0.0,False,0.0
2026-08-28,159600.0,154152.04227594286,-1634.3873172171413,3790.0,-13389942.981061077,127249600.0,0.0,1.0,3790.0,-1.0,1,1.0444444444444443,1.0444444444444443,0.005781089369579107,0.005781089369579107,1.0,True,3,1.711111111111111,1.8116666666666665,0.7533333333333334,0.14143442744622517,False,1,False,True,0.0,False,0.0
2026-08-31,161000.0,154223.55141871428,-2032.9345743857148,700.0,-10654864.193345506,150532800.0,0.0,1.0,700.0,-1.0,1,0.38888888888888895,0.38888888888888895,0.013381053779477625,0.013381053779477625,1.0,False,0,1.711111111111111,1.8116666666666665,0.7411111111111113,0.14143442744622517,False,1,False,False,0.0,False,0.0
2026-09-01,157860.0,154063.1666270698,-1139.050011879063,-1570.0,-18355569.7520465,150863000.0,0.0,1.0,-1570.0,-1.0,1,-0.42222222222222217,0.42222222222222217,0.04920834357448811,0.04920834357448811,-1.0,True,0,1.711111111111111,1.8116666666666665,0.7411111111111113,0.14143442744622517,False,-1,False,True,0.0,False,0.0
2026-09-02,154780.0,153905.84651297267,-262.2460461081995,-1540.0,-16757404.13046436,155677600.0,0.0,1.0,-1540.0,-1.0,1,-0.4888888888888888,0.4888888888888888,0.017072155045232407,0.017072155045232407,-1.0,False,0,1.711111111111111,1.8116666666666665,0.7233333333333334,0.14143442744622517,False,-1,False,False,0.0,False,0.0
2026-09-03,149880.0,153655.56451327266,1132.669353981799,-2450.0,-27579570.18040686,153048000.0,0.0,1.0,-2450.0,-1.0,1,-1.4277777777777776,1.4277777777777776,-0.014177117212406998,0.014177117212406998,-1.0,False,3,1.711111111111111,1.8116666666666665,0.7233333333333334,0.14143442744622517,False,-1,False,False,0.0,False,0.0
2026-09-04,141940.0,153250.0055178404,3393.001655352124,-3970.0,-26917472.299457926,163504200.0,0.0,1.0,-3970.0,-1.0,1,-1.7555555555555555,1.7555555555555555,-0.1172662519188723,0.1172662519188723,-1.0,False,3,1.7122222222222223,1.8116666666666665,0.7233333333333334,0.14143442744622517,False,-1,True,False,0.6,False,0.0
2026-09-07,142200.0,153263.28578721223,3318.9857361636678,130.0,-48097804.989565216,193960200.0,0.0,1.0,130.0,-1.0,1,-0.9777777777777779,0.9777777777777779,-0.12416984761532213,0.12416984761532213,1.0,True,1,1.7122222222222223,1.8116666666666665,0.7233333333333334,0.14143442744622517,False,-1,False,True,0.0,False,0.0
