date,warehouse_stock,basis_spot_main,spread_near1_near3,hv_20d,oi_main,state_id,proba_max,close,open,high,low,volume,position,P_fund,basis,spot_avg,D_f,D_c,profit_f,profit_c,n_f,n_c,Total_Demand,n_f_minus_n_c,valid
2023-12-06,40.0,30050.0,2350.0,2.453860891487244,128782,1,1.0,92450.0,89900.0,93900.0,85650.0,678617,128782,92450.0,32400.0,122500.0,0.0,-300.0,0.0,56225000.0,7.124576406741287e-218,1.0,-300.0,-1.0,1
2023-12-07,40.0,24900.0,3050.0,2.5159403734849333,136259,1,1.0,95600.0,93300.0,95600.0,91600.0,195285,136259,95600.0,24900.0,120500.0,0.0,1575.0,0.0,56960000.0,7.124576406741287e-218,1.0,1575.0,-1.0,1
2023-12-08,100.0,16200.0,4200.0,2.438277050287363,158316,1,1.0,102300.0,101700.0,102300.0,100000.0,35683,158316,102300.0,16200.0,118500.0,0.0,3350.0,0.0,70362500.0,7.124576406741287e-218,1.0,3350.0,-1.0,1
2023-12-11,300.0,18200.0,3350.0,2.425212781852465,156695,1,1.0,96800.0,113650.0,113800.0,95600.0,802428,156695,96800.0,13950.0,115000.0,0.0,-2750.0,0.0,69156250.0,7.124576406741287e-218,1.0,-2750.0,-1.0,1
2023-12-12,510.0,18900.0,4850.0,2.4018307860924164,172604,1,1.0,93100.0,96000.0,97000.0,91700.0,674146,172604,93100.0,16000.0,112000.0,0.0,-1850.0,0.0,82593750.0,7.124576406741287e-218,1.0,-1850.0,-1.0,1
2023-12-13,710.0,5450.0,5450.0,2.257652370009992,172000,1,1.0,103550.0,92200.0,103550.0,90200.0,741029,172000,103550.0,13800.0,109000.0,0.0,5225.0,0.0,63238750.0,7.124576406741287e-218,1.0,5225.0,-1.0,1
2023-12-14,1010.0,3950.0,1300.0,2.094941588677817,161651,1,1.0,102550.0,104600.0,105450.0,93650.0,888872,161651,102550.0,4350.0,106500.0,0.0,-500.0,0.0,58056250.0,7.124576406741287e-218,1.0,-500.0,-1.0,1
2023-12-15,1240.0,-100.0,900.0,1.9156257034500304,159950,1,1.0,104600.0,102000.0,107950.0,100500.0,547769,159950,104600.0,-1950.0,104500.0,0.0,1025.0,0.0,54566250.0,7.124576406741287e-218,1.0,1025.0,-1.0,1
2023-12-18,1540.0,250.0,850.0,1.7035557303097024,159746,1,1.0,102750.0,104200.0,108150.0,100100.0,491689,159746,102750.0,-4050.0,103000.0,0.0,-925.0,0.0,51510000.0,7.124576406741287e-218,1.0,-925.0,-1.0,1
2023-12-19,1840.0,100.0,400.0,1.5053715844511235,159563,1,1.0,101900.0,102000.0,103900.0,100800.0,261562,159563,101900.0,-600.0,102000.0,0.0,-425.0,0.0,50336250.0,7.124576406741287e-218,1.0,-425.0,-1.0,1
2023-12-20,2080.0,200.0,-500.0,1.368719045260714,162654,1,0.9997,100800.0,101900.0,103500.0,100300.0,166175,162654,100800.0,-950.0,101000.0,0.0,-550.0,0.0,32183750.0,7.124576406741287e-218,1.0,-550.0,-1.0,1
2023-12-21,2580.0,2400.0,-400.0,1.202628839566748,158076,1,0.9894,97600.0,100000.0,101850.0,95250.0,322718,158076,97600.0,3400.0,100000.0,0.0,-1600.0,0.0,34323750.0,7.124576406741287e-218,1.0,-1600.0,-1.0,1
2023-12-22,3550.0,-1300.0,-550.0,0.9780004850495192,155842,1,0.9892,100800.0,97150.0,103650.0,96200.0,313308,155842,100800.0,350.0,99500.0,0.0,1600.0,0.0,29241250.0,7.124576406741287e-218,1.0,1600.0,-1.0,1
2023-12-25,4360.0,-3850.0,-850.0,0.8360287837864268,159077,1,0.9972,102850.0,100500.0,103950.0,100150.0,157805,159077,102850.0,-2500.0,99000.0,0.0,1025.0,0.0,29746250.0,7.124576406741287e-218,1.0,1025.0,-1.0,1
2023-12-26,5160.0,-8600.0,-900.0,0.7562112116936651,155209,1,1.0,107100.0,102800.0,108100.0,102500.0,260868,155209,107100.0,-7350.0,98500.0,0.0,2125.0,0.0,21337500.0,7.124576406741287e-218,1.0,2125.0,-1.0,1
2023-12-27,5950.0,-8700.0,-500.0,0.7087918266140778,150793,1,1.0,105700.0,107000.0,109450.0,103500.0,264253,150793,105700.0,-10350.0,97000.0,0.0,-700.0,0.0,12583750.0,7.124576406741287e-218,1.0,-700.0,-1.0,1
2023-12-28,6710.0,-9550.0,-1000.0,0.7122600968566798,152061,1,1.0,106550.0,105600.0,107350.0,104350.0,153833,152061,106550.0,-9250.0,97000.0,0.0,425.0,0.0,5875000.0,7.124576406741287e-218,1.0,425.0,-1.0,1
2023-12-29,7530.0,-10800.0,-1250.0,0.7530297396658234,142958,1,1.0,107700.0,106000.0,109100.0,104350.0,197334,142958,107700.0,-8400.0,96900.0,0.0,575.0,0.0,-1757500.0,1.0,7.124576406741287e-218,4.0966314338762387e-215,1.0,1
2024-01-02,8240.0,-11450.0,-1050.0,0.7777448802126462,145602,1,1.0,108350.0,107700.0,110300.0,106200.0,143702,145602,108350.0,-10400.0,96900.0,0.0,325.0,0.0,-13398750.0,1.0,7.124576406741287e-218,2.3154873321909175e-215,1.0,1
2024-01-03,9040.0,-9700.0,250.0,0.7336439740620841,141743,1,1.0,106600.0,108200.0,109200.0,106000.0,129883,141743,106600.0,-11200.0,96900.0,0.0,-875.0,0.0,-22877500.0,1.0,7.124576406741287e-218,-6.234004355898624e-215,1.0,1
2024-01-04,9718.0,-3550.0,-1150.0,0.6452281532446016,148982,1,0.9914,100450.0,106500.0,107150.0,100400.0,194855,148982,100450.0,-8300.0,96900.0,0.0,-3075.0,0.0,-18486250.0,1.0,7.124576406741287e-218,-2.190807245072945e-214,1.0,1
2024-01-05,10740.0,-2150.0,-700.0,0.6116098673915271,154263,1,0.9628,98650.0,100000.0,100000.0,97500.0,182344,154263,98650.0,-2450.0,96500.0,0.0,-900.0,0.0,-12006250.0,1.0,7.124576406741287e-218,-6.412118766067156e-215,1.0,1
2024-01-08,10975.0,-900.0,-800.0,0.6385535924099643,157724,1,0.7897,97200.0,98000.0,100500.0,96300.0,146847,157724,97200.0,-3000.0,96300.0,0.0,-725.0,0.0,-21253750.0,1.0,7.124576406741287e-218,-5.165317894887431e-215,1.0,1
2024-01-09,11440.0,-2950.0,300.0,0.6190472321627837,162038,1,0.9999,98950.0,97000.0,100500.0,95500.0,203361,162038,98950.0,-1550.0,96000.0,0.0,875.0,0.0,-4097500.0,1.0,7.124576406741287e-218,6.234004355898624e-215,1.0,1
2024-01-10,11427.0,-1900.0,-200.0,0.541278194958497,159002,1,0.9848,97900.0,98500.0,99800.0,97100.0,107149,159002,97900.0,-3250.0,96000.0,0.0,-525.0,0.0,-15191250.0,1.0,7.124576406741287e-218,-3.740402613539175e-215,1.0,1
2024-01-11,11588.0,-8700.0,-700.0,0.5451032097748822,157286,1,0.9999,104700.0,98400.0,105000.0,98350.0,214428,157286,104700.0,-3450.0,96000.0,0.0,3400.0,0.0,571250.0,7.124576406741287e-218,1.0,3400.0,-1.0,1
2024-01-12,13238.0,-6650.0,-550.0,0.5451479093450423,155914,1,0.9982,102850.0,104700.0,105300.0,102300.0,142605,155914,102850.0,-7700.0,96200.0,0.0,-925.0,0.0,-493750.0,1.0,7.124576406741287e-218,-6.590233176235688e-215,1.0,1
2024-01-15,13268.0,-5750.0,0.0,0.5411007107890085,156970,1,0.9996,101950.0,102000.0,103350.0,100700.0,103038,156970,101950.0,-5950.0,96200.0,0.0,-450.0,0.0,1363750.0,7.124576406741287e-218,1.0,-450.0,-1.0,1
2024-01-16,13268.0,-7650.0,-4700.0,0.5438907931815915,159478,3,0.9694,104150.0,102000.0,104500.0,102000.0,109517,159478,104150.0,-7700.0,96500.0,0.0,1100.0,0.0,2270000.0,7.124576406741287e-218,1.0,1100.0,-1.0,1
2024-01-17,13418.0,-5250.0,-4300.0,0.5441436201489332,156573,3,0.9905,101750.0,104900.0,106000.0,100950.0,131788,156573,101750.0,-8350.0,96500.0,0.0,-1200.0,0.0,-1156250.0,1.0,7.124576406741287e-218,-8.549491688089541e-215,1.0,1
2024-01-18,13546.0,-5900.0,-3950.0,0.5404706810766715,154594,3,0.9895,102400.0,102300.0,103450.0,100300.0,125726,154594,102400.0,-5600.0,96500.0,0.0,325.0,0.0,-2403750.0,1.0,7.124576406741287e-218,2.3154873321909175e-215,1.0,1
2024-01-19,13554.0,-4900.0,-4300.0,0.5105541322815307,155078,3,0.9954,101400.0,102800.0,103200.0,101250.0,87317,155078,101400.0,-5000.0,96500.0,0.0,-500.0,0.0,-4488750.0,1.0,7.124576406741287e-218,-3.5622882033706424e-215,1.0,1
2024-01-22,13700.0,-3350.0,-4000.0,0.5163340956434566,152252,3,0.9969,99850.0,100800.0,101900.0,98550.0,108433,152252,99850.0,-4400.0,96500.0,0.0,-775.0,0.0,1406250.0,7.124576406741287e-218,1.0,-775.0,-1.0,1
2024-01-23,13950.0,-5500.0,-3800.0,0.5170384775926818,148288,3,0.9981,102000.0,100850.0,102700.0,100350.0,92608,148288,102000.0,-4450.0,96500.0,0.0,1075.0,0.0,-3540000.0,1.0,7.124576406741287e-218,7.658919637246882e-215,1.0,1
2024-01-24,14134.0,-5850.0,-3900.0,0.4943501875347637,148399,3,0.9983,102350.0,102500.0,103100.0,101600.0,72518,148399,102350.0,-5800.0,96500.0,0.0,175.0,0.0,-7520000.0,1.0,7.124576406741287e-218,1.2468008711797246e-215,1.0,1
2024-01-25,14134.0,-4850.0,-3050.0,0.4827881815589451,149167,3,0.9934,101350.0,103000.0,103400.0,100500.0,85085,149167,101350.0,-4900.0,96500.0,0.0,-500.0,0.0,-4720000.0,1.0,7.124576406741287e-218,-3.5622882033706424e-215,1.0,1
2024-01-26,14454.0,-4150.0,-3350.0,0.4619485929188395,148248,3,0.9984,100650.0,101500.0,102500.0,100550.0,80796,148248,100650.0,-5600.0,96500.0,0.0,-350.0,0.0,-3775000.0,1.0,7.124576406741287e-218,-2.493601742359449e-215,1.0,1
2024-01-29,14894.0,-5200.0,-3600.0,0.4171997151014554,144728,3,0.9992,101950.0,101300.0,102800.0,99700.0,77321,144728,101950.0,-4250.0,96750.0,0.0,650.0,0.0,-4718750.0,1.0,7.124576406741287e-218,4.6309746643818356e-215,1.0,1
2024-01-30,14987.0,-4250.0,-3350.0,0.347970074103718,141118,3,0.9991,101000.0,101950.0,102500.0,100900.0,54916,141118,101000.0,-4950.0,96750.0,0.0,-475.0,0.0,-5710000.0,1.0,7.124576406741287e-218,-3.3841737932021105e-215,1.0,1
2024-01-31,14987.0,-2400.0,-3150.0,0.3032329645935583,150388,3,0.9954,99150.0,101150.0,101900.0,98700.0,102011,150388,99150.0,-4100.0,96750.0,0.0,-925.0,0.0,-4262500.0,1.0,7.124576406741287e-218,-6.590233176235688e-215,1.0,1
2024-02-01,15317.0,-2550.0,-3000.0,0.3066540365024803,145032,3,0.9979,99600.0,98850.0,99950.0,98000.0,58995,145032,99600.0,-2100.0,97050.0,0.0,225.0,0.0,-10060000.0,1.0,7.124576406741287e-218,1.603029691516789e-215,1.0,1
2024-02-02,15587.0,-3100.0,-3500.0,0.2963968782593206,135549,3,0.9998,100150.0,99600.0,101500.0,99300.0,71323,135549,100150.0,-3800.0,97050.0,0.0,275.0,0.0,-15471250.0,1.0,7.124576406741287e-218,1.9592585118538531e-215,1.0,1
2024-02-05,15924.0,-3400.0,-3350.0,0.2615627877093152,132983,3,0.9997,100450.0,100400.0,101250.0,99550.0,45180,132983,100450.0,-3800.0,97050.0,0.0,150.0,0.0,-16693750.0,1.0,7.124576406741287e-218,1.0686864610111928e-215,1.0,1
2024-02-06,16054.0,-100.0,-1500.0,0.2882227036730974,142239,3,0.5289,97150.0,100450.0,100650.0,96400.0,110907,142239,97150.0,-1200.0,97050.0,0.0,-1650.0,0.0,-15920000.0,1.0,7.124576406741287e-218,-1.175555107112312e-214,1.0,1
2024-02-07,16894.0,-600.0,-3300.0,0.291992998714323,136452,3,1.0,97650.0,97100.0,98350.0,97050.0,42570,136452,97650.0,-950.0,97050.0,0.0,250.0,0.0,-15826250.0,1.0,7.124576406741287e-218,1.7811441016853215e-215,1.0,1
2024-02-08,16914.0,750.0,-3450.0,0.3090624145219183,138228,3,1.0,96300.0,97600.0,99000.0,95800.0,57952,138228,96300.0,-1000.0,97050.0,0.0,-675.0,0.0,-12593750.0,1.0,7.124576406741287e-218,-4.809089074550368e-215,1.0,1
2024-02-19,16790.0,2150.0,-3000.0,0.3640169269029596,148907,3,0.9983,94750.0,97000.0,97950.0,94550.0,66470,148907,94750.0,100.0,96900.0,0.0,-775.0,0.0,-5257500.0,1.0,7.124576406741287e-218,-5.521546715224495e-215,1.0,1
2024-02-20,16240.0,3950.0,-2300.0,0.4469907194630534,173155,1,0.7186,92800.0,95000.0,95500.0,92450.0,103744,173155,92800.0,3100.0,96750.0,0.0,-975.0,0.0,-4578750.0,1.0,7.124576406741287e-218,-6.946461996572753e-215,1.0,1
2024-02-21,16232.0,-750.0,2950.0,0.4294716359653769,165643,1,1.0,96900.0,92700.0,103000.0,92700.0,324538,165643,96900.0,1550.0,96150.0,0.0,2050.0,0.0,-7586250.0,1.0,7.124576406741287e-218,1.4605381633819636e-214,1.0,1
2024-02-22,16151.0,-1500.0,-3000.0,0.4253232216819899,166013,3,0.9813,97650.0,96950.0,98450.0,96600.0,119458,166013,97650.0,-1250.0,96150.0,0.0,375.0,0.0,-3408750.0,1.0,7.124576406741287e-218,2.6717161525279817e-215,1.0,1
2024-02-23,15709.0,-5550.0,-3650.0,0.4202682005828582,173784,3,0.9552,101800.0,98150.0,103000.0,98150.0,206120,173784,101800.0,-4250.0,96250.0,0.0,2075.0,0.0,-1072500.0,1.0,7.124576406741287e-218,1.4783496043988167e-214,1.0,1
2024-02-26,15639.0,-5650.0,-2900.0,0.427180419737119,179602,3,0.8437,102300.0,102000.0,104750.0,101250.0,215205,179602,102300.0,-6050.0,96650.0,0.0,250.0,0.0,290000.0,7.124576406741287e-218,1.0,250.0,-1.0,1
2024-02-27,15689.0,-9550.0,-3850.0,0.4950153068293549,191979,1,0.7169,106650.0,102300.0,107600.0,101000.0,246221,191979,106650.0,-5250.0,97100.0,0.0,2175.0,0.0,602500.0,7.124576406741287e-218,1.0,2175.0,-1.0,1
2024-02-28,15355.0,-10000.0,-3100.0,0.5652441862230978,190062,1,0.9452,108000.0,107800.0,112250.0,107150.0,376684,190062,108000.0,-11700.0,98000.0,0.0,675.0,0.0,5205000.0,7.124576406741287e-218,1.0,675.0,-1.0,1
2024-02-29,15755.0,-19700.0,-4350.0,0.8341977552225729,209410,1,1.0,119200.0,108450.0,119800.0,108450.0,590362,209410,119200.0,-13800.0,99500.0,0.0,5600.0,0.0,12388750.0,7.124576406741287e-218,1.0,5600.0,-1.0,1
2024-03-01,15520.0,-16950.0,-3400.0,1.025858510604983,205233,1,1.0,119450.0,119200.0,121000.0,116400.0,445315,205233,119450.0,-16850.0,102500.0,0.0,125.0,0.0,13963750.0,7.124576406741287e-218,1.0,125.0,-1.0,1
2024-03-04,15330.0,-11600.0,-4750.0,1.1461511851510993,208233,1,1.0,117600.0,121000.0,125000.0,115250.0,669592,208233,117600.0,-18300.0,106000.0,0.0,-925.0,0.0,13382500.0,7.124576406741287e-218,1.0,-925.0,-1.0,1
2024-03-05,15477.0,-4050.0,-2000.0,1.185253931443497,202406,1,0.9996,111550.0,118200.0,118950.0,111500.0,472377,202406,111550.0,-9250.0,107500.0,0.0,-3025.0,0.0,19433750.0,7.124576406741287e-218,1.0,-3025.0,-1.0,1
2024-03-06,13415.0,-6500.0,-3150.0,1.2370431516710914,212004,1,1.0,114000.0,110800.0,115200.0,109400.0,507862,212004,114000.0,-4250.0,107500.0,0.0,1225.0,0.0,12640000.0,7.124576406741287e-218,1.0,1225.0,-1.0,1
2024-03-07,13522.0,-4500.0,-1250.0,1.2646419730422291,215643,1,0.9996,113000.0,115000.0,116450.0,111800.0,365677,215643,113000.0,-4900.0,108500.0,0.0,-500.0,0.0,10536250.0,7.124576406741287e-218,1.0,-500.0,-1.0,1
2024-03-08,13466.0,-4450.0,-4100.0,1.2879203395651522,217323,1,1.0,113350.0,113200.0,114100.0,111100.0,314274,217323,113350.0,-3850.0,108900.0,0.0,175.0,0.0,10777500.0,7.124576406741287e-218,1.0,175.0,-1.0,1
2024-03-11,13750.0,-7150.0,-3450.0,1.3275709406037302,229549,1,1.0,116400.0,112750.0,117100.0,111400.0,362739,229549,116400.0,-6050.0,109250.0,0.0,1525.0,0.0,11187500.0,7.124576406741287e-218,1.0,1525.0,-1.0,1
2024-03-12,14426.0,-9850.0,-4750.0,1.3855993484350984,229075,1,1.0,119850.0,117950.0,120000.0,116600.0,369891,229075,119850.0,-7900.0,110000.0,0.0,1725.0,0.0,16366250.0,7.124576406741287e-218,1.0,1725.0,-1.0,1
2024-03-13,14721.0,-7800.0,-1950.0,1.3938143536384635,226877,1,1.0,118800.0,121200.0,121950.0,118600.0,341890,226877,118800.0,-9150.0,111000.0,0.0,-525.0,0.0,15050000.0,7.124576406741287e-218,1.0,-525.0,-1.0,1
2024-03-14,14605.0,150.0,-2200.0,1.354828107541246,210848,1,0.9997,112100.0,119500.0,119800.0,111150.0,433149,210848,112100.0,-6800.0,112250.0,0.0,-3350.0,0.0,19392500.0,7.124576406741287e-218,1.0,-3350.0,-1.0,1
2024-03-15,14453.0,-2800.0,-300.0,1.2995935919188757,206667,1,0.9992,115050.0,112300.0,115200.0,112100.0,322636,206667,115050.0,-1700.0,112250.0,0.0,1475.0,0.0,9847500.0,7.124576406741287e-218,1.0,1475.0,-1.0,1
2024-03-18,14363.0,-4350.0,-600.0,1.2096147429860309,205503,1,0.9996,116900.0,114700.0,119000.0,114550.0,333726,205503,116900.0,-5700.0,112550.0,0.0,925.0,0.0,11530000.0,7.124576406741287e-218,1.0,925.0,-1.0,1
2024-03-19,13798.0,-2400.0,-600.0,1.0357365629631827,202175,1,0.9647,114950.0,116150.0,118200.0,114100.0,258624,202175,114950.0,-4850.0,112550.0,0.0,-975.0,0.0,8215000.0,7.124576406741287e-218,1.0,-975.0,-1.0,1
2024-03-20,13491.0,-4650.0,-200.0,0.9102525454081566,204597,1,0.9976,117200.0,114450.0,117550.0,113700.0,250314,204597,117200.0,-2900.0,112550.0,0.0,1125.0,0.0,10018750.0,7.124576406741287e-218,1.0,1125.0,-1.0,1
2024-03-21,13503.0,-4800.0,-650.0,0.7549165591877921,208023,1,0.9277,117350.0,118000.0,118850.0,116300.0,223038,208023,117350.0,-4750.0,112550.0,0.0,75.0,0.0,8650000.0,7.124576406741287e-218,1.0,75.0,-1.0,1
2024-03-22,14002.0,-1800.0,-750.0,0.6382315050765128,200633,2,0.8872,114350.0,117200.0,117350.0,113050.0,243895,200633,114350.0,-1900.0,112550.0,0.0,-1500.0,0.0,6868750.0,7.124576406741287e-218,1.0,-1500.0,-1.0,1
2024-03-25,13101.0,5050.0,-500.0,0.5462443759855757,206188,2,0.9998,107400.0,114650.0,114800.0,107200.0,323927,206188,107400.0,-850.0,112450.0,0.0,-3475.0,0.0,16256250.0,7.124576406741287e-218,1.0,-3475.0,-1.0,1
2024-03-26,13578.0,2100.0,-850.0,0.5213570825646683,200797,2,0.9991,108400.0,107900.0,109600.0,106550.0,265201,200797,108400.0,3400.0,110500.0,0.0,500.0,0.0,11693750.0,7.124576406741287e-218,1.0,500.0,-1.0,1
2024-03-27,14291.0,1350.0,-700.0,0.5160653165923109,201977,2,0.9984,108400.0,109350.0,109400.0,105800.0,284502,201977,108400.0,3200.0,109750.0,0.0,0.0,0.0,8757500.0,7.124576406741287e-218,1.0,0.0,-1.0,1
2024-03-28,12980.0,1250.0,-750.0,0.5303507571555833,199818,2,0.999,108500.0,108800.0,109600.0,107000.0,199520,199818,108500.0,1300.0,109750.0,0.0,50.0,0.0,1197500.0,7.124576406741287e-218,1.0,50.0,-1.0,1
2024-03-29,0.0,2700.0,-1250.0,0.5480273034995178,196813,2,1.0,107050.0,108900.0,109700.0,106350.0,204922,196813,107050.0,1350.0,109750.0,0.0,-725.0,0.0,-275000.0,1.0,7.124576406741287e-218,-5.165317894887431e-215,1.0,1
2024-04-01,9995.0,-2850.0,-2300.0,0.5332186717604572,200099,2,0.942,112600.0,107100.0,112850.0,106000.0,273984,200099,112600.0,1000.0,109750.0,0.0,2775.0,0.0,-4067500.0,1.0,7.124576406741287e-218,1.9770699528707072e-214,1.0,1
2024-04-02,11442.0,-250.0,-850.0,0.5353263239652055,191181,2,0.9933,111000.0,112800.0,112950.0,110500.0,186425,191181,111000.0,-550.0,110750.0,0.0,-800.0,0.0,-14103750.0,1.0,7.124576406741287e-218,-5.699661125393027e-215,1.0,1
2024-04-03,12702.0,-750.0,-1000.0,0.5366334466476117,183070,2,0.8668,111800.0,111550.0,113650.0,110700.0,199227,183070,111800.0,-2000.0,111050.0,0.0,400.0,0.0,-7332500.0,1.0,7.124576406741287e-218,2.8498305626965136e-215,1.0,1
2024-04-08,13692.0,-1650.0,450.0,0.5367062122416121,183798,1,0.9812,113500.0,112500.0,115350.0,112050.0,178332,183798,113500.0,-2650.0,111850.0,0.0,850.0,0.0,-5427500.0,1.0,7.124576406741287e-218,6.055889945730092e-215,1.0,1
2024-04-09,15232.0,-2150.0,-600.0,0.5375083842894736,184198,1,0.62,114150.0,114000.0,114850.0,112050.0,159011,184198,114150.0,-1500.0,112000.0,0.0,325.0,0.0,-4700000.0,1.0,7.124576406741287e-218,2.3154873321909175e-215,1.0,1
2024-04-10,15778.0,-2700.0,-900.0,0.5351323225069045,184304,1,0.6673,115950.0,114850.0,117350.0,114650.0,180964,184304,115950.0,-2850.0,113250.0,0.0,900.0,0.0,-4648750.0,1.0,7.124576406741287e-218,6.412118766067156e-215,1.0,1
2024-04-11,16830.0,750.0,0.0,0.4927694755788273,180154,2,0.7324,112500.0,115600.0,115700.0,107800.0,195122,180154,112500.0,150.0,113250.0,0.0,-1725.0,0.0,-13015000.0,1.0,7.124576406741287e-218,-1.2289894301628716e-214,1.0,1
2024-04-12,17440.0,550.0,-250.0,0.4554777959321697,178440,2,0.8784,112200.0,111050.0,113400.0,110550.0,126606,178440,112200.0,450.0,112750.0,0.0,-150.0,0.0,-10686250.0,1.0,7.124576406741287e-218,-1.0686864610111928e-215,1.0,1
2024-04-15,17869.0,1000.0,-150.0,0.4559358627683178,179104,2,0.9008,111750.0,113200.0,113900.0,111500.0,107237,179104,111750.0,450.0,112750.0,0.0,-225.0,0.0,-14136250.0,1.0,7.124576406741287e-218,-1.603029691516789e-215,1.0,1
2024-04-16,18882.0,3350.0,-1600.0,0.4678761828353931,179955,2,0.9389,108150.0,111400.0,111650.0,106850.0,176355,179955,108150.0,2150.0,111500.0,0.0,-1800.0,0.0,-3443750.0,1.0,7.124576406741287e-218,-1.2824237532134312e-214,1.0,1
2024-04-17,19422.0,2100.0,-800.0,0.4496051023061471,175021,2,0.9882,109400.0,108400.0,109950.0,108150.0,98410,175021,109400.0,1750.0,111500.0,0.0,625.0,0.0,-8422500.0,1.0,7.124576406741287e-218,4.4528602542133036e-215,1.0,1
2024-04-18,19642.0,3100.0,-900.0,0.4495276262992154,174354,2,0.991,108400.0,109900.0,111850.0,108250.0,131581,174354,108400.0,1050.0,111500.0,0.0,-500.0,0.0,-7243750.0,1.0,7.124576406741287e-218,-3.5622882033706424e-215,1.0,1
2024-04-19,19677.0,3700.0,-800.0,0.4246998448756799,176344,2,0.9888,107700.0,108200.0,110500.0,106100.0,172997,176344,107700.0,2150.0,111400.0,0.0,-350.0,0.0,-4700000.0,1.0,7.124576406741287e-218,-2.493601742359449e-215,1.0,1
2024-04-22,19727.0,2850.0,-850.0,0.3784364276390305,177912,2,0.9849,108550.0,108600.0,110300.0,107650.0,134200,177912,108550.0,1650.0,111400.0,0.0,425.0,0.0,-5166250.0,1.0,7.124576406741287e-218,3.027944972865046e-215,1.0,1
2024-04-23,19137.0,2100.0,-950.0,0.3597552584020386,176631,2,0.9715,109150.0,108650.0,110500.0,107100.0,139477,176631,109150.0,2000.0,111250.0,0.0,300.0,0.0,-4686250.0,1.0,7.124576406741287e-218,2.1373729220223856e-215,1.0,1
2024-04-24,19524.0,850.0,-950.0,0.3462849048849121,178807,2,0.9388,110400.0,109800.0,112000.0,109250.0,179713,178807,110400.0,650.0,111250.0,0.0,625.0,0.0,-14736250.0,1.0,7.124576406741287e-218,4.4528602542133036e-215,1.0,1
2024-04-25,19413.0,2150.0,-900.0,0.3407669353958744,176148,2,0.9705,109600.0,110500.0,112650.0,108400.0,158133,176148,109600.0,-300.0,111750.0,0.0,-400.0,0.0,-11761250.0,1.0,7.124576406741287e-218,-2.8498305626965136e-215,1.0,1
2024-04-26,19613.0,1350.0,-700.0,0.3341429559506017,172606,2,0.9539,109900.0,109800.0,110700.0,108800.0,98463,172606,109900.0,1300.0,111250.0,0.0,150.0,0.0,-11881250.0,1.0,7.124576406741287e-218,1.0686864610111928e-215,1.0,1
2024-04-29,19558.0,-4650.0,-1250.0,0.3637088247147884,193148,3,0.6999,115900.0,109700.0,117150.0,109400.0,287181,193148,115900.0,300.0,111250.0,0.0,3000.0,0.0,-10981250.0,1.0,7.124576406741287e-218,2.1373729220223853e-214,1.0,1
2024-04-30,19558.0,300.0,-550.0,0.3393609867514374,179848,2,0.9384,111450.0,116000.0,117200.0,110550.0,242267,179848,111450.0,-2850.0,111750.0,0.0,-2225.0,0.0,-24258750.0,1.0,7.124576406741287e-218,-1.585218250499936e-214,1.0,1
2024-05-06,20373.0,-650.0,-1150.0,0.3385679802384466,185096,2,0.7775,112400.0,112000.0,113000.0,110850.0,117124,185096,112400.0,-50.0,111750.0,0.0,475.0,0.0,-22348750.0,1.0,7.124576406741287e-218,3.3841737932021105e-215,1.0,1
2024-05-07,20984.0,-2050.0,-1600.0,0.3488360371875095,189460,3,0.7869,113900.0,113000.0,115250.0,112500.0,151842,189460,113900.0,-2150.0,111850.0,0.0,750.0,0.0,-17196250.0,1.0,7.124576406741287e-218,5.343432305055963e-215,1.0,1
2024-05-08,22834.0,-200.0,-350.0,0.3492798852254535,190964,2,0.9514,112050.0,114000.0,114500.0,111400.0,118354,190964,112050.0,-850.0,111850.0,0.0,-925.0,0.0,-17943750.0,1.0,7.124576406741287e-218,-6.590233176235688e-215,1.0,1
2024-05-09,23168.0,-200.0,-700.0,0.3423492481351452,193390,2,0.9347,111700.0,112500.0,113450.0,110050.0,136072,193390,111700.0,0.0,111500.0,0.0,-175.0,0.0,-18300000.0,1.0,7.124576406741287e-218,-1.2468008711797246e-215,1.0,1
2024-05-10,23124.0,2750.0,-1350.0,0.3401996019509294,195326,2,0.9624,108350.0,111900.0,112500.0,107200.0,202809,195326,108350.0,550.0,111100.0,0.0,-1675.0,0.0,-18266250.0,1.0,7.124576406741287e-218,-1.193366548129165e-214,1.0,1
2024-05-13,23303.0,2650.0,-750.0,0.3205670293585317,198230,2,0.9929,107100.0,107550.0,108500.0,106000.0,129937,198230,107100.0,2200.0,109750.0,0.0,-625.0,0.0,-16757500.0,1.0,7.124576406741287e-218,-4.4528602542133036e-215,1.0,1
2024-05-14,23783.0,4250.0,-1200.0,0.3590482057720915,198922,2,0.9906,105000.0,106750.0,108900.0,104000.0,214774,198922,105000.0,1450.0,109250.0,0.0,-1050.0,0.0,-12340000.0,1.0,7.124576406741287e-218,-7.48080522707835e-215,1.0,1
2024-05-15,23728.0,4750.0,-800.0,0.4204654145671552,201318,2,0.9969,103000.0,105000.0,105900.0,101650.0,178905,201318,103000.0,2900.0,107750.0,0.0,-1000.0,0.0,-10757500.0,1.0,7.124576406741287e-218,-7.124576406741285e-215,1.0,1
2024-05-16,23848.0,3000.0,-600.0,0.4523708283231819,197287,2,0.9987,104000.0,103800.0,104950.0,103150.0,100717,197287,104000.0,3700.0,107000.0,0.0,500.0,0.0,-11825000.0,1.0,7.124576406741287e-218,3.5622882033706424e-215,1.0,1
2024-05-17,23728.0,550.0,-950.0,0.4602198429296957,184611,2,0.9451,106450.0,104500.0,107300.0,104500.0,147292,184611,106450.0,900.0,107000.0,0.0,1225.0,0.0,-11410000.0,1.0,7.124576406741287e-218,8.727606098258073e-215,1.0,1
2024-05-20,23858.0,1100.0,-3050.0,0.4713861648472869,184221,3,0.9997,106000.0,107600.0,108400.0,105400.0,123219,184221,106000.0,550.0,107100.0,0.0,-225.0,0.0,-9711250.0,1.0,7.124576406741287e-218,-1.603029691516789e-215,1.0,1
2024-05-21,23858.0,200.0,-3050.0,0.4769274800993021,178009,3,0.9999,106700.0,106300.0,109450.0,105750.0,186216,178009,106700.0,650.0,106900.0,0.0,350.0,0.0,-9243750.0,1.0,7.124576406741287e-218,2.493601742359449e-215,1.0,1
2024-05-22,24373.0,500.0,-3050.0,0.4824089759395848,180239,3,0.9999,106400.0,107000.0,107900.0,105750.0,93785,180239,106400.0,-350.0,106900.0,0.0,-150.0,0.0,-9698750.0,1.0,7.124576406741287e-218,-1.0686864610111928e-215,1.0,1
2024-05-23,24052.0,350.0,-2750.0,0.4902445839505964,173259,3,0.9994,106150.0,105400.0,106500.0,103500.0,120764,173259,106150.0,700.0,106500.0,0.0,-125.0,0.0,-9363750.0,1.0,7.124576406741287e-218,-8.905720508426606e-216,1.0,1
2024-05-24,24352.0,-1100.0,-2300.0,0.4913304145253712,168876,3,0.9933,107600.0,106500.0,107900.0,105900.0,119418,168876,107600.0,-900.0,106500.0,0.0,725.0,0.0,-9800000.0,1.0,7.124576406741287e-218,5.165317894887431e-215,1.0,1
2024-05-27,24311.0,300.0,-2650.0,0.4937905630944793,171639,3,0.9988,106200.0,107600.0,108500.0,105500.0,95800,171639,106200.0,-400.0,106500.0,0.0,-700.0,0.0,-11190000.0,1.0,7.124576406741287e-218,-4.987203484718898e-215,1.0,1
2024-05-28,24451.0,1300.0,-2800.0,0.5044364612359717,170519,3,0.9993,105000.0,107300.0,107750.0,104750.0,114804,170519,105000.0,-500.0,106300.0,0.0,-600.0,0.0,-9850000.0,1.0,7.124576406741287e-218,-4.2747458440447707e-215,1.0,1
2024-05-29,24726.0,1000.0,-2950.0,0.5101939444558086,166699,3,0.9999,105200.0,104850.0,105900.0,103800.0,94508,166699,105200.0,600.0,106200.0,0.0,100.0,0.0,-9850000.0,1.0,7.124576406741287e-218,7.124576406741284e-216,1.0,1
2024-05-30,24846.0,0.0,-3050.0,0.4422675547136424,162442,3,1.0,106000.0,106000.0,107750.0,104900.0,129912,162442,106000.0,-400.0,106000.0,0.0,400.0,0.0,-10670000.0,1.0,7.124576406741287e-218,2.8498305626965136e-215,1.0,1
2024-05-31,24996.0,1050.0,-3000.0,0.4294723751010018,161329,3,1.0,104850.0,106000.0,107200.0,104200.0,102574,161329,104850.0,-400.0,105900.0,0.0,-575.0,0.0,2220000.0,7.124576406741287e-218,1.0,-575.0,-1.0,1
2024-06-03,26176.0,2200.0,-2500.0,0.4163165459858309,165260,3,0.998,102700.0,104000.0,104500.0,101050.0,134238,165260,102700.0,900.0,104900.0,0.0,-1075.0,0.0,5570000.0,7.124576406741287e-218,1.0,-1075.0,-1.0,1
2024-06-04,26583.0,1950.0,-3200.0,0.3716171721287358,168086,3,1.0,101850.0,102700.0,103400.0,101400.0,80207,168086,101850.0,950.0,103800.0,0.0,-425.0,0.0,5771250.0,7.124576406741287e-218,1.0,-425.0,-1.0,1
2024-06-05,27424.0,2200.0,-3200.0,0.372804813766338,168133,3,1.0,99800.0,101900.0,102350.0,99250.0,122591,168133,99800.0,1350.0,102000.0,0.0,-1025.0,0.0,8030000.0,7.124576406741287e-218,1.0,-1025.0,-1.0,1
2024-06-06,27644.0,250.0,-2750.0,0.3363509201465638,159275,3,0.9995,101150.0,100300.0,101350.0,99300.0,95005,159275,101150.0,1300.0,101400.0,0.0,675.0,0.0,6322500.0,7.124576406741287e-218,1.0,675.0,-1.0,1
2024-06-07,27664.0,1125.0,-1750.0,0.3539687898349095,154804,3,0.7264,100050.0,102000.0,102350.0,99800.0,92938,154804,100050.0,625.0,101175.0,0.0,-550.0,0.0,4993750.0,7.124576406741287e-218,1.0,-550.0,-1.0,1
2024-06-11,27960.0,3350.0,650.0,0.4275882143981107,152300,2,0.8965,97000.0,100000.0,100300.0,96750.0,104245,152300,97000.0,2100.0,100350.0,0.0,-1525.0,0.0,4577500.0,7.124576406741287e-218,1.0,-1525.0,-1.0,1
2024-06-12,27930.0,1000.0,-5100.0,0.4664924459479633,140001,3,1.0,98450.0,97500.0,98500.0,95200.0,143742,140001,98450.0,3950.0,99450.0,0.0,725.0,0.0,1053750.0,7.124576406741287e-218,1.0,725.0,-1.0,1
2024-06-13,27900.0,1500.0,-2900.0,0.5087402737191116,131634,3,0.9996,97800.0,98200.0,99300.0,96050.0,125979,131634,97800.0,1000.0,99300.0,0.0,-325.0,0.0,-1517500.0,1.0,7.124576406741287e-218,-2.3154873321909175e-215,1.0,1
2024-06-14,28220.0,1550.0,-2450.0,0.556024096547278,126620,3,0.9726,96900.0,97800.0,98250.0,96250.0,79212,126620,96900.0,1500.0,98450.0,0.0,-450.0,0.0,-225000.0,1.0,7.124576406741287e-218,-3.206059383033578e-215,1.0,1
2024-06-17,28220.0,1800.0,-1650.0,0.5970417424751614,121045,2,0.8831,95800.0,96500.0,97100.0,95500.0,77371,121045,95800.0,1500.0,97600.0,0.0,-550.0,0.0,-955000.0,1.0,7.124576406741287e-218,-3.918517023707707e-215,1.0,1
2024-06-18,28070.0,4350.0,-3550.0,0.6760226798794137,115233,3,1.0,92800.0,96500.0,97050.0,92700.0,119713,115233,92800.0,2950.0,97150.0,0.0,-1500.0,0.0,1246250.0,7.124576406741287e-218,1.0,-1500.0,-1.0,1
2024-06-19,27950.0,1400.0,-2850.0,0.7074562632689756,103750,3,0.941,94000.0,93350.0,94500.0,92500.0,82575,103750,94000.0,2550.0,95400.0,0.0,600.0,0.0,-396250.0,1.0,7.124576406741287e-218,4.2747458440447707e-215,1.0,1
2024-06-20,27835.0,450.0,-2900.0,0.7215270457815489,95216,3,0.7754,94400.0,94000.0,94950.0,93400.0,61431,95216,94400.0,1150.0,94850.0,0.0,200.0,0.0,-51250.0,1.0,7.124576406741287e-218,1.4249152813482568e-215,1.0,1
2024-06-21,28195.0,2950.0,-3350.0,0.7577614511880671,87161,3,0.9956,91900.0,94600.0,95550.0,91800.0,89876,87161,91900.0,0.0,94850.0,0.0,-1250.0,0.0,-588750.0,1.0,7.124576406741287e-218,-8.905720508426606e-215,1.0,1
2024-06-24,27975.0,4600.0,-3500.0,0.8142945707029348,73742,3,0.9956,88550.0,91150.0,92500.0,87650.0,93395,73742,88550.0,3700.0,93150.0,0.0,-1675.0,0.0,3780000.0,7.124576406741287e-218,1.0,-1675.0,-1.0,1
2024-06-25,28410.0,1550.0,-3250.0,0.8294400335041232,56844,2,0.9791,90250.0,88600.0,90600.0,86000.0,114695,56844,90250.0,4900.0,91800.0,0.0,850.0,0.0,1947500.0,7.124576406741287e-218,1.0,850.0,-1.0,1
2024-06-26,28340.0,-850.0,-3150.0,0.813551599118502,40943,2,1.0,92550.0,91000.0,93600.0,88950.0,119386,40943,92550.0,1700.0,91700.0,0.0,1150.0,0.0,3062500.0,7.124576406741287e-218,1.0,1150.0,-1.0,1
2024-06-27,28560.0,-2900.0,-3850.0,0.7693953940064858,142021,3,1.0,94600.0,96650.0,96900.0,94300.0,150614,142021,94600.0,-3750.0,91700.0,0.0,1025.0,0.0,5540000.0,7.124576406741287e-218,1.0,1025.0,-1.0,1
2024-06-28,28444.0,-3000.0,-5200.0,0.7004929642971541,151305,3,1.0,94500.0,94000.0,95500.0,93100.0,176810,151305,94500.0,-2800.0,91500.0,0.0,-50.0,0.0,5357500.0,7.124576406741287e-218,1.0,-50.0,-1.0,1
2024-07-01,28543.0,-4950.0,-5050.0,0.6294625320409272,161162,3,1.0,95650.0,93800.0,95800.0,91350.0,186860,161162,95650.0,-1800.0,90700.0,0.0,575.0,0.0,5760000.0,7.124576406741287e-218,1.0,575.0,-1.0,1
2024-07-02,28485.0,-3350.0,-4250.0,0.581173627264017,166674,3,1.0,94050.0,95400.0,96250.0,93800.0,140825,166674,94050.0,-4050.0,90700.0,0.0,-800.0,0.0,3603750.0,7.124576406741287e-218,1.0,-800.0,-1.0,1
2024-07-03,28703.0,-4100.0,-3650.0,0.532454483611885,169401,3,1.0,94550.0,94000.0,95450.0,93100.0,135067,169401,94550.0,-3550.0,90450.0,0.0,250.0,0.0,2290000.0,7.124576406741287e-218,1.0,250.0,-1.0,1
2024-07-04,27311.0,-3200.0,-4250.0,0.5047757065322976,174503,3,1.0,93950.0,95100.0,96100.0,93650.0,140991,174503,93950.0,-4350.0,90750.0,0.0,-300.0,0.0,1268750.0,7.124576406741287e-218,1.0,-300.0,-1.0,1
2024-07-05,27297.0,-3350.0,-4250.0,0.4481546302130836,168777,3,1.0,93900.0,93550.0,95150.0,92200.0,143190,168777,93900.0,-3100.0,90550.0,0.0,-25.0,0.0,2667500.0,7.124576406741287e-218,1.0,-25.0,-1.0,1
2024-07-08,30216.0,-3100.0,-3050.0,0.3980231352453241,173942,3,1.0,93650.0,94200.0,95150.0,93200.0,129708,173942,93650.0,-3800.0,90550.0,0.0,-125.0,0.0,3416250.0,7.124576406741287e-218,1.0,-125.0,-1.0,1
2024-07-09,30103.0,-3700.0,-4850.0,0.3836674201277122,170658,3,1.0,94150.0,93450.0,94800.0,92850.0,131239,170658,94150.0,-3100.0,90450.0,0.0,250.0,0.0,1676250.0,7.124576406741287e-218,1.0,250.0,-1.0,1
2024-07-10,29921.0,-1450.0,-3800.0,0.3545980900745621,176216,3,1.0,91800.0,93900.0,94400.0,91600.0,149171,176216,91800.0,-3750.0,90350.0,0.0,-1175.0,0.0,3300000.0,7.124576406741287e-218,1.0,-1175.0,-1.0,1
2024-07-11,29776.0,-2650.0,-4250.0,0.321705440551866,169488,3,1.0,92500.0,92000.0,92900.0,90300.0,155537,169488,92500.0,-2200.0,89850.0,0.0,350.0,0.0,2948750.0,7.124576406741287e-218,1.0,350.0,-1.0,1
2024-07-12,29753.0,-1600.0,-3150.0,0.3032827986434336,170948,3,1.0,91350.0,92500.0,93000.0,91000.0,95103,170948,91350.0,-2200.0,89750.0,0.0,-575.0,0.0,2253750.0,7.124576406741287e-218,1.0,-575.0,-1.0,1
2024-07-15,29346.0,1500.0,-1250.0,0.3480797813694221,186340,2,0.5841,87950.0,90800.0,91450.0,87950.0,163344,186340,87950.0,-800.0,89450.0,0.0,-1700.0,0.0,3713750.0,7.124576406741287e-218,1.0,-1700.0,-1.0,1
2024-07-16,29805.0,-850.0,-1300.0,0.3808137034175324,183897,3,0.5361,88800.0,87900.0,89300.0,87100.0,139709,183897,88800.0,-300.0,87950.0,0.0,425.0,0.0,618750.0,7.124576406741287e-218,1.0,425.0,-1.0,1
2024-07-17,33102.0,500.0,-1250.0,0.4371294003687089,189619,3,0.5508,86850.0,89000.0,89500.0,86800.0,122188,189619,86850.0,-750.0,87350.0,0.0,-975.0,0.0,1590000.0,7.124576406741287e-218,1.0,-975.0,-1.0,1
2024-07-18,32666.0,-1500.0,-1150.0,0.4586512645738923,188020,2,0.5594,87950.0,86500.0,88800.0,86450.0,116472,188020,87950.0,-650.0,86450.0,0.0,550.0,0.0,277500.0,7.124576406741287e-218,1.0,550.0,-1.0,1
2024-07-19,34349.0,-3400.0,-1300.0,0.465885451077902,188958,3,0.5381,89800.0,87500.0,90550.0,87300.0,227163,188958,89800.0,-1200.0,86400.0,0.0,925.0,0.0,1795000.0,7.124576406741287e-218,1.0,925.0,-1.0,1
2024-07-22,34702.0,-2600.0,-1200.0,0.4616502818397315,189656,2,0.5726,88950.0,88900.0,89450.0,88200.0,103539,189656,88950.0,-2100.0,86350.0,0.0,-425.0,0.0,-3178750.0,1.0,7.124576406741287e-218,-3.027944972865046e-215,1.0,1
2024-07-23,36125.0,-1550.0,-1150.0,0.4830622822810312,186336,2,0.6988,87900.0,88850.0,90350.0,87500.0,142439,186336,87900.0,-3150.0,86350.0,0.0,-525.0,0.0,115000.0,7.124576406741287e-218,1.0,-525.0,-1.0,1
2024-07-24,35862.0,-1000.0,-900.0,0.5167667224776183,188091,2,0.8179,86900.0,88250.0,88500.0,86500.0,131926,188091,86900.0,-900.0,85900.0,0.0,-500.0,0.0,-1315000.0,1.0,7.124576406741287e-218,-3.5622882033706424e-215,1.0,1
2024-07-25,36067.0,-2200.0,-950.0,0.5279825527290464,188050,2,0.821,87050.0,86300.0,87350.0,85000.0,141988,188050,87050.0,-1100.0,84850.0,0.0,75.0,0.0,-3747500.0,1.0,7.124576406741287e-218,5.343432305055964e-216,1.0,1
2024-07-26,36067.0,-1000.0,-950.0,0.5473589293692745,193373,2,0.772,85850.0,87800.0,88300.0,85850.0,117347,193373,85850.0,-2050.0,84850.0,0.0,-600.0,0.0,-3735000.0,1.0,7.124576406741287e-218,-4.2747458440447707e-215,1.0,1
2024-07-29,33645.0,850.0,-800.0,0.5817503573048584,207937,2,0.9668,83400.0,85750.0,86450.0,83200.0,162135,207937,83400.0,-1150.0,84250.0,0.0,-1225.0,0.0,-2207500.0,1.0,7.124576406741287e-218,-8.727606098258073e-215,1.0,1
2024-07-30,32177.0,1250.0,-1050.0,0.6607462805128078,215920,2,0.9985,81150.0,83650.0,84000.0,80700.0,181988,215920,81150.0,350.0,82400.0,0.0,-1125.0,0.0,1468750.0,7.124576406741287e-218,1.0,-1125.0,-1.0,1
2024-07-31,0.0,-700.0,-1200.0,0.6785008349786494,209232,2,1.0,82700.0,82000.0,84100.0,81800.0,191801,209232,82700.0,-200.0,82000.0,0.0,775.0,0.0,125000.0,7.124576406741287e-218,1.0,775.0,-1.0,1
2024-08-01,13419.0,850.0,-1000.0,0.7178502714630679,222825,2,0.9999,80850.0,83200.0,83900.0,80450.0,172722,222825,80850.0,-50.0,81700.0,0.0,-925.0,0.0,-1158750.0,1.0,7.124576406741287e-218,-6.590233176235688e-215,1.0,1
2024-08-02,26922.0,-200.0,-700.0,0.7340666411232755,215611,2,1.0,81000.0,80200.0,82150.0,79600.0,179822,215611,81000.0,400.0,80800.0,0.0,75.0,0.0,-1312500.0,1.0,7.124576406741287e-218,5.343432305055964e-216,1.0,1
2024-08-05,28973.0,-1000.0,-900.0,0.7276292991637789,210593,2,0.9997,81500.0,80200.0,82450.0,80000.0,161386,210593,81500.0,0.0,80500.0,0.0,250.0,0.0,-1281250.0,1.0,7.124576406741287e-218,1.7811441016853215e-215,1.0,1
2024-08-06,31753.0,-750.0,-800.0,0.6988340629722304,207139,2,0.9973,81250.0,82000.0,82200.0,80900.0,112245,207139,81250.0,-1200.0,80500.0,0.0,-125.0,0.0,-1281250.0,1.0,7.124576406741287e-218,-8.905720508426606e-216,1.0,1
2024-08-07,33093.0,100.0,-900.0,0.7001661737204417,209655,2,0.9974,80300.0,81850.0,81850.0,80100.0,90947,209655,80300.0,-500.0,80400.0,0.0,-475.0,0.0,-575000.0,1.0,7.124576406741287e-218,-3.3841737932021105e-215,1.0,1
2024-08-08,33191.0,1750.0,900.0,0.7020596408843547,219537,2,0.9999,78500.0,80600.0,80600.0,78400.0,137278,219537,78500.0,700.0,80250.0,0.0,-900.0,0.0,1102500.0,7.124576406741287e-218,1.0,-900.0,-1.0,1
2024-08-09,33191.0,2700.0,650.0,0.7161242830213722,221881,2,1.0,77550.0,79100.0,79800.0,77500.0,150525,221881,77550.0,1050.0,80250.0,0.0,-475.0,0.0,2360000.0,7.124576406741287e-218,1.0,-475.0,-1.0,1
2024-08-12,36080.0,2150.0,-150.0,0.7809676081753111,230478,2,1.0,76000.0,77950.0,78000.0,75900.0,112956,230478,76000.0,850.0,78150.0,0.0,-775.0,0.0,1141250.0,7.124576406741287e-218,1.0,-775.0,-1.0,1
2024-08-13,36330.0,1050.0,-250.0,0.7982967415133799,221774,2,1.0,77000.0,76100.0,77800.0,75500.0,198114,221774,77000.0,1100.0,78050.0,0.0,500.0,0.0,1811250.0,7.124576406741287e-218,1.0,500.0,-1.0,1
2024-08-14,36430.0,4000.0,-750.0,0.8857090425808684,230303,2,1.0,73450.0,76800.0,77100.0,72800.0,216635,230303,73450.0,1550.0,77450.0,0.0,-1775.0,0.0,865000.0,7.124576406741287e-218,1.0,-1775.0,-1.0,1
2024-08-15,36780.0,2950.0,-750.0,0.956560415144764,229864,2,1.0,72400.0,73600.0,73700.0,71800.0,212442,229864,72400.0,2050.0,75350.0,0.0,-525.0,0.0,3801250.0,7.124576406741287e-218,1.0,-525.0,-1.0,1
2024-08-16,36620.0,2250.0,-750.0,0.9623111192277852,225197,2,1.0,72950.0,73200.0,74250.0,72400.0,179002,225197,72950.0,1350.0,75200.0,0.0,275.0,0.0,2495000.0,7.124576406741287e-218,1.0,275.0,-1.0,1
2024-08-19,36700.0,1300.0,-900.0,0.9463236053323448,226887,2,1.0,73400.0,73350.0,73800.0,71700.0,173315,226887,73400.0,1750.0,74700.0,0.0,225.0,0.0,3405000.0,7.124576406741287e-218,1.0,225.0,-1.0,1
2024-08-20,36819.0,-300.0,-650.0,0.902925133621902,227057,2,1.0,75000.0,73400.0,75100.0,73100.0,155457,227057,75000.0,800.0,74700.0,0.0,800.0,0.0,3318750.0,7.124576406741287e-218,1.0,800.0,-1.0,1
2024-08-21,37917.0,-3050.0,-850.0,0.839302399714787,224646,2,0.9991,77900.0,75500.0,78800.0,74250.0,311907,224646,77900.0,-150.0,74850.0,0.0,1450.0,0.0,5113750.0,7.124576406741287e-218,1.0,1450.0,-1.0,1
2024-08-22,38077.0,-570.0,-750.0,0.7691039587398228,220587,2,0.9986,75450.0,77450.0,77950.0,75000.0,271095,220587,75450.0,-1270.0,74880.0,0.0,-1225.0,0.0,1636250.0,7.124576406741287e-218,1.0,-1225.0,-1.0,1
2024-08-23,38935.0,900.0,-750.0,0.7222066318688172,217889,2,0.9949,73350.0,75250.0,75550.0,73100.0,184257,217889,73350.0,-250.0,74250.0,0.0,-1050.0,0.0,4298750.0,7.124576406741287e-218,1.0,-1050.0,-1.0,1
2024-08-26,38875.0,-150.0,-750.0,0.6878702156348804,221357,2,0.9841,74350.0,74000.0,75000.0,73350.0,183293,221357,74350.0,100.0,74200.0,0.0,500.0,0.0,1778750.0,7.124576406741287e-218,1.0,500.0,-1.0,1
2024-08-27,40061.0,-1850.0,-850.0,0.6647619547084864,222639,2,0.9034,76150.0,74600.0,76850.0,74350.0,224363,222639,76150.0,-650.0,74300.0,0.0,900.0,0.0,-77500.0,1.0,7.124576406741287e-218,6.412118766067156e-215,1.0,1
2024-08-28,40061.0,-1500.0,-850.0,0.6124014901585927,227100,2,0.8264,75750.0,76000.0,76600.0,74300.0,202705,227100,75750.0,-700.0,74250.0,0.0,-200.0,0.0,1306250.0,7.124576406741287e-218,1.0,-200.0,-1.0,1
2024-08-29,40061.0,-2600.0,-750.0,0.5806969111323805,236888,2,0.7866,76850.0,75950.0,78100.0,74700.0,269825,236888,76850.0,-1350.0,74250.0,0.0,550.0,0.0,2520000.0,7.124576406741287e-218,1.0,550.0,-1.0,1
2024-08-30,41908.0,-4300.0,-750.0,0.553994585846662,232278,2,0.6284,78900.0,76850.0,79350.0,76550.0,288902,232278,78900.0,-3400.0,74600.0,0.0,1025.0,0.0,3786250.0,7.124576406741287e-218,1.0,1025.0,-1.0,1
2024-09-02,42448.0,-550.0,-1300.0,0.5015527305113068,229216,3,0.8742,75200.0,78250.0,78400.0,74550.0,291828,229216,75200.0,-2900.0,74650.0,0.0,-1850.0,0.0,-43750.0,1.0,7.124576406741287e-218,-1.3180466352471376e-214,1.0,1
2024-09-03,42888.0,-850.0,-900.0,0.4410267085660741,233484,3,0.5339,74900.0,75300.0,75600.0,73650.0,206102,233484,74900.0,-800.0,74050.0,0.0,-150.0,0.0,573750.0,7.124576406741287e-218,1.0,-150.0,-1.0,1
2024-09-04,43707.0,250.0,-750.0,0.3956715866171447,234032,2,0.5622,73600.0,74050.0,74900.0,73200.0,197297,234032,73600.0,350.0,73850.0,0.0,-650.0,0.0,650000.0,7.124576406741287e-218,1.0,-650.0,-1.0,1
2024-09-05,43237.0,2750.0,-750.0,0.4253624925178997,245150,3,0.5005,70750.0,73500.0,73750.0,70300.0,251520,245150,70750.0,1250.0,73500.0,0.0,-1425.0,0.0,1647500.0,7.124576406741287e-218,1.0,-1425.0,-1.0,1
2024-09-06,43447.0,1400.0,-650.0,0.4438633417965885,239300,2,0.5797,71200.0,71600.0,72450.0,69700.0,245768,239300,71200.0,2100.0,72600.0,0.0,225.0,0.0,151250.0,7.124576406741287e-218,1.0,225.0,-1.0,1
2024-09-09,43692.0,-900.0,-900.0,0.4448312334467599,234926,3,0.5551,73150.0,70300.0,73150.0,70150.0,214357,234926,73150.0,850.0,72250.0,0.0,975.0,0.0,-146250.0,1.0,7.124576406741287e-218,6.946461996572753e-215,1.0,1
2024-09-10,43582.0,300.0,-250.0,0.4423052633962627,236989,2,0.8381,72150.0,73200.0,73800.0,71700.0,196239,236989,72150.0,-300.0,72450.0,0.0,-500.0,0.0,-346250.0,1.0,7.124576406741287e-218,-3.5622882033706424e-215,1.0,1
2024-09-11,43492.0,-5050.0,-2000.0,0.4780132711798675,254596,3,0.9994,78450.0,72900.0,79300.0,72900.0,577307,254596,78450.0,-3300.0,73400.0,0.0,3150.0,0.0,-1721250.0,1.0,7.124576406741287e-218,2.244241568123505e-214,1.0,1
2024-09-12,42511.0,-3150.0,50.0,0.4773091655411787,246549,2,0.9029,76950.0,79600.0,79800.0,75350.0,408382,246549,76950.0,-2500.0,73800.0,0.0,-750.0,0.0,-8310000.0,1.0,7.124576406741287e-218,-5.343432305055963e-215,1.0,1
2024-09-13,42190.0,-3250.0,-2400.0,0.4840846673788166,239306,3,0.9999,77550.0,77800.0,78250.0,76200.0,260115,239306,77550.0,-2650.0,74300.0,0.0,300.0,0.0,-8471250.0,1.0,7.124576406741287e-218,2.1373729220223856e-215,1.0,1
2024-09-18,42034.0,-1000.0,-2300.0,0.4775638173638838,231645,3,0.9998,75300.0,77550.0,77700.0,74550.0,219265,231645,75300.0,-1400.0,74300.0,0.0,-1125.0,0.0,-9270000.0,1.0,7.124576406741287e-218,-8.015148457583947e-215,1.0,1
2024-09-19,41897.0,-1650.0,-2350.0,0.4782886353583108,226801,3,0.9999,75700.0,75500.0,76700.0,73700.0,244398,226801,75700.0,-1200.0,74050.0,0.0,200.0,0.0,-10080000.0,1.0,7.124576406741287e-218,1.4249152813482568e-215,1.0,1
2024-09-20,41762.0,-1100.0,-2550.0,0.4599817551069098,225720,3,1.0,75300.0,76250.0,76400.0,74200.0,193963,225720,75300.0,-1200.0,74200.0,0.0,-200.0,0.0,-12480000.0,1.0,7.124576406741287e-218,-1.4249152813482568e-215,1.0,1
2024-09-23,42188.0,-850.0,-2000.0,0.4595532737525264,221399,3,0.9978,74850.0,74800.0,76800.0,73200.0,258432,221399,74850.0,-350.0,74000.0,0.0,-225.0,0.0,-8837500.0,1.0,7.124576406741287e-218,-1.603029691516789e-215,1.0,1
2024-09-24,42233.0,-2150.0,-2150.0,0.4592132975413,231192,3,0.9994,76800.0,75150.0,77400.0,74550.0,235393,231192,76800.0,-1250.0,74200.0,0.0,975.0,0.0,-11848750.0,1.0,7.124576406741287e-218,6.946461996572753e-215,1.0,1
2024-09-26,42863.0,-2000.0,-2600.0,0.4656251391031939,222721,3,1.0,77050.0,76250.0,77300.0,75350.0,208282,222721,77050.0,-1350.0,75050.0,0.0,400.0,0.0,-12455000.0,1.0,7.124576406741287e-218,2.8498305626965136e-215,1.0,1
2024-09-27,43563.0,-1400.0,-2500.0,0.4713577543205238,222019,3,1.0,76950.0,77950.0,79100.0,76200.0,285188,222019,76950.0,-2600.0,75550.0,0.0,-50.0,0.0,-12135000.0,1.0,7.124576406741287e-218,-3.5622882033706427e-216,1.0,1
2024-09-30,43563.0,-4100.0,-3350.0,0.507204325087883,217601,3,1.0,79750.0,79350.0,81000.0,77550.0,346154,217601,79750.0,-2900.0,75650.0,0.0,1400.0,0.0,-12055000.0,1.0,7.124576406741287e-218,9.974406969437799e-215,1.0,1
2024-10-08,44683.0,600.0,-2500.0,0.4846816343312692,211822,3,1.0,76650.0,81500.0,84800.0,76500.0,381012,211822,76650.0,-3650.0,77250.0,0.0,-1550.0,0.0,-17522500.0,1.0,7.124576406741287e-218,-1.104309343044899e-214,1.0,1
2024-10-09,44753.0,600.0,-2250.0,0.4867537233788506,210574,3,0.9998,76400.0,76200.0,77750.0,75600.0,176135,210574,76400.0,400.0,77000.0,0.0,-125.0,0.0,-13342500.0,1.0,7.124576406741287e-218,-8.905720508426606e-216,1.0,1
2024-10-10,44693.0,3250.0,-2500.0,0.4930479017914659,211131,3,1.0,73700.0,76800.0,78000.0,73600.0,219356,211131,73700.0,600.0,76950.0,0.0,-1350.0,0.0,-13560000.0,1.0,7.124576406741287e-218,-9.618178149100735e-215,1.0,1
2024-10-11,44087.0,2550.0,-4350.0,0.4907214751330832,198642,3,1.0,73900.0,74700.0,74800.0,72750.0,192245,198642,73900.0,2550.0,76450.0,0.0,100.0,0.0,-14025000.0,1.0,7.124576406741287e-218,7.124576406741284e-216,1.0,1
2024-10-14,45084.0,2750.0,-3550.0,0.4479869737254339,199837,3,1.0,73100.0,74600.0,75150.0,72900.0,179620,199837,73100.0,2500.0,75850.0,0.0,-400.0,0.0,-15957500.0,1.0,7.124576406741287e-218,-2.8498305626965136e-215,1.0,1
2024-10-15,45189.0,2200.0,-3750.0,0.4076208548557963,186900,3,1.0,73400.0,73100.0,73900.0,72600.0,120400,186900,73400.0,1900.0,75600.0,0.0,150.0,0.0,-15436250.0,1.0,7.124576406741287e-218,1.0686864610111928e-215,1.0,1
2024-10-16,45059.0,4250.0,-2850.0,0.4462263503597686,188680,3,1.0,71150.0,73700.0,73700.0,71050.0,133323,188680,71150.0,2950.0,75400.0,0.0,-1125.0,0.0,-16212500.0,1.0,7.124576406741287e-218,-8.015148457583947e-215,1.0,1
2024-10-17,44969.0,6100.0,-3050.0,0.5374949120611768,181603,3,1.0,68600.0,71250.0,71900.0,68350.0,146283,181603,68600.0,3650.0,74700.0,0.0,-1275.0,0.0,-12368750.0,1.0,7.124576406741287e-218,-9.083834918595139e-215,1.0,1
2024-10-18,44341.0,3000.0,-3500.0,0.5603269858954655,160820,3,1.0,70650.0,69000.0,71950.0,68250.0,190861,160820,70650.0,4850.0,73650.0,0.0,1025.0,0.0,-11832500.0,1.0,7.124576406741287e-218,7.302690816909818e-215,1.0,1
2024-10-21,43439.0,1050.0,-2050.0,0.5635298316769288,194121,3,0.997,72450.0,74050.0,74750.0,72150.0,205476,194121,72450.0,-50.0,73500.0,0.0,900.0,0.0,-5262500.0,1.0,7.124576406741287e-218,6.412118766067156e-215,1.0,1
2024-10-22,43052.0,-400.0,-3650.0,0.5483434354327662,207436,3,1.0,73750.0,72100.0,74250.0,71300.0,247983,207436,73750.0,600.0,73350.0,0.0,650.0,0.0,-3642500.0,1.0,7.124576406741287e-218,4.6309746643818356e-215,1.0,1
2024-10-23,43499.0,-1600.0,-3750.0,0.5481920285561801,216843,3,1.0,75250.0,74000.0,75300.0,73650.0,284815,216843,75250.0,-1000.0,73650.0,0.0,750.0,0.0,-1992500.0,1.0,7.124576406741287e-218,5.343432305055963e-215,1.0,1
2024-10-24,43340.0,-900.0,-3300.0,0.5454172208144474,221888,3,1.0,74200.0,75600.0,76000.0,73200.0,243251,221888,74200.0,-300.0,73300.0,0.0,-525.0,0.0,-2330000.0,1.0,7.124576406741287e-218,-3.740402613539175e-215,1.0,1
2024-10-25,43416.0,-1400.0,-3550.0,0.5440402208111196,231011,3,1.0,74700.0,74400.0,75550.0,74300.0,239203,231011,74700.0,-1900.0,73300.0,0.0,250.0,0.0,-2512500.0,1.0,7.124576406741287e-218,1.7811441016853215e-215,1.0,1
2024-10-28,44215.0,-3000.0,-3800.0,0.552919721700595,226101,3,1.0,76600.0,75250.0,77350.0,75000.0,305171,226101,76600.0,-2750.0,73600.0,0.0,950.0,0.0,-2127500.0,1.0,7.124576406741287e-218,6.76834758640422e-215,1.0,1
2024-10-29,44345.0,-850.0,-3600.0,0.5422971602507959,224862,3,1.0,74900.0,76500.0,76800.0,74650.0,227520,224862,74900.0,-2250.0,74050.0,0.0,-850.0,0.0,-3303750.0,1.0,7.124576406741287e-218,-6.055889945730092e-215,1.0,1
2024-10-30,44405.0,0.0,-3650.0,0.5354907746311524,223987,3,1.0,73850.0,74500.0,74850.0,72950.0,228437,223987,73850.0,-250.0,73850.0,0.0,-525.0,0.0,-1875000.0,1.0,7.124576406741287e-218,-3.740402613539175e-215,1.0,1
2024-10-31,44852.0,-1150.0,-1900.0,0.5197765063887478,235041,3,0.9979,74850.0,74150.0,75450.0,73550.0,259776,235041,74850.0,-450.0,73700.0,0.0,500.0,0.0,-2180000.0,1.0,7.124576406741287e-218,3.5622882033706424e-215,1.0,1
2024-11-01,45161.0,-2650.0,-1500.0,0.5149254428035132,232925,3,0.9524,76500.0,74500.0,78000.0,74200.0,405968,232925,76500.0,-1650.0,73850.0,0.0,825.0,0.0,-1315000.0,1.0,7.124576406741287e-218,5.87777553556156e-215,1.0,1
2024-11-04,46522.0,-2650.0,-1250.0,0.4676209304975845,235708,3,0.8021,77250.0,76350.0,77600.0,76050.0,245618,235708,77250.0,-2250.0,74600.0,0.0,375.0,0.0,-556250.0,1.0,7.124576406741287e-218,2.6717161525279817e-215,1.0,1
2024-11-05,47861.0,-2400.0,-1350.0,0.4771024152904891,235236,3,0.8731,77350.0,77050.0,78300.0,76650.0,312156,235236,77350.0,-3150.0,74950.0,0.0,50.0,0.0,3821250.0,7.124576406741287e-218,1.0,50.0,-1.0,1
2024-11-06,47881.0,-950.0,-1900.0,0.4722537145388019,226178,3,0.9967,75900.0,77500.0,77500.0,74750.0,317572,226178,75900.0,-1850.0,74950.0,0.0,-725.0,0.0,3361250.0,7.124576406741287e-218,1.0,-725.0,-1.0,1
2024-11-07,48301.0,-1900.0,-1250.0,0.4887484563453438,231268,3,0.7838,76850.0,75800.0,77150.0,75400.0,195694,231268,76850.0,-1400.0,74950.0,0.0,475.0,0.0,2335000.0,7.124576406741287e-218,1.0,475.0,-1.0,1
2024-11-08,47959.0,-1000.0,-1850.0,0.4985418247162108,229434,3,0.9968,76400.0,77250.0,78950.0,76350.0,312254,229434,76400.0,-2350.0,75400.0,0.0,-225.0,0.0,2391250.0,7.124576406741287e-218,1.0,-225.0,-1.0,1
2024-11-11,49106.0,-5450.0,-2450.0,0.5748192284247644,273799,3,1.0,80950.0,76300.0,81050.0,75550.0,388079,273799,80950.0,-2500.0,75500.0,0.0,2275.0,0.0,1447500.0,7.124576406741287e-218,1.0,2275.0,-1.0,1
2024-11-12,48926.0,-4450.0,-2850.0,0.637524708944819,285848,3,1.0,81150.0,80950.0,82500.0,80150.0,492812,285848,81150.0,-4400.0,76700.0,0.0,100.0,0.0,2022500.0,7.124576406741287e-218,1.0,100.0,-1.0,1
2024-11-13,50196.0,-8300.0,-2100.0,0.7739462108358434,322905,3,0.9989,86500.0,82000.0,87100.0,81700.0,664882,322905,86500.0,-5450.0,78200.0,0.0,2675.0,0.0,2895000.0,7.124576406741287e-218,1.0,2675.0,-1.0,1
2024-11-14,50166.0,-2050.0,1250.0,0.7129115783793284,293494,2,0.9991,81000.0,86500.0,87600.0,80500.0,855078,293494,81000.0,-6350.0,78950.0,0.0,-2750.0,0.0,-14686250.0,1.0,7.124576406741287e-218,-1.959258511853853e-214,1.0,1
2024-11-15,49719.0,400.0,-150.0,0.6547108758044632,276214,2,0.9853,78300.0,80800.0,81300.0,77850.0,545274,276214,78300.0,-1500.0,78700.0,0.0,-1350.0,0.0,-4647500.0,1.0,7.124576406741287e-218,-9.618178149100735e-215,1.0,1
2024-11-18,53115.0,-2500.0,-100.0,0.6404962289777066,276906,2,0.9068,80950.0,78300.0,81200.0,77900.0,409956,276906,80950.0,-1050.0,78450.0,0.0,1325.0,0.0,-10070000.0,1.0,7.124576406741287e-218,9.440063738932203e-215,1.0,1
2024-11-19,53335.0,-3900.0,-200.0,0.6564893607970083,285988,2,0.893,82650.0,81100.0,83550.0,80250.0,554888,285988,82650.0,-2250.0,78750.0,0.0,850.0,0.0,-8987500.0,1.0,7.124576406741287e-218,6.055889945730092e-215,1.0,1
2024-11-20,52988.0,-3650.0,-100.0,0.6786587309728589,284814,2,0.9465,82700.0,82650.0,83650.0,81050.0,527957,284814,82700.0,-3750.0,79050.0,0.0,25.0,0.0,-9920000.0,1.0,7.124576406741287e-218,1.781144101685321e-216,1.0,1
2024-11-21,53287.0,-2550.0,-450.0,0.670940026030685,277950,2,0.8186,81950.0,82700.0,84250.0,81600.0,429649,277950,81950.0,-3650.0,79400.0,0.0,-375.0,0.0,-9151250.0,1.0,7.124576406741287e-218,-2.6717161525279817e-215,1.0,1
2024-11-22,53317.0,-400.0,-200.0,0.6468938331399106,267851,2,0.8422,79500.0,81250.0,81500.0,79000.0,392064,267851,79500.0,-1700.0,79100.0,0.0,-1225.0,0.0,-7970000.0,1.0,7.124576406741287e-218,-8.727606098258073e-215,1.0,1
2024-11-25,53300.0,-1250.0,-300.0,0.6423127543048132,260097,2,0.8142,80350.0,80600.0,81300.0,79600.0,306997,260097,80350.0,-1750.0,79100.0,0.0,425.0,0.0,-9486250.0,1.0,7.124576406741287e-218,3.027944972865046e-215,1.0,1
2024-11-26,52556.0,250.0,-450.0,0.6133926355597573,255424,2,0.5647,78650.0,80600.0,80800.0,78000.0,328510,255424,78650.0,-1100.0,78900.0,0.0,-850.0,0.0,-8593750.0,1.0,7.124576406741287e-218,-6.055889945730092e-215,1.0,1
2024-11-27,50385.0,100.0,-450.0,0.5604648107081647,246898,2,0.6013,78500.0,79100.0,79300.0,78250.0,211268,246898,78500.0,-100.0,78600.0,0.0,-75.0,0.0,-9358750.0,1.0,7.124576406741287e-218,-5.343432305055964e-216,1.0,1
2024-11-28,49829.0,-300.0,-400.0,0.5201323005805473,242286,2,0.6983,78500.0,78150.0,79100.0,76850.0,309750,242286,78500.0,500.0,78200.0,0.0,0.0,0.0,-8833750.0,1.0,7.124576406741287e-218,0.0,1.0,1
2024-11-29,21706.0,-350.0,-850.0,0.5026355029670089,240854,2,1.0,78550.0,78400.0,79750.0,77900.0,280300,240854,78550.0,-800.0,78200.0,0.0,25.0,0.0,-9658750.0,1.0,7.124576406741287e-218,1.781144101685321e-216,1.0,1
2024-12-02,22966.0,100.0,-850.0,0.4942595751172163,239434,2,0.9999,78300.0,78500.0,79350.0,77800.0,189618,239434,78300.0,-500.0,78400.0,0.0,-125.0,0.0,-10283750.0,1.0,7.124576406741287e-218,-8.905720508426606e-216,1.0,1
2024-12-03,23096.0,250.0,-1000.0,0.4885991261697894,230115,2,0.9995,78000.0,78750.0,79200.0,77500.0,206936,230115,78000.0,-350.0,78250.0,0.0,-150.0,0.0,-10283750.0,1.0,7.124576406741287e-218,-1.0686864610111928e-215,1.0,1
2024-12-04,27686.0,1800.0,-500.0,0.4821274021617204,217701,2,0.9993,76300.0,78150.0,78950.0,76250.0,247401,217701,76300.0,1000.0,78100.0,0.0,-850.0,0.0,-9956250.0,1.0,7.124576406741287e-218,-6.055889945730092e-215,1.0,1
2024-12-05,29446.0,600.0,-450.0,0.4868564598493037,207470,2,0.9841,76500.0,76600.0,76900.0,75900.0,160190,207470,76500.0,950.0,77100.0,0.0,100.0,0.0,-9437500.0,1.0,7.124576406741287e-218,7.124576406741284e-216,1.0,1
2024-12-06,34694.0,250.0,-800.0,0.4833109893475322,197237,2,0.7968,76650.0,76600.0,77350.0,75850.0,179142,197237,76650.0,550.0,76900.0,0.0,75.0,0.0,-9208750.0,1.0,7.124576406741287e-218,5.343432305055964e-216,1.0,1
2024-12-09,36941.0,-300.0,-700.0,0.4972514262601861,187549,2,0.8937,76800.0,76200.0,77150.0,75250.0,164371,187549,76800.0,500.0,76500.0,0.0,75.0,0.0,-8173750.0,1.0,7.124576406741287e-218,5.343432305055964e-216,1.0,1
2024-12-10,38784.0,50.0,1000.0,0.5082275585675943,178957,2,0.977,76600.0,78200.0,78750.0,76250.0,209280,178957,76600.0,-850.0,76650.0,0.0,-100.0,0.0,-8643750.0,1.0,7.124576406741287e-218,-7.124576406741284e-216,1.0,1
2024-12-11,39827.0,-100.0,-650.0,0.4103083014769887,168290,2,0.9975,76650.0,76450.0,77050.0,76250.0,108000,168290,76650.0,-100.0,76550.0,0.0,25.0,0.0,-9183750.0,1.0,7.124576406741287e-218,1.781144101685321e-216,1.0,1
2024-12-12,41633.0,-500.0,-950.0,0.405260462489339,159582,2,0.9998,77050.0,76750.0,77600.0,76050.0,121926,159582,77050.0,-650.0,76550.0,0.0,200.0,0.0,5538750.0,7.124576406741287e-218,1.0,200.0,-1.0,1
2024-12-13,42268.0,600.0,200.0,0.4250081207718611,147208,2,1.0,75800.0,76950.0,76950.0,75800.0,112445,147208,75800.0,400.0,76400.0,0.0,-625.0,0.0,-2136250.0,1.0,7.124576406741287e-218,-4.4528602542133036e-215,1.0,1
2024-12-16,42885.0,0.0,-700.0,0.4240368807461394,137204,2,1.0,76000.0,75600.0,76400.0,75000.0,109461,137204,76000.0,850.0,76000.0,0.0,100.0,0.0,1316250.0,7.124576406741287e-218,1.0,100.0,-1.0,1
2024-12-17,44255.0,700.0,-500.0,0.3960056943217199,125218,2,1.0,75200.0,76100.0,76100.0,74750.0,89440,125218,75200.0,750.0,75900.0,0.0,-400.0,0.0,-1016250.0,1.0,7.124576406741287e-218,-2.8498305626965136e-215,1.0,1
2024-12-18,46453.0,1490.0,-600.0,0.362976586777347,113130,2,1.0,74360.0,75820.0,75820.0,74300.0,102598,113130,74360.0,870.0,75850.0,0.0,-420.0,0.0,-722750.0,1.0,7.124576406741287e-218,-2.99232209083134e-215,1.0,1
2024-12-19,46353.0,1580.0,-600.0,0.3368083623453756,101059,2,1.0,73920.0,74020.0,74400.0,73760.0,76096,101059,73920.0,1420.0,75500.0,0.0,-220.0,0.0,-519200.0,1.0,7.124576406741287e-218,-1.5674068094830828e-215,1.0,1
2024-12-20,47721.0,-2330.0,-480.0,0.320057462287004,144633,2,1.0,77880.0,76680.0,77980.0,76500.0,116409,144633,77880.0,-2030.0,75550.0,0.0,1980.0,0.0,-2309150.0,1.0,7.124576406741287e-218,1.4106661285347744e-214,1.0,1
2024-12-23,48341.0,-1630.0,-500.0,0.2802522776989972,151398,2,1.0,77180.0,77660.0,78100.0,77000.0,106661,151398,77180.0,-1870.0,75550.0,0.0,-350.0,0.0,-2653900.0,1.0,7.124576406741287e-218,-2.493601742359449e-215,1.0,1
2024-12-24,49609.0,-2600.0,-520.0,0.274900437523399,160753,2,1.0,78200.0,77000.0,78460.0,77000.0,112681,160753,78200.0,-2240.0,75600.0,0.0,510.0,0.0,-2288400.0,1.0,7.124576406741287e-218,3.633533967438056e-215,1.0,1
2024-12-25,50425.0,-1900.0,-380.0,0.2656318699509392,163546,2,1.0,77500.0,78000.0,78100.0,77140.0,118205,163546,77500.0,-1740.0,75600.0,0.0,-350.0,0.0,-2772900.0,1.0,7.124576406741287e-218,-2.493601742359449e-215,1.0,1
2024-12-26,51565.0,-1920.0,-480.0,0.2557475249346899,163310,2,1.0,77520.0,77600.0,77960.0,77280.0,92560,163310,77520.0,-2040.0,75600.0,0.0,10.0,0.0,-2779900.0,1.0,7.124576406741287e-218,7.1245764067412845e-217,1.0,1
2024-12-27,52086.0,-950.0,-560.0,0.2411399532144594,171752,2,1.0,76500.0,77620.0,78120.0,76500.0,122618,171752,76500.0,-1950.0,75550.0,0.0,-510.0,0.0,-2790100.0,1.0,7.124576406741287e-218,-3.633533967438056e-215,1.0,1
2024-12-30,52406.0,-3270.0,-800.0,0.2414310454287837,181438,2,1.0,78320.0,76500.0,78800.0,75940.0,264996,181438,78320.0,-1310.0,75050.0,0.0,910.0,0.0,-3712050.0,1.0,7.124576406741287e-218,6.48336453013457e-215,1.0,1
2024-12-31,53356.0,-2050.0,-860.0,0.2339015017760542,183715,2,1.0,77100.0,78020.0,78200.0,76680.0,161748,183715,77100.0,1410.0,75050.0,0.0,-610.0,0.0,-4859750.0,1.0,7.124576406741287e-218,-4.3459916081121837e-215,1.0,1
2025-06-17,31713.0,590.0,-200.0,0.1937100076251385,307335,2,1.0,59860.0,59720.0,60180.0,59500.0,181606,307335,59860.0,770.0,60450.0,0.0,40.0,0.0,-1479800.0,1.0,7.124576406741287e-218,2.8498305626965138e-216,1.0,1
2025-06-18,29967.0,570.0,40.0,0.1953460114115397,306885,2,1.0,59880.0,60000.0,60600.0,59680.0,181046,306885,59880.0,330.0,60450.0,0.0,10.0,0.0,-1578200.0,1.0,7.124576406741287e-218,7.1245764067412845e-217,1.0,1
2025-06-19,29957.0,390.0,-20.0,0.1922266599648157,307261,2,1.0,60060.0,59740.0,60300.0,59580.0,167377,307261,60060.0,310.0,60450.0,0.0,90.0,0.0,-1538000.0,1.0,7.124576406741287e-218,6.412118766067157e-216,1.0,1
2025-06-20,27793.0,1500.0,-60.0,0.1804407179063722,354347,2,1.0,58900.0,60100.0,60400.0,58860.0,330320,354347,58900.0,400.0,60400.0,0.0,-580.0,0.0,-1767200.0,1.0,7.124576406741287e-218,-4.132254315909945e-215,1.0,1
2025-06-23,26779.0,830.0,-140.0,0.1855540726107029,356954,2,1.0,59120.0,58860.0,59300.0,58400.0,259487,356954,59120.0,1170.0,59950.0,0.0,110.0,0.0,-1281200.0,1.0,7.124576406741287e-218,7.837034047415414e-216,1.0,1
2025-06-24,22375.0,-800.0,-60.0,0.1883988900726558,343564,2,1.0,60700.0,58940.0,61660.0,58880.0,681747,343564,60700.0,640.0,59900.0,0.0,790.0,0.0,-1614800.0,1.0,7.124576406741287e-218,5.628415361325614e-215,1.0,1
2025-06-25,22370.0,-680.0,-20.0,0.1878551096863918,350406,2,1.0,60880.0,60700.0,61340.0,60360.0,366743,350406,60880.0,-420.0,60200.0,0.0,90.0,0.0,-1120000.0,1.0,7.124576406741287e-218,6.412118766067157e-216,1.0,1
2025-06-26,22590.0,-900.0,-140.0,0.2027189246590973,345216,2,1.0,61500.0,60680.0,61840.0,60620.0,386982,345216,61500.0,-640.0,60600.0,0.0,310.0,0.0,-842800.0,1.0,7.124576406741287e-218,2.2086186860897983e-215,1.0,1
2025-06-27,21998.0,-2150.0,80.0,0.2509015153622617,341448,2,1.0,63300.0,62000.0,63340.0,62000.0,615010,341448,63300.0,-1590.0,61150.0,0.0,900.0,0.0,-695200.0,1.0,7.124576406741287e-218,6.412118766067156e-215,1.0,1
2025-06-30,22628.0,-960.0,20.0,0.2679452317534279,330824,2,1.0,62260.0,63460.0,63600.0,62180.0,389727,330824,62260.0,-1140.0,61300.0,0.0,-520.0,0.0,-916800.0,1.0,7.124576406741287e-218,-3.7047797315054684e-215,1.0,1
2025-07-01,22940.0,-1480.0,100.0,0.2927095749583331,326676,2,1.0,62780.0,62140.0,62880.0,61280.0,398387,326676,62780.0,-400.0,61300.0,0.0,260.0,0.0,-1253000.0,1.0,7.124576406741287e-218,1.8523898657527342e-215,1.0,1
2025-07-02,23180.0,-2310.0,-80.0,0.344631620392021,325574,2,1.0,63960.0,62800.0,64380.0,62560.0,540435,325574,63960.0,-1170.0,61650.0,0.0,590.0,0.0,-1026000.0,1.0,7.124576406741287e-218,4.2035000799773577e-215,1.0,1
2025-07-03,22880.0,-1980.0,0.0,0.3855482960849108,334057,2,1.0,64080.0,64000.0,64520.0,63000.0,420967,334057,64080.0,-1480.0,62100.0,0.0,60.0,0.0,-396600.0,1.0,7.124576406741287e-218,4.2747458440447705e-216,1.0,1
2025-07-04,21036.0,-980.0,-120.0,0.4034551701616607,325288,2,1.0,63280.0,64100.0,64540.0,63160.0,347729,325288,63280.0,-1500.0,62300.0,0.0,-400.0,0.0,-278000.0,1.0,7.124576406741287e-218,-2.8498305626965136e-215,1.0,1
2025-07-07,15555.0,-1110.0,-80.0,0.4252340313441728,322534,2,1.0,63660.0,63200.0,63860.0,62800.0,213304,322534,63660.0,-1010.0,62550.0,0.0,190.0,0.0,-474200.0,1.0,7.124576406741287e-218,1.3536695172808443e-215,1.0,1
2025-07-08,12655.0,-980.0,-20.0,0.4466769853848328,338034,2,1.0,63880.0,63860.0,65180.0,63400.0,545405,338034,63880.0,-1700.0,62900.0,0.0,110.0,0.0,-440200.0,1.0,7.124576406741287e-218,7.837034047415414e-216,1.0,1
2025-07-09,13281.0,-1100.0,-200.0,0.4751246858384367,326895,2,1.0,64400.0,63860.0,65000.0,63740.0,350125,326895,64400.0,-1060.0,63300.0,0.0,260.0,0.0,-412400.0,1.0,7.124576406741287e-218,1.8523898657527342e-215,1.0,1
2025-07-10,13191.0,-530.0,-220.0,0.4905453657293045,323683,2,1.0,64180.0,64560.0,64960.0,64100.0,398022,323683,64180.0,-830.0,63650.0,0.0,-110.0,0.0,147800.0,7.124576406741287e-218,1.0,-110.0,-1.0,1
2025-07-11,11603.0,-530.0,-100.0,0.4936851067894183,322860,2,1.0,64280.0,64160.0,64740.0,63340.0,402816,322860,64280.0,-550.0,63750.0,0.0,50.0,0.0,-291600.0,1.0,7.124576406741287e-218,3.5622882033706427e-216,1.0,1
2025-07-14,11204.0,-1830.0,-120.0,0.5303542055136713,356161,2,1.0,66480.0,64300.0,68360.0,64300.0,1014558,356161,66480.0,-2030.0,64650.0,0.0,1100.0,0.0,-188400.0,1.0,7.124576406741287e-218,7.837034047415414e-215,1.0,1
2025-07-15,11203.0,-1760.0,-40.0,0.5569521817412364,342146,2,1.0,66660.0,66140.0,67360.0,64740.0,764028,342146,66660.0,-1200.0,64900.0,0.0,90.0,0.0,10400.0,7.124576406741287e-218,1.0,90.0,-1.0,1
2025-07-16,10655.0,-1470.0,-160.0,0.5655002106642232,340618,2,1.0,66420.0,67300.0,67460.0,65560.0,478114,340618,66420.0,-1270.0,64950.0,0.0,-120.0,0.0,-12000.0,1.0,7.124576406741287e-218,-8.549491688089541e-216,1.0,1
2025-07-17,10239.0,-3010.0,60.0,0.5951029678851827,363676,2,1.0,67960.0,66800.0,69980.0,65920.0,826939,363676,67960.0,-1310.0,64950.0,0.0,770.0,0.0,-198600.0,1.0,7.124576406741287e-218,5.48592383319079e-215,1.0,1
2025-07-18,10239.0,-3310.0,-80.0,0.6248319107211473,377305,2,1.0,69960.0,68980.0,70980.0,68080.0,1206323,377305,69960.0,-3090.0,66650.0,0.0,1000.0,0.0,1445800.0,7.124576406741287e-218,1.0,1000.0,-1.0,1
2025-07-21,9969.0,-3280.0,320.0,0.6636796365782262,381185,2,1.0,71280.0,71160.0,71780.0,69820.0,848150,381185,71280.0,-2960.0,68000.0,0.0,660.0,0.0,2893400.0,7.124576406741287e-218,1.0,660.0,-1.0,1
2025-07-22,10089.0,-3780.0,220.0,0.7479733351492208,411638,2,1.0,72880.0,71900.0,74480.0,70920.0,1118226,411638,72880.0,-2180.0,69100.0,0.0,800.0,0.0,3775600.0,7.124576406741287e-218,1.0,800.0,-1.0,1
2025-07-23,10754.0,1070.0,100.0,0.7358065283321056,362054,2,1.0,69380.0,73500.0,74680.0,68020.0,1334159,362054,69380.0,-2470.0,70450.0,0.0,-1750.0,0.0,833400.0,7.124576406741287e-218,1.0,-1750.0,-1.0,1
2025-07-24,11654.0,-6130.0,360.0,0.8781536171044417,436727,2,0.9988,76680.0,70180.0,77240.0,69600.0,1770283,436727,76680.0,-690.0,70550.0,0.0,3650.0,0.0,-11997400.0,1.0,7.124576406741287e-218,2.600470388460569e-214,1.0,1
2025-07-25,11996.0,-7620.0,580.0,1.090520622551864,491088,0,0.9951,80520.0,77500.0,80520.0,76700.0,1203424,491088,80520.0,-7520.0,72900.0,0.0,1920.0,0.0,1460600.0,7.124576406741287e-218,1.0,1920.0,-1.0,1
2025-07-28,12276.0,780.0,80.0,1.093686371161553,378472,2,0.9999,73120.0,73200.0,78400.0,73120.0,1005395,378472,73120.0,-3720.0,73900.0,0.0,-3700.0,0.0,-11811400.0,1.0,7.124576406741287e-218,-2.6360932704942756e-214,1.0,1
2025-07-29,12276.0,2310.0,180.0,1.0694606856488853,300620,2,1.0,70840.0,70160.0,71760.0,68600.0,744160,300620,70840.0,3370.0,73150.0,0.0,-1140.0,0.0,-3105000.0,1.0,7.124576406741287e-218,-8.122017103685066e-215,1.0,1
2025-07-30,13131.0,2350.0,100.0,1.0517794394164872,272753,2,1.0,70600.0,72980.0,73980.0,68500.0,792909,272753,70600.0,30.0,72950.0,0.0,-120.0,0.0,-3138200.0,1.0,7.124576406741287e-218,-8.549491688089541e-216,1.0,1
2025-07-31,5545.0,3720.0,20.0,1.024729869541296,229368,2,1.0,68280.0,68540.0,69000.0,66720.0,521849,229368,68280.0,4120.0,72000.0,0.0,-1160.0,0.0,-2930600.0,1.0,7.124576406741287e-218,-8.26450863181989e-215,1.0,1
2025-08-01,6605.0,2430.0,140.0,0.9812863766260312,216103,2,1.0,68920.0,69080.0,69940.0,67600.0,340670,216103,68920.0,2950.0,71350.0,0.0,320.0,0.0,-3625000.0,1.0,7.124576406741287e-218,2.2798644501572116e-215,1.0,1
2025-08-04,12603.0,2430.0,-80.0,0.9378749862301724,207770,2,0.8885,68920.0,69280.0,70660.0,68000.0,247898,207770,68920.0,1910.0,71350.0,0.0,0.0,0.0,-3473000.0,1.0,7.124576406741287e-218,0.0,1.0,1
2025-08-05,14443.0,3360.0,-300.0,0.8953714411801559,232062,2,0.9999,67840.0,68840.0,69940.0,67140.0,437207,232062,67840.0,1400.0,71200.0,0.0,-540.0,0.0,-3514800.0,1.0,7.124576406741287e-218,-3.8472712596402943e-215,1.0,1
2025-08-06,15023.0,1330.0,20.0,0.85300928331419,257770,2,1.0,69620.0,68100.0,69820.0,67600.0,425359,257770,69620.0,2450.0,70950.0,0.0,890.0,0.0,-4533200.0,1.0,7.124576406741287e-218,6.340873001999743e-215,1.0,1
2025-08-07,16443.0,-1200.0,220.0,0.807207000722079,289832,2,1.0,72300.0,69900.0,73500.0,69320.0,766669,289832,72300.0,1200.0,71100.0,0.0,1340.0,0.0,-2090800.0,1.0,7.124576406741287e-218,9.546932385033323e-215,1.0,1
2025-08-08,18829.0,-5060.0,600.0,0.8057085282932849,320706,2,1.0,76960.0,73000.0,77040.0,72600.0,895609,320706,76960.0,-2060.0,71900.0,0.0,2330.0,0.0,4164600.0,7.124576406741287e-218,1.0,2330.0,-1.0,1
2025-08-11,19389.0,-6500.0,20.0,0.9013434725908804,317676,2,1.0,81000.0,81000.0,81000.0,81000.0,38071,317676,81000.0,-6500.0,74500.0,0.0,2020.0,0.0,13467800.0,7.124576406741287e-218,1.0,2020.0,-1.0,1
2025-08-12,20829.0,-4520.0,620.0,0.995405524324785,356998,2,0.9912,82520.0,88800.0,88840.0,82500.0,1417704,356998,82520.0,-6860.0,78000.0,0.0,760.0,0.0,16340200.0,7.124576406741287e-218,1.0,760.0,-1.0,1
2025-08-13,21679.0,-4100.0,860.0,1.10044853554667,392675,0,0.7242,85100.0,83000.0,87900.0,82500.0,1245424,392675,85100.0,-3360.0,81000.0,0.0,1290.0,0.0,18322600.0,7.124576406741287e-218,1.0,1290.0,-1.0,1
2025-08-14,21939.0,-3300.0,520.0,1.1904825394408205,389177,0,0.9005,85300.0,85500.0,86640.0,82820.0,1060127,389177,85300.0,-4100.0,82000.0,0.0,100.0,0.0,18765400.0,7.124576406741287e-218,1.0,100.0,-1.0,1
2025-08-15,23485.0,-4200.0,800.0,1.2977503237808672,401139,0,0.9873,86900.0,85560.0,87000.0,84000.0,868811,401139,86900.0,-2920.0,82700.0,0.0,800.0,0.0,17385400.0,7.124576406741287e-218,1.0,800.0,-1.0,1
2025-08-18,23555.0,-4640.0,780.0,1.4237709329902786,421106,0,0.9979,89240.0,88160.0,90100.0,87720.0,1036328,421106,89240.0,-4160.0,84600.0,0.0,1170.0,0.0,17937400.0,7.124576406741287e-218,1.0,1170.0,-1.0,1
2025-08-19,23615.0,-1840.0,860.0,1.505375609879788,414097,0,0.9961,87540.0,89500.0,89540.0,87180.0,734929,414097,87540.0,-2220.0,85700.0,0.0,-850.0,0.0,14892400.0,7.124576406741287e-218,1.0,-850.0,-1.0,1
2025-08-20,24045.0,4720.0,-40.0,1.4779108304651,395102,0,1.0,80980.0,85660.0,85880.0,80980.0,838879,395102,80980.0,4720.0,85700.0,0.0,-3280.0,0.0,23268400.0,7.124576406741287e-218,1.0,-3280.0,-1.0,1
2025-08-21,24320.0,2440.0,480.0,1.5003067138911623,390069,0,1.0,82760.0,82000.0,83800.0,81580.0,777827,390069,82760.0,2740.0,85200.0,0.0,890.0,0.0,30205000.0,7.124576406741287e-218,1.0,890.0,-1.0,1
2025-08-22,24990.0,4940.0,340.0,1.4946777772274435,362254,0,1.0,78960.0,82500.0,82980.0,78100.0,932675,362254,78960.0,4800.0,83900.0,0.0,-1900.0,0.0,12807000.0,7.124576406741287e-218,1.0,-1900.0,-1.0,1
2025-08-25,25630.0,3120.0,280.0,1.485348189278877,368667,0,1.0,79380.0,81000.0,81560.0,78580.0,626916,368667,79380.0,3340.0,82500.0,0.0,210.0,0.0,26217000.0,7.124576406741287e-218,1.0,210.0,-1.0,1
2025-08-26,26690.0,2680.0,440.0,1.4510459897493329,349496,0,0.9999,79020.0,79260.0,80100.0,77800.0,559599,349496,79020.0,2080.0,81700.0,0.0,-180.0,0.0,17705400.0,7.124576406741287e-218,1.0,-180.0,-1.0,1
2025-08-27,27477.0,2740.0,360.0,1.4072720753713266,351322,0,0.9999,78860.0,79260.0,81020.0,78680.0,729645,351322,78860.0,1400.0,81600.0,0.0,-80.0,0.0,17460600.0,7.124576406741287e-218,1.0,-80.0,-1.0,1
2025-08-28,28957.0,1860.0,200.0,1.3166734926895398,347063,0,0.9987,78140.0,77800.0,78360.0,75740.0,805585,347063,78140.0,3900.0,80000.0,0.0,-360.0,0.0,17239800.0,7.124576406741287e-218,1.0,-360.0,-1.0,1
2025-08-29,29887.0,2470.0,340.0,1.226488841660451,346605,0,0.9982,77180.0,77800.0,78480.0,76820.0,490058,346605,77180.0,1810.0,79650.0,0.0,-480.0,0.0,18327800.0,7.124576406741287e-218,1.0,-480.0,-1.0,1
2025-09-01,31197.0,2790.0,480.0,1.1318270020810564,339133,0,0.9952,75560.0,77000.0,77420.0,74820.0,540295,339133,75560.0,2530.0,78350.0,0.0,-810.0,0.0,19105400.0,7.124576406741287e-218,1.0,-810.0,-1.0,1
2025-09-02,32007.0,4880.0,220.0,1.0299136025576323,348109,0,0.9997,72620.0,75040.0,75800.0,72460.0,620441,348109,72620.0,3040.0,77500.0,0.0,-1470.0,0.0,21486800.0,7.124576406741287e-218,1.0,-1470.0,-1.0,1
2025-09-03,34118.0,4020.0,280.0,0.9806584957978148,346048,0,0.9983,71880.0,72860.0,73300.0,71820.0,442800,346048,71880.0,3020.0,75900.0,0.0,-370.0,0.0,23535800.0,7.124576406741287e-218,1.0,-370.0,-1.0,1
2025-09-04,34948.0,1580.0,100.0,0.9618321177171332,353674,0,0.9495,73420.0,71200.0,74440.0,71120.0,712151,353674,73420.0,2000.0,75000.0,0.0,770.0,0.0,20580800.0,7.124576406741287e-218,1.0,770.0,-1.0,1
2025-09-05,36631.0,490.0,-20.0,0.9879434649491048,364002,0,0.9464,74260.0,73380.0,75860.0,72580.0,802006,364002,74260.0,850.0,74750.0,0.0,420.0,0.0,14983200.0,7.124576406741287e-218,1.0,420.0,-1.0,1
2025-09-08,37451.0,-200.0,40.0,1.012156245541814,364137,0,0.9323,74800.0,73840.0,76580.0,73020.0,782387,364137,74800.0,740.0,74600.0,0.0,270.0,0.0,5796800.0,7.124576406741287e-218,1.0,270.0,-1.0,1
2025-09-09,38101.0,1700.0,-20.0,1.0464417454327055,351340,0,0.9853,72900.0,74740.0,75160.0,72540.0,591675,351340,72900.0,-300.0,74600.0,0.0,-950.0,0.0,2213400.0,7.124576406741287e-218,1.0,-950.0,-1.0,1
2025-09-10,38101.0,2730.0,160.0,1.0784261829027453,340814,0,0.9951,70720.0,69040.0,71000.0,68600.0,751480,340814,70720.0,3330.0,73450.0,0.0,-1090.0,0.0,2323600.0,7.124576406741287e-218,1.0,-1090.0,-1.0,1
2025-09-11,38391.0,1850.0,260.0,1.0828585742089083,323456,0,0.9671,71000.0,70960.0,71420.0,70160.0,426041,323456,71000.0,2130.0,72850.0,0.0,140.0,0.0,1760400.0,7.124576406741287e-218,1.0,140.0,-1.0,1
2025-09-12,38625.0,1290.0,160.0,1.0398108879041352,309402,0,0.775,71160.0,70540.0,71560.0,70320.0,410989,309402,71160.0,1350.0,72450.0,0.0,80.0,0.0,1622800.0,7.124576406741287e-218,1.0,80.0,-1.0,1
2025-09-15,38963.0,-230.0,220.0,0.899814883558626,309446,2,0.8961,72680.0,71260.0,73160.0,70840.0,482790,309446,72680.0,50.0,72450.0,0.0,760.0,0.0,-127600.0,1.0,7.124576406741287e-218,5.414678069123376e-215,1.0,1
2025-09-16,38824.0,-330.0,280.0,0.7463384764580483,300437,2,0.9947,73180.0,73900.0,75100.0,72760.0,500267,300437,73180.0,-610.0,72850.0,0.0,250.0,0.0,2241400.0,7.124576406741287e-218,1.0,250.0,-1.0,1
2025-09-17,39234.0,-490.0,0.0,0.7022370715569916,294624,2,0.9999,73640.0,73160.0,74060.0,72680.0,343863,294624,73640.0,170.0,73150.0,0.0,230.0,0.0,-3219600.0,1.0,7.124576406741287e-218,1.6386525735504958e-215,1.0,1
2025-09-18,39354.0,570.0,260.0,0.6093149677751454,281411,2,0.9998,72880.0,73120.0,73800.0,71680.0,502269,281411,72880.0,-150.0,73450.0,0.0,-380.0,0.0,2444000.0,7.124576406741287e-218,1.0,-380.0,-1.0,1
2025-09-19,39484.0,-460.0,100.0,0.5722227935284117,281264,2,1.0,73960.0,72500.0,74020.0,72500.0,370359,281264,73960.0,60.0,73500.0,0.0,540.0,0.0,5415600.0,7.124576406741287e-218,1.0,540.0,-1.0,1
2025-09-22,38909.0,430.0,320.0,0.519643723704063,271624,2,0.9998,73420.0,74580.0,74860.0,73040.0,396645,271624,73420.0,430.0,73850.0,0.0,-270.0,0.0,5922000.0,7.124576406741287e-218,1.0,-270.0,-1.0,1
2025-09-23,39449.0,190.0,200.0,0.4613865925828691,255907,2,0.9913,73660.0,73040.0,74460.0,72360.0,497857,255907,73660.0,1310.0,73850.0,0.0,120.0,0.0,5932800.0,7.124576406741287e-218,1.0,120.0,-1.0,1
2025-09-24,39749.0,970.0,180.0,0.3923689619093662,260654,2,0.9921,72880.0,73700.0,73880.0,72800.0,345221,260654,72880.0,830.0,73850.0,0.0,-390.0,0.0,5810400.0,7.124576406741287e-218,1.0,-390.0,-1.0,1
2025-09-25,40309.0,-290.0,260.0,0.3233902016208554,261141,2,0.9828,74040.0,72980.0,74480.0,72740.0,342719,261141,74040.0,350.0,73750.0,0.0,580.0,0.0,5300400.0,7.124576406741287e-218,1.0,580.0,-1.0,1
2025-09-26,40329.0,720.0,100.0,0.2618452635821201,248640,2,0.9769,72880.0,73800.0,74500.0,72180.0,481020,248640,72880.0,-360.0,73600.0,0.0,-580.0,0.0,4282000.0,7.124576406741287e-218,1.0,-580.0,-1.0,1
2025-09-29,41119.0,-370.0,440.0,0.235874281472359,251749,2,0.9863,73920.0,73100.0,74720.0,72360.0,465591,251749,73920.0,690.0,73550.0,0.0,520.0,0.0,2901200.0,7.124576406741287e-218,1.0,520.0,-1.0,1
2025-09-30,41709.0,750.0,180.0,0.2353569375956804,231964,2,0.983,72800.0,73980.0,74020.0,72760.0,317458,231964,72800.0,210.0,73550.0,0.0,-560.0,0.0,-62600.0,1.0,7.124576406741287e-218,-3.98976278777512e-215,1.0,1
2025-10-09,42379.0,210.0,60.0,0.2288952644619773,229022,2,0.9901,73340.0,73200.0,75240.0,72620.0,361093,229022,73340.0,170.0,73550.0,0.0,270.0,0.0,-1452800.0,1.0,7.124576406741287e-218,1.9236356298201472e-215,1.0,1
2025-10-10,42669.0,810.0,60.0,0.228706072948509,221919,2,0.991,72740.0,73200.0,73880.0,72580.0,294783,221919,72740.0,430.0,73550.0,0.0,-300.0,0.0,-1045000.0,1.0,7.124576406741287e-218,-2.1373729220223856e-215,1.0,1
2025-10-13,36718.0,820.0,0.0,0.2229296968315689,207463,2,0.9884,72280.0,72800.0,72960.0,71800.0,282178,207463,72280.0,900.0,73100.0,0.0,-230.0,0.0,-1553800.0,1.0,7.124576406741287e-218,-1.6386525735504958e-215,1.0,1
2025-10-14,35180.0,320.0,100.0,0.2030432131057939,192931,2,0.9968,72680.0,72600.0,74420.0,72460.0,270327,192931,72680.0,200.0,73000.0,0.0,200.0,0.0,-1872600.0,1.0,7.124576406741287e-218,1.4249152813482568e-215,1.0,1
2025-10-15,33076.0,60.0,-40.0,0.2030842254865874,212472,2,0.9873,72940.0,73140.0,73860.0,72760.0,99329,212472,72940.0,-20.0,73000.0,0.0,130.0,0.0,-1307600.0,1.0,7.124576406741287e-218,9.261949328763671e-216,1.0,1
2025-10-16,30456.0,-2080.0,-60.0,0.199147770671081,233905,2,0.9839,75080.0,73200.0,75140.0,73020.0,179492,233905,75080.0,-700.0,73000.0,0.0,1070.0,0.0,-3100400.0,1.0,7.124576406741287e-218,7.623296755213176e-215,1.0,1
2025-10-17,30686.0,-2430.0,40.0,0.2091173493113931,271858,2,0.9993,75780.0,75200.0,76900.0,74920.0,303602,271858,75780.0,-2090.0,73350.0,0.0,350.0,0.0,-2046200.0,1.0,7.124576406741287e-218,2.493601742359449e-215,1.0,1
2025-10-20,30705.0,-1940.0,140.0,0.2145054407058539,293283,2,1.0,75940.0,76600.0,76700.0,75680.0,188791,293283,75940.0,-1960.0,74000.0,0.0,80.0,0.0,-2012600.0,1.0,7.124576406741287e-218,5.6996611253930276e-216,1.0,1
2025-10-21,29892.0,-1880.0,120.0,0.238177885258081,310199,2,1.0,75980.0,75920.0,76380.0,75340.0,197979,310199,75980.0,-1580.0,74100.0,0.0,20.0,0.0,-2131000.0,1.0,7.124576406741287e-218,1.4249152813482569e-216,1.0,1
2025-10-22,29019.0,-2770.0,20.0,0.2840359349060399,353231,2,1.0,77120.0,76000.0,77500.0,75680.0,376449,353231,77120.0,-1950.0,74350.0,0.0,570.0,0.0,-2488200.0,1.0,7.124576406741287e-218,4.061008551842533e-215,1.0,1
2025-10-23,28759.0,-5140.0,140.0,0.3939938753792592,419147,2,0.9937,79940.0,77140.0,79960.0,77080.0,490920,419147,79940.0,-3520.0,74800.0,0.0,1410.0,0.0,-995800.0,1.0,7.124576406741287e-218,1.004565273350521e-214,1.0,1
2025-10-24,28699.0,-4120.0,-40.0,0.4556884730152198,431174,2,0.9557,79520.0,79500.0,80880.0,78880.0,613476,431174,79520.0,-4660.0,75400.0,0.0,-210.0,0.0,-1413200.0,1.0,7.124576406741287e-218,-1.49616104541567e-215,1.0,1
2025-10-27,27739.0,-5350.0,160.0,0.5604309972286113,483478,0,0.9893,81900.0,80000.0,82060.0,79580.0,514455,483478,81900.0,-4870.0,76550.0,0.0,1190.0,0.0,-1502600.0,1.0,7.124576406741287e-218,8.478245924022128e-215,1.0,1
2025-10-28,27335.0,-3140.0,140.0,0.6297432613667832,488803,0,0.998,81640.0,81600.0,83480.0,81140.0,729307,488803,81640.0,-4740.0,78500.0,0.0,-130.0,0.0,-1520400.0,1.0,7.124576406741287e-218,-9.261949328763671e-216,1.0,1
2025-10-29,27525.0,-3750.0,160.0,0.7067698109957111,506882,0,0.9996,82900.0,82240.0,83280.0,81320.0,659421,506882,82900.0,-2390.0,79150.0,0.0,630.0,0.0,-1619400.0,1.0,7.124576406741287e-218,4.488483136247009e-215,1.0,1
2025-10-30,27641.0,-3400.0,180.0,0.7663562266785632,532871,0,0.9999,83400.0,83120.0,84940.0,82220.0,829117,532871,83400.0,-3780.0,80000.0,0.0,250.0,0.0,-1210800.0,1.0,7.124576406741287e-218,1.7811441016853215e-215,1.0,1
2025-10-31,27621.0,-230.0,160.0,0.7834594031978581,510440,0,1.0,80780.0,83780.0,84460.0,80260.0,915245,510440,80780.0,-2830.0,80550.0,0.0,-1310.0,0.0,-1413400.0,1.0,7.124576406741287e-218,-9.333195092831083e-215,1.0,1
2025-11-03,27290.0,-1280.0,140.0,0.7991513317870385,525184,0,1.0,82280.0,81260.0,82880.0,81120.0,586668,525184,82280.0,-960.0,81000.0,0.0,750.0,0.0,-2705600.0,1.0,7.124576406741287e-218,5.343432305055963e-215,1.0,1
2025-11-04,26490.0,2340.0,-60.0,0.7868634273601071,457374,0,1.0,78560.0,82700.0,82900.0,77580.0,975978,457374,78560.0,1040.0,80900.0,0.0,-1860.0,0.0,-4892400.0,1.0,7.124576406741287e-218,-1.325171211653879e-214,1.0,1
2025-11-05,26830.0,1360.0,240.0,0.7591643989578567,453260,0,0.9996,79140.0,78440.0,79840.0,78060.0,515731,453260,79140.0,1800.0,80500.0,0.0,290.0,0.0,-5388800.0,1.0,7.124576406741287e-218,2.0661271579549726e-215,1.0,1
2025-11-06,26420.0,-100.0,280.0,0.7396371791384532,471983,0,0.9993,80500.0,79480.0,80920.0,78640.0,582033,471983,80500.0,1300.0,80400.0,0.0,680.0,0.0,-4692000.0,1.0,7.124576406741287e-218,4.844711956584075e-215,1.0,1
2025-11-07,27332.0,-1900.0,420.0,0.7163039262721652,490951,0,0.9978,82300.0,79440.0,82460.0,79000.0,810655,490951,82300.0,-360.0,80400.0,0.0,900.0,0.0,-3306000.0,1.0,7.124576406741287e-218,6.412118766067156e-215,1.0,1
2025-11-10,27491.0,-6490.0,200.0,0.7405907626514695,534483,0,0.9999,87240.0,82600.0,87280.0,82360.0,986569,534483,87240.0,-4210.0,80750.0,0.0,2470.0,0.0,1002000.0,7.124576406741287e-218,1.0,2470.0,-1.0,1
2025-11-11,28099.0,-4240.0,240.0,0.7316780698205444,526493,0,0.9997,86540.0,87700.0,88100.0,85740.0,902490,526493,86540.0,-4800.0,82300.0,0.0,-350.0,0.0,-635000.0,1.0,7.124576406741287e-218,-2.493601742359449e-215,1.0,1
2025-11-12,28287.0,-3280.0,40.0,0.7024950672744379,528966,0,1.0,86580.0,86760.0,88200.0,85340.0,1145329,528966,86580.0,-4400.0,83300.0,0.0,20.0,0.0,-701000.0,1.0,7.124576406741287e-218,1.4249152813482569e-216,1.0,1
2025-11-13,27508.0,-3490.0,-100.0,0.7134759163978445,536514,0,1.0,87840.0,86500.0,89900.0,86280.0,1106011,536514,87840.0,-3370.0,84350.0,0.0,630.0,0.0,-954000.0,1.0,7.124576406741287e-218,4.488483136247009e-215,1.0,1
2025-11-14,27170.0,-2210.0,40.0,0.7091724625883414,516778,0,1.0,87360.0,87500.0,88260.0,86580.0,757432,516778,87360.0,-2210.0,85150.0,0.0,-240.0,0.0,-2005400.0,1.0,7.124576406741287e-218,-1.7098983376179082e-215,1.0,1
2025-11-17,26953.0,-9050.0,100.0,0.8328779598675896,562954,0,1.0,95200.0,87700.0,95200.0,87700.0,1366919,562954,95200.0,-5390.0,86150.0,0.0,3920.0,0.0,-3943000.0,1.0,7.124576406741287e-218,2.792833951442584e-214,1.0,1
2025-11-18,26611.0,-6120.0,260.0,0.8751530949650975,484357,0,0.9986,93520.0,96200.0,96920.0,92800.0,1487724,484357,93520.0,-7160.0,87400.0,0.0,-840.0,0.0,-10531800.0,1.0,7.124576406741287e-218,-5.98464418166268e-215,1.0,1
2025-11-19,26766.0,-10400.0,-140.0,1.010283532195146,503132,0,1.0,99300.0,93800.0,100080.0,93640.0,1767428,503132,99300.0,-10880.0,88900.0,0.0,2890.0,0.0,-15409800.0,1.0,7.124576406741287e-218,2.0590025815482314e-214,1.0,1
2025-11-20,26916.0,-7680.0,60.0,1.123158281058326,479602,0,1.0,98980.0,99780.0,102500.0,97720.0,1595646,479602,98980.0,-9200.0,91300.0,0.0,-160.0,0.0,-17942000.0,1.0,7.124576406741287e-218,-1.1399322250786055e-215,1.0,1
2025-11-21,26848.0,1280.0,-20.0,1.1092524876488854,411327,0,0.9993,91020.0,94020.0,96000.0,91020.0,1137824,411327,91020.0,-2020.0,92300.0,0.0,-3980.0,0.0,-16076200.0,1.0,7.124576406741287e-218,-2.835581409883031e-214,1.0,1
2025-11-24,26510.0,1670.0,20.0,1.1056777094662893,365078,0,0.9504,90480.0,91820.0,92880.0,90000.0,454612,365078,90480.0,1690.0,92150.0,0.0,-270.0,0.0,-13427200.0,1.0,7.124576406741287e-218,-1.9236356298201472e-215,1.0,1
2025-11-25,26615.0,-3350.0,-60.0,1.132938392340756,343199,2,0.9746,95400.0,91000.0,95600.0,90660.0,511279,343199,95400.0,810.0,92050.0,0.0,2460.0,0.0,-14446200.0,1.0,7.124576406741287e-218,1.7526457960583563e-214,1.0,1
2025-11-26,27050.0,-3540.0,-160.0,1.1667089014666625,478054,0,1.0,96340.0,97740.0,99880.0,95340.0,810231,478054,96340.0,-5540.0,92800.0,0.0,470.0,0.0,-11970000.0,1.0,7.124576406741287e-218,3.3485509111684035e-215,1.0,1
2025-11-27,26781.0,-2520.0,40.0,1.186790127643021,507882,0,1.0,95820.0,96600.0,98620.0,95500.0,741463,507882,95820.0,-3980.0,93300.0,0.0,-260.0,0.0,-12529400.0,1.0,7.124576406741287e-218,-1.8523898657527342e-215,1.0,1
2025-11-28,5441.0,-2670.0,200.0,1.1727095608519422,526998,0,0.9979,96420.0,94860.0,97600.0,93880.0,580962,526998,96420.0,-3610.0,93750.0,0.0,300.0,0.0,-12030400.0,1.0,7.124576406741287e-218,2.1373729220223856e-215,1.0,1
2025-12-01,8222.0,-2590.0,180.0,1.1655570221440752,543633,0,0.9999,96940.0,96980.0,98480.0,95840.0,535475,543633,96940.0,-2990.0,94350.0,0.0,260.0,0.0,-9909400.0,1.0,7.124576406741287e-218,1.8523898657527342e-215,1.0,1
2025-12-02,8992.0,-2160.0,-100.0,1.0756137338101377,552239,0,1.0,96560.0,96840.0,97300.0,95100.0,454290,552239,96560.0,-2240.0,94400.0,0.0,-190.0,0.0,-7218200.0,1.0,7.124576406741287e-218,-1.3536695172808443e-215,1.0,1
2025-12-03,9652.0,690.0,180.0,0.9500017208696542,562836,0,1.0,93660.0,96560.0,97580.0,92520.0,643323,562836,93660.0,-1970.0,94350.0,0.0,-1450.0,0.0,-5588400.0,1.0,7.124576406741287e-218,-1.0330635789774863e-214,1.0,1
2025-12-04,10422.0,300.0,380.0,0.8221674827911025,560629,0,1.0,93700.0,93800.0,94600.0,91600.0,663458,560629,93700.0,760.0,94000.0,0.0,20.0,0.0,-6040800.0,1.0,7.124576406741287e-218,1.4249152813482569e-216,1.0,1
2025-12-05,10922.0,1090.0,300.0,0.7042905919113838,560676,0,1.0,92160.0,93420.0,93980.0,92100.0,461507,560676,92160.0,-30.0,93250.0,0.0,-770.0,0.0,-7295600.0,1.0,7.124576406741287e-218,-5.48592383319079e-215,1.0,1
2025-12-08,13120.0,-2090.0,260.0,0.6672721562270746,593129,0,1.0,94840.0,92460.0,95500.0,91120.0,599367,593129,94840.0,-610.0,92750.0,0.0,1340.0,0.0,-13805200.0,1.0,7.124576406741287e-218,9.546932385033323e-215,1.0,1
2025-12-09,12920.0,-50.0,40.0,0.6078397926052221,575421,0,1.0,92800.0,94580.0,94800.0,92300.0,512215,575421,92800.0,-1910.0,92750.0,0.0,-1020.0,0.0,-14809800.0,1.0,7.124576406741287e-218,-7.267067934876111e-215,1.0,1
2025-12-10,13680.0,-3280.0,-40.0,0.5395522217346783,605453,0,1.0,95980.0,93000.0,96800.0,93000.0,620935,605453,95980.0,-680.0,92700.0,0.0,1590.0,0.0,-18039400.0,1.0,7.124576406741287e-218,1.1328076486718642e-214,1.0,1
2025-12-11,14750.0,-5380.0,100.0,0.5010932445343959,634283,0,1.0,98880.0,95900.0,99520.0,95460.0,744190,634283,98880.0,-5120.0,93500.0,0.0,1450.0,0.0,-13453600.0,1.0,7.124576406741287e-218,1.0330635789774863e-214,1.0,1
2025-12-12,15050.0,-3220.0,-320.0,0.414843997875995,636384,0,1.0,97720.0,99520.0,101620.0,97620.0,757689,636384,97720.0,-5080.0,94500.0,0.0,-580.0,0.0,-14833200.0,1.0,7.124576406741287e-218,-4.132254315909945e-215,1.0,1
2025-12-15,15260.0,-5910.0,20.0,0.4630439318425782,662185,0,1.0,101060.0,98080.0,101200.0,97300.0,699601,662185,101060.0,-3190.0,95150.0,0.0,1670.0,0.0,-14888800.0,1.0,7.124576406741287e-218,1.1898042599257944e-214,1.0,1
2025-12-16,15286.0,-4750.0,-160.0,0.4890264414096471,666027,0,1.0,100600.0,101500.0,102280.0,99800.0,597317,666027,100600.0,-5170.0,95850.0,0.0,-230.0,0.0,-9071400.0,1.0,7.124576406741287e-218,-1.6386525735504958e-215,1.0,1
2025-12-17,15636.0,-11570.0,40.0,0.645312159608747,668589,0,1.0,108620.0,101500.0,109860.0,101500.0,1158611,668589,108620.0,-11010.0,97050.0,0.0,4010.0,0.0,-6060800.0,1.0,7.124576406741287e-218,2.856955139103255e-214,1.0,1
2025-12-18,15636.0,-8610.0,60.0,0.7241415919430352,672711,0,1.0,106160.0,106800.0,109920.0,104700.0,1013916,672711,106160.0,-10850.0,97550.0,0.0,-1230.0,0.0,-15000600.0,1.0,7.124576406741287e-218,-8.76322898029178e-215,1.0,1
2025-12-19,15511.0,-13750.0,-220.0,0.8420635669079394,668829,0,1.0,111400.0,106100.0,113500.0,105620.0,928963,668829,111400.0,-9370.0,97650.0,0.0,2620.0,0.0,-22719400.0,1.0,7.124576406741287e-218,1.8666390185662166e-214,1.0,1
2025-12-22,16411.0,-15380.0,-540.0,0.9587647323666508,671889,0,1.0,114380.0,109000.0,116460.0,109000.0,1007441,671889,114380.0,-15700.0,99000.0,0.0,1490.0,0.0,-17061000.0,1.0,7.124576406741287e-218,1.0615618846044515e-214,1.0,1
2025-12-23,16651.0,-20860.0,-160.0,1.1688055159909667,671573,0,1.0,120360.0,113900.0,120440.0,113800.0,731003,671573,120360.0,-18060.0,99500.0,0.0,2990.0,0.0,-6822400.0,1.0,7.124576406741287e-218,2.1302483456156446e-214,1.0,1
2025-12-24,17101.0,-23220.0,-680.0,1.3896568132720115,647366,0,1.0,124720.0,122000.0,127880.0,118060.0,949006,647366,124720.0,-21900.0,101500.0,0.0,2180.0,0.0,3901600.0,7.124576406741287e-218,1.0,2180.0,-1.0,1
2025-12-25,17101.0,-18620.0,-340.0,1.534692334851113,607187,0,1.0,123520.0,118740.0,124500.0,116000.0,924823,607187,123520.0,-16560.0,104900.0,0.0,-600.0,0.0,1530000.0,7.124576406741287e-218,1.0,-600.0,-1.0,1
2025-12-26,17861.0,-18620.0,-1260.0,1.7292700006376391,577035,0,1.0,130520.0,124220.0,131000.0,124220.0,428716,577035,130520.0,-16660.0,111900.0,0.0,3500.0,0.0,-2514000.0,1.0,7.124576406741287e-218,2.49360174235945e-214,1.0,1
2025-12-29,18191.0,-820.0,160.0,1.766942153480341,512345,0,1.0,118820.0,129800.0,134500.0,117400.0,688764,512345,118820.0,-12460.0,118000.0,0.0,-5850.0,0.0,-43620000.0,1.0,7.124576406741287e-218,-4.167877197943652e-214,1.0,1
2025-12-30,19491.0,-3580.0,-100.0,1.8064847888278923,511309,0,1.0,121580.0,117000.0,123980.0,115420.0,459530,511309,121580.0,-1960.0,118000.0,0.0,1380.0,0.0,-59667200.0,1.0,7.124576406741287e-218,9.831915441302975e-215,1.0,1
2025-12-31,20281.0,-3080.0,-860.0,1.800118615099568,490194,0,1.0,121580.0,123000.0,124380.0,117560.0,392450,490194,121580.0,-3820.0,118500.0,0.0,0.0,0.0,-60218200.0,1.0,7.124576406741287e-218,0.0,1.0,1
2026-01-05,20281.0,-10480.0,-820.0,1.8355663897823915,515292,0,1.0,129980.0,125000.0,130260.0,122780.0,343623,515292,129980.0,-4360.0,119500.0,0.0,4200.0,0.0,-60160200.0,1.0,7.124576406741287e-218,2.9923220908313403e-214,1.0,1
2026-01-06,23141.0,-10440.0,-1100.0,1.88697262072568,534999,0,1.0,137940.0,132600.0,137940.0,132100.0,304237,534999,137940.0,-9600.0,127500.0,0.0,3980.0,0.0,-26697400.0,1.0,7.124576406741287e-218,2.835581409883031e-214,1.0,1
2026-01-07,25180.0,-8800.0,-1120.0,1.962930722470424,506520,0,1.0,142300.0,144000.0,147000.0,137900.0,420407,506520,142300.0,-7500.0,133500.0,0.0,2180.0,0.0,-7281000.0,1.0,7.124576406741287e-218,1.5531576566696003e-214,1.0,1
2026-01-08,25770.0,-6500.0,-1240.0,1.9788450023456667,514467,0,1.0,145000.0,140860.0,148500.0,136480.0,654824,514467,145000.0,-9720.0,138500.0,0.0,1350.0,0.0,1338600.0,7.124576406741287e-218,1.0,1350.0,-1.0,1
2026-01-09,25360.0,-3420.0,-900.0,1.96766679708945,510874,0,1.0,143420.0,142000.0,146920.0,139060.0,469479,510874,143420.0,-5680.0,140000.0,0.0,-790.0,0.0,2449200.0,7.124576406741287e-218,1.0,-790.0,-1.0,1
2026-01-12,25970.0,-4060.0,360.0,2.05820017222708,506702,0,0.9999,156060.0,156060.0,156060.0,152000.0,68491,506702,156060.0,-4060.0,152000.0,0.0,6320.0,0.0,-12147400.0,1.0,7.124576406741287e-218,4.502732289060492e-214,1.0,1
2026-01-13,26898.0,-7480.0,80.0,2.1694712108492427,460281,0,1.0,166980.0,168000.0,174060.0,161540.0,608177,460281,166980.0,-9420.0,159500.0,0.0,5460.0,0.0,58549000.0,7.124576406741287e-218,1.0,5460.0,-1.0,1
2026-01-14,27158.0,1060.0,-960.0,2.1990717173152583,452583,0,1.0,161940.0,169000.0,173440.0,155000.0,589019,452583,161940.0,-6940.0,163000.0,0.0,-2520.0,0.0,32967800.0,7.124576406741287e-218,1.0,-2520.0,-1.0,1
2026-01-15,27205.0,-4220.0,-1120.0,2.166697110858988,443942,0,1.0,163220.0,163840.0,165000.0,155600.0,431256,443942,163220.0,-3980.0,159000.0,0.0,640.0,0.0,30510400.0,7.124576406741287e-218,1.0,640.0,-1.0,1
2026-01-16,27458.0,11800.0,280.0,2.08171417247578,416133,0,1.0,146200.0,163220.0,165820.0,146200.0,591523,416133,146200.0,6820.0,158000.0,0.0,-8510.0,0.0,21462200.0,7.124576406741287e-218,1.0,-8510.0,-1.0,1
2026-01-19,27698.0,3740.0,-240.0,1.934005896359683,411331,0,1.0,147260.0,147600.0,151100.0,142100.0,329126,411331,147260.0,3100.0,151000.0,0.0,530.0,0.0,22306200.0,7.124576406741287e-218,1.0,530.0,-1.0,1
2026-01-20,27681.0,-8000.0,-760.0,1.882019361341779,415351,0,1.0,160500.0,149500.0,160500.0,149260.0,451074,415351,160500.0,-320.0,152500.0,0.0,6620.0,0.0,35768600.0,7.124576406741287e-218,1.0,6620.0,-1.0,1
2026-01-21,28656.0,-8240.0,-800.0,1.8625117296524307,427928,0,1.0,166740.0,160600.0,168880.0,158220.0,376418,427928,166740.0,-5880.0,158500.0,0.0,3120.0,0.0,69269800.0,7.124576406741287e-218,1.0,3120.0,-1.0,1
2026-01-22,28886.0,-4280.0,-40.0,1.8765106048283624,436686,0,1.0,168780.0,165000.0,174120.0,162060.0,464397,436686,168780.0,-4780.0,164500.0,0.0,1020.0,0.0,66724400.0,7.124576406741287e-218,1.0,1020.0,-1.0,1
2026-01-23,28156.0,-10520.0,-240.0,1.981621345017271,438728,0,1.0,181520.0,174000.0,182000.0,172260.0,342805,438728,181520.0,-5520.0,171000.0,0.0,6370.0,0.0,66682800.0,7.124576406741287e-218,1.0,6370.0,-1.0,1
2026-01-26,28646.0,15820.0,-1140.0,1.9342601208591468,416719,0,1.0,165680.0,189220.0,189440.0,163500.0,575675,416719,165680.0,-4700.0,181500.0,0.0,-7920.0,0.0,-31602000.0,1.0,7.124576406741287e-218,-5.642664514139098e-214,1.0,1
2026-01-27,29166.0,-7100.0,200.0,1.9918050673977912,422433,0,1.0,179600.0,166700.0,180620.0,164000.0,382313,422433,179600.0,1360.0,172500.0,0.0,6960.0,0.0,-137648400.0,1.0,7.124576406741287e-218,4.9587051790919345e-214,1.0,1
2026-01-28,29966.0,5720.0,-80.0,1.825667417118878,410985,0,1.0,166280.0,182000.0,182860.0,164080.0,473223,410985,166280.0,5960.0,172000.0,0.0,-6660.0,0.0,-189405600.0,1.0,7.124576406741287e-218,-4.744967886889696e-214,1.0,1
2026-01-29,30211.0,3180.0,-940.0,1.6399829894062847,402347,0,1.0,164820.0,169200.0,173880.0,158800.0,521334,402347,164820.0,2460.0,168000.0,0.0,-730.0,0.0,-163536000.0,1.0,7.124576406741287e-218,-5.200940776921137e-215,1.0,1
2026-01-30,30631.0,12300.0,-80.0,1.3926402212086535,372601,0,1.0,148200.0,161000.0,165480.0,148200.0,552668,372601,148200.0,5580.0,160500.0,0.0,-8310.0,0.0,-151403400.0,1.0,7.124576406741287e-218,-5.920522994002008e-214,1.0,1
2026-02-02,32241.0,23060.0,460.0,1.3619586303859317,347698,0,1.0,132440.0,146000.0,152820.0,132440.0,644314,347698,132440.0,7220.0,155500.0,0.0,-7880.0,0.0,-20437800.0,1.0,7.124576406741287e-218,-5.614166208512133e-214,1.0,1
2026-02-03,33084.0,5400.0,20.0,1.2982581794202568,355770,0,1.0,148100.0,140040.0,151880.0,137520.0,619542,355770,148100.0,7520.0,153500.0,0.0,7830.0,0.0,-177270600.0,1.0,7.124576406741287e-218,5.578543326478427e-214,1.0,1
2026-02-04,34114.0,5780.0,-740.0,1.2700571040190023,359912,0,1.0,147220.0,150000.0,152580.0,145680.0,311897,359912,147220.0,4100.0,153000.0,0.0,-440.0,0.0,-201513800.0,1.0,7.124576406741287e-218,-3.134813618966165e-215,1.0,1
2026-02-05,33787.0,11220.0,-300.0,1.375609374543754,329777,0,1.0,132780.0,145800.0,147260.0,132320.0,531724,329777,132780.0,8540.0,144000.0,0.0,-7220.0,0.0,-201046200.0,1.0,7.124576406741287e-218,-5.143944165667208e-214,1.0,1
2026-02-06,33777.0,1580.0,-780.0,1.4612006256127046,328575,0,0.9948,132920.0,129000.0,138500.0,124100.0,586706,328575,132920.0,720.0,134500.0,0.0,70.0,0.0,-199924000.0,1.0,7.124576406741287e-218,4.9872034847189e-216,1.0,1
2026-02-09,34597.0,-1500.0,100.0,1.5309126626435736,344071,0,0.9998,137000.0,139500.0,141000.0,135000.0,305321,344071,137000.0,-3000.0,135500.0,0.0,2040.0,0.0,-189652800.0,1.0,7.124576406741287e-218,1.4534135869752222e-214,1.0,1
2026-02-10,35537.0,-1340.0,-920.0,1.5625546272032151,345989,0,0.9992,137340.0,136500.0,141000.0,133100.0,295231,345989,137340.0,-4000.0,136000.0,0.0,170.0,0.0,-257973600.0,1.0,7.124576406741287e-218,1.2111779891460186e-215,1.0,1
2026-02-11,35527.0,-12260.0,20.0,1.552316764596308,356531,0,1.0,150260.0,138000.0,150500.0,138000.0,351877,356531,150260.0,-5120.0,138000.0,0.0,6460.0,0.0,-228258800.0,1.0,7.124576406741287e-218,4.6024763587548714e-214,1.0,1
2026-02-12,37282.0,-6920.0,320.0,1.5363345522729517,353975,0,1.0,149420.0,150000.0,152440.0,146520.0,304798,353975,149420.0,-5480.0,142500.0,0.0,-420.0,0.0,-230459600.0,1.0,7.124576406741287e-218,-2.99232209083134e-215,1.0,1
2026-02-13,38759.0,-8890.0,-1420.0,1.528691401746029,342226,0,0.9887,152640.0,143000.0,153120.0,142380.0,300191,342226,152640.0,-5130.0,143750.0,0.0,1610.0,0.0,-220919200.0,1.0,7.124576406741287e-218,1.147056801485347e-214,1.0,1
2026-02-24,38855.0,-12120.0,-620.0,1.5419540004624146,365180,0,1.0,164120.0,160000.0,165800.0,157100.0,214364,365180,164120.0,-7720.0,152000.0,0.0,5740.0,0.0,-193415800.0,1.0,7.124576406741287e-218,4.089506857469498e-214,1.0,1
2026-02-25,38525.0,-4730.0,-1100.0,1.560369861807915,377037,0,0.9999,166480.0,164500.0,171440.0,164000.0,322727,377037,166480.0,-7230.0,161750.0,0.0,1180.0,0.0,-186886600.0,1.0,7.124576406741287e-218,8.407000159954715e-215,1.0,1
2026-02-26,38451.0,-660.0,-820.0,1.5930741392797392,375204,0,1.0,173660.0,187000.0,187700.0,171020.0,402461,375204,173660.0,-3540.0,173000.0,0.0,3590.0,0.0,-219723000.0,1.0,7.124576406741287e-218,2.5577229300201212e-214,1.0,1
2026-02-27,38461.0,-4040.0,-220.0,1.6298165614017217,381552,0,1.0,176040.0,173000.0,177060.0,168200.0,281980,381552,176040.0,-2020.0,172000.0,0.0,1190.0,0.0,-217543600.0,1.0,7.124576406741287e-218,8.478245924022128e-215,1.0,1
2026-03-02,38196.0,480.0,-1160.0,1.571862336778362,378336,0,1.0,172020.0,178680.0,179500.0,169500.0,227061,378336,172020.0,1440.0,172500.0,0.0,-2010.0,0.0,-235322200.0,1.0,7.124576406741287e-218,-1.4320398577549982e-214,1.0,1
2026-03-03,37755.0,10140.0,-1060.0,1.5505274992535314,339604,0,1.0,150860.0,170000.0,170560.0,150860.0,445115,339604,150860.0,9520.0,161000.0,0.0,-10580.0,0.0,-91889800.0,1.0,7.124576406741287e-218,-7.53780183833228e-214,1.0,1
2026-03-04,37155.0,940.0,-340.0,1.439043025062562,339011,0,0.9997,153060.0,150000.0,155660.0,146060.0,297139,339011,153060.0,-600.0,154000.0,0.0,1100.0,0.0,-4919400.0,1.0,7.124576406741287e-218,7.837034047415414e-215,1.0,1
2026-03-05,36840.0,140.0,-420.0,1.4054444816445806,332374,0,0.9978,155860.0,156700.0,161000.0,149000.0,300505,332374,141834.8607664093,-520.0,156000.0,-4207.541770077206,1400.0,0.0,90867800.0,7.124576406741287e-218,1.0,1400.0,-1.0,1
2026-03-06,36330.0,-910.0,-240.0,1.377036166814137,333903,0,0.9957,156160.0,155000.0,160860.0,151100.0,228224,333903,142187.46483884228,-2750.0,155250.0,-4191.760548347316,150.0,-1262262.5310231615,81564200.0,0.0,1.0,150.0,-1.0,1
2026-03-09,36861.0,-6310.0,180.0,1.3916318742052551,330671,0,0.9994,161060.0,150000.0,165000.0,142000.0,402478,330671,141428.52114821397,-2150.0,154750.0,-5889.443655535809,2450.0,-21801889.21792501,70166600.0,0.0,1.0,2450.0,-1.0,1
2026-03-10,37019.0,-4500.0,-640.0,1.316567882295124,332517,0,0.7827,163000.0,161500.0,166800.0,159220.0,226273,332517,144124.46483922502,-5660.0,158500.0,-5662.660548232493,970.0,-33227409.90966448,-56046000.0,0.5,0.5,-2346.3302741162465,0.0,1
2026-03-11,36739.0,3960.0,1360.0,1.3103831707243585,330436,0,0.6568,155040.0,164500.0,167280.0,155000.0,267346,330436,146459.7624636566,-980.0,159000.0,-2574.071260903019,-3980.0,11847368.054266162,59633600.0,0.5,0.5,-3277.0356304515094,0.0,1
2026-03-12,36455.0,1020.0,-340.0,1.3019713279352183,325382,0,0.9887,156980.0,155300.0,159600.0,152800.0,219828,325382,147039.8069810796,1620.0,158000.0,-2982.05790567612,970.0,6853669.808114306,58802800.0,0.5,0.5,-1006.02895283806,0.0,1
2026-03-13,36403.0,6920.0,-20.0,1.1824257116512118,316964,0,1.0,152080.0,156500.0,162840.0,150080.0,288572,316964,147445.13449159093,-1700.0,159000.0,-1390.4596525227214,-2450.0,21465753.545927294,47696200.0,0.5,0.5,-1920.2298262613608,0.0,1
2026-03-16,36393.0,-3120.0,320.0,1.0371388542188626,310683,2,0.7875,159620.0,152460.0,159780.0,149100.0,231813,310683,145643.718203054,3400.0,156500.0,-4192.884539083796,3770.0,10981687.765905974,30234000.0,0.5,0.5,-211.442269541898,0.0,1
2026-03-17,36465.0,2680.0,860.0,0.9135468154627272,308842,0,0.8509,155320.0,159620.0,160480.0,154220.0,173439,308842,146591.95985088387,-80.0,158000.0,-2618.41204473484,-2150.0,29011091.28396629,13737400.0,0.5,0.5,-2384.20602236742,0.0,1
2026-03-18,35769.0,5380.0,-160.0,0.7846767625187185,307422,0,0.7513,150120.0,155000.0,156840.0,149700.0,205889,307422,145435.21520647095,4020.0,155500.0,-1405.4354380587145,-2600.0,42626833.91658746,24223800.0,0.5,0.5,-2002.717719029357,0.0,1
2026-03-19,34740.0,9900.0,-500.0,0.8485100333679887,282745,0,0.9994,142600.0,148000.0,150260.0,140080.0,288571,282745,144135.34991738145,4140.0,152500.0,460.60497521443466,-3760.0,53195708.41078899,41579400.0,0.5,0.5,-1649.6975123927828,0.0,1
2026-03-20,34318.0,5140.0,1680.0,0.8898331515791013,276578,0,0.9362,143860.0,145080.0,151400.0,143600.0,258276,276578,141552.57577245517,940.0,149000.0,-692.2272682634502,630.0,53776070.67955919,42268200.0,0.5,0.5,-31.11363413172512,0.0,1
2026-03-23,33537.0,-2540.0,-280.0,0.9048986009737804,269477,2,1.0,149040.0,141500.0,149500.0,140040.0,228178,269477,138849.5936432196,1220.0,146500.0,-3057.1219070341235,2590.0,50190333.42995451,46884000.0,0.5,0.5,-233.56095351706176,0.0,1
2026-03-24,32078.0,-5440.0,480.0,0.8978581271996136,260696,2,1.0,152940.0,151980.0,154700.0,150120.0,231071,260696,138455.03486057947,-3780.0,147500.0,-4345.489541826159,1950.0,38267557.99252142,38502200.0,0.5,0.5,-1197.7447709130793,0.0,1
2026-03-25,31460.0,-6620.0,160.0,0.873867775856823,251957,2,1.0,159120.0,156880.0,161500.0,154560.0,233304,251957,142667.05202934975,-5480.0,152500.0,-4935.8843911950735,3090.0,11412432.624035776,37006800.0,0.5,0.5,-922.9421955975369,0.0,1
2026-03-26,30751.0,-700.0,1280.0,0.7891119202859792,246385,2,0.9985,157200.0,159120.0,162300.0,155240.0,260930,246385,144870.3665037893,-5800.0,156500.0,-3698.890048863212,-960.0,20889330.65513032,22601600.0,0.5,0.5,-2329.445024431606,0.0,1
2026-03-27,30111.0,-10440.0,-960.0,0.713949678869058,247637,3,0.9807,168440.0,155800.0,169840.0,155800.0,324620,247637,147041.1482343581,-3500.0,158000.0,-6419.6555296925735,5620.0,-20686193.49409218,3267000.0,0.0,1.0,5620.0,-1.0,1
2026-03-30,31064.0,-7120.0,-1080.0,0.7098070936817771,237761,3,0.505,171620.0,169440.0,173000.0,167960.0,199887,237761,152814.23914160777,-5440.0,164500.0,-5641.728257517668,1590.0,-41100698.078514576,25922400.0,0.0,1.0,1590.0,-1.0,1
2026-03-31,11318.0,5800.0,1040.0,0.7016144991089104,217916,2,0.9996,157200.0,169000.0,171980.0,157000.0,296998,217916,153400.98143422123,-940.0,163000.0,-1139.7055697336298,-7210.0,40253023.39489019,-39537000.0,1.0,0.0,-1139.7055697336298,1.0,1
2026-04-01,17658.0,2880.0,3500.0,0.7008285664217405,212931,1,1.0,158620.0,160800.0,163420.0,154340.0,231062,212931,151997.60393631738,-200.0,161500.0,-1986.718819104787,710.0,38634641.48586843,-26499200.0,1.0,0.0,-1986.718819104787,1.0,1
2026-04-02,19238.0,360.0,840.0,0.7038783440093759,206515,1,0.6422,159140.0,158620.0,162780.0,155240.0,219386,206515,148450.58376255244,-2800.0,159500.0,-3206.824871234267,260.0,37601547.699933946,-29210000.0,1.0,0.0,-3206.824871234267,1.0,1
2026-04-03,21238.0,640.0,1200.0,0.7047022083345879,218471,2,0.5405,157860.0,161000.0,163120.0,157220.0,66813,218471,148547.37368923033,1080.0,158500.0,-2793.787893230902,-640.0,42968546.06613697,-29962800.0,1.0,0.0,-2793.787893230902,1.0,1
2026-04-07,21508.0,-1860.0,3360.0,0.704054480285684,233277,1,1.0,160860.0,158440.0,165500.0,156500.0,99493,233277,148320.5711734246,-1060.0,159000.0,-3761.82864797262,1500.0,55126809.07334613,-32617800.0,1.0,0.0,-3761.82864797262,1.0,1
2026-04-08,23654.0,-1120.0,3300.0,0.6920101693198035,241459,1,1.0,159620.0,160000.0,164700.0,157000.0,122220,241459,148371.59091877352,820.0,158500.0,-3374.522724367943,-620.0,71216997.28857166,-39230800.0,1.0,0.0,-3374.522724367943,1.0,1
2026-04-09,24664.0,2190.0,-740.0,0.6941467701255754,252754,2,1.0,153560.0,159000.0,159740.0,152500.0,155903,252754,144360.78203422937,-510.0,155750.0,-2759.765389731189,-3030.0,46591827.03431074,-27752400.0,1.0,0.0,-2759.765389731189,1.0,1
2026-04-10,25453.0,-2050.0,-1940.0,0.6946689282167335,258584,2,0.9905,157600.0,156300.0,158900.0,153800.0,141334,258584,144912.6006954293,1890.0,155550.0,-3806.219791371206,2020.0,40436073.1059486,-32272400.0,1.0,0.0,-3806.219791371206,1.0,1
2026-04-13,26203.0,-9500.0,-2360.0,0.7215073080999916,298143,1,0.6988,166500.0,155020.0,166600.0,154780.0,192774,298143,144656.66173156214,-2360.0,157000.0,-6553.001480531358,4450.0,-8051366.775068127,-9541400.0,0.5,0.5,-1051.5007402656788,0.0,1
2026-04-14,27523.0,-5340.0,-2280.0,0.7508334178079619,324231,2,1.0,166840.0,167000.0,168400.0,164100.0,166865,324231,148407.03403625372,-5140.0,161500.0,-5529.889789123882,170.0,204678.5015725293,10444600.0,0.5,0.5,-2679.944894561941,0.0,1
2026-04-15,28383.0,-2660.0,-2920.0,0.7875614782567611,348716,2,1.0,168660.0,168400.0,171980.0,165020.0,215162,348716,153433.30967448582,-2600.0,166000.0,-4568.007097654254,910.0,-27889124.43269325,26965000.0,0.0,1.0,910.0,-1.0,1
2026-04-16,29423.0,-8500.0,-1280.0,0.8498089831529839,394543,2,1.0,176000.0,170500.0,176200.0,169200.0,251427,394543,152292.17955112102,-5000.0,167500.0,-7112.346134663693,3670.0,-75034039.16209665,22464400.0,0.0,1.0,3670.0,-1.0,1
2026-04-17,30023.0,-8060.0,-1600.0,0.8312521802527113,408749,2,1.0,177560.0,177460.0,178000.0,173680.0,201622,408749,153725.88834854594,-6140.0,169500.0,-7150.233495436219,780.0,-96698173.62637356,8637600.0,0.0,1.0,780.0,-1.0,1
2026-04-20,30688.0,-7700.0,-1580.0,0.8140982001416048,435887,2,1.0,180200.0,177000.0,181440.0,174800.0,208657,435887,156356.2594145916,-6620.0,172500.0,-7153.122175622521,1320.0,-116155152.32309537,15434400.0,0.0,1.0,1320.0,-1.0,1
2026-04-21,32268.0,-2260.0,-1520.0,0.7803017930617292,424045,2,0.9998,174260.0,180900.0,180900.0,169500.0,323093,424045,156823.88774301956,-5020.0,172000.0,-5230.833677094132,-2970.0,-70079869.35029292,4330200.0,0.0,1.0,-2970.0,-1.0,1
2026-04-22,32658.0,-4240.0,-1440.0,0.7688369302125742,430946,2,0.9995,175240.0,173660.0,176500.0,172020.0,190015,430946,156181.9398745627,-3400.0,171000.0,-5717.418037631191,490.0,-63283310.9164121,-8681400.0,0.5,0.5,-2613.7090188155958,0.0,1
2026-04-23,33359.0,-4960.0,-1640.0,0.7982766401171294,441139,2,0.9992,177960.0,175740.0,178900.0,172140.0,236073,441139,158396.66278927302,-1800.0,173000.0,-5869.001163218095,1360.0,-51979562.61028325,-19399600.0,0.5,0.5,-2254.5005816090475,0.0,1
2026-04-24,34298.0,-4900.0,-1680.0,0.8062431233000005,455510,2,0.9609,177900.0,178000.0,179980.0,174500.0,246726,455510,158597.0297042015,-3800.0,173000.0,-5790.89108873955,-30.0,-61104320.57158472,-13548400.0,0.5,0.5,-2910.445544369775,0.0,1
2026-04-27,35327.0,-4560.0,-1700.0,0.8502428310971254,466692,0,0.7388,180560.0,182000.0,184800.0,178500.0,238899,466692,160958.65467665982,-5300.0,176000.0,-5880.403597002054,1330.0,-34932566.71840942,-2837800.0,0.5,0.5,-2275.201798501027,0.0,1
2026-04-28,36392.0,-4120.0,-1520.0,0.8752621831992506,453086,0,0.8136,178620.0,179000.0,180500.0,173400.0,263957,453086,160814.3087875189,-1020.0,174500.0,-5341.707363744327,-970.0,-3110079.1558030434,-23289600.0,0.5,0.5,-3155.853681872164,0.0,1
2026-04-29,36962.0,-9380.0,-1660.0,0.8935548690499898,479107,0,0.9968,183880.0,178700.0,184440.0,175260.0,238422,479107,159773.71344252658,-3240.0,174500.0,-7231.885967242025,2630.0,-112561181.36250296,-5464000.0,0.5,0.5,-2300.9429836210124,0.0,1
2026-04-30,38012.0,-12080.0,-500.0,0.9380943285629094,489790,0,1.0,189080.0,184000.0,189500.0,182460.0,264129,489790,161132.22827965088,-8000.0,177000.0,-8384.331516104736,2600.0,-148548606.48313975,18450200.0,0.0,1.0,2600.0,-1.0,1
2026-05-06,39041.0,-11900.0,-1880.0,1.0436457429539014,511071,0,1.0,199400.0,191500.0,199560.0,191040.0,222232,511071,170766.1641578294,-10080.0,187500.0,-8590.150752651181,5160.0,-234041813.9434061,44913000.0,0.0,1.0,5160.0,-1.0,1
2026-05-07,42631.0,-8560.0,-2520.0,1.0990141106155942,517613,0,1.0,199060.0,199000.0,200440.0,193400.0,274376,517613,174939.63630634188,-4300.0,190500.0,-7236.109108097435,-170.0,-235225898.52268457,43491400.0,0.0,1.0,-170.0,-1.0,1
2026-05-08,43930.0,-2560.0,-1960.0,1.1273782422302483,513252,0,1.0,196560.0,197120.0,201480.0,195100.0,249199,513252,180254.56070473167,-2560.0,194000.0,-4891.631788580497,-1250.0,-208754262.0727483,45836400.0,0.0,1.0,-1250.0,-1.0,1
2026-05-11,43880.0,-9770.0,-1920.0,1.177994606144248,540666,0,1.0,205020.0,196560.0,205600.0,195200.0,236895,540666,179212.60639094296,-7870.0,195250.0,-7742.2180827171105,4230.0,-254802134.5276253,37121400.0,0.0,1.0,4230.0,-1.0,1
2026-05-12,45954.0,-5260.0,-2380.0,1.1332845234377726,537448,0,1.0,205260.0,208000.0,208800.0,203300.0,194979,537448,184998.57639869457,-4580.0,200000.0,-6078.42708039163,120.0,-277109874.5771472,34379400.0,0.0,1.0,120.0,-1.0,1
2026-05-13,47720.0,-1460.0,-6340.0,1.0685715629318409,519507,1,1.0,201960.0,206520.0,209880.0,195000.0,425885,519507,185626.1996715024,-4940.0,200500.0,-4900.14009854928,-1650.0,-245901613.0373408,46224600.0,0.0,1.0,-1650.0,-1.0,1
2026-05-14,49310.0,3240.0,-2780.0,1.0155163332312709,478280,0,1.0,191760.0,203000.0,204400.0,190080.0,460646,478280,183020.6363800939,-900.0,195000.0,-2621.80908597183,-5100.0,-162044827.88893443,45076600.0,0.0,1.0,-5100.0,-1.0,1
2026-05-15,50639.0,3200.0,-2800.0,0.9446313037199612,458573,0,0.9999,188800.0,190000.0,194900.0,186800.0,391747,458573,180192.54703164945,-1360.0,192000.0,-2582.235890505166,-1480.0,-152056252.49107715,58659600.0,0.0,1.0,-1480.0,-1.0,1
2026-05-18,51804.0,-680.0,-1160.0,0.8786619554533076,466957,0,0.9983,192180.0,189000.0,193900.0,187600.0,208152,466957,179373.10548854558,-1720.0,191500.0,-3842.068353436325,1690.0,-150719810.38477916,53347800.0,0.0,1.0,1690.0,-1.0,1
2026-05-19,52579.0,2100.0,-2380.0,0.851226157847819,446424,0,0.9988,184400.0,190980.0,192120.0,182060.0,344515,446424,176275.28627768825,3180.0,186500.0,-2437.414116693524,-3890.0,-87299346.49826232,33520200.0,0.0,1.0,-3890.0,-1.0,1
2026-05-20,53083.0,-4100.0,-3480.0,0.83215472797611,447264,2,1.0,183100.0,182120.0,184800.0,175200.0,411021,447264,168561.38980604475,2180.0,179000.0,-4361.583058186574,-650.0,-73035448.17648536,32852000.0,0.0,1.0,-650.0,-1.0,1
2026-05-21,52337.0,4400.0,-3800.0,0.8430489646592504,448172,2,0.9894,177600.0,184100.0,186200.0,177160.0,341878,448172,171703.78959779348,-1080.0,182000.0,-1768.8631206619552,-2750.0,-30170124.9285076,34367800.0,0.0,1.0,-2750.0,-1.0,1
2026-05-22,53047.0,-6460.0,-4420.0,0.8005872276694795,452850,2,0.8298,184460.0,178720.0,185300.0,176500.0,292399,452850,167239.23336099228,-1520.0,178000.0,-5166.2299917023165,3430.0,-84794071.6594464,23343600.0,0.0,1.0,3430.0,-1.0,1
2026-05-25,52143.0,2050.0,-3280.0,0.769918997277533,449777,2,0.9864,181200.0,185500.0,187900.0,179300.0,248810,449777,172614.31786442758,-1750.0,183250.0,-2575.7046406717272,-1630.0,-62825944.88294458,15072400.0,0.0,1.0,-1630.0,-1.0,1
2026-05-26,53763.0,4040.0,-3640.0,0.7818043594207513,441930,2,0.9968,175960.0,182000.0,182720.0,175260.0,245595,441930,170372.69482785932,800.0,180000.0,-1676.1915516422043,-2620.0,-33777875.5034679,22280800.0,0.0,1.0,-2620.0,-1.0,1
2026-05-27,54249.0,4000.0,-3420.0,0.8137884020664873,428592,2,0.9936,173000.0,175000.0,178920.0,172080.0,241623,428592,167215.80392680308,-380.0,177000.0,-1735.2588219590746,-1480.0,-29168488.580400053,30117600.0,0.0,1.0,-1480.0,-1.0,1
2026-05-28,54033.0,-3360.0,-4080.0,0.8206760907084694,426476,2,0.9641,178860.0,175000.0,180880.0,174000.0,260794,426476,166058.44619733805,-1800.0,175500.0,-3840.466140798584,2930.0,-23933334.98103304,21524600.0,0.0,1.0,2930.0,-1.0,1
2026-05-29,54195.0,-2240.0,-4120.0,0.8158517019202447,427826,2,0.9848,179740.0,180000.0,182500.0,177760.0,172932,427826,167631.34732135976,-2740.0,177500.0,-3632.595803592072,440.0,-38720928.16311977,26683200.0,0.0,1.0,440.0,-1.0,1
2026-06-01,55215.0,100.0,-3120.0,0.8315118166413337,433713,2,0.9994,178900.0,181000.0,182100.0,178000.0,146724,433713,169434.53378802782,-1820.0,179000.0,-2839.639863591653,-420.0,-7572166.954807291,31415800.0,0.0,1.0,-420.0,-1.0,1
2026-06-02,55990.0,2770.0,-4180.0,0.8803206013875441,432273,1,0.994,172980.0,179000.0,179220.0,171100.0,214856,432273,167811.4067137504,3030.0,175750.0,-1550.5779858748836,-2960.0,46844308.06731385,20226200.0,0.5,0.5,-2255.288992937442,0.0,1
2026-06-03,56045.0,3740.0,-4420.0,0.9352497583283312,427311,1,1.0,166760.0,173100.0,173100.0,166100.0,251082,427311,162599.42636491478,2080.0,170500.0,-1248.1720905255672,-3110.0,143015204.38565648,11805400.0,0.5,0.5,-2179.0860452627835,0.0,1
2026-06-04,56599.0,7510.0,-4940.0,1.0224005433478152,425107,1,1.0,160740.0,165660.0,167580.0,157560.0,281867,425107,161404.4495899713,1970.0,168250.0,199.33487699139224,-3010.0,147608549.114719,32282000.0,0.5,0.5,-1405.3325615043038,0.0,1
2026-06-05,55687.0,-1360.0,-4760.0,1.0589441953488856,422004,1,1.0,164360.0,160040.0,165580.0,157180.0,276081,422004,155961.71562852527,780.0,163000.0,-2519.4853114424186,1810.0,130239868.59918426,20960800.0,0.5,0.5,-354.7426557212093,0.0,1
2026-06-08,55940.0,410.0,-4480.0,1.0272443182320012,423382,1,0.9999,163340.0,161500.0,165800.0,160260.0,187221,423382,156410.98660979304,-570.0,163750.0,-2078.7040170620894,-510.0,174192948.5482465,29689600.0,0.5,0.5,-1294.3520085310447,0.0,1
2026-06-09,55544.0,-4710.0,-5020.0,0.9293363712757796,438866,1,0.9997,168460.0,163600.0,169000.0,161600.0,238433,438866,155949.40032077,-1450.0,163750.0,-3753.179903769004,2560.0,165408116.3207407,26063200.0,0.5,0.5,-596.5899518845019,0.0,1
2026-06-10,55581.0,-1650.0,-3760.0,0.8303500438475069,443549,2,1.0,167400.0,167980.0,169300.0,164800.0,206477,443549,157982.7965064371,-1510.0,165750.0,-2825.1610480688714,-530.0,149327677.6534435,23745600.0,0.5,0.5,-1677.5805240344357,0.0,1
2026-06-11,54683.0,-8100.0,-4700.0,0.7728345085241802,448867,3,1.0,174600.0,166780.0,174960.0,166500.0,244951,448867,158949.56655941252,-2600.0,166500.0,-4695.130032176245,3600.0,79005089.10214499,3099600.0,0.5,0.5,-547.5650160881223,0.0,1
2026-06-12,53787.0,-4800.0,-1520.0,0.7261446546599075,447123,0,0.6618,175300.0,176000.0,178740.0,174600.0,196809,447123,161863.49623235018,-7080.0,170500.0,-4030.951130294945,350.0,67957943.18514498,-9476400.0,1.0,0.0,-4030.951130294945,1.0,1
2026-06-15,53885.0,-3940.0,-5040.0,0.6399598256982918,450397,3,0.9293,174440.0,177600.0,177920.0,172320.0,177039,450397,162728.6761514287,-4060.0,170500.0,-3513.3971545713925,-430.0,80152518.46710609,-4775000.0,1.0,0.0,-3513.3971545713925,1.0,1
2026-06-16,53285.0,-980.0,-4760.0,0.6091290133154897,449952,1,0.9843,169980.0,173800.0,174200.0,168420.0,187954,449952,162383.12569721357,-460.0,169000.0,-2279.0622908359364,-2230.0,65930977.986759886,10291000.0,0.5,0.5,-2254.531145417968,0.0,1
2026-06-17,52685.0,-1800.0,-5300.0,0.5767938244773824,455847,1,0.9984,171300.0,170100.0,173600.0,169000.0,150191,455847,162189.6228862088,-2860.0,169500.0,-2733.1131341373634,660.0,59753977.411154896,2290400.0,0.5,0.5,-1036.5565670686815,0.0,1
2026-06-18,51975.0,6750.0,-5340.0,0.6220063825939306,450964,1,1.0,160500.0,172020.0,172500.0,160100.0,342652,450964,162015.1177987696,-1050.0,167250.0,454.5353396308841,-5400.0,65282892.43981226,-8412600.0,1.0,0.0,454.5353396308841,1.0,1
2026-06-22,50415.0,-4740.0,-4600.0,0.6012084029629976,447324,3,0.9717,161740.0,157220.0,161800.0,150860.0,328573,447324,152899.3471376544,3600.0,157000.0,-2652.195858703679,620.0,77980917.26869556,3756400.0,0.5,0.5,-1016.0979293518394,0.0,1
2026-06-23,50460.0,1280.0,-4500.0,0.6266962122877846,449841,2,0.7435,157220.0,158000.0,159460.0,153700.0,258508,449841,154179.98514426616,2240.0,158500.0,-912.004456720152,-2260.0,73126932.77708665,12135800.0,0.5,0.5,-1586.002228360076,0.0,1
2026-06-24,49115.0,-5240.0,-4280.0,0.6276031392586537,452152,2,0.9989,162740.0,156000.0,163940.0,154600.0,233010,452152,152687.70834730216,900.0,157500.0,-3015.687495809351,2760.0,54595975.85887155,-8880600.0,1.0,0.0,-3015.687495809351,1.0,1
2026-06-25,49007.0,6160.0,-4320.0,0.7343624954941964,454628,1,0.9624,150840.0,160000.0,161200.0,150320.0,320656,454628,153298.45342431084,1260.0,157000.0,737.5360272932506,-5950.0,85521130.0661419,-49479800.0,1.0,0.0,737.5360272932506,1.0,1
2026-06-26,48544.0,2280.0,-4260.0,0.7904974343731475,443472,2,0.849,150220.0,149000.0,152880.0,145000.0,321674,443472,149700.55080334644,5040.0,152500.0,-155.8347589960671,-310.0,95232474.42590028,-37118000.0,1.0,0.0,-155.8347589960671,1.0,1
2026-06-29,48489.0,-2170.0,-4720.0,0.781441785124007,437057,1,0.999,153920.0,148000.0,154700.0,145300.0,301474,437057,147556.972608892,-470.0,151750.0,-1908.9082173324043,1850.0,98035496.0215176,-40843400.0,1.0,0.0,-1908.9082173324043,1.0,1
2026-06-30,48731.0,-6860.0,-4300.0,0.7242969178786424,424925,3,0.9898,163360.0,148020.0,163900.0,148020.0,373078,424925,152103.3929971404,-260.0,156500.0,-3376.982100857876,4720.0,76964021.97488233,-23009800.0,1.0,0.0,-3376.982100857876,1.0,1
2026-07-01,49331.0,-4560.0,-4180.0,0.6997268484454118,423487,2,0.6508,164560.0,164000.0,166500.0,161500.0,278547,423487,155046.77096466764,-2300.0,160000.0,-2853.9687105997086,600.0,56100975.46139031,-19832200.0,1.0,0.0,-2853.9687105997086,1.0,1
2026-07-02,48578.0,-1540.0,-4580.0,0.6969400976014664,419254,1,0.9999,164040.0,163500.0,167800.0,162220.0,248836,419254,158986.65689333453,-2360.0,162500.0,-1516.0029319996422,-260.0,47940444.11876038,-38555400.0,1.0,0.0,-1516.0029319996422,1.0,1
2026-07-03,48206.0,-3530.0,-5420.0,0.7008014505976914,412685,1,1.0,168780.0,170600.0,172000.0,166300.0,211420,412685,161553.4172773239,-2670.0,165250.0,-2167.974816802831,2370.0,33240594.236118164,-58510000.0,1.0,0.0,-2167.974816802831,1.0,1
2026-07-06,46708.0,690.0,-3560.0,0.7008360489433284,416855,2,1.0,164560.0,166980.0,168720.0,163280.0,174787,416855,162159.88760301983,-670.0,165250.0,-720.033719094051,-2110.0,41667855.70831727,-57615200.0,1.0,0.0,-720.033719094051,1.0,1
2026-07-07,46085.0,1140.0,-820.0,0.7008243889058609,413590,0,0.9894,163360.0,165000.0,166380.0,160660.0,173063,413590,161679.9149443927,300.0,164500.0,-504.0255166821938,-600.0,39962021.15355885,-53237000.0,1.0,0.0,-504.0255166821938,1.0,1
2026-07-08,43640.0,5560.0,-3640.0,0.7047897301699672,412567,2,0.9905,158440.0,164220.0,165200.0,158400.0,199757,412567,161908.25461508287,2900.0,164000.0,1040.4763845248613,-2460.0,53084791.26299315,-47673800.0,1.0,0.0,1040.4763845248613,1.0,1
2026-07-09,44020.0,5480.0,-4220.0,0.737080418439812,416044,1,0.9999,153020.0,159600.0,159940.0,151020.0,282269,416044,158929.8988157253,3220.0,158500.0,1772.9696447175868,-2710.0,43467038.560873255,-31627000.0,1.0,0.0,1772.9696447175868,1.0,1
2026-07-10,42067.0,3400.0,-80.0,0.7326207801191943,411866,0,0.9996,151600.0,153000.0,153920.0,150260.0,184064,411866,155421.17381696842,3200.0,155000.0,1146.3521450905275,-710.0,61290581.21147016,-23962800.0,1.0,0.0,1146.3521450905275,1.0,1
2026-07-13,42406.0,1760.0,-4240.0,0.7000553219367286,415469,2,0.868,152240.0,150500.0,153580.0,147840.0,182995,415469,154232.72779194728,2400.0,154000.0,597.8183375841851,320.0,65310837.606851466,-26937200.0,1.0,0.0,597.8183375841851,1.0,1
2026-07-14,42903.0,820.0,-4280.0,0.650080971227718,414398,2,0.8734,153180.0,152000.0,154000.0,150720.0,147468,414398,153913.57210792424,1060.0,154000.0,220.07163237727076,470.0,62406168.87212692,-26335400.0,1.0,0.0,220.07163237727076,1.0,1
2026-07-15,42420.0,4760.0,240.0,0.6477744863582885,418746,0,0.9999,149240.0,153880.0,156500.0,147540.0,247128,418746,154377.3221724881,3040.0,154000.0,1541.1966517464257,-1970.0,45869335.33117208,-30105000.0,1.0,0.0,1541.1966517464257,1.0,1
2026-07-16,41231.0,-660.0,-240.0,0.6002731995022104,404234,0,0.7722,151660.0,148980.0,153340.0,145860.0,291773,404234,155229.3115091139,4060.0,151000.0,1070.7934527341713,1210.0,52607393.45230187,-31928800.0,1.0,0.0,1070.7934527341713,1.0,1
2026-07-17,40345.0,1860.0,-20.0,0.6194678643294959,385010,0,0.9566,150140.0,153100.0,155300.0,149000.0,222081,385010,154976.90283759427,-1100.0,152000.0,1451.0708512782817,-760.0,21462165.555462405,-26640000.0,1.0,0.0,1451.0708512782817,1.0,1
2026-07-20,41359.0,7600.0,2840.0,0.6803058526039353,379802,2,1.0,143900.0,151500.0,154800.0,141400.0,295098,379802,155342.0969048487,3300.0,151500.0,3432.6290714546108,-3120.0,11843859.622343626,-15201600.0,1.0,0.0,3432.6290714546108,1.0,1
2026-07-21,41023.0,2380.0,1220.0,0.7601124851890672,375185,2,0.9767,141620.0,143800.0,144300.0,136800.0,270848,375185,148360.74697275757,5920.0,144000.0,2022.2240918272696,-1140.0,-7970459.9419135135,-5285600.0,0.5,0.5,441.1120459136349,0.0,1
2026-07-22,40865.0,-300.0,1520.0,0.7898864444500677,370958,2,0.9999,143300.0,142980.0,145200.0,137220.0,282781,370958,146691.78689795965,2700.0,143000.0,1017.536069387896,840.0,461141.1334515386,5274400.0,0.5,0.5,928.768034693948,0.0,1
2026-07-23,40334.0,1500.0,1520.0,0.8162788748021917,367838,2,0.9996,145000.0,143380.0,148480.0,142240.0,259198,367838,152199.21149453428,180.0,146500.0,2159.763448360283,850.0,-33695728.74872031,39546400.0,0.0,1.0,850.0,-1.0,1
2026-07-24,39879.0,1220.0,1200.0,0.8439475498951647,354629,2,0.9641,144280.0,144200.0,145800.0,141320.0,171069,354629,151459.3568219408,1460.0,145500.0,2153.807046582241,-360.0,-34793486.09461789,35245400.0,0.0,1.0,-360.0,-1.0,1
2026-07-27,38418.0,-720.0,1380.0,0.8574892943445745,354044,2,0.995,147220.0,145780.0,148220.0,143260.0,169766,354044,152599.18605903364,1540.0,146500.0,1613.755817710093,1470.0,-27884704.76938066,35334000.0,0.0,1.0,1470.0,-1.0,1
2026-07-28,38278.0,2020.0,500.0,0.8556968784755365,348395,0,0.9024,143480.0,146560.0,147680.0,142000.0,217777,348395,151332.19235559375,1040.0,145500.0,2355.657706678126,-1870.0,-15900057.955998506,12372200.0,0.0,1.0,-1870.0,-1.0,1
2026-07-29,39315.0,-1900.0,180.0,0.8138894959123193,335476,2,0.9375,147900.0,143480.0,149400.0,142500.0,205654,335476,151706.93501592465,-280.0,146000.0,1142.0805047773958,2210.0,-1435672.3714517392,-1557200.0,0.5,0.5,1676.0402523886978,0.0,1
2026-07-30,38981.0,4940.0,-20.0,0.7975347813890163,330683,0,0.9948,141060.0,147980.0,148080.0,140620.0,197757,330683,153205.05691381264,160.0,146000.0,3643.517074143793,-3420.0,-10731566.753640976,-16361600.0,0.5,0.5,111.75853707189664,0.0,1
