date,close,label_ret_1d,label_ret_3d,label_ret_5d,n_c,Total_Demand,n_f_minus_n_c,basis,basis_rate,spot_avg,volume,position,ret_5d,ret_10d,ret_20d,zhiji_wh_receipt,zhiji_social_inv,zhiji_inv_jx,zhiji_inv_qh,zhiji_inv_sc,zhiji_recycle_inv
2023-08-18,195750.0,0.027586,0.021711,-0.007663,1.000000,875.000000,-1.000000,27900.000000,12.400000,225000.000000,42991.000000,24198.000000,0.000000,0.000000,0.000000,0.000000,0.000000,0.000000,0.000000,0.000000,0.000000
2023-08-21,201150.0,-0.014169,-0.008451,-0.077803,1.000000,2700.000000,-1.000000,26250.000000,11.666667,225000.000000,58940.000000,22723.000000,0.000000,0.000000,0.000000,0.000000,0.000000,0.000000,0.000000,0.000000,0.000000
2023-08-22,198300.0,0.008573,-0.020424,-0.060262,1.000000,-1425.000000,-1.000000,23350.000000,10.377778,225000.000000,54479.000000,22567.000000,0.000000,0.000000,0.000000,0.000000,0.000000,0.000000,0.000000,0.000000,0.000000
2023-08-23,200000.0,-0.002750,-0.072500,-0.069500,1.000000,850.000000,-1.000000,26850.000000,11.933333,225000.000000,40847.000000,23417.000000,0.000000,0.000000,0.000000,0.000000,0.000000,0.000000,0.000000,0.000000,0.000000
2023-08-24,199450.0,-0.026072,-0.065681,-0.063174,1.000000,-275.000000,-1.000000,24850.000000,11.044444,225000.000000,36416.000000,22465.000000,0.000000,0.000000,0.000000,0.000000,0.000000,0.000000,0.000000,0.000000,0.000000
2023-08-25,194250.0,-0.045045,-0.041956,-0.038610,1.000000,-2600.000000,-1.000000,24200.000000,10.852018,223000.000000,37956.000000,24946.000000,-0.007663,0.000000,0.000000,0.000000,0.000000,0.000000,0.000000,0.000000,0.000000
2023-08-28,185500.0,0.004582,0.007278,0.023720,1.000000,-3875.000000,-1.000000,26300.000000,11.954545,220000.000000,82851.000000,29278.000000,-0.077803,0.000000,0.000000,0.000000,0.000000,0.000000,0.000000,0.000000,0.000000
2023-08-29,186350.0,-0.001342,0.002146,0.022002,1.000000,425.000000,-1.000000,29600.000000,13.799534,214500.000000,76982.000000,29393.000000,-0.060262,0.000000,0.000000,0.000000,0.000000,0.000000,0.000000,0.000000,0.000000
2023-08-30,186100.0,0.004030,0.020419,0.023912,1.000000,-125.000000,-1.000000,24550.000000,11.662708,210500.000000,59287.000000,29534.000000,-0.069500,0.000000,0.000000,0.000000,0.000000,0.000000,0.000000,0.000000,0.000000
2023-08-31,186850.0,-0.000535,0.019267,-0.011507,1.000000,375.000000,-1.000000,21800.000000,10.480769,208000.000000,77568.000000,29530.000000,-0.063174,0.000000,0.000000,0.000000,0.000000,0.000000,0.000000,0.000000,0.000000
2023-09-01,186750.0,0.016867,0.020348,-0.054886,1.000000,-50.000000,-1.000000,16700.000000,8.126521,205500.000000,75908.000000,29406.000000,-0.038610,-0.045977,0.000000,0.000000,0.000000,0.000000,0.000000,0.000000,0.000000
2023-09-04,189900.0,0.002896,-0.027383,-0.059242,1.000000,1575.000000,-1.000000,16450.000000,8.004867,205500.000000,65613.000000,28964.000000,0.023720,-0.055928,0.000000,0.000000,0.000000,0.000000,0.000000,0.000000,0.000000
2023-09-05,190450.0,0.000525,-0.073248,-0.066684,1.000000,275.000000,-1.000000,12700.000000,6.256157,203000.000000,65380.000000,29405.000000,0.022002,-0.039586,0.000000,0.000000,0.000000,0.000000,0.000000,0.000000,0.000000
2023-09-06,190550.0,-0.030701,-0.062451,-0.076096,1.000000,50.000000,-1.000000,8900.000000,4.438903,200500.000000,44433.000000,30278.000000,0.023912,-0.047250,0.000000,0.000000,0.000000,0.000000,0.000000,0.000000,0.000000
2023-09-07,184700.0,-0.044396,-0.037629,-0.084191,1.000000,-2925.000000,-1.000000,13000.000000,6.532663,199000.000000,61590.000000,32985.000000,-0.011507,-0.073953,0.000000,0.000000,0.000000,0.000000,0.000000,0.000000,0.000000
2023-09-08,176500.0,0.012181,-0.002550,-0.036261,1.000000,-3875.000000,-1.000000,18700.000000,9.468354,197500.000000,112910.000000,38903.000000,-0.054886,-0.091377,0.000000,0.000000,0.000000,0.000000,0.000000,0.000000,0.000000
2023-09-11,178650.0,-0.005038,-0.053177,-0.064372,1.000000,1075.000000,-1.000000,16650.000000,8.582474,194000.000000,83768.000000,41553.000000,-0.059242,-0.036927,0.000000,0.000000,0.000000,0.000000,0.000000,0.000000,0.000000
2023-09-12,177750.0,-0.009564,-0.043038,-0.103235,1.000000,-450.000000,-1.000000,9800.000000,5.130890,191000.000000,86982.000000,44536.000000,-0.066684,-0.046150,0.000000,0.000000,0.000000,0.000000,0.000000,0.000000,0.000000
2023-09-13,176050.0,-0.039193,-0.050554,-0.124396,1.000000,-850.000000,-1.000000,11600.000000,6.137566,189000.000000,73753.000000,45820.000000,-0.076096,-0.054003,0.000000,0.000000,0.000000,0.000000,0.000000,0.000000,0.000000
2023-09-14,169150.0,0.005616,-0.057641,-0.054390,1.000000,-3450.000000,-1.000000,16400.000000,8.700265,188500.000000,127527.000000,52682.000000,-0.084191,-0.094728,0.000000,0.000000,0.000000,0.000000,0.000000,0.000000,0.000000
2023-09-15,170100.0,-0.017343,-0.093768,-0.082011,1.000000,475.000000,-1.000000,18050.000000,9.730458,185500.000000,112996.000000,52203.000000,-0.036261,-0.089157,-0.131034,0.000000,0.000000,0.000000,0.000000,0.000000,0.000000
2023-09-18,167150.0,-0.046366,-0.043075,-0.050254,1.000000,-1475.000000,-1.000000,13400.000000,7.322404,183000.000000,81843.000000,55569.000000,-0.064372,-0.119800,-0.169028,0.000000,0.000000,0.000000,0.000000,0.000000,0.000000
2023-09-19,159400.0,-0.032936,-0.020389,-0.064617,1.000000,-3875.000000,-1.000000,15650.000000,8.694445,180000.000000,129369.000000,64943.000000,-0.103235,-0.163035,-0.196167,0.000000,0.000000,0.000000,0.000000,0.000000,0.000000
2023-09-20,154150.0,0.037626,0.029841,-0.036977,1.000000,-2625.000000,-1.000000,18800.000000,10.651558,176500.000000,204819.000000,70230.000000,-0.124396,-0.191026,-0.229250,0.000000,0.000000,0.000000,0.000000,0.000000,0.000000
2023-09-21,159950.0,-0.023757,-0.067834,-0.062207,1.000000,2900.000000,-1.000000,19600.000000,11.296830,173500.000000,220010.000000,66110.000000,-0.054390,-0.134001,-0.198045,0.000000,0.000000,0.000000,0.000000,0.000000,0.000000
2023-09-22,156150.0,0.016651,-0.049312,-0.027217,1.000000,-1900.000000,-1.000000,12800.000000,7.441861,172000.000000,251819.000000,64039.000000,-0.082011,-0.115297,-0.196139,0.000000,0.000000,0.000000,0.000000,0.000000,0.000000
2023-09-25,158750.0,-0.060787,-0.055118,-0.043150,1.000000,1300.000000,-1.000000,11650.000000,6.812866,171000.000000,193857.000000,62330.000000,-0.050254,-0.111391,-0.144205,0.000000,0.000000,0.000000,0.000000,0.000000,0.000000
2023-09-26,149100.0,-0.004359,0.018779,0.045607,1.000000,-3875.000000,-1.000000,12900.000000,7.588235,170000.000000,268584.000000,69608.000000,-0.064617,-0.161181,-0.199893,0.000000,0.000000,0.000000,0.000000,0.000000,0.000000
2023-09-27,148450.0,0.010441,0.023240,0.111149,1.000000,-325.000000,-1.000000,19400.000000,11.479290,169000.000000,322018.000000,64804.000000,-0.036977,-0.156774,-0.202311,0.000000,0.000000,0.000000,0.000000,0.000000,0.000000
2023-09-28,150000.0,0.012667,0.039333,0.135000,1.000000,775.000000,-1.000000,19200.000000,11.360947,169000.000000,197277.000000,60869.000000,-0.062207,-0.113213,-0.197217,0.000000,0.000000,0.000000,0.000000,0.000000,0.000000
2023-10-09,151900.0,0.000000,0.085912,0.111916,1.000000,950.000000,-1.000000,19150.000000,11.331361,169000.000000,111723.000000,65157.000000,-0.027217,-0.106996,-0.186613,0.000000,0.000000,0.000000,0.000000,0.000000,0.000000
2023-10-10,151900.0,0.026333,0.120803,0.113562,1.000000,0.000000,-1.000000,14950.000000,8.846154,169000.000000,182713.000000,71144.000000,-0.043150,-0.091235,-0.200105,0.000000,0.000000,0.000000,0.000000,0.000000,0.000000
2023-10-11,155900.0,0.058050,0.083387,0.064144,1.000000,2000.000000,-1.000000,14100.000000,8.343195,169000.000000,150353.000000,74313.000000,0.045607,-0.021957,-0.181412,0.000000,0.000000,0.000000,0.000000,0.000000,0.000000
2023-10-12,164950.0,0.032131,0.025462,-0.033343,1.000000,4525.000000,-1.000000,9550.000000,5.634218,169500.000000,221805.000000,75862.000000,0.111149,0.070062,-0.134348,0.000000,0.000000,0.000000,0.000000,0.000000,0.000000
2023-10-13,170250.0,-0.007930,-0.025551,-0.107489,1.000000,2650.000000,-1.000000,1550.000000,0.909091,170500.000000,284415.000000,64239.000000,0.135000,0.064395,-0.078235,0.000000,0.000000,0.000000,0.000000,0.000000,0.000000
2023-10-16,168900.0,0.001480,-0.055950,-0.107164,1.000000,-675.000000,-1.000000,1950.000000,1.127168,173000.000000,374351.000000,66260.000000,0.111916,0.081652,-0.043059,0.000000,0.000000,0.000000,0.000000,0.000000,0.000000
2023-10-17,169150.0,-0.019214,-0.101685,-0.083654,1.000000,125.000000,-1.000000,4700.000000,2.716763,173000.000000,291639.000000,68624.000000,0.113562,0.065512,-0.053177,0.000000,0.000000,0.000000,0.000000,0.000000,0.000000
2023-10-18,165900.0,-0.038879,-0.091019,-0.090115,1.000000,-1625.000000,-1.000000,4900.000000,2.824208,173500.000000,265336.000000,67659.000000,0.064144,0.112676,-0.066667,0.000000,0.000000,0.000000,0.000000,0.000000,0.000000
2023-10-19,159450.0,-0.047037,-0.027908,-0.052054,1.000000,-3225.000000,-1.000000,7450.000000,4.293948,173500.000000,319221.000000,67712.000000,-0.033343,0.074099,-0.094291,0.000000,0.000000,0.000000,0.000000,0.000000,0.000000
2023-10-20,151950.0,-0.007568,-0.006581,0.013820,1.000000,-3750.000000,-1.000000,14350.000000,8.318841,172500.000000,368332.000000,72387.000000,-0.107489,0.013000,-0.101685,0.000000,0.000000,0.000000,0.000000,0.000000,0.000000
2023-10-23,150800.0,0.027851,0.002321,0.040119,1.000000,-575.000000,-1.000000,21000.000000,12.280702,171000.000000,360929.000000,77018.000000,-0.107164,-0.007242,-0.113463,0.000000,0.000000,0.000000,0.000000,0.000000,0.000000
2023-10-24,155000.0,-0.026129,-0.006129,-0.008065,1.000000,2100.000000,-1.000000,16650.000000,9.794118,170000.000000,276247.000000,75975.000000,-0.083654,0.020408,-0.072689,0.000000,0.000000,0.000000,0.000000,0.000000,0.000000
2023-10-25,150950.0,0.001325,0.039086,0.020205,1.000000,-2025.000000,-1.000000,15350.000000,9.082840,169000.000000,369871.000000,80037.000000,-0.090115,-0.031751,-0.053011,0.000000,0.000000,0.000000,0.000000,0.000000,0.000000
2023-10-26,151150.0,0.019186,0.017201,0.008270,1.000000,100.000000,-1.000000,17000.000000,10.119047,168000.000000,371132.000000,84140.000000,-0.052054,-0.083662,-0.019462,0.000000,0.000000,0.000000,0.000000,0.000000,0.000000
2023-10-27,154050.0,0.018176,-0.000325,-0.017202,1.000000,1450.000000,-1.000000,15400.000000,9.221557,167000.000000,381808.000000,83815.000000,0.013820,-0.095154,-0.036887,0.000000,0.000000,0.000000,0.000000,0.000000,0.000000
2023-10-30,156850.0,-0.019764,-0.028371,-0.061843,1.000000,1400.000000,-1.000000,12950.000000,7.801205,166000.000000,327453.000000,85077.000000,0.040119,-0.071344,0.004483,0.000000,0.000000,0.000000,0.000000,0.000000,0.000000
2023-10-31,153750.0,0.001626,-0.015285,-0.072846,1.000000,-1550.000000,-1.000000,12050.000000,7.303030,165000.000000,399767.000000,83965.000000,-0.008065,-0.091043,-0.031496,0.000000,19560.000000,3010.000000,7350.000000,3100.000000,0.000000
2023-11-01,154000.0,-0.010390,-0.044481,-0.056169,1.000000,125.000000,-1.000000,9550.000000,5.823171,164000.000000,359456.000000,86155.000000,0.020205,-0.071730,0.032864,0.000000,19560.000000,3010.000000,7350.000000,3100.000000,0.000000
2023-11-02,152400.0,-0.006562,-0.064633,-0.054134,1.000000,-800.000000,-1.000000,8850.000000,5.429448,163000.000000,262319.000000,86387.000000,0.008270,-0.044214,0.026608,0.000000,19560.000000,3010.000000,7350.000000,3100.000000,0.000000
2023-11-03,151400.0,-0.028071,-0.039960,-0.016513,1.000000,-500.000000,-1.000000,7600.000000,4.705883,161500.000000,251158.000000,94098.000000,-0.017202,-0.003620,0.009333,0.000000,19560.000000,3010.000000,7350.000000,3100.000000,0.000000
2023-11-06,147150.0,-0.031261,-0.020387,-0.037377,1.000000,-2125.000000,-1.000000,10050.000000,6.281250,160000.000000,272841.000000,106826.000000,-0.061843,-0.024204,-0.031271,0.000000,19560.000000,3010.000000,7350.000000,3100.000000,0.000000
2023-11-07,142550.0,0.019642,0.044546,0.000000,1.000000,-2300.000000,-1.000000,13450.000000,8.485805,158500.000000,349335.000000,113986.000000,-0.072846,-0.080323,-0.061554,0.000000,19560.000000,3010.000000,7350.000000,3100.000000,0.000000
2023-11-08,145350.0,-0.008256,-0.025456,-0.018920,1.000000,1400.000000,-1.000000,12150.000000,7.763578,156500.000000,584632.000000,105461.000000,-0.056169,-0.037098,-0.067672,0.000000,19560.000000,3010.000000,7350.000000,3100.000000,0.000000
2023-11-09,144150.0,0.032952,-0.011100,-0.022546,1.000000,-600.000000,-1.000000,9950.000000,6.419355,155000.000000,323961.000000,106948.000000,-0.054134,-0.046312,-0.126099,0.000000,19560.000000,3010.000000,7350.000000,3100.000000,0.000000
2023-11-10,148900.0,-0.048690,-0.042310,-0.073203,1.000000,2375.000000,-1.000000,4050.000000,2.647059,153000.000000,374012.000000,98275.000000,-0.016513,-0.033431,-0.125404,0.000000,19560.000000,3010.000000,7350.000000,3100.000000,0.000000
2023-11-13,141650.0,0.006354,-0.005295,-0.031415,1.000000,-3625.000000,-1.000000,2200.000000,1.447368,152000.000000,382878.000000,96198.000000,-0.037377,-0.096908,-0.161338,0.000000,19560.000000,3010.000000,7350.000000,3100.000000,0.000000
2023-11-14,142550.0,0.000351,-0.031919,-0.071905,1.000000,450.000000,-1.000000,7250.000000,4.833333,150000.000000,367056.000000,99509.000000,0.000000,-0.072846,-0.157257,0.000000,19560.000000,3010.000000,7350.000000,3100.000000,0.000000
2023-11-15,142600.0,-0.011921,-0.037868,-0.125526,1.000000,25.000000,-1.000000,5400.000000,3.636364,148500.000000,269895.000000,107801.000000,-0.018920,-0.074026,-0.140446,0.000000,19560.000000,3010.000000,7350.000000,3100.000000,0.000000
2023-11-16,140900.0,-0.020582,-0.061036,-0.114265,0.000000,-0.000000,1.000000,6500.000000,4.406780,147500.000000,234117.000000,113750.000000,-0.022546,-0.075459,-0.116337,0.000000,19560.000000,3010.000000,7350.000000,3100.000000,0.000000
2023-11-17,138000.0,-0.005797,-0.096377,-0.101087,0.000000,-0.000000,1.000000,7550.000000,5.136055,147000.000000,260604.000000,113629.000000,-0.073203,-0.088507,-0.091807,0.000000,19560.000000,3010.000000,7350.000000,3100.000000,0.000000
2023-11-20,137200.0,-0.035714,-0.090379,-0.149781,0.000000,-0.000000,1.000000,7000.000000,4.778157,146500.000000,243089.000000,117274.000000,-0.031415,-0.067618,-0.090186,0.000000,19560.000000,3010.000000,7350.000000,3100.000000,0.000000
2023-11-21,132300.0,-0.057445,-0.062358,-0.144369,0.000000,-0.000000,1.000000,7450.000000,5.173611,144000.000000,342947.000000,119970.000000,-0.071905,-0.071905,-0.146452,0.000000,19560.000000,3010.000000,7350.000000,3100.000000,0.000000
2023-11-22,124700.0,0.000802,-0.064555,-0.119086,1.000000,-3800.000000,-1.000000,14000.000000,9.859155,142000.000000,531176.000000,117891.000000,-0.125526,-0.142071,-0.173899,0.000000,19560.000000,3010.000000,7350.000000,3100.000000,0.000000
2023-11-23,124800.0,-0.006010,-0.092949,-0.149038,1.000000,50.000000,-1.000000,15550.000000,11.146954,139500.000000,581867.000000,115204.000000,-0.114265,-0.134235,-0.174330,0.000000,19560.000000,3010.000000,7350.000000,3100.000000,0.000000
2023-11-24,124050.0,-0.059653,-0.114470,-0.179766,1.000000,-375.000000,-1.000000,10200.000000,7.391304,138000.000000,699474.000000,121691.000000,-0.101087,-0.166891,-0.194742,0.000000,19560.000000,3010.000000,7350.000000,3100.000000,0.000000
2023-11-27,116650.0,-0.029576,-0.089584,-0.174025,1.000000,-3700.000000,-1.000000,16300.000000,12.029520,135500.000000,532016.000000,131927.000000,-0.149781,-0.176491,-0.256296,0.000000,19560.000000,3010.000000,7350.000000,3100.000000,0.000000
2023-11-28,113200.0,-0.029594,-0.101148,-0.178004,1.000000,-1725.000000,-1.000000,19950.000000,14.943820,133500.000000,569530.000000,122796.000000,-0.144369,-0.205893,-0.263740,0.000000,19560.000000,3010.000000,7350.000000,3100.000000,0.000000
2023-11-29,109850.0,-0.033227,-0.122895,-0.158398,1.000000,-1675.000000,-1.000000,18550.000000,14.053030,132000.000000,760339.000000,139951.000000,-0.119086,-0.229663,-0.286688,0.000000,19560.000000,3010.000000,7350.000000,3100.000000,0.000000
2023-11-30,106200.0,-0.041902,-0.123823,-0.099812,1.000000,-1825.000000,-1.000000,20650.000000,15.763359,131000.000000,579007.000000,145034.000000,-0.149038,-0.246274,-0.303150,0.000000,19560.000000,3010.000000,7350.000000,3100.000000,0.000000
2023-12-01,101750.0,-0.053071,-0.091400,0.005405,1.000000,-2225.000000,-1.000000,26050.000000,20.038462,130000.000000,754802.000000,135390.000000,-0.179766,-0.262681,-0.327939,0.000000,19560.000000,3010.000000,7350.000000,3100.000000,0.000000
2023-12-04,96350.0,-0.034250,-0.007784,0.004670,1.000000,-2700.000000,-1.000000,25650.000000,20.039062,128000.000000,852642.000000,145341.000000,-0.174025,-0.297741,-0.345226,0.000000,19560.000000,3010.000000,7350.000000,3100.000000,0.000000
2023-12-05,93050.0,-0.006448,0.099409,0.000537,1.000000,-1650.000000,-1.000000,31150.000000,24.722221,126000.000000,409856.000000,150080.000000,-0.178004,-0.296674,-0.347247,0.000000,19560.000000,3010.000000,7350.000000,3100.000000,0.000000
2023-12-06,92450.0,0.034072,0.047052,0.120065,1.000000,-300.000000,-1.000000,32400.000000,26.448980,122500.000000,678617.000000,128782.000000,-0.158398,-0.258621,-0.363949,40.000000,19560.000000,3010.000000,7350.000000,3100.000000,0.000000
2023-12-07,95600.0,0.070084,-0.026151,0.072699,1.000000,1575.000000,-1.000000,24900.000000,20.663900,120500.000000,195285.000000,136259.000000,-0.099812,-0.233974,-0.336802,40.000000,19560.000000,3010.000000,7350.000000,3100.000000,0.000000
2023-12-08,102300.0,-0.053763,0.012219,0.022483,1.000000,3350.000000,-1.000000,16200.000000,13.670886,118500.000000,35683.000000,158316.000000,0.005405,-0.175333,-0.312962,100.000000,19560.000000,3010.000000,7350.000000,3100.000000,0.000000
2023-12-11,96800.0,-0.038223,0.059401,0.061467,1.000000,-2750.000000,-1.000000,13950.000000,12.130435,115000.000000,802428.000000,156695.000000,0.004670,-0.170167,-0.316625,300.000000,19560.000000,3010.000000,7350.000000,3100.000000,0.000000
2023-12-12,93100.0,0.112245,0.123523,0.094522,1.000000,-1850.000000,-1.000000,16000.000000,14.285714,112000.000000,674146.000000,172604.000000,0.000537,-0.177562,-0.346896,510.000000,19560.000000,3010.000000,7350.000000,3100.000000,0.000000
2023-12-13,103550.0,-0.009657,-0.007726,-0.026557,1.000000,4525.000000,-1.000000,13800.000000,12.660550,109000.000000,741029.000000,172000.000000,0.120065,-0.057351,-0.273843,710.000000,19560.000000,3010.000000,7350.000000,3100.000000,0.000000
2023-12-14,102550.0,0.019990,-0.006338,-0.048269,1.000000,-500.000000,-1.000000,4350.000000,4.084507,106500.000000,888872.000000,161651.000000,0.072699,-0.034369,-0.272179,1010.000000,19560.000000,3010.000000,7350.000000,3100.000000,0.000000
2023-12-15,104600.0,-0.017686,-0.036329,-0.036329,1.000000,1025.000000,-1.000000,-1950.000000,-1.866029,104500.000000,547769.000000,159950.000000,0.022483,0.028010,-0.242029,1240.000000,19560.000000,3010.000000,7350.000000,3100.000000,0.000000
2023-12-18,102750.0,-0.008273,-0.050122,0.000973,1.000000,-925.000000,-1.000000,-4050.000000,-3.932039,103000.000000,491689.000000,159746.000000,0.061467,0.066424,-0.251093,1540.000000,19560.000000,3010.000000,7350.000000,3100.000000,0.000000
2023-12-19,101900.0,-0.010795,-0.010795,0.051030,1.000000,-425.000000,-1.000000,-600.000000,-0.588235,102000.000000,261562.000000,159563.000000,0.094522,0.095110,-0.229781,1840.000000,19560.000000,3010.000000,7350.000000,3100.000000,0.000000
2023-12-20,100800.0,-0.031746,0.020337,0.048611,1.000000,-550.000000,-1.000000,-950.000000,-0.940594,101000.000000,166175.000000,162654.000000,-0.026557,0.090319,-0.191660,2080.000000,19560.000000,3010.000000,7350.000000,3100.000000,0.000000
2023-12-21,97600.0,0.032787,0.097336,0.091701,1.000000,-1600.000000,-1.000000,3400.000000,3.400000,100000.000000,322718.000000,158076.000000,-0.048269,0.020921,-0.217949,2580.000000,19560.000000,3010.000000,7350.000000,3100.000000,0.000000
2023-12-22,100800.0,0.020337,0.048611,0.068452,1.000000,1600.000000,-1.000000,350.000000,0.351759,99500.000000,313308.000000,155842.000000,-0.036329,-0.014663,-0.187424,3550.000000,19560.000000,3010.000000,7350.000000,3100.000000,0.000000
2023-12-25,102850.0,0.041322,0.035975,0.053476,1.000000,1025.000000,-1.000000,-2500.000000,-2.525253,99000.000000,157805.000000,159077.000000,0.000973,0.062500,-0.118303,4360.000000,19560.000000,3010.000000,7350.000000,3100.000000,0.000000
2023-12-26,107100.0,-0.013072,0.005602,-0.004669,1.000000,2125.000000,-1.000000,-7350.000000,-7.461929,98500.000000,260868.000000,155209.000000,0.051030,0.150376,-0.053887,5160.000000,19560.000000,3010.000000,7350.000000,3100.000000,0.000000
2023-12-27,105700.0,0.008042,0.025071,-0.049669,1.000000,-700.000000,-1.000000,-10350.000000,-10.670103,97000.000000,264253.000000,150793.000000,0.048611,0.020763,-0.037779,5950.000000,19560.000000,3010.000000,7350.000000,3100.000000,0.000000
2023-12-28,106550.0,0.010793,0.000469,-0.074144,1.000000,425.000000,-1.000000,-9250.000000,-9.536082,97000.000000,153833.000000,152061.000000,0.091701,0.039005,0.003296,6710.000000,19560.000000,3010.000000,7350.000000,3100.000000,0.000000
2023-12-29,107700.0,0.006035,-0.067317,-0.097493,0.000000,0.000000,1.000000,-8400.000000,-8.668731,96900.000000,197334.000000,142958.000000,0.068452,0.029637,0.058477,7530.000000,19560.000000,3010.000000,7350.000000,3100.000000,0.000000
2024-01-02,108350.0,-0.016151,-0.089525,-0.086756,0.000000,0.000000,1.000000,-10400.000000,-10.732714,96900.000000,143702.000000,145602.000000,0.053476,0.054501,0.124546,8240.000000,19560.000000,3010.000000,7350.000000,3100.000000,0.000000
2024-01-03,106600.0,-0.057692,-0.088180,-0.081614,0.000000,-0.000000,1.000000,-11200.000000,-11.558308,96900.000000,129883.000000,141743.000000,-0.004669,0.046124,0.145621,9040.000000,19560.000000,3010.000000,7350.000000,3100.000000,0.000000
2024-01-04,100450.0,-0.017919,-0.014933,0.042310,0.000000,-0.000000,1.000000,-8300.000000,-8.565532,96900.000000,194855.000000,148982.000000,-0.049669,-0.003472,0.086533,9718.000000,19560.000000,3010.000000,7350.000000,3100.000000,0.000000
2024-01-05,98650.0,-0.014698,-0.007603,0.042575,0.000000,-0.000000,1.000000,-2450.000000,-2.538860,96500.000000,182344.000000,154263.000000,-0.074144,0.010758,0.031904,10740.000000,19560.000000,3010.000000,7350.000000,3100.000000,0.000000
2024-01-08,97200.0,0.018004,0.077160,0.048868,0.000000,-0.000000,1.000000,-3000.000000,-3.115265,96300.000000,146847.000000,157724.000000,-0.097493,-0.035714,-0.049853,10975.000000,19560.000000,3010.000000,7350.000000,3100.000000,0.000000
2024-01-09,98950.0,-0.010611,0.039414,0.052552,0.000000,0.000000,1.000000,-1550.000000,-1.614583,96000.000000,203361.000000,162038.000000,-0.086756,-0.037919,0.022211,11440.000000,19560.000000,3010.000000,7350.000000,3100.000000,0.000000
2024-01-10,97900.0,0.069459,0.041369,0.039326,0.000000,-0.000000,1.000000,-3250.000000,-3.385417,96000.000000,107149.000000,159002.000000,-0.081614,-0.085901,0.051557,11427.000000,19560.000000,3010.000000,7350.000000,3100.000000,0.000000
2024-01-11,104700.0,-0.017670,-0.005253,-0.021968,1.000000,3400.000000,-1.000000,-3450.000000,-3.593750,96000.000000,214428.000000,157286.000000,0.042310,-0.009461,0.011106,11588.000000,19560.000000,3010.000000,7350.000000,3100.000000,0.000000
2024-01-12,102850.0,-0.008751,-0.010695,-0.014098,0.000000,-0.000000,1.000000,-7700.000000,-8.004158,96200.000000,142605.000000,155914.000000,0.042575,-0.034725,0.002925,13238.000000,19560.000000,3010.000000,7350.000000,3100.000000,0.000000
2024-01-15,101950.0,0.021579,0.004414,-0.020598,1.000000,-450.000000,-1.000000,-5950.000000,-6.185031,96200.000000,103038.000000,156970.000000,0.048868,-0.053389,-0.025335,13268.000000,19560.000000,3010.000000,7350.000000,3100.000000,0.000000
2024-01-16,104150.0,-0.023044,-0.026404,-0.020643,1.000000,1100.000000,-1.000000,-7700.000000,-7.979275,96500.000000,109517.000000,159478.000000,0.052552,-0.038763,0.013625,13268.000000,19560.000000,3010.000000,7350.000000,3100.000000,0.000000
2024-01-17,101750.0,0.006388,-0.018673,0.005897,0.000000,-0.000000,1.000000,-8350.000000,-8.652850,96500.000000,131788.000000,156573.000000,0.039326,-0.045497,-0.001472,13418.000000,19560.000000,3010.000000,7350.000000,3100.000000,0.000000
2024-01-18,102400.0,-0.009766,-0.003906,-0.010254,0.000000,0.000000,1.000000,-5600.000000,-5.803109,96500.000000,125726.000000,154594.000000,-0.021968,0.019413,0.015873,13546.000000,19560.000000,3010.000000,7350.000000,3100.000000,0.000000
2024-01-19,101400.0,-0.015286,0.009369,-0.007396,0.000000,-0.000000,1.000000,-5000.000000,-5.181347,96500.000000,87317.000000,155078.000000,-0.014098,0.027876,0.038934,13554.000000,19560.000000,3010.000000,7350.000000,3100.000000,0.000000
2024-01-22,99850.0,0.021532,0.015023,0.021032,1.000000,-775.000000,-1.000000,-4400.000000,-4.559586,96500.000000,108433.000000,152252.000000,-0.020598,0.027263,-0.009425,13700.000000,19560.000000,3010.000000,7350.000000,3100.000000,0.000000
2024-01-23,102000.0,0.003431,-0.013235,-0.009804,0.000000,0.000000,1.000000,-4450.000000,-4.611399,96500.000000,92608.000000,148288.000000,-0.020643,0.030824,-0.008264,13950.000000,19560.000000,3010.000000,7350.000000,3100.000000,0.000000
2024-01-24,102350.0,-0.009770,-0.003908,-0.031265,0.000000,0.000000,1.000000,-5800.000000,-6.010363,96500.000000,72518.000000,148399.000000,0.005897,0.045455,-0.044351,14134.000000,19560.000000,3010.000000,7350.000000,3100.000000,0.000000
2024-01-25,101350.0,-0.006907,-0.003453,-0.017267,0.000000,-0.000000,1.000000,-4900.000000,-5.077720,96500.000000,85085.000000,149167.000000,-0.010254,-0.031996,-0.041154,14134.000000,19560.000000,3010.000000,7350.000000,3100.000000,0.000000
2024-01-26,100650.0,0.012916,-0.014903,-0.004968,0.000000,-0.000000,1.000000,-5600.000000,-5.803109,96500.000000,80796.000000,148248.000000,-0.007396,-0.021390,-0.055373,14454.000000,19560.000000,3010.000000,7350.000000,3100.000000,0.000000
2024-01-29,101950.0,-0.009318,-0.023051,-0.014713,0.000000,0.000000,1.000000,-4250.000000,-4.392765,96750.000000,77321.000000,144728.000000,0.021032,0.000000,-0.053389,14894.000000,19560.000000,3010.000000,7350.000000,3100.000000,0.000000
2024-01-30,101000.0,-0.018317,-0.008416,-0.038119,0.000000,-0.000000,1.000000,-4950.000000,-5.116279,96750.000000,54916.000000,141118.000000,-0.009804,-0.030245,-0.067836,14987.000000,19560.000000,3010.000000,7350.000000,3100.000000,0.000000
2024-01-31,99150.0,0.004539,0.013111,-0.015129,0.000000,-0.000000,1.000000,-4100.000000,-4.237726,96750.000000,102011.000000,150388.000000,-0.031265,-0.025553,-0.069887,14987.000000,19560.000000,3010.000000,7350.000000,3100.000000,2480.000000
2024-02-01,99600.0,0.005522,-0.024598,-0.033133,0.000000,0.000000,1.000000,-2100.000000,-2.163833,97050.000000,58995.000000,145032.000000,-0.017267,-0.027344,-0.008462,15317.000000,19560.000000,3010.000000,7350.000000,3100.000000,2480.000000
2024-02-02,100150.0,0.002996,-0.024963,-0.053919,0.000000,0.000000,1.000000,-3800.000000,-3.915508,97050.000000,71323.000000,135549.000000,-0.004968,-0.012327,0.015205,15587.000000,19560.000000,3010.000000,7350.000000,3100.000000,2480.000000
2024-02-05,100450.0,-0.032852,-0.041314,-0.076157,0.000000,0.000000,1.000000,-3800.000000,-3.915508,97050.000000,45180.000000,132983.000000,-0.014713,0.006009,0.033436,15924.000000,19560.000000,3010.000000,7350.000000,3100.000000,2480.000000
2024-02-06,97150.0,0.005147,-0.024704,-0.002573,0.000000,-0.000000,1.000000,-1200.000000,-1.236476,97050.000000,110907.000000,142239.000000,-0.038119,-0.047549,-0.018191,16054.000000,19560.000000,3010.000000,7350.000000,3100.000000,2480.000000
2024-02-07,97650.0,-0.013825,-0.049667,0.000000,0.000000,0.000000,1.000000,-950.000000,-0.978877,97050.000000,42570.000000,136452.000000,-0.015129,-0.045921,-0.002554,16894.000000,19560.000000,3010.000000,7350.000000,3100.000000,2480.000000
2024-02-08,96300.0,-0.016096,0.006231,0.057113,0.000000,-0.000000,1.000000,-1000.000000,-1.030397,97050.000000,57952.000000,138228.000000,-0.033133,-0.049827,-0.080229,16914.000000,19560.000000,3010.000000,7350.000000,3100.000000,2480.000000
2024-02-19,94750.0,-0.020580,0.030607,0.079683,0.000000,-0.000000,1.000000,100.000000,0.103199,96900.000000,66470.000000,148907.000000,-0.053919,-0.058619,-0.078755,16790.000000,19560.000000,3010.000000,7350.000000,3100.000000,2480.000000
2024-02-20,92800.0,0.044181,0.096983,0.149246,0.000000,-0.000000,1.000000,3100.000000,3.204134,96750.000000,103744.000000,173155.000000,-0.076157,-0.089750,-0.089750,16240.000000,19560.000000,3010.000000,7350.000000,3100.000000,2480.000000
2024-02-21,96900.0,0.007740,0.055728,0.114551,0.000000,0.000000,1.000000,1550.000000,1.612064,96150.000000,324538.000000,165643.000000,-0.002573,-0.040594,-0.069611,16232.000000,19560.000000,3010.000000,7350.000000,3100.000000,2480.000000
2024-02-22,97650.0,0.042499,0.092166,0.220686,0.000000,0.000000,1.000000,-1250.000000,-1.300052,96150.000000,119458.000000,166013.000000,0.000000,-0.015129,-0.040295,16151.000000,19560.000000,3010.000000,7350.000000,3100.000000,2480.000000
2024-02-23,101800.0,0.004912,0.060904,0.173379,0.000000,0.000000,1.000000,-4250.000000,-4.415585,96250.000000,206120.000000,173784.000000,0.057113,0.022088,-0.005859,15709.000000,19560.000000,3010.000000,7350.000000,3100.000000,2480.000000
2024-02-26,102300.0,0.042522,0.165200,0.149560,1.000000,250.000000,-1.000000,-6050.000000,-6.259700,96650.000000,215205.000000,179602.000000,0.079683,0.021468,0.008876,15639.000000,19560.000000,3010.000000,7350.000000,3100.000000,2480.000000
2024-02-27,106650.0,0.012658,0.120019,0.045945,1.000000,2175.000000,-1.000000,-5250.000000,-5.406797,97100.000000,246221.000000,191979.000000,0.149246,0.061722,0.068102,15689.000000,19560.000000,3010.000000,7350.000000,3100.000000,2480.000000
2024-02-28,108000.0,0.103704,0.088889,0.055556,1.000000,675.000000,-1.000000,-11700.000000,-11.938775,98000.000000,376684.000000,190062.000000,0.114551,0.111683,0.058824,15355.000000,19560.000000,3010.000000,7350.000000,3100.000000,2480.000000
2024-02-29,119200.0,0.002097,-0.064178,-0.052013,1.000000,4525.000000,-1.000000,-13800.000000,-13.869347,99500.000000,590362.000000,209410.000000,0.220686,0.220686,0.164631,15755.000000,19560.000000,3010.000000,7350.000000,3100.000000,2480.000000
2024-03-01,119450.0,-0.015488,-0.045626,-0.051067,1.000000,125.000000,-1.000000,-16850.000000,-16.439024,102500.000000,445315.000000,205233.000000,0.173379,0.240395,0.178589,15520.000000,19560.000000,3010.000000,7350.000000,3100.000000,2480.000000
2024-03-04,117600.0,-0.051446,-0.039116,-0.010204,1.000000,-925.000000,-1.000000,-18300.000000,-17.264151,106000.000000,669592.000000,208233.000000,0.149560,0.241161,0.168405,15330.000000,19560.000000,3010.000000,7350.000000,3100.000000,2480.000000
2024-03-05,111550.0,0.021963,0.016136,0.074406,1.000000,-3025.000000,-1.000000,-9250.000000,-8.604651,107500.000000,472377.000000,202406.000000,0.045945,0.202047,0.094164,15477.000000,19560.000000,3010.000000,7350.000000,3100.000000,2480.000000
2024-03-06,114000.0,-0.008772,0.021053,0.042105,1.000000,1225.000000,-1.000000,-4250.000000,-3.953488,107500.000000,507862.000000,212004.000000,0.055556,0.176471,0.128713,13415.000000,19560.000000,3010.000000,7350.000000,3100.000000,2480.000000
2024-03-07,113000.0,0.003097,0.060619,-0.007965,1.000000,-500.000000,-1.000000,-4900.000000,-4.516129,108500.000000,365677.000000,215643.000000,-0.052013,0.157194,0.139687,13522.000000,19560.000000,3010.000000,7350.000000,3100.000000,2480.000000
2024-03-08,113350.0,0.026908,0.048081,0.014998,1.000000,175.000000,-1.000000,-3850.000000,-3.535353,108900.000000,314274.000000,217323.000000,-0.051067,0.113458,0.138052,13466.000000,19560.000000,3010.000000,7350.000000,3100.000000,2480.000000
2024-03-11,116400.0,0.029639,-0.036942,0.004296,1.000000,1525.000000,-1.000000,-6050.000000,-5.537757,109250.000000,362739.000000,229549.000000,-0.010204,0.137830,0.162257,13750.000000,19560.000000,3010.000000,7350.000000,3100.000000,2480.000000
2024-03-12,119850.0,-0.008761,-0.040050,-0.040884,1.000000,1725.000000,-1.000000,-7900.000000,-7.181818,110000.000000,369891.000000,229075.000000,0.074406,0.123769,0.193131,14426.000000,19560.000000,3010.000000,7350.000000,3100.000000,2480.000000
2024-03-13,118800.0,-0.056397,-0.015993,-0.013468,1.000000,-525.000000,-1.000000,-9150.000000,-8.243243,111000.000000,341890.000000,226877.000000,0.042105,0.100000,0.222851,14721.000000,19560.000000,3010.000000,7350.000000,3100.000000,2480.000000
2024-03-14,112100.0,0.026316,0.025424,0.046833,1.000000,-3350.000000,-1.000000,-6800.000000,-6.057907,112250.000000,433149.000000,210848.000000,-0.007965,-0.059564,0.147977,14605.000000,19560.000000,3010.000000,7350.000000,3100.000000,2480.000000
2024-03-15,115050.0,0.016080,0.018688,-0.006084,1.000000,1475.000000,-1.000000,-1700.000000,-1.514477,112250.000000,322636.000000,206667.000000,0.014998,-0.036835,0.194704,14453.000000,19560.000000,3010.000000,7350.000000,3100.000000,2480.000000
2024-03-18,116900.0,-0.016681,0.003849,-0.081266,1.000000,925.000000,-1.000000,-5700.000000,-5.064416,112550.000000,333726.000000,205503.000000,0.004296,-0.005952,0.233773,14363.000000,19560.000000,3010.000000,7350.000000,3100.000000,2480.000000
2024-03-19,114950.0,0.019574,-0.005220,-0.056981,1.000000,-975.000000,-1.000000,-4850.000000,-4.309196,112550.000000,258624.000000,202175.000000,-0.040884,0.030480,0.238685,13798.000000,19560.000000,3010.000000,7350.000000,3100.000000,2480.000000
2024-03-20,117200.0,0.001280,-0.083618,-0.075085,1.000000,1125.000000,-1.000000,-2900.000000,-2.576632,112550.000000,250314.000000,204597.000000,-0.013468,0.028070,0.209494,13491.000000,19560.000000,3010.000000,7350.000000,3100.000000,2480.000000
2024-03-21,117350.0,-0.025565,-0.076268,-0.075415,1.000000,75.000000,-1.000000,-4750.000000,-4.220346,112550.000000,223038.000000,208023.000000,0.046833,0.038496,0.201741,13503.000000,19560.000000,3010.000000,7350.000000,3100.000000,2480.000000
2024-03-22,114350.0,-0.060778,-0.052033,-0.063839,1.000000,-1500.000000,-1.000000,-1900.000000,-1.688139,112550.000000,243895.000000,200633.000000,-0.006084,0.008822,0.123281,14002.000000,19560.000000,3010.000000,7350.000000,3100.000000,2480.000000
2024-03-25,107400.0,0.009311,0.010242,0.048417,1.000000,-3475.000000,-1.000000,-850.000000,-0.755892,112450.000000,323927.000000,206188.000000,-0.081266,-0.077320,0.049853,13101.000000,19560.000000,3010.000000,7350.000000,3100.000000,2480.000000
2024-03-26,108400.0,0.000000,-0.012454,0.023985,1.000000,500.000000,-1.000000,3400.000000,3.076923,110500.000000,265201.000000,200797.000000,-0.056981,-0.095536,0.016409,13578.000000,19560.000000,3010.000000,7350.000000,3100.000000,2480.000000
2024-03-27,108400.0,0.000923,0.038745,0.031365,1.000000,0.000000,-1.000000,3200.000000,2.915718,109750.000000,284502.000000,201977.000000,-0.075085,-0.087542,0.003704,14291.000000,19560.000000,3010.000000,7350.000000,3100.000000,2480.000000
2024-03-28,108500.0,-0.013364,0.023041,0.046083,1.000000,50.000000,-1.000000,1300.000000,1.184510,109750.000000,199520.000000,199818.000000,-0.075415,-0.032114,-0.089765,12980.000000,19560.000000,3010.000000,7350.000000,3100.000000,2480.000000
2024-03-29,107050.0,0.051845,0.044372,0.066324,0.000000,-0.000000,1.000000,1350.000000,1.230068,109750.000000,204922.000000,196813.000000,-0.063839,-0.069535,-0.103809,0.000000,19560.000000,3010.000000,7350.000000,3100.000000,2480.000000
2024-04-01,112600.0,-0.014210,0.007993,0.029751,0.000000,0.000000,1.000000,1000.000000,0.911162,109750.000000,273984.000000,200099.000000,0.048417,-0.036784,-0.042517,9995.000000,19560.000000,3010.000000,7350.000000,3100.000000,2480.000000
2024-04-02,111000.0,0.007207,0.028378,0.013514,0.000000,-0.000000,1.000000,-550.000000,-0.496614,110750.000000,186425.000000,191181.000000,0.023985,-0.034363,-0.004931,11442.000000,19560.000000,3010.000000,7350.000000,3100.000000,2480.000000
2024-04-03,111800.0,0.015206,0.037120,0.003578,0.000000,0.000000,1.000000,-2000.000000,-1.800991,111050.000000,199227.000000,183070.000000,0.031365,-0.046075,-0.019298,12702.000000,19560.000000,3010.000000,7350.000000,3100.000000,2480.000000
2024-04-08,113500.0,0.005727,-0.008811,-0.015419,0.000000,0.000000,1.000000,-2650.000000,-2.369245,111850.000000,178332.000000,183798.000000,0.046083,-0.032808,0.004425,13692.000000,19560.000000,3010.000000,7350.000000,3100.000000,2480.000000
2024-04-09,114150.0,0.015769,-0.017083,-0.052562,0.000000,0.000000,1.000000,-1500.000000,-1.339286,112000.000000,159011.000000,184198.000000,0.066324,-0.001749,0.007058,15232.000000,19560.000000,3010.000000,7350.000000,3100.000000,2480.000000
2024-04-10,115950.0,-0.029754,-0.036223,-0.056490,0.000000,0.000000,1.000000,-2850.000000,-2.516556,113250.000000,180964.000000,184304.000000,0.029751,0.079609,-0.003866,15778.000000,19560.000000,3010.000000,7350.000000,3100.000000,2480.000000
2024-04-11,112500.0,-0.002667,-0.038667,-0.036444,0.000000,-0.000000,1.000000,150.000000,0.132450,113250.000000,195122.000000,180154.000000,0.013514,0.037823,-0.061327,16830.000000,19560.000000,3010.000000,7350.000000,3100.000000,2480.000000
2024-04-12,112200.0,-0.004011,-0.024955,-0.040107,0.000000,-0.000000,1.000000,450.000000,0.399113,112750.000000,126606.000000,178440.000000,0.003578,0.035055,-0.055556,17440.000000,19560.000000,3010.000000,7350.000000,3100.000000,2480.000000
2024-04-15,111750.0,-0.032215,-0.029978,-0.028635,0.000000,-0.000000,1.000000,450.000000,0.399113,112750.000000,107237.000000,179104.000000,-0.015419,0.029954,-0.003122,17869.000000,19560.000000,3010.000000,7350.000000,3100.000000,2480.000000
2024-04-16,108150.0,0.011558,-0.004161,0.009246,0.000000,-0.000000,1.000000,2150.000000,1.928251,111500.000000,176355.000000,179955.000000,-0.052562,0.010276,-0.059974,18882.000000,19560.000000,3010.000000,7350.000000,3100.000000,2480.000000
2024-04-17,109400.0,-0.009141,-0.007770,0.009141,0.000000,0.000000,1.000000,1750.000000,1.569507,111500.000000,98410.000000,175021.000000,-0.056490,-0.028419,-0.064157,19422.000000,19560.000000,3010.000000,7350.000000,3100.000000,2480.000000
2024-04-18,108400.0,-0.006458,0.006919,0.011070,0.000000,-0.000000,1.000000,1050.000000,0.941704,111500.000000,131581.000000,174354.000000,-0.036444,-0.023423,-0.056981,19642.000000,19560.000000,3010.000000,7350.000000,3100.000000,2480.000000
2024-04-19,107700.0,0.007892,0.025070,0.020427,0.000000,-0.000000,1.000000,2150.000000,1.929982,111400.000000,172997.000000,176344.000000,-0.040107,-0.036673,-0.081058,19677.000000,19560.000000,3010.000000,7350.000000,3100.000000,2480.000000
2024-04-22,108550.0,0.005527,0.009673,0.067711,0.000000,0.000000,1.000000,1650.000000,1.481149,111400.000000,134200.000000,177912.000000,-0.028635,-0.043612,-0.074989,19727.000000,19560.000000,3010.000000,7350.000000,3100.000000,2480.000000
2024-04-23,109150.0,0.011452,0.006871,0.021072,0.000000,0.000000,1.000000,2000.000000,1.797753,111250.000000,139477.000000,176631.000000,0.009246,-0.043802,-0.045474,19137.000000,19560.000000,3010.000000,7350.000000,3100.000000,2480.000000
2024-04-24,110400.0,-0.007246,0.049819,0.018116,0.000000,0.000000,1.000000,650.000000,0.584270,111250.000000,179713.000000,178807.000000,0.009141,-0.047865,0.027933,19524.000000,19560.000000,3010.000000,7350.000000,3100.000000,2480.000000
2024-04-25,109600.0,0.002737,0.016880,0.039234,0.000000,-0.000000,1.000000,-300.000000,-0.268456,111750.000000,158133.000000,176148.000000,0.011070,-0.025778,0.011070,19413.000000,19560.000000,3010.000000,7350.000000,3100.000000,2480.000000
2024-04-26,109900.0,0.054595,0.022748,0.019563,0.000000,0.000000,1.000000,1300.000000,1.168539,111250.000000,98463.000000,172606.000000,0.020427,-0.020499,0.013838,19613.000000,19560.000000,3010.000000,7350.000000,3100.000000,2480.000000
2024-04-29,115900.0,-0.038395,-0.017256,-0.036238,0.000000,0.000000,1.000000,300.000000,0.269663,111250.000000,287181.000000,193148.000000,0.067711,0.037136,0.068203,19558.000000,19560.000000,3010.000000,7350.000000,3100.000000,2480.000000
2024-04-30,111450.0,0.008524,0.005384,-0.027815,0.000000,-0.000000,1.000000,-2850.000000,-2.550336,111750.000000,242267.000000,179848.000000,0.021072,0.030513,0.041102,19558.000000,19560.000000,3010.000000,7350.000000,3100.000000,2480.000000
2024-05-06,112400.0,0.013345,-0.006228,-0.047153,0.000000,0.000000,1.000000,-50.000000,-0.044743,111750.000000,117124.000000,185096.000000,0.018116,0.027422,-0.001776,20373.000000,19560.000000,3010.000000,7350.000000,3100.000000,2480.000000
2024-05-07,113900.0,-0.016242,-0.048727,-0.078139,0.000000,0.000000,1.000000,-2150.000000,-1.922217,111850.000000,151842.000000,189460.000000,0.039234,0.050738,0.026126,20984.000000,19560.000000,3010.000000,7350.000000,3100.000000,2480.000000
2024-05-08,112050.0,-0.003124,-0.044177,-0.080768,0.000000,-0.000000,1.000000,-850.000000,-0.759946,111850.000000,118354.000000,190964.000000,0.019563,0.040390,0.002236,22834.000000,19560.000000,3010.000000,7350.000000,3100.000000,2480.000000
2024-05-09,111700.0,-0.029991,-0.059982,-0.068935,0.000000,-0.000000,1.000000,0.000000,0.000000,111500.000000,136072.000000,193390.000000,-0.036238,0.029019,-0.015859,23168.000000,19560.000000,3010.000000,7350.000000,3100.000000,2480.000000
2024-05-10,108350.0,-0.011537,-0.049377,-0.017536,0.000000,-0.000000,1.000000,550.000000,0.495050,111100.000000,202809.000000,195326.000000,-0.027815,-0.007329,-0.050810,23124.000000,19560.000000,3010.000000,7350.000000,3100.000000,2480.000000
2024-05-13,107100.0,-0.019608,-0.028945,-0.010271,0.000000,-0.000000,1.000000,2200.000000,2.004556,109750.000000,129937.000000,198230.000000,-0.047153,-0.029891,-0.076326,23303.000000,19560.000000,3010.000000,7350.000000,3100.000000,2480.000000
2024-05-14,105000.0,-0.019048,0.013810,0.016190,0.000000,-0.000000,1.000000,1450.000000,1.327231,109250.000000,214774.000000,198922.000000,-0.078139,-0.041971,-0.066667,23783.000000,19560.000000,3010.000000,7350.000000,3100.000000,2480.000000
2024-05-15,103000.0,0.009709,0.029126,0.033010,0.000000,-0.000000,1.000000,2900.000000,2.691415,107750.000000,178905.000000,201318.000000,-0.080768,-0.062784,-0.081996,23728.000000,19560.000000,3010.000000,7350.000000,3100.000000,2480.000000
2024-05-16,104000.0,0.023558,0.025962,0.020673,0.000000,0.000000,1.000000,3700.000000,3.457944,107000.000000,100717.000000,197287.000000,-0.068935,-0.102675,-0.069351,23848.000000,19560.000000,3010.000000,7350.000000,3100.000000,2480.000000
2024-05-17,106450.0,-0.004227,-0.000470,0.010803,0.000000,0.000000,1.000000,900.000000,0.841121,107000.000000,147292.000000,184611.000000,-0.017536,-0.044863,-0.015719,23728.000000,19560.000000,3010.000000,7350.000000,3100.000000,2480.000000
2024-05-20,106000.0,0.006604,0.001415,0.001887,0.000000,-0.000000,1.000000,550.000000,0.513539,107100.000000,123219.000000,184221.000000,-0.010271,-0.056940,-0.031079,23858.000000,19560.000000,3010.000000,7350.000000,3100.000000,2480.000000
2024-05-21,106700.0,-0.002812,0.008435,-0.015933,0.000000,0.000000,1.000000,650.000000,0.608045,106900.000000,186216.000000,178009.000000,0.016190,-0.063213,-0.015683,23858.000000,19560.000000,3010.000000,7350.000000,3100.000000,2480.000000
2024-05-22,106400.0,-0.002350,-0.001880,-0.011278,0.000000,-0.000000,1.000000,-350.000000,-0.327409,106900.000000,93785.000000,180239.000000,0.033010,-0.050424,-0.012071,24373.000000,19560.000000,3010.000000,7350.000000,3100.000000,2480.000000
2024-05-23,106150.0,0.013660,-0.010834,-0.001413,0.000000,-0.000000,1.000000,700.000000,0.657277,106500.000000,120764.000000,173259.000000,0.020673,-0.049687,-0.022110,24052.000000,19560.000000,3010.000000,7350.000000,3100.000000,2480.000000
2024-05-24,107600.0,-0.013011,-0.022305,-0.025558,0.000000,0.000000,1.000000,-900.000000,-0.845070,106500.000000,119418.000000,168876.000000,0.010803,-0.006922,-0.014201,24352.000000,19560.000000,3010.000000,7350.000000,3100.000000,2480.000000
2024-05-27,106200.0,-0.011299,-0.001883,-0.032957,0.000000,-0.000000,1.000000,-400.000000,-0.375587,106500.000000,95800.000000,171639.000000,0.001887,-0.008403,-0.038043,24311.000000,19560.000000,3010.000000,7350.000000,3100.000000,2480.000000
2024-05-28,105000.0,0.001905,-0.001429,-0.030000,0.000000,-0.000000,1.000000,-500.000000,-0.470367,106300.000000,114804.000000,170519.000000,-0.015933,0.000000,-0.041971,24451.000000,19560.000000,3010.000000,7350.000000,3100.000000,2480.000000
2024-05-29,105200.0,0.007605,-0.023764,-0.051331,0.000000,0.000000,1.000000,600.000000,0.564972,106200.000000,94508.000000,166699.000000,-0.011278,0.021359,-0.042766,24726.000000,19560.000000,3010.000000,7350.000000,3100.000000,2480.000000
2024-05-30,106000.0,-0.010849,-0.039151,-0.045755,0.000000,0.000000,1.000000,-400.000000,-0.377358,106000.000000,129912.000000,162442.000000,-0.001413,0.019231,-0.085418,24846.000000,19560.000000,3010.000000,7350.000000,3100.000000,2480.000000
2024-05-31,104850.0,-0.020505,-0.048164,-0.045780,1.000000,-575.000000,-1.000000,-400.000000,-0.377715,105900.000000,102574.000000,161329.000000,-0.025558,-0.015031,-0.059219,24996.000000,19560.000000,3010.000000,7350.000000,3100.000000,2480.000000
2024-06-03,102700.0,-0.008277,-0.015093,-0.055501,1.000000,-1075.000000,-1.000000,900.000000,0.857960,104900.000000,134238.000000,165260.000000,-0.032957,-0.031132,-0.086299,26176.000000,19560.000000,3010.000000,7350.000000,3100.000000,2480.000000
2024-06-04,101850.0,-0.020128,-0.017673,-0.033382,1.000000,-425.000000,-1.000000,950.000000,0.915222,103800.000000,80207.000000,168086.000000,-0.030000,-0.045455,-0.105795,26583.000000,19560.000000,3010.000000,7350.000000,3100.000000,2480.000000
2024-06-05,99800.0,0.013527,-0.028056,-0.020040,1.000000,-1025.000000,-1.000000,1350.000000,1.323529,102000.000000,122591.000000,168133.000000,-0.051331,-0.062030,-0.109326,27424.000000,19560.000000,3010.000000,7350.000000,3100.000000,2480.000000
2024-06-06,101150.0,-0.010875,-0.026693,-0.042017,1.000000,675.000000,-1.000000,1300.000000,1.282051,101400.000000,95005.000000,159275.000000,-0.045755,-0.047103,-0.094449,27644.000000,19560.000000,3010.000000,7350.000000,3100.000000,2480.000000
2024-06-07,100050.0,-0.030485,-0.022489,-0.042479,1.000000,-550.000000,-1.000000,625.000000,0.617742,101175.000000,92938.000000,154804.000000,-0.045780,-0.070167,-0.076604,27664.000000,19560.000000,3010.000000,7350.000000,3100.000000,2480.000000
2024-06-11,97000.0,0.014948,-0.001031,-0.043299,1.000000,-1525.000000,-1.000000,2100.000000,2.092676,100350.000000,104245.000000,152300.000000,-0.055501,-0.086629,-0.094304,27960.000000,19560.000000,3010.000000,7350.000000,3100.000000,2480.000000
2024-06-12,98450.0,-0.006602,-0.026917,-0.045201,1.000000,725.000000,-1.000000,3950.000000,3.971845,99450.000000,143742.000000,140001.000000,-0.033382,-0.062381,-0.062381,27930.000000,19560.000000,3010.000000,7350.000000,3100.000000,2480.000000
2024-06-13,97800.0,-0.009202,-0.051125,-0.034765,0.000000,-0.000000,1.000000,1000.000000,1.007049,99300.000000,125979.000000,131634.000000,-0.020040,-0.070342,-0.050485,27900.000000,19560.000000,3010.000000,7350.000000,3100.000000,2480.000000
2024-06-14,96900.0,-0.011352,-0.029928,-0.051600,0.000000,-0.000000,1.000000,1500.000000,1.523616,98450.000000,79212.000000,126620.000000,-0.042017,-0.085849,-0.068269,28220.000000,19560.000000,3010.000000,7350.000000,3100.000000,2480.000000
2024-06-17,95800.0,-0.031315,-0.014614,-0.075678,0.000000,-0.000000,1.000000,1500.000000,1.536885,97600.000000,77371.000000,121045.000000,-0.042479,-0.086314,-0.100047,28220.000000,19560.000000,3010.000000,7350.000000,3100.000000,2480.000000
2024-06-18,92800.0,0.012931,-0.009698,-0.027478,1.000000,-1500.000000,-1.000000,2950.000000,3.036541,97150.000000,119713.000000,115233.000000,-0.043299,-0.096397,-0.124528,28070.000000,19560.000000,3010.000000,7350.000000,3100.000000,2480.000000
2024-06-19,94000.0,0.004255,-0.057979,-0.015426,0.000000,0.000000,1.000000,2550.000000,2.672956,95400.000000,82575.000000,103750.000000,-0.045201,-0.077074,-0.119025,27950.000000,19560.000000,3010.000000,7350.000000,3100.000000,2480.000000
2024-06-20,94400.0,-0.026483,-0.043962,0.002119,0.000000,0.000000,1.000000,1150.000000,1.212441,94850.000000,61431.000000,95216.000000,-0.034765,-0.054108,-0.112782,27835.000000,19560.000000,3010.000000,7350.000000,3100.000000,2480.000000
2024-06-21,91900.0,-0.036453,0.007073,0.028292,0.000000,-0.000000,1.000000,0.000000,0.000000,94850.000000,89876.000000,87161.000000,-0.051600,-0.091448,-0.134244,28195.000000,19560.000000,3010.000000,7350.000000,3100.000000,2480.000000
2024-06-24,88550.0,0.019198,0.068323,0.080181,1.000000,-1675.000000,-1.000000,3700.000000,3.972088,93150.000000,93395.000000,73742.000000,-0.075678,-0.114943,-0.177045,27975.000000,19560.000000,3010.000000,7350.000000,3100.000000,2480.000000
2024-06-25,90250.0,0.025485,0.047091,0.042105,1.000000,850.000000,-1.000000,4900.000000,5.337691,91800.000000,114695.000000,56844.000000,-0.027478,-0.069588,-0.150188,28410.000000,19560.000000,3010.000000,7350.000000,3100.000000,2480.000000
2024-06-26,92550.0,0.022150,0.033495,0.021610,1.000000,1150.000000,-1.000000,1700.000000,1.853871,91700.000000,119386.000000,40943.000000,-0.015426,-0.059929,-0.118571,28340.000000,19560.000000,3010.000000,7350.000000,3100.000000,2480.000000
2024-06-27,94600.0,-0.001057,-0.005814,-0.006871,1.000000,1025.000000,-1.000000,-3750.000000,-4.089422,91700.000000,150614.000000,142021.000000,0.002119,-0.032720,-0.100760,28560.000000,19560.000000,3010.000000,7350.000000,3100.000000,2480.000000
2024-06-28,94500.0,0.012169,0.000529,-0.006349,1.000000,-50.000000,-1.000000,-2800.000000,-3.060109,91500.000000,176810.000000,151305.000000,0.028292,-0.024768,-0.108491,28444.000000,19560.000000,3010.000000,7350.000000,3100.000000,2480.000000
2024-07-01,95650.0,-0.016728,-0.017773,-0.020910,1.000000,575.000000,-1.000000,-1800.000000,-1.984565,90700.000000,186860.000000,161162.000000,0.080181,-0.001566,-0.087744,28543.000000,19560.000000,3010.000000,7350.000000,3100.000000,2480.000000
2024-07-02,94050.0,0.005316,-0.001595,0.001063,1.000000,-800.000000,-1.000000,-4050.000000,-4.465270,90700.000000,140825.000000,166674.000000,0.042105,0.013470,-0.084226,28485.000000,19560.000000,3010.000000,7350.000000,3100.000000,2480.000000
2024-07-03,94550.0,-0.006346,-0.009519,-0.029085,1.000000,250.000000,-1.000000,-3550.000000,-3.924820,90450.000000,135067.000000,169401.000000,0.021610,0.005851,-0.071674,28703.000000,19560.000000,3010.000000,7350.000000,3100.000000,2480.000000
2024-07-04,93950.0,-0.000532,0.002129,-0.015434,1.000000,-300.000000,-1.000000,-4350.000000,-4.793388,90750.000000,140991.000000,174503.000000,-0.006871,-0.004767,-0.058617,27311.000000,19560.000000,3010.000000,7350.000000,3100.000000,2480.000000
2024-07-05,93900.0,-0.002662,-0.022364,-0.027157,1.000000,-25.000000,-1.000000,-3100.000000,-3.423523,90550.000000,143190.000000,168777.000000,-0.006349,0.021763,-0.071676,27297.000000,19560.000000,3010.000000,7350.000000,3100.000000,2480.000000
2024-07-08,93650.0,0.005339,-0.012280,-0.060865,1.000000,-125.000000,-1.000000,-3800.000000,-4.196577,90550.000000,129708.000000,173942.000000,-0.020910,0.057595,-0.063968,30216.000000,19560.000000,3010.000000,7350.000000,3100.000000,2480.000000
2024-07-09,94150.0,-0.024960,-0.029740,-0.056824,1.000000,250.000000,-1.000000,-3100.000000,-3.427308,90450.000000,131239.000000,170658.000000,0.001063,0.043213,-0.029381,30103.000000,19560.000000,3010.000000,7350.000000,3100.000000,2480.000000
2024-07-10,91800.0,0.007625,-0.041939,-0.053922,1.000000,-1175.000000,-1.000000,-3750.000000,-4.150526,90350.000000,149171.000000,176216.000000,-0.029085,-0.008104,-0.067547,29921.000000,19560.000000,3010.000000,7350.000000,3100.000000,2480.000000
2024-07-11,92500.0,-0.012432,-0.040000,-0.049189,1.000000,350.000000,-1.000000,-2200.000000,-2.448525,89850.000000,155537.000000,169488.000000,-0.015434,-0.022199,-0.054192,29776.000000,19560.000000,3010.000000,7350.000000,3100.000000,2480.000000
2024-07-12,91350.0,-0.037219,-0.049261,-0.016968,1.000000,-575.000000,-1.000000,-2200.000000,-2.451253,89750.000000,95103.000000,170948.000000,-0.027157,-0.033333,-0.057276,29753.000000,19560.000000,3010.000000,7350.000000,3100.000000,2480.000000
2024-07-15,87950.0,0.009665,0.000000,0.011370,1.000000,-1700.000000,-1.000000,-800.000000,-0.894354,89450.000000,163344.000000,186340.000000,-0.060865,-0.080502,-0.081942,29346.000000,19560.000000,3010.000000,7350.000000,3100.000000,2480.000000
2024-07-16,88800.0,-0.021959,0.011261,-0.010135,1.000000,425.000000,-1.000000,-300.000000,-0.341103,87950.000000,139709.000000,183897.000000,-0.056824,-0.055821,-0.043103,29805.000000,19560.000000,3010.000000,7350.000000,3100.000000,2480.000000
2024-07-17,86850.0,0.012666,0.024180,0.000576,1.000000,-975.000000,-1.000000,-750.000000,-0.858615,87350.000000,122188.000000,189619.000000,-0.053922,-0.081438,-0.076064,33102.000000,19560.000000,3010.000000,7350.000000,3100.000000,2480.000000
2024-07-18,87950.0,0.021035,-0.000569,-0.010233,1.000000,550.000000,-1.000000,-650.000000,-0.751880,86450.000000,116472.000000,188020.000000,-0.049189,-0.063864,-0.068326,32666.000000,19560.000000,3010.000000,7350.000000,3100.000000,2480.000000
2024-07-19,89800.0,-0.009465,-0.032294,-0.043987,1.000000,925.000000,-1.000000,-1200.000000,-1.388889,86400.000000,227163.000000,188958.000000,-0.016968,-0.043663,-0.022851,34349.000000,19560.000000,3010.000000,7350.000000,3100.000000,2480.000000
2024-07-22,88950.0,-0.011804,-0.021360,-0.062395,0.000000,-0.000000,1.000000,-2100.000000,-2.431963,86350.000000,103539.000000,189656.000000,0.011370,-0.050187,0.004517,34702.000000,19560.000000,3010.000000,7350.000000,3100.000000,2480.000000
2024-07-23,87900.0,-0.011377,-0.023322,-0.076792,1.000000,-525.000000,-1.000000,-3150.000000,-3.647944,86350.000000,142439.000000,186336.000000,-0.010135,-0.066383,-0.026039,36125.000000,19560.000000,3010.000000,7350.000000,3100.000000,2480.000000
2024-07-24,86900.0,0.001726,-0.040276,-0.048331,0.000000,-0.000000,1.000000,-900.000000,-1.047730,85900.000000,131926.000000,188091.000000,0.000576,-0.053377,-0.061048,35862.000000,19560.000000,3010.000000,7350.000000,3100.000000,2480.000000
2024-07-25,87050.0,-0.013785,-0.067777,-0.071223,0.000000,0.000000,1.000000,-1100.000000,-1.296405,84850.000000,141988.000000,188050.000000,-0.010233,-0.058919,-0.079810,36067.000000,19560.000000,3010.000000,7350.000000,3100.000000,2480.000000
2024-07-26,85850.0,-0.028538,-0.036692,-0.056494,0.000000,-0.000000,1.000000,-2050.000000,-2.416028,84850.000000,117347.000000,193373.000000,-0.043987,-0.060208,-0.091534,36067.000000,19560.000000,3010.000000,7350.000000,3100.000000,2480.000000
2024-07-29,83400.0,-0.026978,-0.030576,-0.022782,0.000000,-0.000000,1.000000,-1150.000000,-1.364985,84250.000000,162135.000000,207937.000000,-0.062395,-0.051734,-0.128071,33645.000000,19560.000000,3010.000000,7350.000000,3100.000000,2480.000000
2024-07-30,81150.0,0.019100,-0.001848,0.001232,1.000000,-1125.000000,-1.000000,350.000000,0.424757,82400.000000,181988.000000,215920.000000,-0.076792,-0.086149,-0.137161,32177.000000,19560.000000,3010.000000,7350.000000,3100.000000,2480.000000
2024-07-31,82700.0,-0.022370,-0.014510,-0.029021,1.000000,775.000000,-1.000000,-200.000000,-0.243902,82000.000000,191801.000000,209232.000000,-0.048331,-0.047784,-0.125331,0.000000,19560.000000,3010.000000,7350.000000,3100.000000,2480.000000
2024-08-01,80850.0,0.001855,0.004947,-0.029066,0.000000,-0.000000,1.000000,-50.000000,-0.061200,81700.000000,172722.000000,222825.000000,-0.071223,-0.080728,-0.139436,13419.000000,19560.000000,3010.000000,7350.000000,3100.000000,2480.000000
2024-08-02,81000.0,0.006173,-0.008642,-0.042593,0.000000,0.000000,1.000000,400.000000,0.495050,80800.000000,179822.000000,215611.000000,-0.056494,-0.097996,-0.137380,26922.000000,19560.000000,3010.000000,7350.000000,3100.000000,2480.000000
2024-08-05,81500.0,-0.003067,-0.036810,-0.067485,0.000000,0.000000,1.000000,0.000000,0.000000,80500.000000,161386.000000,210593.000000,-0.022782,-0.083755,-0.129738,28973.000000,19560.000000,3010.000000,7350.000000,3100.000000,2480.000000
2024-08-06,81250.0,-0.011692,-0.045538,-0.052308,0.000000,-0.000000,1.000000,-1200.000000,-1.490683,80500.000000,112245.000000,207139.000000,0.001232,-0.075654,-0.137015,31753.000000,19560.000000,3010.000000,7350.000000,3100.000000,2480.000000
2024-08-07,80300.0,-0.022416,-0.053549,-0.085305,0.000000,-0.000000,1.000000,-500.000000,-0.621891,80400.000000,90947.000000,209655.000000,-0.029021,-0.075949,-0.125272,33093.000000,19560.000000,3010.000000,7350.000000,3100.000000,2480.000000
2024-08-08,78500.0,-0.012102,-0.019108,-0.077707,1.000000,-900.000000,-1.000000,700.000000,0.872274,80250.000000,137278.000000,219537.000000,-0.029066,-0.098219,-0.151351,33191.000000,19560.000000,3010.000000,7350.000000,3100.000000,2480.000000
2024-08-09,77550.0,-0.019987,-0.052869,-0.059317,1.000000,-475.000000,-1.000000,1050.000000,1.308411,80250.000000,150525.000000,221881.000000,-0.042593,-0.096680,-0.151067,33191.000000,19560.000000,3010.000000,7350.000000,3100.000000,2480.000000
2024-08-12,76000.0,0.013158,-0.047368,-0.034211,1.000000,-775.000000,-1.000000,850.000000,1.087652,78150.000000,112956.000000,230478.000000,-0.067485,-0.088729,-0.135873,36080.000000,19560.000000,3010.000000,7350.000000,3100.000000,2480.000000
2024-08-13,77000.0,-0.046104,-0.052597,-0.025974,1.000000,500.000000,-1.000000,1100.000000,1.409353,78050.000000,198114.000000,221774.000000,-0.052308,-0.051140,-0.132883,36330.000000,19560.000000,3010.000000,7350.000000,3100.000000,2480.000000
2024-08-14,73450.0,-0.014295,-0.000681,0.060585,1.000000,-1775.000000,-1.000000,1550.000000,2.001291,77450.000000,216635.000000,230303.000000,-0.085305,-0.111850,-0.154289,36430.000000,19560.000000,3010.000000,7350.000000,3100.000000,2480.000000
2024-08-15,72400.0,0.007597,0.035912,0.042127,1.000000,-525.000000,-1.000000,2050.000000,2.720637,75350.000000,212442.000000,229864.000000,-0.077707,-0.104515,-0.176805,36780.000000,19560.000000,3010.000000,7350.000000,3100.000000,2480.000000
2024-08-16,72950.0,0.006169,0.067855,0.005483,1.000000,275.000000,-1.000000,1350.000000,1.795213,75200.000000,179002.000000,225197.000000,-0.059317,-0.099383,-0.187639,36620.000000,19560.000000,3010.000000,7350.000000,3100.000000,2480.000000
2024-08-19,73400.0,0.021798,0.027929,0.012943,1.000000,225.000000,-1.000000,1750.000000,2.342704,74700.000000,173315.000000,226887.000000,-0.034211,-0.099387,-0.174817,36700.000000,19560.000000,3010.000000,7350.000000,3100.000000,2480.000000
2024-08-20,75000.0,0.038667,-0.022000,0.015333,1.000000,800.000000,-1.000000,800.000000,1.070951,74700.000000,155457.000000,227057.000000,-0.025974,-0.076923,-0.146758,36819.000000,19560.000000,3010.000000,7350.000000,3100.000000,2480.000000
2024-08-21,77900.0,-0.031451,-0.045571,-0.027599,1.000000,1450.000000,-1.000000,-150.000000,-0.200401,74850.000000,311907.000000,224646.000000,0.060585,-0.029888,-0.103567,37917.000000,19560.000000,3010.000000,7350.000000,3100.000000,2480.000000
2024-08-22,75450.0,-0.027833,0.009278,0.018555,1.000000,-1225.000000,-1.000000,-1270.000000,-1.696047,74880.000000,271095.000000,220587.000000,0.042127,-0.038854,-0.133257,38077.000000,19560.000000,3010.000000,7350.000000,3100.000000,2480.000000
2024-08-23,73350.0,0.013633,0.032720,0.075665,1.000000,-1050.000000,-1.000000,-250.000000,-0.336700,74250.000000,184257.000000,217889.000000,0.005483,-0.054159,-0.145603,38935.000000,19560.000000,3010.000000,7350.000000,3100.000000,2480.000000
2024-08-26,74350.0,0.024210,0.033625,0.011432,1.000000,500.000000,-1.000000,100.000000,0.134771,74200.000000,183293.000000,221357.000000,0.012943,-0.021711,-0.108513,38875.000000,19560.000000,3010.000000,7350.000000,3100.000000,2480.000000
2024-08-27,76150.0,-0.005253,0.036113,-0.016415,0.000000,0.000000,1.000000,-650.000000,-0.874832,74300.000000,224363.000000,222639.000000,0.015333,-0.011039,-0.061614,40061.000000,19560.000000,3010.000000,7350.000000,3100.000000,2480.000000
2024-08-28,75750.0,0.014521,-0.007261,-0.028383,1.000000,-200.000000,-1.000000,-700.000000,-0.942761,74250.000000,202705.000000,227100.000000,-0.027599,0.031314,-0.084039,40061.000000,19560.000000,3010.000000,7350.000000,3100.000000,2480.000000
2024-08-29,76850.0,0.026675,-0.025374,-0.079375,1.000000,550.000000,-1.000000,-1350.000000,-1.818182,74250.000000,269825.000000,236888.000000,0.018555,0.061464,-0.049474,40061.000000,19560.000000,3010.000000,7350.000000,3100.000000,2480.000000
2024-08-30,78900.0,-0.046895,-0.067174,-0.097592,1.000000,1025.000000,-1.000000,-3400.000000,-4.557641,74600.000000,288902.000000,232278.000000,0.075665,0.081563,-0.025926,41908.000000,19560.000000,3010.000000,7350.000000,3100.000000,2480.000000
2024-09-02,75200.0,-0.003989,-0.059176,-0.027261,0.000000,-0.000000,1.000000,-2900.000000,-3.884796,74650.000000,291828.000000,229216.000000,0.011432,0.024523,-0.077301,42448.000000,19560.000000,3010.000000,7350.000000,3100.000000,2480.000000
2024-09-03,74900.0,-0.017356,-0.049399,-0.036716,1.000000,-150.000000,-1.000000,-800.000000,-1.080351,74050.000000,206102.000000,233484.000000,-0.016415,-0.001333,-0.078154,42888.000000,19560.000000,3010.000000,7350.000000,3100.000000,2480.000000
2024-09-04,73600.0,-0.038723,-0.006114,0.065897,1.000000,-650.000000,-1.000000,350.000000,0.473934,73850.000000,197297.000000,234032.000000,-0.028383,-0.055199,-0.083437,43707.000000,19560.000000,3010.000000,7350.000000,3100.000000,2480.000000
2024-09-05,70750.0,0.006360,0.019788,0.087633,1.000000,-1425.000000,-1.000000,1250.000000,1.700680,73500.000000,251520.000000,245150.000000,-0.079375,-0.062293,-0.098726,43237.000000,19560.000000,3010.000000,7350.000000,3100.000000,2480.000000
2024-09-06,71200.0,0.027388,0.101826,0.089185,1.000000,225.000000,-1.000000,2100.000000,2.892562,72600.000000,245768.000000,239300.000000,-0.097592,-0.029312,-0.081883,43447.000000,19560.000000,3010.000000,7350.000000,3100.000000,2480.000000
2024-09-09,73150.0,-0.013671,0.051948,0.029392,0.000000,0.000000,1.000000,850.000000,1.176471,72250.000000,214357.000000,234926.000000,-0.027261,-0.016140,-0.037500,43692.000000,19560.000000,3010.000000,7350.000000,3100.000000,2480.000000
2024-09-10,72150.0,0.087318,0.074844,0.049203,0.000000,-0.000000,1.000000,-300.000000,-0.414079,72450.000000,196239.000000,236989.000000,-0.036716,-0.052528,-0.062987,43582.000000,19560.000000,3010.000000,7350.000000,3100.000000,2480.000000
2024-09-11,78450.0,-0.019120,-0.040153,-0.040153,0.000000,0.000000,1.000000,-3300.000000,-4.495913,73400.000000,577307.000000,254596.000000,0.065897,0.035644,0.068074,43492.000000,19560.000000,3010.000000,7350.000000,3100.000000,2480.000000
2024-09-12,76950.0,0.007797,-0.016244,-0.027290,0.000000,-0.000000,1.000000,-2500.000000,-3.387534,73800.000000,408382.000000,246549.000000,0.087633,0.001301,0.062845,42511.000000,19560.000000,3010.000000,7350.000000,3100.000000,2480.000000
2024-09-13,77550.0,-0.029014,-0.029014,-0.009671,0.000000,0.000000,1.000000,-2650.000000,-3.566622,74300.000000,260115.000000,239306.000000,0.089185,-0.017110,0.063057,42190.000000,19560.000000,3010.000000,7350.000000,3100.000000,2480.000000
2024-09-18,75300.0,0.005312,-0.005976,0.012616,0.000000,-0.000000,1.000000,-1400.000000,-1.884253,74300.000000,219265.000000,231645.000000,0.029392,0.001330,0.025886,42034.000000,19560.000000,3010.000000,7350.000000,3100.000000,2480.000000
2024-09-19,75700.0,-0.005284,0.014531,0.017834,0.000000,0.000000,1.000000,-1200.000000,-1.620527,74050.000000,244398.000000,226801.000000,0.049203,0.010681,0.009333,41897.000000,19560.000000,3010.000000,7350.000000,3100.000000,2480.000000
2024-09-20,75300.0,-0.005976,0.012616,0.021912,0.000000,-0.000000,1.000000,-1200.000000,-1.617251,74200.000000,193963.000000,225720.000000,-0.040153,0.023098,-0.033376,41762.000000,19560.000000,3010.000000,7350.000000,3100.000000,2480.000000
2024-09-23,74850.0,0.026052,0.029392,0.065464,0.000000,-0.000000,1.000000,-350.000000,-0.472973,74000.000000,258432.000000,221399.000000,-0.027290,0.057951,-0.007952,42188.000000,19560.000000,3010.000000,7350.000000,3100.000000,2480.000000
2024-09-24,76800.0,-0.007161,0.001953,-0.001953,0.000000,0.000000,1.000000,-1250.000000,-1.684636,74200.000000,235393.000000,231192.000000,-0.009671,0.078652,0.047035,42233.000000,19560.000000,3010.000000,7350.000000,3100.000000,2480.000000
2024-09-25,76250.0,0.010492,0.045902,0.001967,0.000000,-0.000000,1.000000,-3050.000000,-4.061252,75100.000000,324539.000000,240716.000000,0.012616,0.042379,0.025555,42333.000000,19560.000000,3010.000000,7350.000000,3100.000000,2480.000000
2024-09-26,77050.0,-0.001298,-0.005191,-0.043478,0.000000,0.000000,1.000000,-1350.000000,-1.798801,75050.000000,208282.000000,222721.000000,0.017834,0.067914,0.011819,42863.000000,19560.000000,3010.000000,7350.000000,3100.000000,2480.000000
2024-09-27,76950.0,0.036387,-0.007147,-0.039636,0.000000,-0.000000,1.000000,-2600.000000,-3.441430,75550.000000,285188.000000,222019.000000,0.021912,-0.019120,0.015842,43563.000000,19560.000000,3010.000000,7350.000000,3100.000000,2480.000000
2024-09-30,79750.0,-0.038871,-0.075862,-0.083386,0.000000,0.000000,1.000000,-2900.000000,-3.833443,75650.000000,346154.000000,217601.000000,0.065464,0.036387,0.037736,43563.000000,19560.000000,3010.000000,7350.000000,3100.000000,2480.000000
2024-10-08,76650.0,-0.003262,-0.035877,-0.042401,0.000000,-0.000000,1.000000,-3650.000000,-4.724919,77250.000000,381012.000000,211822.000000,-0.001953,-0.011605,-0.028517,44683.000000,19560.000000,3010.000000,7350.000000,3100.000000,2480.000000
2024-10-09,76400.0,-0.035340,-0.043194,-0.068717,0.000000,-0.000000,1.000000,400.000000,0.519481,77000.000000,176135.000000,210574.000000,0.001967,0.014608,0.015957,44753.000000,19560.000000,3010.000000,7350.000000,3100.000000,2480.000000
2024-10-10,73700.0,0.002714,-0.004071,-0.069199,0.000000,-0.000000,1.000000,600.000000,0.779727,76950.000000,219356.000000,211131.000000,-0.043478,-0.026420,-0.016021,44693.000000,19560.000000,3010.000000,7350.000000,3100.000000,2480.000000
2024-10-11,73900.0,-0.010825,-0.037212,-0.043978,0.000000,0.000000,1.000000,2550.000000,3.335513,76450.000000,192245.000000,198642.000000,-0.039636,-0.018592,0.004076,44087.000000,19560.000000,3010.000000,7350.000000,3100.000000,2480.000000
2024-10-14,73100.0,0.004104,-0.061560,-0.008892,0.000000,-0.000000,1.000000,2500.000000,3.295979,75850.000000,179620.000000,199837.000000,-0.083386,-0.023380,0.033216,45084.000000,19560.000000,3010.000000,7350.000000,3100.000000,2480.000000
2024-10-15,73400.0,-0.030654,-0.037466,0.004768,0.000000,0.000000,1.000000,1900.000000,2.513227,75600.000000,120400.000000,186900.000000,-0.042401,-0.044271,0.030899,45189.000000,19560.000000,3010.000000,7350.000000,3100.000000,2480.000000
2024-10-16,71150.0,-0.035840,0.018271,0.057625,0.000000,-0.000000,1.000000,2950.000000,3.912467,75400.000000,133323.000000,188680.000000,-0.068717,-0.066885,-0.027341,45059.000000,19560.000000,3010.000000,7350.000000,3100.000000,2480.000000
2024-10-17,68600.0,0.029883,0.075073,0.081633,0.000000,-0.000000,1.000000,3650.000000,4.886211,74700.000000,146283.000000,181603.000000,-0.069199,-0.109669,-0.049203,44969.000000,19560.000000,3010.000000,7350.000000,3100.000000,2480.000000
2024-10-18,70650.0,0.025478,0.065110,0.057325,0.000000,0.000000,1.000000,4850.000000,6.585200,73650.000000,190861.000000,160820.000000,-0.043978,-0.081871,-0.099426,44341.000000,19560.000000,3010.000000,7350.000000,3100.000000,2480.000000
2024-10-21,72450.0,0.017943,0.024155,0.057281,0.000000,0.000000,1.000000,-50.000000,-0.068027,73500.000000,205476.000000,194121.000000,-0.008892,-0.091536,-0.058480,43439.000000,19560.000000,3010.000000,7350.000000,3100.000000,2480.000000
2024-10-22,73750.0,0.020339,0.012881,0.015593,0.000000,0.000000,1.000000,600.000000,0.817996,73350.000000,247983.000000,207436.000000,0.004768,-0.037834,-0.049001,43052.000000,19560.000000,3010.000000,7350.000000,3100.000000,2480.000000
2024-10-23,75250.0,-0.013953,0.017940,-0.018605,0.000000,0.000000,1.000000,-1000.000000,-1.357773,73650.000000,284815.000000,216843.000000,0.057625,-0.015052,-0.000664,43499.000000,19560.000000,3010.000000,7350.000000,3100.000000,2480.000000
2024-10-24,74200.0,0.006739,0.009434,0.008760,0.000000,-0.000000,1.000000,-300.000000,-0.409277,73300.000000,243251.000000,221888.000000,0.081633,0.006784,-0.019815,43340.000000,19560.000000,3010.000000,7350.000000,3100.000000,2480.000000
2024-10-25,74700.0,0.025435,-0.011379,0.024096,0.000000,0.000000,1.000000,-1900.000000,-2.592087,73300.000000,239203.000000,231011.000000,0.057325,0.010825,-0.007968,43416.000000,19560.000000,3010.000000,7350.000000,3100.000000,2480.000000
2024-10-28,76600.0,-0.022193,-0.022846,0.008486,0.000000,0.000000,1.000000,-2750.000000,-3.736413,73600.000000,305171.000000,226101.000000,0.057281,0.047880,0.023380,44215.000000,19560.000000,3010.000000,7350.000000,3100.000000,2480.000000
2024-10-29,74900.0,-0.014019,0.021362,0.032710,0.000000,-0.000000,1.000000,-2250.000000,-3.038487,74050.000000,227520.000000,224862.000000,0.015593,0.020436,-0.024740,44345.000000,19560.000000,3010.000000,7350.000000,3100.000000,2480.000000
2024-10-30,73850.0,0.013541,0.046039,0.027759,0.000000,-0.000000,1.000000,-250.000000,-0.338524,73850.000000,228437.000000,223987.000000,-0.018605,0.037948,-0.031475,44405.000000,19560.000000,3010.000000,7350.000000,3100.000000,2480.000000
2024-10-31,74850.0,0.022044,0.033400,0.026720,0.000000,0.000000,1.000000,-450.000000,-0.610583,73700.000000,259776.000000,235041.000000,0.008760,0.091108,-0.028553,44852.000000,19560.000000,3010.000000,7350.000000,3100.000000,2480.000000
2024-11-01,76500.0,0.009804,-0.007843,-0.001307,0.000000,0.000000,1.000000,-1650.000000,-2.234259,73850.000000,405968.000000,232925.000000,0.024096,0.082803,-0.005848,45161.000000,19560.000000,3010.000000,7350.000000,3100.000000,2480.000000
2024-11-04,77250.0,0.001294,-0.005178,0.047896,0.000000,0.000000,1.000000,-2250.000000,-3.016086,74600.000000,245618.000000,235708.000000,0.008486,0.066253,-0.031348,46522.000000,19560.000000,3010.000000,7350.000000,3100.000000,2480.000000
2024-11-05,77350.0,-0.018746,-0.012282,0.049127,1.000000,50.000000,-1.000000,-3150.000000,-4.202802,74950.000000,312156.000000,235236.000000,0.032710,0.048814,0.009132,47861.000000,19560.000000,3010.000000,7350.000000,3100.000000,2480.000000
2024-11-06,75900.0,0.012516,0.066535,0.139657,1.000000,-725.000000,-1.000000,-1850.000000,-2.468312,74950.000000,317572.000000,226178.000000,0.027759,0.008638,-0.006545,47881.000000,19560.000000,3010.000000,7350.000000,3100.000000,2480.000000
2024-11-07,76850.0,-0.005856,0.055953,0.054001,1.000000,475.000000,-1.000000,-1400.000000,-1.867912,74950.000000,195694.000000,231268.000000,0.026720,0.035714,0.042741,48301.000000,19560.000000,3010.000000,7350.000000,3100.000000,2480.000000
2024-11-08,76400.0,0.059555,0.132199,0.024869,1.000000,-225.000000,-1.000000,-2350.000000,-3.116711,75400.000000,312254.000000,229434.000000,-0.001307,0.022758,0.033829,47959.000000,19560.000000,3010.000000,7350.000000,3100.000000,2480.000000
2024-11-11,80950.0,0.002471,0.000618,0.000000,1.000000,2275.000000,-1.000000,-2500.000000,-3.311258,75500.000000,388079.000000,273799.000000,0.047896,0.056789,0.107387,49106.000000,19560.000000,3010.000000,7350.000000,3100.000000,2480.000000
2024-11-12,81150.0,0.065927,-0.035120,0.018484,1.000000,100.000000,-1.000000,-4400.000000,-5.736636,76700.000000,492812.000000,285848.000000,0.049127,0.083445,0.105586,48926.000000,19560.000000,3010.000000,7350.000000,3100.000000,2480.000000
2024-11-13,86500.0,-0.063584,-0.064162,-0.043931,1.000000,2675.000000,-1.000000,-5450.000000,-6.969309,78200.000000,664882.000000,322905.000000,0.139657,0.171293,0.215741,50196.000000,19560.000000,3010.000000,7350.000000,3100.000000,2480.000000
2024-11-14,81000.0,-0.033333,0.020370,0.011728,0.000000,-0.000000,1.000000,-6350.000000,-8.043065,78950.000000,855078.000000,293494.000000,0.054001,0.082164,0.180758,50166.000000,19560.000000,3010.000000,7350.000000,3100.000000,2480.000000
2024-11-15,78300.0,0.033844,0.056194,0.015326,0.000000,-0.000000,1.000000,-1500.000000,-1.905972,78700.000000,545274.000000,276214.000000,0.024869,0.023529,0.108280,49719.000000,19560.000000,3010.000000,7350.000000,3100.000000,2480.000000
2024-11-18,80950.0,0.021001,0.012353,-0.007412,0.000000,0.000000,1.000000,-1050.000000,-1.338432,78450.000000,409956.000000,276906.000000,0.000000,0.047896,0.117322,53115.000000,19560.000000,3010.000000,7350.000000,3100.000000,2480.000000
2024-11-19,82650.0,0.000605,-0.038113,-0.048397,0.000000,0.000000,1.000000,-2250.000000,-2.857143,78750.000000,554888.000000,285988.000000,0.018484,0.068520,0.120678,53335.000000,19560.000000,3010.000000,7350.000000,3100.000000,2480.000000
2024-11-20,82700.0,-0.009069,-0.028416,-0.050786,0.000000,0.000000,1.000000,-3750.000000,-4.743833,79050.000000,527957.000000,284814.000000,-0.043931,0.089592,0.099003,52988.000000,19560.000000,3010.000000,7350.000000,3100.000000,2480.000000
2024-11-21,81950.0,-0.029896,-0.040268,-0.042099,0.000000,-0.000000,1.000000,-3650.000000,-4.596977,79400.000000,429649.000000,277950.000000,0.011728,0.066363,0.104447,53287.000000,19560.000000,3010.000000,7350.000000,3100.000000,2480.000000
2024-11-22,79500.0,0.010692,-0.012579,-0.011950,0.000000,-0.000000,1.000000,-1700.000000,-2.149178,79100.000000,392064.000000,267851.000000,0.015326,0.040576,0.064257,53317.000000,19560.000000,3010.000000,7350.000000,3100.000000,2480.000000
2024-11-25,80350.0,-0.021157,-0.023024,-0.025513,0.000000,0.000000,1.000000,-1750.000000,-2.212389,79100.000000,306997.000000,260097.000000,-0.007412,-0.007412,0.048956,53300.000000,19560.000000,3010.000000,7350.000000,3100.000000,2480.000000
2024-11-26,78650.0,-0.001907,-0.001271,-0.008264,0.000000,-0.000000,1.000000,-1100.000000,-1.394170,78900.000000,328510.000000,255424.000000,-0.048397,-0.030807,0.050067,52556.000000,19560.000000,3010.000000,7350.000000,3100.000000,2480.000000
2024-11-27,78500.0,0.000000,-0.002548,-0.028025,0.000000,-0.000000,1.000000,-100.000000,-0.127226,78600.000000,211268.000000,246898.000000,-0.050786,-0.092486,0.062965,50385.000000,19560.000000,3010.000000,7350.000000,3100.000000,2480.000000
2024-11-28,78500.0,0.000637,-0.006369,-0.025478,0.000000,0.000000,1.000000,500.000000,0.639386,78200.000000,309750.000000,242286.000000,-0.042099,-0.030864,0.048764,49829.000000,19560.000000,3010.000000,7350.000000,3100.000000,2480.000000
2024-11-29,78550.0,-0.003183,-0.028644,-0.024188,0.000000,0.000000,1.000000,-800.000000,-1.023018,78200.000000,280300.000000,240854.000000,-0.011950,0.003193,0.026797,21706.000000,19560.000000,3010.000000,7350.000000,3100.000000,2480.000000
2024-12-02,78300.0,-0.003831,-0.022989,-0.019157,0.000000,-0.000000,1.000000,-500.000000,-0.637755,78400.000000,189618.000000,239434.000000,-0.025513,-0.032736,0.013592,22966.000000,19560.000000,3010.000000,7350.000000,3100.000000,2480.000000
2024-12-03,78000.0,-0.021795,-0.017308,-0.017949,0.000000,-0.000000,1.000000,-350.000000,-0.447284,78250.000000,206936.000000,230115.000000,-0.008264,-0.056261,0.008403,23096.000000,19560.000000,3010.000000,7350.000000,3100.000000,2480.000000
2024-12-04,76300.0,0.002621,0.006553,0.004587,0.000000,-0.000000,1.000000,1000.000000,1.280410,78100.000000,247401.000000,217701.000000,-0.028025,-0.077388,0.005270,27686.000000,19560.000000,3010.000000,7350.000000,3100.000000,2480.000000
2024-12-05,76500.0,0.001961,0.001307,0.007190,0.000000,0.000000,1.000000,950.000000,1.232166,77100.000000,160190.000000,207470.000000,-0.025478,-0.066504,-0.004554,29446.000000,19560.000000,3010.000000,7350.000000,3100.000000,2480.000000
2024-12-06,76650.0,0.001957,0.000000,-0.011089,0.000000,0.000000,1.000000,550.000000,0.715215,76900.000000,179142.000000,197237.000000,-0.024188,-0.035849,0.003272,34694.000000,19560.000000,3010.000000,7350.000000,3100.000000,2480.000000
2024-12-09,76800.0,-0.002604,0.003255,-0.010417,0.000000,0.000000,1.000000,500.000000,0.653595,76500.000000,164371.000000,187549.000000,-0.019157,-0.044182,-0.051266,36941.000000,19560.000000,3010.000000,7350.000000,3100.000000,2480.000000
2024-12-10,76600.0,0.000653,-0.010444,-0.018277,0.000000,-0.000000,1.000000,-850.000000,-1.108937,76650.000000,209280.000000,178957.000000,-0.017949,-0.026065,-0.056069,38784.000000,19560.000000,3010.000000,7350.000000,3100.000000,2480.000000
2024-12-11,76650.0,0.005219,-0.008480,-0.029876,0.000000,0.000000,1.000000,-100.000000,-0.130634,76550.000000,108000.000000,168290.000000,0.004587,-0.023567,-0.113873,39827.000000,19560.000000,3010.000000,7350.000000,3100.000000,2480.000000
2024-12-12,77050.0,-0.016223,-0.024010,-0.040623,1.000000,200.000000,-1.000000,-650.000000,-0.849118,76550.000000,121926.000000,159582.000000,0.007190,-0.018471,-0.048765,41633.000000,19560.000000,3010.000000,7350.000000,3100.000000,2480.000000
2024-12-13,75800.0,0.002639,-0.018997,0.027441,0.000000,-0.000000,1.000000,400.000000,0.523560,76400.000000,112445.000000,147208.000000,-0.011089,-0.035010,-0.031928,42268.000000,19560.000000,3010.000000,7350.000000,3100.000000,2480.000000
2024-12-16,76000.0,-0.010526,-0.027368,0.015526,1.000000,100.000000,-1.000000,850.000000,1.118421,76000.000000,109461.000000,137204.000000,-0.010417,-0.029374,-0.061149,42885.000000,19560.000000,3010.000000,7350.000000,3100.000000,2480.000000
2024-12-17,75200.0,-0.011170,0.035638,0.039894,0.000000,-0.000000,1.000000,750.000000,0.988142,75900.000000,89440.000000,125218.000000,-0.018277,-0.035897,-0.090139,44255.000000,19560.000000,3010.000000,7350.000000,3100.000000,2480.000000
2024-12-18,74360.0,-0.005917,0.037924,0.042227,0.000000,-0.000000,1.000000,870.000000,1.147001,75850.000000,102598.000000,113130.000000,-0.029876,-0.025426,-0.100846,46453.000000,19560.000000,3010.000000,7350.000000,3100.000000,2480.000000
2024-12-19,73920.0,0.053571,0.057900,0.048701,0.000000,-0.000000,1.000000,1420.000000,1.880795,75500.000000,76096.000000,101059.000000,-0.040623,-0.033725,-0.097987,46353.000000,19560.000000,3010.000000,7350.000000,3100.000000,2480.000000
2024-12-20,77880.0,-0.008988,-0.004879,-0.017720,0.000000,0.000000,1.000000,-2030.000000,-2.686962,75550.000000,116409.000000,144633.000000,0.027441,0.016047,-0.020377,47721.000000,19560.000000,3010.000000,7350.000000,3100.000000,2480.000000
2024-12-23,77180.0,0.013216,0.004405,0.014771,0.000000,-0.000000,1.000000,-1870.000000,-2.475182,75550.000000,106661.000000,151398.000000,0.015526,0.004948,-0.039452,48341.000000,19560.000000,3010.000000,7350.000000,3100.000000,2480.000000
2024-12-24,78200.0,-0.008951,-0.021739,-0.014066,0.000000,0.000000,1.000000,-2240.000000,-2.962963,75600.000000,112681.000000,160753.000000,0.039894,0.020888,-0.005722,49609.000000,19560.000000,3010.000000,7350.000000,3100.000000,2480.000000
2024-12-25,77500.0,0.000258,0.010581,0.003871,0.000000,-0.000000,1.000000,-1740.000000,-2.301587,75600.000000,118205.000000,163546.000000,0.042227,0.011089,-0.012739,50425.000000,19560.000000,3010.000000,7350.000000,3100.000000,2480.000000
2024-12-26,77520.0,-0.013158,-0.005418,-0.014706,0.000000,0.000000,1.000000,-2040.000000,-2.698413,75600.000000,92560.000000,163310.000000,0.048701,0.006100,-0.012484,51565.000000,19560.000000,3010.000000,7350.000000,3100.000000,2480.000000
2024-12-27,76500.0,0.023791,0.016993,0.015163,0.000000,-0.000000,1.000000,-1950.000000,-2.581072,75550.000000,122618.000000,171752.000000,-0.017720,0.009235,-0.026098,52086.000000,19560.000000,3010.000000,7350.000000,3100.000000,2480.000000
2024-12-30,78320.0,-0.015577,-0.024770,0.006384,0.000000,0.000000,1.000000,-1310.000000,-1.745503,75050.000000,264996.000000,181438.000000,0.014771,0.030526,0.000255,52406.000000,19560.000000,3010.000000,7350.000000,3100.000000,2480.000000
2024-12-31,77100.0,0.009079,0.007263,0.001038,0.000000,-0.000000,1.000000,1410.000000,1.878747,75050.000000,161748.000000,183715.000000,-0.014066,0.025266,-0.011538,53356.000000,19560.000000,3010.000000,7350.000000,3100.000000,2480.000000
2025-01-02,77800.0,-0.018252,0.013111,0.005656,0.000000,0.000000,1.000000,-2640.000000,-3.515313,75100.000000,163323.000000,183460.000000,0.003871,0.046261,0.019659,54286.000000,19560.000000,3010.000000,7350.000000,3100.000000,2480.000000
2025-01-03,76380.0,0.016758,0.010474,0.020162,0.000000,-0.000000,1.000000,-1280.000000,-1.708945,74900.000000,188527.000000,188017.000000,-0.014706,0.033279,-0.001569,54366.000000,19560.000000,3010.000000,7350.000000,3100.000000,2480.000000
2025-01-06,77660.0,0.014937,0.007468,0.014164,0.000000,0.000000,1.000000,-2800.000000,-3.703704,75600.000000,298136.000000,183347.000000,0.015163,-0.002825,0.013177,54364.000000,19560.000000,3010.000000,7350.000000,3100.000000,2480.000000
2025-01-07,78820.0,-0.020807,-0.011418,0.003552,0.000000,0.000000,1.000000,-2090.000000,-2.770046,75450.000000,262723.000000,204995.000000,0.006384,0.021249,0.026302,53793.000000,19560.000000,3010.000000,7350.000000,3100.000000,2480.000000
2025-01-08,77180.0,0.013734,0.020472,0.039907,0.000000,-0.000000,1.000000,-3060.000000,-4.052980,75500.000000,202254.000000,195768.000000,0.001038,-0.013043,0.007572,52772.000000,19560.000000,3010.000000,7350.000000,3100.000000,2480.000000
2025-01-09,78240.0,-0.004090,0.010992,0.020706,0.000000,0.000000,1.000000,-2300.000000,-3.046358,75500.000000,162495.000000,198644.000000,0.005656,0.009548,0.020744,52873.000000,19560.000000,3010.000000,7350.000000,3100.000000,2480.000000
2025-01-10,77920.0,0.010780,0.030031,0.036191,0.000000,-0.000000,1.000000,-1880.000000,-2.483487,75700.000000,148488.000000,197891.000000,0.020162,0.005160,0.011291,51663.000000,19560.000000,3010.000000,7350.000000,3100.000000,2480.000000
2025-01-13,78760.0,0.004317,0.013966,0.024886,0.000000,0.000000,1.000000,-2690.000000,-3.541804,75950.000000,201942.000000,201358.000000,0.014164,0.029542,0.039050,52126.000000,19560.000000,3010.000000,7350.000000,3100.000000,2480.000000
2025-01-14,79100.0,0.014665,0.020733,-0.007332,0.000000,0.000000,1.000000,-2750.000000,-3.601834,76350.000000,204887.000000,219211.000000,0.003552,0.009959,0.040789,52660.000000,19560.000000,3010.000000,7350.000000,3100.000000,2480.000000
2025-01-15,80260.0,-0.004984,0.005731,-0.013207,0.000000,0.000000,1.000000,-3890.000000,-5.048670,77050.000000,320628.000000,243381.000000,0.039907,0.040986,0.067287,52660.000000,19560.000000,3010.000000,7350.000000,3100.000000,2480.000000
2025-01-16,79860.0,0.011019,-0.016779,-0.003506,0.000000,-0.000000,1.000000,-2050.000000,-2.650291,77350.000000,174290.000000,237300.000000,0.020706,0.026478,0.073964,51198.000000,19560.000000,3010.000000,7350.000000,3100.000000,2480.000000
2025-01-17,80740.0,-0.000248,-0.019074,-0.014367,0.000000,0.000000,1.000000,-2990.000000,-3.840719,77850.000000,235115.000000,244609.000000,0.036191,0.057083,0.092262,51348.000000,19560.000000,3010.000000,7350.000000,3100.000000,2480.000000
2025-01-20,80720.0,-0.027255,-0.014123,-0.013627,0.000000,-0.000000,1.000000,-1950.000000,-2.504817,77850.000000,244998.000000,248620.000000,0.024886,0.039403,0.036466,51128.000000,19560.000000,3010.000000,7350.000000,3100.000000,2480.000000
2025-01-21,78520.0,0.008660,0.013500,-0.005094,0.000000,-0.000000,1.000000,-2400.000000,-3.080873,77900.000000,312684.000000,241515.000000,-0.007332,-0.003806,0.017362,49951.000000,19560.000000,3010.000000,7350.000000,3100.000000,2480.000000
2025-01-22,79200.0,0.004798,0.005303,-0.021465,0.000000,0.000000,1.000000,-1250.000000,-1.605652,77850.000000,134231.000000,234572.000000,-0.013207,0.026173,0.012788,47966.000000,19560.000000,3010.000000,7350.000000,3100.000000,2480.000000
2025-01-23,79580.0,0.000000,-0.018346,-0.022367,0.000000,0.000000,1.000000,-1700.000000,-2.182285,77900.000000,126404.000000,231918.000000,-0.003506,0.017127,0.026839,47401.000000,19560.000000,3010.000000,7350.000000,3100.000000,2480.000000
2025-01-24,79580.0,0.000503,-0.026137,-0.012315,0.000000,0.000000,1.000000,-1640.000000,-2.105263,77900.000000,104125.000000,224092.000000,-0.014367,0.021304,0.026574,47641.000000,19560.000000,3010.000000,7350.000000,3100.000000,2480.000000
2025-01-27,79620.0,-0.018839,-0.022859,-0.029138,0.000000,0.000000,1.000000,-1040.000000,-1.336761,77800.000000,135203.000000,222388.000000,-0.013627,0.010919,0.040784,48641.000000,19560.000000,3010.000000,7350.000000,3100.000000,2480.000000
2025-02-05,78120.0,-0.007937,0.006144,-0.007937,0.000000,-0.000000,1.000000,-590.000000,-0.759820,77650.000000,150292.000000,232614.000000,-0.005094,-0.012389,-0.002554,48652.000000,19560.000000,3010.000000,7350.000000,3100.000000,2480.000000
2025-02-06,77500.0,0.003871,-0.002581,-0.002581,0.000000,-0.000000,1.000000,-140.000000,-0.181113,77300.000000,159155.000000,245868.000000,-0.021465,-0.034388,0.005188,48382.000000,19560.000000,3010.000000,7350.000000,3100.000000,2480.000000
2025-02-07,77800.0,0.010283,-0.003856,-0.013111,0.000000,0.000000,1.000000,-760.000000,-0.983182,77300.000000,154686.000000,237903.000000,-0.022367,-0.025795,0.000000,48387.000000,19560.000000,3010.000000,7350.000000,3100.000000,2480.000000
2025-02-10,78600.0,-0.016539,-0.016539,-0.018321,0.000000,0.000000,1.000000,-750.000000,-0.972132,77150.000000,199973.000000,238359.000000,-0.012315,-0.026505,0.029065,47507.000000,19560.000000,3010.000000,7350.000000,3100.000000,2480.000000
2025-02-11,77300.0,0.002587,-0.006727,-0.003105,0.000000,-0.000000,1.000000,-790.000000,-1.030659,76650.000000,165731.000000,243842.000000,-0.029138,-0.042369,-0.004636,47495.000000,19560.000000,3010.000000,7350.000000,3100.000000,2480.000000
2025-02-12,77500.0,-0.002581,-0.004387,-0.002581,0.000000,0.000000,1.000000,-930.000000,-1.214892,76550.000000,121343.000000,246602.000000,-0.007937,-0.012990,-0.016747,46762.000000,19560.000000,3010.000000,7350.000000,3100.000000,2480.000000
2025-02-13,77300.0,-0.006727,-0.003105,-0.001552,0.000000,-0.000000,1.000000,-910.000000,-1.190320,76450.000000,134408.000000,248595.000000,-0.002581,-0.023990,0.001555,45753.000000,19560.000000,3010.000000,7350.000000,3100.000000,2480.000000
2025-02-14,76780.0,0.004949,0.006773,-0.002084,0.000000,-0.000000,1.000000,-730.000000,-0.957377,76250.000000,153612.000000,255409.000000,-0.013111,-0.035185,-0.018661,45933.000000,19560.000000,3010.000000,7350.000000,3100.000000,2480.000000
2025-02-17,77160.0,-0.001296,0.000259,-0.005702,0.000000,0.000000,1.000000,-740.000000,-0.972405,76100.000000,120500.000000,248480.000000,-0.018321,-0.030410,-0.009754,45350.000000,19560.000000,3010.000000,7350.000000,3100.000000,2480.000000
2025-02-18,77060.0,0.003114,-0.005710,-0.005450,0.000000,-0.000000,1.000000,-970.000000,-1.273802,76150.000000,93893.000000,247338.000000,-0.003105,-0.032153,-0.021585,45350.000000,19560.000000,3010.000000,7350.000000,3100.000000,2480.000000
2025-02-19,77300.0,-0.001552,-0.007503,-0.016818,0.000000,0.000000,1.000000,-1350.000000,-1.770492,76250.000000,111053.000000,245775.000000,-0.002581,-0.010497,-0.022756,45025.000000,19560.000000,3010.000000,7350.000000,3100.000000,2480.000000
2025-02-20,77180.0,-0.007256,-0.006997,-0.013475,0.000000,-0.000000,1.000000,-1060.000000,-1.390711,76220.000000,110015.000000,243976.000000,-0.001552,-0.004129,-0.038375,44865.000000,19560.000000,3010.000000,7350.000000,3100.000000,2480.000000
2025-02-21,76620.0,0.001305,-0.008092,-0.018533,0.000000,-0.000000,1.000000,-930.000000,-1.221274,76150.000000,134313.000000,256680.000000,-0.002084,-0.015167,-0.040571,44546.000000,19560.000000,3010.000000,7350.000000,3100.000000,2480.000000
2025-02-24,76720.0,-0.001043,-0.007560,-0.017205,0.000000,0.000000,1.000000,-590.000000,-0.777851,75850.000000,101856.000000,258484.000000,-0.005702,-0.023919,-0.049789,44497.000000,19560.000000,3010.000000,7350.000000,3100.000000,2480.000000
2025-02-25,76640.0,-0.008351,-0.018789,-0.018006,0.000000,-0.000000,1.000000,-1040.000000,-1.370224,75900.000000,120547.000000,249202.000000,-0.005450,-0.008538,-0.050545,45207.000000,19560.000000,3010.000000,7350.000000,3100.000000,2480.000000
2025-02-26,76000.0,0.001842,-0.007895,-0.008684,0.000000,-0.000000,1.000000,-570.000000,-0.752475,75750.000000,148872.000000,264594.000000,-0.016818,-0.019355,-0.032094,44542.000000,19560.000000,3010.000000,7350.000000,3100.000000,2480.000000
2025-02-27,76140.0,-0.012346,-0.011558,0.008668,0.000000,0.000000,1.000000,-550.000000,-0.729927,75350.000000,114673.000000,261406.000000,-0.013475,-0.015006,-0.038636,46106.000000,19560.000000,3010.000000,7350.000000,3100.000000,2480.000000
2025-02-28,75200.0,0.002660,0.001862,0.012234,0.000000,-0.000000,1.000000,-640.000000,-0.851064,75200.000000,134136.000000,281269.000000,-0.018533,-0.020578,-0.055039,45926.000000,19560.000000,3010.000000,7350.000000,3100.000000,2480.000000
2025-03-03,75400.0,-0.001857,0.018568,0.004775,0.000000,0.000000,1.000000,-560.000000,-0.745672,75100.000000,104059.000000,276007.000000,-0.017205,-0.022810,-0.052526,46147.000000,19560.000000,3010.000000,7350.000000,3100.000000,2480.000000
2025-03-04,75260.0,0.001063,0.011427,0.009301,0.000000,-0.000000,1.000000,-290.000000,-0.386925,74950.000000,91783.000000,273492.000000,-0.018006,-0.023358,-0.054760,46422.000000,19560.000000,3010.000000,7350.000000,3100.000000,2480.000000
2025-03-05,75340.0,0.019379,0.005575,0.003451,0.000000,0.000000,1.000000,-590.000000,-0.788243,74850.000000,107729.000000,267741.000000,-0.008684,-0.025356,-0.035586,46421.000000,19560.000000,3010.000000,7350.000000,3100.000000,2480.000000
2025-03-06,76800.0,-0.008854,-0.010937,-0.019010,0.000000,0.000000,1.000000,-1010.000000,-1.349365,74850.000000,156436.000000,257990.000000,0.008668,-0.004924,-0.009032,44439.000000,19560.000000,3010.000000,7350.000000,3100.000000,2480.000000
2025-03-07,76120.0,-0.004729,-0.006831,-0.007620,0.000000,-0.000000,1.000000,-1770.000000,-2.358428,75050.000000,167557.000000,258267.000000,0.012234,-0.006526,-0.021594,42446.000000,19560.000000,3010.000000,7350.000000,3100.000000,2480.000000
2025-03-10,75760.0,0.002640,-0.005544,0.006336,0.000000,-0.000000,1.000000,-1190.000000,-1.585610,75050.000000,106629.000000,256739.000000,0.004775,-0.012513,-0.036132,38568.000000,19560.000000,3010.000000,7350.000000,3100.000000,2480.000000
2025-03-11,75960.0,-0.004739,-0.005529,-0.007372,0.000000,0.000000,1.000000,-800.000000,-1.068091,74900.000000,88034.000000,256599.000000,0.009301,-0.008873,-0.017335,38022.000000,19560.000000,3010.000000,7350.000000,3100.000000,2480.000000
2025-03-12,75600.0,-0.003439,0.008466,-0.005291,0.000000,-0.000000,1.000000,-880.000000,-1.174900,74900.000000,75956.000000,256166.000000,0.003451,-0.005263,-0.024516,38532.000000,19560.000000,3010.000000,7350.000000,3100.000000,2480.000000
2025-03-13,75340.0,0.002655,0.000796,-0.027608,0.000000,-0.000000,1.000000,-710.000000,-0.949833,74750.000000,71232.000000,258337.000000,-0.019010,-0.010507,-0.025356,36922.000000,19560.000000,3010.000000,7350.000000,3100.000000,2480.000000
2025-03-14,75540.0,0.009267,-0.004501,-0.030447,0.000000,0.000000,1.000000,-910.000000,-1.215765,74850.000000,99360.000000,255256.000000,-0.007620,0.004521,-0.016150,35955.000000,19560.000000,3010.000000,7350.000000,3100.000000,2480.000000
2025-03-17,76240.0,-0.011018,-0.039087,-0.033054,0.000000,0.000000,1.000000,-940.000000,-1.255007,74900.000000,137017.000000,254611.000000,0.006336,0.011141,-0.011923,35882.000000,19560.000000,3010.000000,7350.000000,3100.000000,2480.000000
2025-03-18,75400.0,-0.002653,-0.028647,-0.021220,0.000000,-0.000000,1.000000,-1130.000000,-1.505663,75050.000000,134587.000000,256955.000000,-0.007372,0.001860,-0.021542,35972.000000,19560.000000,3010.000000,7350.000000,3100.000000,2480.000000
2025-03-19,75200.0,-0.025798,-0.019681,-0.009574,0.000000,-0.000000,1.000000,-580.000000,-0.774366,74900.000000,69936.000000,253930.000000,-0.005291,-0.001858,-0.027167,36832.000000,19560.000000,3010.000000,7350.000000,3100.000000,2480.000000
2025-03-20,73260.0,-0.000273,0.007371,0.015288,0.000000,-0.000000,1.000000,570.000000,0.765615,74450.000000,236597.000000,261415.000000,-0.027608,-0.046094,-0.050790,38081.000000,19560.000000,3010.000000,7350.000000,3100.000000,2480.000000
2025-03-21,73240.0,0.006554,0.016931,0.010377,0.000000,-0.000000,1.000000,1080.000000,1.453567,74300.000000,153360.000000,256784.000000,-0.030447,-0.037835,-0.044114,37587.000000,19560.000000,3010.000000,7350.000000,3100.000000,2480.000000
2025-03-24,73720.0,0.001085,0.008953,0.005969,0.000000,0.000000,1.000000,460.000000,0.620783,74100.000000,92617.000000,247653.000000,-0.033054,-0.026927,-0.039103,36763.000000,19560.000000,3010.000000,7350.000000,3100.000000,2480.000000
2025-03-25,73800.0,0.009214,0.002710,0.007588,0.000000,0.000000,1.000000,180.000000,0.242915,74100.000000,101240.000000,237509.000000,-0.021220,-0.028436,-0.037056,36151.000000,19560.000000,3010.000000,7350.000000,3100.000000,2480.000000
2025-03-26,74480.0,-0.001343,-0.004296,-0.015306,0.000000,0.000000,1.000000,180.000000,0.242915,74100.000000,113885.000000,226538.000000,-0.009574,-0.014815,-0.020000,35807.000000,19560.000000,3010.000000,7350.000000,3100.000000,2480.000000
2025-03-27,74380.0,-0.005109,-0.000269,-0.016402,0.000000,-0.000000,1.000000,-400.000000,-0.538358,74300.000000,104899.000000,222920.000000,0.015288,-0.012742,-0.023115,36135.000000,19560.000000,3010.000000,7350.000000,3100.000000,2480.000000
2025-03-28,74000.0,0.002162,-0.008919,-0.039730,0.000000,-0.000000,1.000000,-90.000000,-0.121376,74150.000000,94211.000000,218313.000000,0.010377,-0.020387,-0.015957,35782.000000,19560.000000,3010.000000,7350.000000,3100.000000,2480.000000
2025-03-31,74160.0,0.002697,-0.013484,-0.052319,0.000000,0.000000,1.000000,220.000000,0.297297,74000.000000,83977.000000,210611.000000,0.005969,-0.027282,-0.016446,17755.000000,19560.000000,3010.000000,7350.000000,3100.000000,2480.000000
2025-04-01,74360.0,-0.013717,-0.044379,-0.059978,0.000000,0.000000,1.000000,-360.000000,-0.485830,74100.000000,77235.000000,203726.000000,0.007588,-0.013793,-0.011959,19135.000000,19560.000000,3010.000000,7350.000000,3100.000000,2480.000000
2025-04-02,73340.0,-0.002454,-0.041723,-0.038178,0.000000,-0.000000,1.000000,-260.000000,-0.350877,74100.000000,113158.000000,205165.000000,-0.015306,-0.024734,-0.026546,21768.000000,19560.000000,3010.000000,7350.000000,3100.000000,2480.000000
2025-04-03,73160.0,-0.028704,-0.044560,-0.039639,0.000000,-0.000000,1.000000,760.000000,1.028417,73900.000000,81717.000000,199448.000000,-0.016402,-0.001365,-0.047396,24603.000000,19560.000000,3010.000000,7350.000000,3100.000000,2480.000000
2025-04-07,71060.0,-0.010977,-0.007318,-0.004222,1.000000,-1050.000000,-1.000000,1200.000000,1.652893,72600.000000,154107.000000,179831.000000,-0.039730,-0.029765,-0.066474,27023.000000,19560.000000,3010.000000,7350.000000,3100.000000,2480.000000
2025-04-08,70280.0,-0.005407,-0.000285,0.006261,1.000000,-390.000000,-1.000000,1280.000000,1.767956,72400.000000,150076.000000,174172.000000,-0.052319,-0.046663,-0.072334,28403.000000,19560.000000,3010.000000,7350.000000,3100.000000,2480.000000
2025-04-09,69900.0,0.009156,0.012303,0.006867,1.000000,-190.000000,-1.000000,1940.000000,2.717087,71400.000000,137498.000000,154327.000000,-0.059978,-0.052846,-0.079779,28783.000000,19560.000000,3010.000000,7350.000000,3100.000000,2480.000000
2025-04-10,70540.0,-0.003969,0.002552,-0.001134,1.000000,320.000000,-1.000000,910.000000,1.268293,71750.000000,86863.000000,143347.000000,-0.038178,-0.052900,-0.066931,28843.000000,19560.000000,3010.000000,7350.000000,3100.000000,2480.000000
2025-04-11,70260.0,0.007116,0.001708,-0.001139,1.000000,-140.000000,-1.000000,1600.000000,2.234637,71600.000000,59500.000000,134216.000000,-0.039639,-0.055391,-0.067428,28923.000000,19560.000000,3010.000000,7350.000000,3100.000000,2480.000000
2025-04-14,70760.0,-0.000565,-0.004240,-0.024873,1.000000,250.000000,-1.000000,520.000000,0.726257,71600.000000,76618.000000,118132.000000,-0.004222,-0.043784,-0.063278,29033.000000,19560.000000,3010.000000,7350.000000,3100.000000,2480.000000
2025-04-15,70720.0,-0.004808,-0.007636,-0.040724,1.000000,-20.000000,-1.000000,1030.000000,1.439553,71550.000000,39365.000000,112411.000000,0.006261,-0.046386,-0.072403,29283.000000,19560.000000,3010.000000,7350.000000,3100.000000,2480.000000
2025-04-16,70380.0,0.001137,-0.019608,-0.019892,1.000000,-170.000000,-1.000000,670.000000,0.936408,71550.000000,56725.000000,133972.000000,0.006867,-0.053523,-0.066578,29262.000000,19560.000000,3010.000000,7350.000000,3100.000000,2480.000000
2025-04-17,70460.0,-0.003974,-0.037184,-0.030656,1.000000,40.000000,-1.000000,1110.000000,1.551363,71550.000000,48362.000000,141377.000000,-0.001134,-0.039269,-0.063032,29262.000000,19560.000000,3010.000000,7350.000000,3100.000000,2480.000000
2025-04-18,70180.0,-0.016814,-0.017099,-0.028498,1.000000,-140.000000,-1.000000,1430.000000,2.001400,71450.000000,94760.000000,153049.000000,-0.001139,-0.040733,-0.042042,29562.000000,19560.000000,3010.000000,7350.000000,3100.000000,2480.000000
2025-04-21,69000.0,-0.016812,-0.010145,-0.029565,1.000000,-590.000000,-1.000000,1870.000000,2.639379,70850.000000,196466.000000,181414.000000,-0.024873,-0.028990,-0.057892,30445.000000,19560.000000,3010.000000,7350.000000,3100.000000,2480.000000
2025-04-22,67840.0,0.016804,0.005012,-0.023290,1.000000,-580.000000,-1.000000,1880.000000,2.670455,70400.000000,155736.000000,205447.000000,-0.040724,-0.034718,-0.079761,31385.000000,19560.000000,3010.000000,7350.000000,3100.000000,2480.000000
2025-04-23,68980.0,-0.009858,-0.029284,-0.043781,1.000000,570.000000,-1.000000,2030.000000,2.902073,69950.000000,216166.000000,206388.000000,-0.019892,-0.013162,-0.065312,31735.000000,19560.000000,3010.000000,7350.000000,3100.000000,2480.000000
2025-04-24,68300.0,-0.001757,-0.029868,-0.044510,1.000000,-340.000000,-1.000000,1520.000000,2.174535,69900.000000,104384.000000,212456.000000,-0.030656,-0.031755,-0.082975,31555.000000,19560.000000,3010.000000,7350.000000,3100.000000,2480.000000
2025-04-25,68180.0,-0.017894,-0.032561,-0.058962,1.000000,-60.000000,-1.000000,1360.000000,1.948424,69800.000000,108177.000000,217370.000000,-0.028498,-0.029604,-0.083356,31795.000000,19560.000000,3010.000000,7350.000000,3100.000000,2480.000000
2025-04-28,66960.0,-0.010454,-0.025388,-0.040024,1.000000,-610.000000,-1.000000,1490.000000,2.164125,68850.000000,145735.000000,246197.000000,-0.029565,-0.053703,-0.095135,32847.000000,19560.000000,3010.000000,7350.000000,3100.000000,2480.000000
2025-04-29,66260.0,-0.004528,-0.031693,-0.048898,1.000000,-350.000000,-1.000000,1510.000000,2.212454,68250.000000,128061.000000,249047.000000,-0.023290,-0.063066,-0.106526,33477.000000,19560.000000,3010.000000,7350.000000,3100.000000,2480.000000
2025-04-30,65960.0,-0.010612,-0.025470,-0.029109,1.000000,-150.000000,-1.000000,1510.000000,2.222222,67950.000000,114538.000000,244729.000000,-0.043781,-0.062802,-0.112964,33477.000000,19560.000000,3010.000000,7350.000000,3100.000000,2480.000000
2025-05-06,65260.0,-0.016856,-0.034324,-0.031260,1.000000,-350.000000,-1.000000,1720.000000,2.563338,67100.000000,103979.000000,256291.000000,-0.044510,-0.073801,-0.110172,35236.000000,19560.000000,3010.000000,7350.000000,3100.000000,2480.000000
2025-05-07,64160.0,0.001870,-0.001870,0.016209,1.000000,-550.000000,-1.000000,2190.000000,3.285821,66650.000000,203814.000000,276900.000000,-0.058962,-0.085779,-0.123018,36244.000000,19560.000000,3010.000000,7350.000000,3100.000000,2480.000000
2025-05-08,64280.0,-0.019602,-0.016490,-0.002489,1.000000,60.000000,-1.000000,1870.000000,2.865900,65250.000000,309284.000000,267396.000000,-0.040024,-0.068406,-0.095412,36241.000000,19560.000000,3010.000000,7350.000000,3100.000000,2480.000000
2025-05-09,63020.0,0.016185,0.034592,-0.019359,1.000000,-630.000000,-1.000000,1110.000000,1.701149,65250.000000,289402.000000,290303.000000,-0.048898,-0.071050,-0.103301,36351.000000,19560.000000,3010.000000,7350.000000,3100.000000,2480.000000
2025-05-12,64040.0,-0.012804,0.001249,-0.044660,0.000000,0.000000,1.000000,800.000000,1.238390,64600.000000,313934.000000,284331.000000,-0.029109,-0.071615,-0.083834,36194.000000,19560.000000,3010.000000,7350.000000,3100.000000,2480.000000
2025-05-13,63220.0,0.031319,-0.022461,-0.037330,0.000000,-0.000000,1.000000,1260.000000,1.950464,64600.000000,217033.000000,294226.000000,-0.031260,-0.074378,-0.103771,36444.000000,19560.000000,3010.000000,7350.000000,3100.000000,2480.000000
2025-05-14,65200.0,-0.016564,-0.061656,-0.062883,0.000000,0.000000,1.000000,120.000000,0.185471,64700.000000,377525.000000,276956.000000,0.016209,-0.043708,-0.072018,36716.000000,19560.000000,3010.000000,7350.000000,3100.000000,2480.000000
2025-05-15,64120.0,-0.036182,-0.050842,-0.030880,0.000000,-0.000000,1.000000,-160.000000,-0.246914,64800.000000,230077.000000,289360.000000,-0.002489,-0.042413,-0.093838,36664.000000,19560.000000,3010.000000,7350.000000,3100.000000,2480.000000
2025-05-16,61800.0,-0.010032,-0.011327,-0.013592,0.000000,-0.000000,1.000000,1620.000000,2.511628,64500.000000,305596.000000,328741.000000,-0.019359,-0.067311,-0.126131,36624.000000,19560.000000,3010.000000,7350.000000,3100.000000,2480.000000
2025-05-19,61180.0,-0.005230,0.015691,-0.017653,0.000000,-0.000000,1.000000,2220.000000,3.485086,63700.000000,224064.000000,335807.000000,-0.044660,-0.072468,-0.130719,36684.000000,19560.000000,3010.000000,7350.000000,3100.000000,2480.000000
2025-05-20,60860.0,0.003943,0.001643,0.000986,0.000000,-0.000000,1.000000,2070.000000,3.272727,63250.000000,242276.000000,339673.000000,-0.037330,-0.067423,-0.136248,36545.000000,19560.000000,3010.000000,7350.000000,3100.000000,2480.000000
2025-05-21,61100.0,0.017021,-0.016367,-0.011784,0.000000,0.000000,1.000000,1670.000000,2.648691,63050.000000,270174.000000,329205.000000,-0.062883,-0.047693,-0.129382,36393.000000,19560.000000,3010.000000,7350.000000,3100.000000,2480.000000
2025-05-22,62140.0,-0.018989,-0.019633,-0.052784,0.000000,0.000000,1.000000,1450.000000,2.299762,63050.000000,427180.000000,312662.000000,-0.030880,-0.033292,-0.099420,35863.000000,19560.000000,3010.000000,7350.000000,3100.000000,2480.000000
2025-05-23,60960.0,-0.014108,-0.009514,-0.019029,0.000000,-0.000000,1.000000,1050.000000,1.665345,63050.000000,294570.000000,318506.000000,-0.013592,-0.032688,-0.101415,35773.000000,19560.000000,3010.000000,7350.000000,3100.000000,2480.000000
2025-05-26,60100.0,0.013644,-0.020632,-0.002662,0.000000,-0.000000,1.000000,2100.000000,3.360000,62500.000000,261982.000000,326472.000000,-0.017653,-0.061524,-0.128733,34979.000000,19560.000000,3010.000000,7350.000000,3100.000000,2480.000000
2025-05-27,60920.0,-0.008864,-0.018385,0.002626,0.000000,0.000000,1.000000,1220.000000,1.967742,62000.000000,392469.000000,293695.000000,0.000986,-0.036381,-0.108053,34154.000000,19560.000000,3010.000000,7350.000000,3100.000000,2480.000000
2025-05-28,60380.0,-0.025174,-0.007287,-0.004637,0.000000,-0.000000,1.000000,1380.000000,2.243902,61500.000000,388140.000000,283607.000000,-0.011784,-0.073926,-0.114403,33854.000000,19560.000000,3010.000000,7350.000000,3100.000000,2480.000000
2025-05-29,58860.0,0.015970,0.037717,0.026843,0.000000,-0.000000,1.000000,2040.000000,3.349754,60900.000000,386145.000000,287506.000000,-0.052784,-0.082034,-0.120968,33884.000000,19560.000000,3010.000000,7350.000000,3100.000000,2480.000000
2025-05-30,59800.0,0.002341,0.005017,0.015050,0.000000,0.000000,1.000000,1060.000000,1.746293,60700.000000,429284.000000,261009.000000,-0.019029,-0.032362,-0.097495,33457.000000,19560.000000,3010.000000,7350.000000,3100.000000,2480.000000
2025-06-03,59940.0,0.019019,0.008342,0.013680,0.000000,0.000000,1.000000,880.000000,1.459370,60300.000000,305161.000000,259658.000000,-0.002662,-0.020268,-0.091267,33397.000000,19560.000000,3010.000000,7350.000000,3100.000000,2480.000000
2025-06-04,61080.0,-0.016045,-0.006221,0.010806,0.000000,0.000000,1.000000,430.000000,0.713693,60250.000000,413239.000000,245650.000000,0.002626,0.003615,-0.064051,33461.000000,19560.000000,3010.000000,7350.000000,3100.000000,2480.000000
2025-06-05,60100.0,0.005657,0.010982,0.006323,0.000000,-0.000000,1.000000,-140.000000,-0.232558,60200.000000,244592.000000,231588.000000,-0.004637,-0.016367,-0.063279,33321.000000,19560.000000,3010.000000,7350.000000,3100.000000,2480.000000
2025-06-06,60440.0,0.004302,0.021509,-0.010589,0.000000,0.000000,1.000000,-700.000000,-1.162791,60200.000000,256782.000000,218416.000000,0.026843,-0.027358,-0.059739,33309.000000,19560.000000,3010.000000,7350.000000,3100.000000,2480.000000
2025-06-09,60700.0,0.000988,-0.003624,-0.015157,0.000000,0.000000,1.000000,-430.000000,-0.713693,60250.000000,165113.000000,212689.000000,0.015050,-0.004265,-0.036814,33119.000000,19560.000000,3010.000000,7350.000000,3100.000000,2480.000000
2025-06-10,60760.0,0.016129,-0.015800,-0.014812,0.000000,0.000000,1.000000,-550.000000,-0.911350,60350.000000,204780.000000,194731.000000,0.013680,0.010982,-0.051218,32947.000000,19560.000000,3010.000000,7350.000000,3100.000000,2480.000000
2025-06-11,61740.0,-0.020408,-0.031746,-0.030126,0.000000,0.000000,1.000000,-400.000000,-0.661157,60500.000000,168732.000000,216554.000000,0.010806,0.013460,-0.023410,32837.000000,19560.000000,3010.000000,7350.000000,3100.000000,2480.000000
2025-06-12,60480.0,-0.011243,-0.010251,-0.006944,0.000000,-0.000000,1.000000,-310.000000,-0.511129,60650.000000,154540.000000,238580.000000,0.006323,0.001656,-0.072393,32383.000000,19560.000000,3010.000000,7350.000000,3100.000000,2480.000000
2025-06-13,59800.0,-0.000334,0.001338,-0.015050,1.000000,-340.000000,-1.000000,110.000000,0.181369,60650.000000,177158.000000,266931.000000,-0.010589,0.015970,-0.067374,32118.000000,19560.000000,3010.000000,7350.000000,3100.000000,2480.000000
2025-06-16,59780.0,0.001338,0.004684,-0.011040,0.000000,-0.000000,1.000000,1180.000000,1.950413,60500.000000,218180.000000,300422.000000,-0.015157,-0.000334,-0.032686,32043.000000,19560.000000,3010.000000,7350.000000,3100.000000,2480.000000
2025-06-17,59860.0,0.000334,-0.016037,0.014033,0.000000,0.000000,1.000000,770.000000,1.273780,60450.000000,181606.000000,307335.000000,-0.014812,-0.001335,-0.021576,31713.000000,19560.000000,3010.000000,7350.000000,3100.000000,2480.000000
2025-06-18,59880.0,0.003006,-0.012692,0.016700,0.000000,0.000000,1.000000,330.000000,0.545906,60450.000000,181046.000000,306885.000000,-0.030126,-0.019646,-0.016103,29967.000000,19560.000000,3010.000000,7350.000000,3100.000000,2480.000000
2025-06-19,60060.0,-0.019314,0.010656,0.023976,0.000000,0.000000,1.000000,310.000000,0.512821,60450.000000,167377.000000,307261.000000,-0.006944,-0.000666,-0.017021,29957.000000,19560.000000,3010.000000,7350.000000,3100.000000,2480.000000
2025-06-20,58900.0,0.003735,0.033616,0.074703,0.000000,-0.000000,1.000000,400.000000,0.662252,60400.000000,330320.000000,354347.000000,-0.015050,-0.025480,-0.052140,27793.000000,19560.000000,3010.000000,7350.000000,3100.000000,2480.000000
2025-06-23,59120.0,0.026725,0.040257,0.053112,0.000000,0.000000,1.000000,1170.000000,1.951626,59950.000000,259487.000000,356954.000000,-0.011040,-0.026030,-0.030184,26779.000000,19560.000000,3010.000000,7350.000000,3100.000000,2480.000000
2025-06-24,60700.0,0.002965,0.042834,0.034267,0.000000,0.000000,1.000000,640.000000,1.068447,59900.000000,681747.000000,343564.000000,0.014033,-0.000987,0.009983,22375.000000,19560.000000,3010.000000,7350.000000,3100.000000,2480.000000
2025-06-25,60880.0,0.010184,0.022668,0.050591,0.000000,0.000000,1.000000,-420.000000,-0.697674,60200.000000,366743.000000,350406.000000,0.016700,-0.013929,-0.000657,22370.000000,19560.000000,3010.000000,7350.000000,3100.000000,2480.000000
2025-06-26,61500.0,0.029268,0.020813,0.041951,0.000000,0.000000,1.000000,-640.000000,-1.056106,60600.000000,386982.000000,345216.000000,0.023976,0.016865,0.018549,22590.000000,19560.000000,3010.000000,7350.000000,3100.000000,2480.000000
2025-06-27,63300.0,-0.016430,0.010427,-0.000316,0.000000,0.000000,1.000000,-1590.000000,-2.600163,61150.000000,615010.000000,341448.000000,0.074703,0.058528,0.075433,21998.000000,19560.000000,3010.000000,7350.000000,3100.000000,2480.000000
2025-06-30,62260.0,0.008352,0.029232,0.022486,0.000000,-0.000000,1.000000,-1140.000000,-1.859706,61300.000000,389727.000000,330824.000000,0.053112,0.041485,0.041137,22628.000000,19560.000000,3010.000000,7350.000000,3100.000000,2480.000000
2025-07-01,62780.0,0.018796,0.007964,0.017522,0.000000,0.000000,1.000000,-400.000000,-0.652529,61300.000000,398387.000000,326676.000000,0.034267,0.048780,0.047381,22940.000000,19560.000000,3010.000000,7350.000000,3100.000000,2480.000000
2025-07-02,63960.0,0.001876,-0.004690,0.006879,0.000000,0.000000,1.000000,-1170.000000,-1.897810,61650.000000,540435.000000,325574.000000,0.050591,0.068136,0.047151,23180.000000,19560.000000,3010.000000,7350.000000,3100.000000,2480.000000
2025-07-03,64080.0,-0.012484,-0.003121,0.001561,0.000000,0.000000,1.000000,-1480.000000,-2.383253,62100.000000,420967.000000,334057.000000,0.041951,0.066933,0.066223,22880.000000,19560.000000,3010.000000,7350.000000,3100.000000,2480.000000
2025-07-04,63280.0,0.006005,0.017699,0.015803,0.000000,-0.000000,1.000000,-1500.000000,-2.407705,62300.000000,347729.000000,325288.000000,-0.000316,0.074363,0.046989,21036.000000,19560.000000,3010.000000,7350.000000,3100.000000,2480.000000
2025-07-07,63660.0,0.003456,0.008168,0.044298,0.000000,0.000000,1.000000,-1010.000000,-1.614708,62550.000000,213304.000000,322534.000000,0.022486,0.076793,0.048764,15555.000000,19560.000000,3010.000000,7350.000000,3100.000000,2480.000000
2025-07-08,63880.0,0.008140,0.006262,0.043519,0.000000,0.000000,1.000000,-1700.000000,-2.702703,62900.000000,545405.000000,338034.000000,0.017522,0.052389,0.051350,12655.000000,19560.000000,3010.000000,7350.000000,3100.000000,2480.000000
2025-07-09,64400.0,-0.003416,0.032298,0.031366,0.000000,0.000000,1.000000,-1060.000000,-1.674566,63300.000000,350125.000000,326895.000000,0.006879,0.057819,0.043084,13281.000000,19560.000000,3010.000000,7350.000000,3100.000000,2480.000000
2025-07-10,64180.0,0.001558,0.038641,0.058897,1.000000,-110.000000,-1.000000,-830.000000,-1.304006,63650.000000,398022.000000,323683.000000,0.001561,0.043577,0.061177,13191.000000,19560.000000,3010.000000,7350.000000,3100.000000,2480.000000
2025-07-11,64280.0,0.034225,0.033292,0.088363,0.000000,0.000000,1.000000,-550.000000,-0.862745,63750.000000,402816.000000,322860.000000,0.015803,0.015482,0.074916,11603.000000,19560.000000,3010.000000,7350.000000,3100.000000,2480.000000
2025-07-14,66480.0,0.002708,0.022262,0.072202,0.000000,0.000000,1.000000,-2030.000000,-3.139985,64650.000000,1014558.000000,356161.000000,0.044298,0.067780,0.112078,11204.000000,19560.000000,3010.000000,7350.000000,3100.000000,2480.000000
2025-07-15,66660.0,-0.003600,0.049505,0.093309,1.000000,90.000000,-1.000000,-1200.000000,-1.848998,64900.000000,764028.000000,342146.000000,0.043519,0.061803,0.113598,11203.000000,19560.000000,3010.000000,7350.000000,3100.000000,2480.000000
2025-07-16,66420.0,0.023186,0.073171,0.044565,0.000000,-0.000000,1.000000,-1270.000000,-1.955350,64950.000000,478114.000000,340618.000000,0.031366,0.038462,0.109218,10655.000000,19560.000000,3010.000000,7350.000000,3100.000000,2480.000000
2025-07-17,67960.0,0.029429,0.072396,0.128311,0.000000,0.000000,1.000000,-1310.000000,-2.016936,64950.000000,826939.000000,363676.000000,0.058897,0.060549,0.131535,10239.000000,19560.000000,3010.000000,7350.000000,3100.000000,2480.000000
2025-07-18,69960.0,0.018868,-0.008290,0.150943,1.000000,1000.000000,-1.000000,-3090.000000,-4.636159,66650.000000,1206323.000000,377305.000000,0.088363,0.105563,0.187776,10239.000000,19560.000000,3010.000000,7350.000000,3100.000000,2480.000000
2025-07-21,71280.0,0.022447,0.075758,0.025814,1.000000,660.000000,-1.000000,-2960.000000,-4.352941,68000.000000,848150.000000,381185.000000,0.072202,0.119698,0.205683,9969.000000,19560.000000,3010.000000,7350.000000,3100.000000,2480.000000
2025-07-22,72880.0,-0.048024,0.104830,-0.027991,1.000000,800.000000,-1.000000,-2180.000000,-3.154848,69100.000000,1118226.000000,411638.000000,0.093309,0.140889,0.200659,10089.000000,19560.000000,3010.000000,7350.000000,3100.000000,2480.000000
2025-07-23,69380.0,0.105218,0.053906,0.017584,1.000000,-1750.000000,-1.000000,-2470.000000,-3.506033,70450.000000,1334159.000000,362054.000000,0.044565,0.077329,0.139619,10754.000000,19560.000000,3010.000000,7350.000000,3100.000000,2480.000000
2025-07-24,76680.0,0.050078,-0.076161,-0.109546,0.000000,0.000000,1.000000,-690.000000,-0.978030,70550.000000,1770283.000000,436727.000000,0.128311,0.194765,0.246829,11654.000000,19560.000000,3010.000000,7350.000000,3100.000000,2480.000000
2025-07-25,80520.0,-0.091903,-0.123199,-0.144064,1.000000,1920.000000,-1.000000,-7520.000000,-10.315500,72900.000000,1203424.000000,491088.000000,0.150943,0.252645,0.272038,11996.000000,19560.000000,3010.000000,7350.000000,3100.000000,2480.000000
2025-07-28,73120.0,-0.031182,-0.066193,-0.057440,0.000000,-0.000000,1.000000,-3720.000000,-5.033830,73900.000000,1005395.000000,378472.000000,0.025814,0.099880,0.174430,12276.000000,19560.000000,3010.000000,7350.000000,3100.000000,2480.000000
2025-07-29,70840.0,-0.003388,-0.027103,-0.042349,0.000000,-0.000000,1.000000,3370.000000,4.606972,73150.000000,744160.000000,300620.000000,-0.027991,0.062706,0.128385,12276.000000,19560.000000,3010.000000,7350.000000,3100.000000,2480.000000
2025-07-30,70600.0,-0.032861,-0.023796,-0.013881,0.000000,-0.000000,1.000000,30.000000,0.041124,72950.000000,792909.000000,272753.000000,0.017584,0.062933,0.103815,13131.000000,19560.000000,3010.000000,7350.000000,3100.000000,2480.000000
2025-07-31,68280.0,0.009373,-0.006444,0.058875,0.000000,-0.000000,1.000000,4120.000000,5.722222,72000.000000,521849.000000,229368.000000,-0.109546,0.004709,0.065543,5545.000000,19560.000000,3010.000000,7350.000000,3100.000000,2480.000000
2025-08-01,68920.0,0.000000,0.010157,0.116657,0.000000,0.000000,1.000000,2950.000000,4.134548,71350.000000,340670.000000,216103.000000,-0.144064,-0.014866,0.089128,6605.000000,19560.000000,3010.000000,7350.000000,3100.000000,2480.000000
2025-08-04,68920.0,-0.015670,0.049042,0.175276,0.000000,0.000000,1.000000,1910.000000,2.676945,71350.000000,247898.000000,207770.000000,-0.057440,-0.033109,0.082626,12603.000000,19560.000000,3010.000000,7350.000000,3100.000000,2480.000000
2025-08-05,67840.0,0.026238,0.134434,0.216392,0.000000,-0.000000,1.000000,1400.000000,1.966292,71200.000000,437207.000000,232062.000000,-0.042349,-0.069155,0.061991,14443.000000,19560.000000,3010.000000,7350.000000,3100.000000,2480.000000
2025-08-06,69620.0,0.038495,0.163459,0.222350,0.000000,0.000000,1.000000,2450.000000,3.453136,70950.000000,425359.000000,257770.000000,-0.013881,0.003459,0.081056,15023.000000,19560.000000,3010.000000,7350.000000,3100.000000,2480.000000
2025-08-07,72300.0,0.064454,0.141355,0.179806,0.000000,0.000000,1.000000,1200.000000,1.687764,71100.000000,766669.000000,289832.000000,0.058875,-0.057121,0.126519,16443.000000,19560.000000,3010.000000,7350.000000,3100.000000,2480.000000
2025-08-08,76960.0,0.052495,0.105769,0.129158,1.000000,2330.000000,-1.000000,-2060.000000,-2.865090,71900.000000,895609.000000,320706.000000,0.116657,-0.044213,0.197262,18829.000000,19560.000000,3010.000000,7350.000000,3100.000000,2480.000000
2025-08-11,81000.0,0.018765,0.053086,0.101728,1.000000,2020.000000,-1.000000,-6500.000000,-8.724833,74500.000000,38071.000000,317676.000000,0.175276,0.107768,0.218412,19389.000000,19560.000000,3010.000000,7350.000000,3100.000000,2480.000000
2025-08-12,82520.0,0.031265,0.053078,0.060834,1.000000,760.000000,-1.000000,-6860.000000,-8.794871,78000.000000,1417704.000000,356998.000000,0.216392,0.164879,0.237924,20829.000000,19560.000000,3010.000000,7350.000000,3100.000000,2480.000000
2025-08-13,85100.0,0.002350,0.048649,-0.048414,1.000000,1290.000000,-1.000000,-3360.000000,-4.148148,81000.000000,1245424.000000,392675.000000,0.222350,0.205382,0.281241,21679.000000,19560.000000,3010.000000,7350.000000,3100.000000,2480.000000
2025-08-14,85300.0,0.018757,0.026260,-0.029777,1.000000,100.000000,-1.000000,-4100.000000,-5.000000,82000.000000,1060127.000000,389177.000000,0.179806,0.249268,0.255150,21939.000000,19560.000000,3010.000000,7350.000000,3100.000000,2480.000000
2025-08-15,86900.0,0.026928,-0.068124,-0.091369,1.000000,800.000000,-1.000000,-2920.000000,-3.530834,82700.000000,868811.000000,401139.000000,0.129158,0.260882,0.242138,23485.000000,19560.000000,3010.000000,7350.000000,3100.000000,2480.000000
2025-08-18,89240.0,-0.019050,-0.072613,-0.110489,1.000000,1170.000000,-1.000000,-4160.000000,-4.917258,84600.000000,1036328.000000,421106.000000,0.101728,0.294835,0.251964,23555.000000,19560.000000,3010.000000,7350.000000,3100.000000,2480.000000
2025-08-19,87540.0,-0.074937,-0.098012,-0.097327,1.000000,-850.000000,-1.000000,-2220.000000,-2.590432,85700.000000,734929.000000,414097.000000,0.060834,0.290389,0.201153,23615.000000,19560.000000,3010.000000,7350.000000,3100.000000,2480.000000
2025-08-20,80980.0,0.021981,-0.019758,-0.026179,1.000000,-3280.000000,-1.000000,4720.000000,5.507585,85700.000000,838879.000000,395102.000000,-0.048414,0.163171,0.167195,24045.000000,19560.000000,3010.000000,7350.000000,3100.000000,2480.000000
2025-08-21,82760.0,-0.045916,-0.045191,-0.055824,1.000000,890.000000,-1.000000,2740.000000,3.215962,85200.000000,777827.000000,390069.000000,-0.029777,0.144675,0.079291,24320.000000,19560.000000,3010.000000,7350.000000,3100.000000,2480.000000
2025-08-22,78960.0,0.005319,-0.001266,-0.022543,1.000000,-1900.000000,-1.000000,4800.000000,5.721097,83900.000000,932675.000000,362254.000000,-0.091369,0.025988,-0.019374,24990.000000,19560.000000,3010.000000,7350.000000,3100.000000,2480.000000
2025-08-25,79380.0,-0.004535,-0.015621,-0.048123,1.000000,210.000000,-1.000000,3340.000000,4.048485,82500.000000,626916.000000,368667.000000,-0.110489,-0.020000,0.085613,25630.000000,19560.000000,3010.000000,7350.000000,3100.000000,2480.000000
2025-08-26,79020.0,-0.002025,-0.023285,-0.080992,1.000000,-180.000000,-1.000000,2080.000000,2.545900,81700.000000,559599.000000,349496.000000,-0.097327,-0.042414,0.115471,26690.000000,19560.000000,3010.000000,7350.000000,3100.000000,2480.000000
2025-08-27,78860.0,-0.009130,-0.041846,-0.088511,1.000000,-80.000000,-1.000000,1400.000000,1.715686,81600.000000,729645.000000,351322.000000,-0.026179,-0.073325,0.116997,27477.000000,19560.000000,3010.000000,7350.000000,3100.000000,2480.000000
2025-08-28,78140.0,-0.012286,-0.070642,-0.060404,1.000000,-360.000000,-1.000000,3900.000000,4.875000,80000.000000,805585.000000,347063.000000,-0.055824,-0.083939,0.144405,28957.000000,19560.000000,3010.000000,7350.000000,3100.000000,2480.000000
2025-08-29,77180.0,-0.020990,-0.068671,-0.037834,1.000000,-480.000000,-1.000000,1810.000000,2.272442,79650.000000,490058.000000,346605.000000,-0.022543,-0.111853,0.119849,29887.000000,19560.000000,3010.000000,7350.000000,3100.000000,2480.000000
2025-09-01,75560.0,-0.038909,-0.028322,-0.010058,1.000000,-810.000000,-1.000000,2530.000000,3.229100,78350.000000,540295.000000,339133.000000,-0.048123,-0.153294,0.096344,31197.000000,19560.000000,3010.000000,7350.000000,3100.000000,2480.000000
2025-09-02,72620.0,-0.010190,0.022583,0.003856,1.000000,-1470.000000,-1.000000,3040.000000,3.922581,77500.000000,620441.000000,348109.000000,-0.080992,-0.170436,0.070460,32007.000000,19560.000000,3010.000000,7350.000000,3100.000000,2480.000000
2025-09-03,71880.0,0.021425,0.040623,-0.016138,1.000000,-370.000000,-1.000000,3020.000000,3.978920,75900.000000,442800.000000,346048.000000,-0.088511,-0.112373,0.032462,34118.000000,19560.000000,3010.000000,7350.000000,3100.000000,2480.000000
2025-09-04,73420.0,0.011441,-0.007083,-0.032961,1.000000,770.000000,-1.000000,2000.000000,2.666667,75000.000000,712151.000000,353674.000000,-0.060404,-0.112856,0.015491,34948.000000,19560.000000,3010.000000,7350.000000,3100.000000,2480.000000
2025-09-05,74260.0,0.007272,-0.047670,-0.041745,1.000000,420.000000,-1.000000,850.000000,1.137124,74750.000000,802006.000000,364002.000000,-0.037834,-0.059524,-0.035083,36631.000000,19560.000000,3010.000000,7350.000000,3100.000000,2480.000000
2025-09-08,74800.0,-0.025401,-0.050802,-0.028342,1.000000,270.000000,-1.000000,740.000000,0.991957,74600.000000,782387.000000,364137.000000,-0.010058,-0.057697,-0.076543,37451.000000,19560.000000,3010.000000,7350.000000,3100.000000,2480.000000
2025-09-09,72900.0,-0.029904,-0.023868,0.003841,1.000000,-950.000000,-1.000000,-300.000000,-0.402145,74600.000000,591675.000000,351340.000000,0.003856,-0.077449,-0.116578,38101.000000,19560.000000,3010.000000,7350.000000,3100.000000,2480.000000
2025-09-10,70720.0,0.003959,0.027715,0.041290,1.000000,-1090.000000,-1.000000,3330.000000,4.533696,73450.000000,751480.000000,340814.000000,-0.016138,-0.103221,-0.168978,38101.000000,19560.000000,3010.000000,7350.000000,3100.000000,2480.000000
2025-09-11,71000.0,0.002254,0.030704,0.026479,1.000000,140.000000,-1.000000,2130.000000,2.923816,72850.000000,426041.000000,323456.000000,-0.032961,-0.091374,-0.167644,38391.000000,19560.000000,3010.000000,7350.000000,3100.000000,2480.000000
2025-09-12,71160.0,0.021360,0.034851,0.039348,1.000000,80.000000,-1.000000,1350.000000,1.863354,72450.000000,410989.000000,309402.000000,-0.041745,-0.077999,-0.181128,38625.000000,19560.000000,3010.000000,7350.000000,3100.000000,2480.000000
2025-09-15,72680.0,0.006879,0.002752,0.010182,0.000000,0.000000,1.000000,50.000000,0.069013,72450.000000,482790.000000,309446.000000,-0.028342,-0.038115,-0.185567,38963.000000,19560.000000,3010.000000,7350.000000,3100.000000,2480.000000
2025-09-16,73180.0,0.006286,0.010659,0.006559,1.000000,250.000000,-1.000000,-610.000000,-0.837337,72850.000000,500267.000000,300437.000000,0.003841,0.007711,-0.164039,38824.000000,19560.000000,3010.000000,7350.000000,3100.000000,2480.000000
2025-09-17,73640.0,-0.010320,-0.002988,-0.010320,0.000000,0.000000,1.000000,170.000000,0.232399,73150.000000,343863.000000,294624.000000,0.041290,0.024485,-0.090640,39234.000000,19560.000000,3010.000000,7350.000000,3100.000000,2480.000000
2025-09-18,72880.0,0.014819,0.010703,0.015917,1.000000,-380.000000,-1.000000,-150.000000,-0.204221,73450.000000,502269.000000,281411.000000,0.026479,-0.007355,-0.119381,39354.000000,19560.000000,3010.000000,7350.000000,3100.000000,2480.000000
2025-09-19,73960.0,-0.007301,-0.014602,-0.014602,1.000000,540.000000,-1.000000,60.000000,0.081633,73500.000000,370359.000000,281264.000000,0.039348,-0.004040,-0.063323,39484.000000,19560.000000,3010.000000,7350.000000,3100.000000,2480.000000
2025-09-22,73420.0,0.003269,0.008445,0.006810,1.000000,-270.000000,-1.000000,430.000000,0.582261,73850.000000,396645.000000,271624.000000,0.010182,-0.018449,-0.075082,38909.000000,19560.000000,3010.000000,7350.000000,3100.000000,2480.000000
2025-09-23,73660.0,-0.010589,-0.010589,-0.011675,1.000000,120.000000,-1.000000,1310.000000,1.773866,73850.000000,497857.000000,255907.000000,0.006559,0.010425,-0.067831,39449.000000,19560.000000,3010.000000,7350.000000,3100.000000,2480.000000
2025-09-24,72880.0,0.015917,0.014270,0.006312,1.000000,-390.000000,-1.000000,830.000000,1.123900,73850.000000,345221.000000,260654.000000,-0.010320,0.030543,-0.075831,39749.000000,19560.000000,3010.000000,7350.000000,3100.000000,2480.000000
2025-09-25,74040.0,-0.015667,-0.016748,-0.017558,1.000000,580.000000,-1.000000,350.000000,0.474576,73750.000000,342719.000000,261141.000000,0.015917,0.042817,-0.052470,40309.000000,19560.000000,3010.000000,7350.000000,3100.000000,2480.000000
2025-09-26,72880.0,0.014270,0.006312,-0.008233,1.000000,-580.000000,-1.000000,-360.000000,-0.489130,73600.000000,481020.000000,248640.000000,-0.014602,0.024171,-0.055714,40329.000000,19560.000000,3010.000000,7350.000000,3100.000000,2480.000000
2025-09-29,73920.0,-0.015152,-0.015963,-0.016775,1.000000,520.000000,-1.000000,690.000000,0.938137,73550.000000,465591.000000,251749.000000,0.006810,0.017061,-0.021705,41119.000000,19560.000000,3010.000000,7350.000000,3100.000000,2480.000000
2025-09-30,72800.0,0.007418,-0.007143,0.001923,0.000000,-0.000000,1.000000,210.000000,0.285520,73550.000000,317458.000000,231964.000000,-0.011675,-0.005193,0.002479,41709.000000,19560.000000,3010.000000,7350.000000,3100.000000,2480.000000
2025-10-09,73340.0,-0.008181,-0.008999,0.023725,0.000000,0.000000,1.000000,170.000000,0.231135,73550.000000,361093.000000,229022.000000,0.006312,-0.004074,0.020312,42379.000000,19560.000000,3010.000000,7350.000000,3100.000000,2480.000000
2025-10-10,72740.0,-0.006324,0.002750,0.041793,0.000000,-0.000000,1.000000,430.000000,0.584636,73550.000000,294783.000000,221919.000000,-0.017558,-0.001921,-0.009262,42669.000000,19560.000000,3010.000000,7350.000000,3100.000000,2480.000000
2025-10-13,72280.0,0.005534,0.038738,0.050636,0.000000,-0.000000,1.000000,900.000000,1.231190,73100.000000,282178.000000,207463.000000,-0.008233,-0.022715,-0.026663,36718.000000,19560.000000,3010.000000,7350.000000,3100.000000,2480.000000
2025-10-14,72680.0,0.003577,0.042653,0.045405,0.000000,0.000000,1.000000,200.000000,0.273973,73000.000000,270327.000000,192931.000000,-0.016775,-0.010079,-0.028342,35180.000000,19560.000000,3010.000000,7350.000000,3100.000000,2480.000000
2025-10-15,72940.0,0.029339,0.041130,0.057307,0.000000,0.000000,1.000000,-20.000000,-0.027397,73000.000000,99329.000000,212472.000000,0.001923,-0.009775,0.000549,33076.000000,19560.000000,3010.000000,7350.000000,3100.000000,2480.000000
2025-10-16,75080.0,0.009323,0.011987,0.064731,0.000000,0.000000,1.000000,-700.000000,-0.958904,73000.000000,179492.000000,233905.000000,0.023725,0.030187,0.061652,30456.000000,19560.000000,3010.000000,7350.000000,3100.000000,2480.000000
2025-10-17,75780.0,0.002111,0.017683,0.049353,0.000000,0.000000,1.000000,-2090.000000,-2.849352,73350.000000,303602.000000,271858.000000,0.041793,0.023501,0.067324,30686.000000,19560.000000,3010.000000,7350.000000,3100.000000,2480.000000
2025-10-20,75940.0,0.000527,0.052673,0.078483,0.000000,0.000000,1.000000,-1960.000000,-2.648649,74000.000000,188791.000000,293283.000000,0.050636,0.041987,0.067173,30705.000000,19560.000000,3010.000000,7350.000000,3100.000000,2480.000000
2025-10-21,75980.0,0.015004,0.046591,0.074493,0.000000,0.000000,1.000000,-1580.000000,-2.132254,74100.000000,197979.000000,310199.000000,0.045405,0.027868,0.045405,29892.000000,19560.000000,3010.000000,7350.000000,3100.000000,2480.000000
2025-10-22,77120.0,0.036566,0.061981,0.074948,0.000000,0.000000,1.000000,-1950.000000,-2.622730,74350.000000,376449.000000,353231.000000,0.057307,0.059341,0.053840,29019.000000,19560.000000,3010.000000,7350.000000,3100.000000,2480.000000
2025-10-23,79940.0,-0.005254,0.021266,0.043282,0.000000,0.000000,1.000000,-3520.000000,-4.705883,74800.000000,490920.000000,419147.000000,0.064731,0.089992,0.085551,28759.000000,19560.000000,3010.000000,7350.000000,3100.000000,2480.000000
2025-10-24,79520.0,0.029930,0.042505,0.015845,0.000000,-0.000000,1.000000,-4660.000000,-6.180371,75400.000000,613476.000000,431174.000000,0.049353,0.093209,0.091109,28699.000000,19560.000000,3010.000000,7350.000000,3100.000000,2480.000000
2025-10-27,81900.0,-0.003175,0.018315,0.004640,0.000000,0.000000,1.000000,-4870.000000,-6.361855,76550.000000,514455.000000,483478.000000,0.078483,0.133094,0.107355,27739.000000,19560.000000,3010.000000,7350.000000,3100.000000,2480.000000
2025-10-28,81640.0,0.015434,-0.010534,-0.037727,0.000000,-0.000000,1.000000,-4740.000000,-6.038217,78500.000000,729307.000000,488803.000000,0.074493,0.123280,0.111959,27335.000000,19560.000000,3010.000000,7350.000000,3100.000000,2480.000000
2025-10-29,82900.0,0.006031,-0.007479,-0.045356,0.000000,0.000000,1.000000,-2390.000000,-3.019583,79150.000000,659421.000000,506882.000000,0.074948,0.136551,0.125441,27525.000000,19560.000000,3010.000000,7350.000000,3100.000000,2480.000000
2025-10-30,83400.0,-0.031415,-0.058034,-0.034772,0.000000,0.000000,1.000000,-3780.000000,-4.725000,80000.000000,829117.000000,532871.000000,0.043282,0.110815,0.144347,27641.000000,19560.000000,3010.000000,7350.000000,3100.000000,2480.000000
2025-10-31,80780.0,0.018569,-0.020302,0.018817,0.000000,-0.000000,1.000000,-2830.000000,-3.513346,80550.000000,915245.000000,510440.000000,0.015845,0.065980,0.091032,27621.000000,19560.000000,3010.000000,7350.000000,3100.000000,2480.000000
2025-11-03,82280.0,-0.045211,-0.021633,0.060282,0.000000,0.000000,1.000000,-960.000000,-1.185185,81000.000000,586668.000000,525184.000000,0.004640,0.083487,0.128979,27290.000000,19560.000000,3010.000000,7350.000000,3100.000000,2480.000000
2025-11-04,78560.0,0.007383,0.047607,0.101578,0.000000,-0.000000,1.000000,1040.000000,1.285538,80900.000000,975978.000000,457374.000000,-0.037727,0.033956,0.062771,26490.000000,19560.000000,3010.000000,7350.000000,3100.000000,2480.000000
2025-11-05,79140.0,0.017185,0.102350,0.094011,0.000000,0.000000,1.000000,1800.000000,2.236025,80500.000000,515731.000000,453260.000000,-0.045356,0.026193,0.087088,26830.000000,19560.000000,3010.000000,7350.000000,3100.000000,2480.000000
2025-11-06,80500.0,0.022360,0.075031,0.091180,0.000000,0.000000,1.000000,1300.000000,1.616915,80400.000000,582033.000000,471983.000000,-0.034772,0.007005,0.097627,26420.000000,19560.000000,3010.000000,7350.000000,3100.000000,2480.000000
2025-11-07,82300.0,0.060024,0.052005,0.061482,0.000000,0.000000,1.000000,-360.000000,-0.447761,80400.000000,810655.000000,490951.000000,0.018817,0.034960,0.131427,27332.000000,19560.000000,3010.000000,7350.000000,3100.000000,2480.000000
2025-11-10,87240.0,-0.008024,0.006878,0.091243,1.000000,2470.000000,-1.000000,-4210.000000,-5.213622,80750.000000,986569.000000,534483.000000,0.060282,0.065201,0.206973,27491.000000,19560.000000,3010.000000,7350.000000,3100.000000,2480.000000
2025-11-11,86540.0,0.000462,0.009475,0.080656,0.000000,-0.000000,1.000000,-4800.000000,-5.832321,82300.000000,902490.000000,526493.000000,0.101578,0.060020,0.190699,28099.000000,19560.000000,3010.000000,7350.000000,3100.000000,2480.000000
2025-11-12,86580.0,0.014553,0.099561,0.146916,0.000000,0.000000,1.000000,-4400.000000,-5.282113,83300.000000,1145329.000000,528966.000000,0.094011,0.044391,0.187003,28287.000000,19560.000000,3010.000000,7350.000000,3100.000000,2480.000000
2025-11-13,87840.0,-0.005464,0.064663,0.126821,0.000000,0.000000,1.000000,-3370.000000,-3.995258,84350.000000,1106011.000000,536514.000000,0.091180,0.053237,0.169952,27508.000000,19560.000000,3010.000000,7350.000000,3100.000000,2480.000000
2025-11-14,87360.0,0.089744,0.136676,0.041896,0.000000,-0.000000,1.000000,-2210.000000,-2.595420,85150.000000,757432.000000,516778.000000,0.061482,0.081456,0.152811,27170.000000,19560.000000,3010.000000,7350.000000,3100.000000,2480.000000
2025-11-17,95200.0,-0.017647,0.039706,-0.049580,0.000000,0.000000,1.000000,-5390.000000,-6.256529,86150.000000,1366919.000000,562954.000000,0.091243,0.157025,0.253621,26953.000000,19560.000000,3010.000000,7350.000000,3100.000000,2480.000000
2025-11-18,93520.0,0.061805,-0.026732,0.020103,0.000000,-0.000000,1.000000,-7160.000000,-8.192220,87400.000000,1487724.000000,484357.000000,0.080656,0.190428,0.230850,26611.000000,19560.000000,3010.000000,7350.000000,3100.000000,2480.000000
2025-11-19,99300.0,-0.003223,-0.088822,-0.029809,0.000000,0.000000,1.000000,-10880.000000,-12.238470,88900.000000,1767428.000000,503132.000000,0.146916,0.254738,0.287604,26766.000000,19560.000000,3010.000000,7350.000000,3100.000000,2480.000000
2025-11-20,98980.0,-0.080420,-0.036169,-0.031926,0.000000,-0.000000,1.000000,-9200.000000,-10.076671,91300.000000,1595646.000000,479602.000000,0.126821,0.229565,0.238179,26916.000000,19560.000000,3010.000000,7350.000000,3100.000000,2480.000000
2025-11-21,91020.0,-0.005933,0.058449,0.059328,0.000000,-0.000000,1.000000,-2020.000000,-2.188516,92300.000000,1137824.000000,411327.000000,0.041896,0.105954,0.144618,26848.000000,19560.000000,3010.000000,7350.000000,3100.000000,2480.000000
2025-11-24,90480.0,0.054377,0.059019,0.071397,0.000000,-0.000000,1.000000,1690.000000,1.833966,92150.000000,454612.000000,365078.000000,-0.049580,0.037139,0.104762,26510.000000,19560.000000,3010.000000,7350.000000,3100.000000,2480.000000
2025-11-25,95400.0,0.009853,0.010692,0.012159,0.000000,0.000000,1.000000,810.000000,0.879957,92050.000000,511279.000000,343199.000000,0.020103,0.102380,0.168545,26615.000000,19560.000000,3010.000000,7350.000000,3100.000000,2480.000000
2025-11-26,96340.0,-0.005398,0.006228,-0.027818,0.000000,0.000000,1.000000,-5540.000000,-5.969828,92800.000000,810231.000000,478054.000000,-0.029809,0.112728,0.162123,27050.000000,19560.000000,3010.000000,7350.000000,3100.000000,2480.000000
2025-11-27,95820.0,0.006262,0.007723,-0.022125,0.000000,-0.000000,1.000000,-3980.000000,-4.265809,93300.000000,741463.000000,507882.000000,-0.031926,0.090847,0.148921,26781.000000,19560.000000,3010.000000,7350.000000,3100.000000,2480.000000
2025-11-28,96420.0,0.005393,-0.028625,-0.044182,0.000000,0.000000,1.000000,-3610.000000,-3.850667,93750.000000,580962.000000,526998.000000,0.059328,0.103709,0.193612,5441.000000,19560.000000,3010.000000,7350.000000,3100.000000,2480.000000
2025-12-01,96940.0,-0.003920,-0.033423,-0.021663,0.000000,0.000000,1.000000,-2990.000000,-3.169051,94350.000000,535475.000000,543633.000000,0.071397,0.018277,0.178172,8222.000000,19560.000000,3010.000000,7350.000000,3100.000000,2480.000000
2025-12-02,96560.0,-0.030033,-0.045568,-0.038940,0.000000,-0.000000,1.000000,-2240.000000,-2.372881,94400.000000,454290.000000,552239.000000,0.012159,0.032506,0.229124,8992.000000,19560.000000,3010.000000,7350.000000,3100.000000,2480.000000
2025-12-03,93660.0,0.000427,0.012599,0.024770,0.000000,-0.000000,1.000000,-1970.000000,-2.087970,94350.000000,643323.000000,562836.000000,-0.027818,-0.056798,0.183472,9652.000000,19560.000000,3010.000000,7350.000000,3100.000000,2480.000000
2025-12-04,93700.0,-0.016435,-0.009605,0.055283,0.000000,0.000000,1.000000,760.000000,0.808511,94000.000000,663458.000000,560629.000000,-0.022125,-0.053344,0.163975,10422.000000,19560.000000,3010.000000,7350.000000,3100.000000,2480.000000
2025-12-05,92160.0,0.029080,0.041450,0.060330,0.000000,-0.000000,1.000000,-30.000000,-0.032172,93250.000000,461507.000000,560676.000000,-0.044182,0.012525,0.119806,10922.000000,19560.000000,3010.000000,7350.000000,3100.000000,2480.000000
2025-12-08,94840.0,-0.021510,0.042598,0.065584,0.000000,0.000000,1.000000,-610.000000,-0.657682,92750.000000,599367.000000,593129.000000,-0.021663,0.048187,0.087116,13120.000000,19560.000000,3010.000000,7350.000000,3100.000000,2480.000000
2025-12-09,92800.0,0.034267,0.053017,0.084052,0.000000,-0.000000,1.000000,-1910.000000,-2.059299,92750.000000,512215.000000,575421.000000,-0.038940,-0.027254,0.072336,12920.000000,19560.000000,3010.000000,7350.000000,3100.000000,2480.000000
2025-12-10,95980.0,0.030215,0.052928,0.131694,0.000000,0.000000,1.000000,-680.000000,-0.733549,92700.000000,620935.000000,605453.000000,0.024770,-0.003737,0.108570,13680.000000,19560.000000,3010.000000,7350.000000,3100.000000,2480.000000
2025-12-11,98880.0,-0.011731,0.017395,0.073625,0.000000,0.000000,1.000000,-5120.000000,-5.475936,93500.000000,744190.000000,634283.000000,0.055283,0.031935,0.125683,14750.000000,19560.000000,3010.000000,7350.000000,3100.000000,2480.000000
2025-12-12,97720.0,0.034179,0.111543,0.139992,0.000000,-0.000000,1.000000,-5080.000000,-5.375661,94500.000000,757689.000000,636384.000000,0.060330,0.013483,0.118590,15050.000000,19560.000000,3010.000000,7350.000000,3100.000000,2480.000000
2025-12-15,101060.0,-0.004552,0.050465,0.131803,0.000000,0.000000,1.000000,-3190.000000,-3.352601,95150.000000,699601.000000,662185.000000,0.065584,0.042501,0.061555,15260.000000,19560.000000,3010.000000,7350.000000,3100.000000,2480.000000
2025-12-16,100600.0,0.079722,0.107356,0.196421,0.000000,-0.000000,1.000000,-5170.000000,-5.393845,95850.000000,597317.000000,666027.000000,0.084052,0.041839,0.075706,15286.000000,19560.000000,3010.000000,7350.000000,3100.000000,2480.000000
2025-12-17,108620.0,-0.022648,0.053029,0.148223,0.000000,0.000000,1.000000,-11010.000000,-11.344667,97050.000000,1158611.000000,668589.000000,0.131694,0.159727,0.093857,15636.000000,19560.000000,3010.000000,7350.000000,3100.000000,2480.000000
2025-12-18,106160.0,0.049359,0.133760,0.163527,0.000000,-0.000000,1.000000,-10850.000000,-11.122501,97550.000000,1013916.000000,672711.000000,0.073625,0.132978,0.072540,15636.000000,19560.000000,3010.000000,7350.000000,3100.000000,2480.000000
2025-12-19,111400.0,0.026750,0.119569,0.171634,0.000000,0.000000,1.000000,-9370.000000,-9.595494,97650.000000,928963.000000,668829.000000,0.139992,0.208767,0.223907,15511.000000,19560.000000,3010.000000,7350.000000,3100.000000,2480.000000
2025-12-22,114380.0,0.052282,0.079909,0.038818,0.000000,0.000000,1.000000,-15700.000000,-15.858586,99000.000000,1007441.000000,671889.000000,0.131803,0.206031,0.264147,16411.000000,19560.000000,3010.000000,7350.000000,3100.000000,2480.000000
2025-12-23,120360.0,0.036225,0.084413,0.010136,0.000000,0.000000,1.000000,-18060.000000,-18.150753,99500.000000,731003.000000,671573.000000,0.196421,0.296983,0.261635,16651.000000,19560.000000,3010.000000,7350.000000,3100.000000,2480.000000
2025-12-24,124720.0,-0.009622,-0.047306,-0.025176,1.000000,2180.000000,-1.000000,-21900.000000,-21.576355,101500.000000,949006.000000,647366.000000,0.148223,0.299437,0.294582,17101.000000,19560.000000,3010.000000,7350.000000,3100.000000,2480.000000
2025-12-25,123520.0,0.056671,-0.015706,0.052299,1.000000,-600.000000,-1.000000,-16560.000000,-15.786464,104900.000000,924823.000000,607187.000000,0.163527,0.249191,0.289084,17101.000000,19560.000000,3010.000000,7350.000000,3100.000000,2480.000000
2025-12-26,130520.0,-0.089641,-0.068495,0.056850,0.000000,0.000000,1.000000,-16660.000000,-14.888293,111900.000000,428716.000000,577035.000000,0.171634,0.335653,0.353661,17861.000000,19560.000000,3010.000000,7350.000000,3100.000000,2480.000000
2025-12-29,118820.0,0.023228,0.093924,0.197610,0.000000,-0.000000,1.000000,-12460.000000,-10.559322,118000.000000,688764.000000,512345.000000,0.038818,0.175737,0.225707,18191.000000,19560.000000,3010.000000,7350.000000,3100.000000,2480.000000
2025-12-30,121580.0,0.000000,0.134562,0.192630,0.000000,0.000000,1.000000,-1960.000000,-1.661017,118000.000000,459530.000000,511309.000000,0.010136,0.208549,0.259113,19491.000000,19560.000000,3010.000000,7350.000000,3100.000000,2480.000000
2025-12-31,121580.0,0.069090,0.170423,0.179635,0.000000,0.000000,1.000000,-3820.000000,-3.223629,118500.000000,392450.000000,490194.000000,-0.025176,0.119315,0.298100,20281.000000,19560.000000,3010.000000,7350.000000,3100.000000,2480.000000
2026-01-05,129980.0,0.061240,0.115556,0.200646,0.000000,0.000000,1.000000,-4360.000000,-3.648535,119500.000000,343623.000000,515292.000000,0.052299,0.224378,0.387193,20281.000000,19560.000000,3010.000000,7350.000000,3100.000000,2480.000000
2026-01-06,137940.0,0.031608,0.039727,0.210526,0.000000,0.000000,1.000000,-9600.000000,-7.529412,127500.000000,304237.000000,534999.000000,0.056850,0.238241,0.496745,23141.000000,19560.000000,3010.000000,7350.000000,3100.000000,2480.000000
2026-01-07,142300.0,0.018974,0.096697,0.138018,0.000000,0.000000,1.000000,-7500.000000,-5.617978,133500.000000,420407.000000,506520.000000,0.197610,0.244099,0.500422,25180.000000,19560.000000,3010.000000,7350.000000,3100.000000,2480.000000
2026-01-08,145000.0,-0.010897,0.151586,0.125655,1.000000,1350.000000,-1.000000,-9720.000000,-7.018051,138500.000000,654824.000000,514467.000000,0.192630,0.204719,0.562500,25770.000000,19560.000000,3010.000000,7350.000000,3100.000000,2480.000000
2026-01-09,143420.0,0.088133,0.129131,0.019384,1.000000,-790.000000,-1.000000,-5680.000000,-4.057143,140000.000000,469479.000000,510874.000000,0.179635,0.149936,0.494270,25360.000000,19560.000000,3010.000000,7350.000000,3100.000000,2480.000000
2026-01-12,156060.0,0.069973,0.045880,-0.056389,0.000000,0.000000,1.000000,-4060.000000,-2.671053,152000.000000,68491.000000,506702.000000,0.200646,0.263439,0.578277,25970.000000,19560.000000,3010.000000,7350.000000,3100.000000,2480.000000
2026-01-13,166980.0,-0.030183,-0.124446,-0.038807,1.000000,4525.000000,-1.000000,-9420.000000,-5.905956,159500.000000,608177.000000,460281.000000,0.210526,0.279344,0.708760,26898.000000,19560.000000,3010.000000,7350.000000,3100.000000,2480.000000
2026-01-14,161940.0,0.007904,-0.090651,0.029641,1.000000,-2520.000000,-1.000000,-6940.000000,-4.257668,163000.000000,589019.000000,452583.000000,0.138018,0.362902,0.602414,27158.000000,19560.000000,3010.000000,7350.000000,3100.000000,2480.000000
2026-01-15,163220.0,-0.104276,-0.016665,0.034064,1.000000,640.000000,-1.000000,-3980.000000,-2.503145,159000.000000,431256.000000,443942.000000,0.125655,0.342491,0.622465,27205.000000,19560.000000,3010.000000,7350.000000,3100.000000,2480.000000
2026-01-16,146200.0,0.007250,0.140492,0.241587,1.000000,-3875.000000,-1.000000,6820.000000,4.316456,158000.000000,591523.000000,416133.000000,0.019384,0.202500,0.345977,27458.000000,19560.000000,3010.000000,7350.000000,3100.000000,2480.000000
2026-01-19,147260.0,0.089909,0.146136,0.125085,1.000000,530.000000,-1.000000,3100.000000,2.052980,151000.000000,329126.000000,411331.000000,-0.056389,0.132944,0.387151,27698.000000,19560.000000,3010.000000,7350.000000,3100.000000,2480.000000
2026-01-20,160500.0,0.038879,0.130966,0.119003,1.000000,4525.000000,-1.000000,-320.000000,-0.209836,152500.000000,451074.000000,415351.000000,-0.038807,0.163549,0.440754,27681.000000,19560.000000,3010.000000,7350.000000,3100.000000,2480.000000
2026-01-21,166740.0,0.012235,-0.006357,-0.002759,1.000000,3120.000000,-1.000000,-5880.000000,-3.709779,158500.000000,376418.000000,427928.000000,0.029641,0.171750,0.457772,28656.000000,19560.000000,3010.000000,7350.000000,3100.000000,2480.000000
2026-01-22,168780.0,0.075483,0.064107,-0.023462,1.000000,1020.000000,-1.000000,-4780.000000,-2.905775,164500.000000,464397.000000,436686.000000,0.034064,0.164000,0.402293,28886.000000,19560.000000,3010.000000,7350.000000,3100.000000,2480.000000
2026-01-23,181520.0,-0.087263,-0.083958,-0.183561,1.000000,4525.000000,-1.000000,-5520.000000,-3.228070,171000.000000,342805.000000,438728.000000,0.241587,0.265653,0.455420,28156.000000,19560.000000,3010.000000,7350.000000,3100.000000,2480.000000
2026-01-26,165680.0,0.084017,-0.005191,-0.200628,0.000000,-0.000000,1.000000,-4700.000000,-2.589532,181500.000000,575675.000000,416719.000000,0.125085,0.061643,0.341321,28646.000000,19560.000000,3010.000000,7350.000000,3100.000000,2480.000000
2026-01-27,179600.0,-0.074165,-0.174833,-0.175390,0.000000,0.000000,1.000000,1360.000000,0.788406,172500.000000,382313.000000,422433.000000,0.119003,0.075578,0.376034,29166.000000,19560.000000,3010.000000,7350.000000,3100.000000,2480.000000
2026-01-28,166280.0,-0.008780,-0.203512,-0.114626,0.000000,-0.000000,1.000000,5960.000000,3.465116,172000.000000,473223.000000,410985.000000,-0.002759,0.026800,0.399428,29966.000000,19560.000000,3010.000000,7350.000000,3100.000000,2480.000000
2026-01-29,164820.0,-0.100837,-0.101444,-0.194394,0.000000,-0.000000,1.000000,2460.000000,1.464286,168000.000000,521334.000000,402347.000000,-0.023462,0.009803,0.355651,30211.000000,19560.000000,3010.000000,7350.000000,3100.000000,2480.000000
2026-01-30,148200.0,-0.106343,-0.006613,-0.103104,0.000000,-0.000000,1.000000,5580.000000,3.476635,160500.000000,552668.000000,372601.000000,-0.183561,0.013680,0.218950,30631.000000,19560.000000,3010.000000,7350.000000,3100.000000,2480.000000
2026-02-02,132440.0,0.118242,0.002567,0.034431,0.000000,-0.000000,1.000000,7220.000000,4.643087,155500.000000,644314.000000,347698.000000,-0.200628,-0.100638,0.018926,32241.000000,19560.000000,3010.000000,7350.000000,3100.000000,2480.000000
2026-02-03,148100.0,-0.005942,-0.102498,-0.072654,0.000000,0.000000,1.000000,7520.000000,4.899023,153500.000000,619542.000000,355770.000000,-0.175390,-0.077259,0.073655,33084.000000,19560.000000,3010.000000,7350.000000,3100.000000,2480.000000
2026-02-04,147220.0,-0.098085,-0.069420,0.020649,0.000000,-0.000000,1.000000,4100.000000,2.679739,153000.000000,311897.000000,359912.000000,-0.114626,-0.117068,0.034575,34114.000000,19560.000000,3010.000000,7350.000000,3100.000000,2480.000000
2026-02-05,132780.0,0.001054,0.034343,0.125320,0.000000,-0.000000,1.000000,8540.000000,5.930555,144000.000000,531724.000000,329777.000000,-0.194394,-0.213295,-0.084276,33787.000000,19560.000000,3010.000000,7350.000000,3100.000000,2480.000000
2026-02-06,132920.0,0.030695,0.130454,0.148360,0.000000,0.000000,1.000000,720.000000,0.535316,134500.000000,586706.000000,328575.000000,-0.103104,-0.267739,-0.073212,33777.000000,19560.000000,3010.000000,7350.000000,3100.000000,2480.000000
2026-02-09,137000.0,0.002482,0.090657,0.197956,0.000000,0.000000,1.000000,-3000.000000,-2.214022,135500.000000,305321.000000,344071.000000,0.034431,-0.173105,-0.122133,34597.000000,19560.000000,3010.000000,7350.000000,3100.000000,2480.000000
2026-02-10,137340.0,0.094073,0.111402,0.212174,0.000000,0.000000,1.000000,-4000.000000,-2.941176,136000.000000,295231.000000,345989.000000,-0.072654,-0.235301,-0.177506,35537.000000,19560.000000,3010.000000,7350.000000,3100.000000,2480.000000
2026-02-11,150260.0,-0.005590,0.092240,0.155730,0.000000,0.000000,1.000000,-5120.000000,-3.710145,138000.000000,351877.000000,356531.000000,0.020649,-0.096344,-0.072125,35527.000000,19560.000000,3010.000000,7350.000000,3100.000000,2480.000000
2026-02-12,149420.0,0.021550,0.114175,0.178156,0.000000,-0.000000,1.000000,-5480.000000,-3.845614,142500.000000,304798.000000,353975.000000,0.125320,-0.093435,-0.084548,37282.000000,19560.000000,3010.000000,7350.000000,3100.000000,2480.000000
2026-02-13,152640.0,0.075210,0.137710,0.126965,0.000000,0.000000,1.000000,-5130.000000,-3.568696,143750.000000,300191.000000,342226.000000,0.148360,0.029960,0.044049,38759.000000,19560.000000,3010.000000,7350.000000,3100.000000,2480.000000
2026-02-24,164120.0,0.014380,0.072630,-0.080795,0.000000,0.000000,1.000000,-7720.000000,-5.078948,152000.000000,214364.000000,365180.000000,0.197956,0.239203,0.114491,38855.000000,19560.000000,3010.000000,7350.000000,3100.000000,2480.000000
2026-02-25,166480.0,0.043128,0.033277,-0.080610,0.000000,0.000000,1.000000,-7230.000000,-4.469861,161750.000000,322727.000000,377037.000000,0.212174,0.124105,0.037259,38525.000000,19560.000000,3010.000000,7350.000000,3100.000000,2480.000000
2026-02-26,173660.0,0.013705,-0.131291,-0.102499,0.000000,0.000000,1.000000,-3540.000000,-2.046243,173000.000000,402461.000000,375204.000000,0.155730,0.179595,0.041502,38451.000000,19560.000000,3010.000000,7350.000000,3100.000000,2480.000000
2026-02-27,176040.0,-0.022836,-0.130539,-0.112929,0.000000,0.000000,1.000000,-2020.000000,-1.174419,172000.000000,281980.000000,381552.000000,0.178156,0.325802,0.043015,38461.000000,19560.000000,3010.000000,7350.000000,3100.000000,2480.000000
2026-03-02,172020.0,-0.123009,-0.093943,-0.063714,0.000000,-0.000000,1.000000,1440.000000,0.834783,172500.000000,227061.000000,378336.000000,0.126965,0.294162,-0.052336,38196.000000,19560.000000,3010.000000,7350.000000,3100.000000,2480.000000
2026-03-03,150860.0,0.014583,0.035132,0.080472,0.000000,-0.000000,1.000000,9520.000000,5.913043,161000.000000,445115.000000,339604.000000,-0.080795,0.101168,-0.089450,37755.000000,19560.000000,3010.000000,7350.000000,3100.000000,2480.000000
2026-03-04,153060.0,0.018293,0.052267,0.012936,0.000000,0.000000,1.000000,-600.000000,-0.389610,154000.000000,297139.000000,339011.000000,-0.080610,0.114460,-0.147773,37155.000000,19560.000000,3010.000000,7350.000000,3100.000000,2480.000000
2026-03-05,155860.0,0.001925,0.045810,0.007186,1.000000,1400.000000,-1.000000,-520.000000,-0.333333,156000.000000,300505.000000,332374.000000,-0.102499,0.037269,-0.062665,36840.000000,19560.000000,3010.000000,7350.000000,3100.000000,2480.000000
2026-03-06,156160.0,0.031378,-0.007172,-0.026127,1.000000,150.000000,-1.000000,-2750.000000,-1.771337,155250.000000,228224.000000,333903.000000,-0.112929,0.045108,-0.052542,36330.000000,19560.000000,3010.000000,7350.000000,3100.000000,2480.000000
2026-03-09,161060.0,0.012045,-0.025332,-0.008941,1.000000,2450.000000,-1.000000,-2150.000000,-1.389338,154750.000000,402478.000000,330671.000000,-0.063714,0.055162,0.086775,36861.000000,19560.000000,3010.000000,7350.000000,3100.000000,2480.000000
2026-03-10,163000.0,-0.048834,-0.066994,-0.047117,0.500000,-2346.330322,0.000000,-5660.000000,-3.570978,158500.000000,226273.000000,332517.000000,0.080472,-0.006824,0.230746,37019.000000,19560.000000,3010.000000,7350.000000,3100.000000,2480.000000
2026-03-11,155040.0,0.012513,0.029541,-0.031734,0.500000,-3277.035645,0.000000,-980.000000,-0.616352,159000.000000,267346.000000,330436.000000,0.012936,-0.068717,0.046860,36739.000000,19560.000000,3010.000000,7350.000000,3100.000000,2480.000000
2026-03-12,156980.0,-0.031214,-0.010575,-0.091604,0.500000,-1006.028931,0.000000,1620.000000,1.025316,158000.000000,219828.000000,325382.000000,0.007186,-0.096050,0.066295,36455.000000,19560.000000,3010.000000,7350.000000,3100.000000,2480.000000
2026-03-13,152080.0,0.049579,-0.012888,-0.054051,0.500000,-1920.229858,0.000000,-1700.000000,-1.069182,159000.000000,288572.000000,316964.000000,-0.026127,-0.136105,0.145353,36403.000000,19560.000000,3010.000000,7350.000000,3100.000000,2480.000000
2026-03-16,159620.0,-0.026939,-0.106628,-0.066282,0.500000,-211.442276,0.000000,3400.000000,2.172524,156500.000000,231813.000000,310683.000000,-0.008941,-0.072085,0.200873,36393.000000,19560.000000,3010.000000,7350.000000,3100.000000,2480.000000
2026-03-17,155320.0,-0.033479,-0.073783,-0.015323,0.500000,-2384.206055,0.000000,-80.000000,-0.050633,158000.000000,173439.000000,308842.000000,-0.047117,0.029564,0.133723,36465.000000,19560.000000,3010.000000,7350.000000,3100.000000,2480.000000
2026-03-18,150120.0,-0.050093,-0.007194,0.059952,0.500000,-2002.717773,0.000000,4020.000000,2.585209,155500.000000,205889.000000,307422.000000,-0.031734,-0.019208,0.093054,35769.000000,19560.000000,3010.000000,7350.000000,3100.000000,2480.000000
2026-03-19,142600.0,0.008836,0.072511,0.102384,0.500000,-1649.697510,0.000000,4140.000000,2.714754,152500.000000,288571.000000,282745.000000,-0.091604,-0.085076,-0.050978,34740.000000,19560.000000,3010.000000,7350.000000,3100.000000,2480.000000
2026-03-20,143860.0,0.036007,0.106075,0.170861,0.500000,-31.113634,0.000000,940.000000,0.630872,149000.000000,258276.000000,276578.000000,-0.054051,-0.078765,-0.037211,34318.000000,19560.000000,3010.000000,7350.000000,3100.000000,2480.000000
2026-03-23,149040.0,0.026167,0.054750,0.151503,0.500000,-233.560959,0.000000,1220.000000,0.832765,146500.000000,228178.000000,269477.000000,-0.066282,-0.074631,-0.023585,33537.000000,19560.000000,3010.000000,7350.000000,3100.000000,2480.000000
2026-03-24,152940.0,0.040408,0.101347,0.027854,0.500000,-1197.744751,0.000000,-3780.000000,-2.562712,147500.000000,231071.000000,260696.000000,-0.015323,-0.061718,-0.068121,32078.000000,19560.000000,3010.000000,7350.000000,3100.000000,2480.000000
2026-03-25,159120.0,-0.012066,0.078557,-0.003142,0.500000,-922.942200,0.000000,-5480.000000,-3.593443,152500.000000,233304.000000,251957.000000,0.059952,0.026316,-0.044210,31460.000000,19560.000000,3010.000000,7350.000000,3100.000000,2480.000000
2026-03-26,157200.0,0.071501,0.000000,0.012341,0.500000,-2329.445068,0.000000,-5800.000000,-3.706070,156500.000000,260930.000000,246385.000000,0.102384,0.001401,-0.094783,30751.000000,19560.000000,3010.000000,7350.000000,3100.000000,2480.000000
2026-03-27,168440.0,0.018879,-0.058300,-0.062812,1.000000,4525.000000,-1.000000,-3500.000000,-2.215190,158000.000000,324620.000000,247637.000000,0.170861,0.107575,-0.043172,30111.000000,19560.000000,3010.000000,7350.000000,3100.000000,2480.000000
2026-03-30,171620.0,-0.084023,-0.072719,-0.062697,1.000000,1590.000000,-1.000000,-5440.000000,-3.306991,164500.000000,199887.000000,237761.000000,0.151503,0.075179,-0.002325,31064.000000,19560.000000,3010.000000,7350.000000,3100.000000,2480.000000
2026-03-31,157200.0,0.009033,0.004198,0.015394,0.000000,-1139.705566,1.000000,-940.000000,-0.576687,163000.000000,296998.000000,217916.000000,0.027854,0.012104,0.042026,11318.000000,19560.000000,3010.000000,7350.000000,3100.000000,2480.000000
2026-04-01,158620.0,0.003278,0.014122,-0.031900,0.000000,-1986.718872,1.000000,-200.000000,-0.123839,161500.000000,231062.000000,212931.000000,-0.003142,0.056621,0.036326,17658.000000,19560.000000,3010.000000,7350.000000,3100.000000,2480.000000
2026-04-02,159140.0,-0.008043,0.003016,-0.009677,0.000000,-3206.824951,1.000000,-2800.000000,-1.755486,159500.000000,219386.000000,206515.000000,0.012341,0.115989,0.021045,19238.000000,19560.000000,3010.000000,7350.000000,3100.000000,2480.000000
2026-04-03,157860.0,0.019004,-0.027239,0.054732,0.000000,-2793.787842,1.000000,1080.000000,0.681388,158500.000000,66813.000000,218471.000000,-0.062812,0.097317,0.010886,21238.000000,19560.000000,3010.000000,7350.000000,3100.000000,2480.000000
2026-04-07,160860.0,-0.007709,-0.020266,0.037175,0.000000,-3761.828613,1.000000,-1060.000000,-0.666667,159000.000000,99493.000000,233277.000000,-0.062697,0.079308,-0.001242,21508.000000,19560.000000,3010.000000,7350.000000,3100.000000,2480.000000
2026-04-08,159620.0,-0.037965,0.043102,0.056635,0.000000,-3374.522705,1.000000,820.000000,0.517350,158500.000000,122220.000000,241459.000000,0.015394,0.043677,-0.020736,23654.000000,19560.000000,3010.000000,7350.000000,3100.000000,2480.000000
2026-04-09,153560.0,0.026309,0.086481,0.146132,0.000000,-2759.765381,1.000000,-510.000000,-0.327448,155750.000000,155903.000000,252754.000000,-0.031900,-0.034942,-0.009546,24664.000000,19560.000000,3010.000000,7350.000000,3100.000000,2480.000000
2026-04-10,157600.0,0.056472,0.070178,0.126650,0.000000,-3806.219727,1.000000,1890.000000,1.215043,155550.000000,141334.000000,258584.000000,-0.009677,0.002545,0.003950,25453.000000,19560.000000,3010.000000,7350.000000,3100.000000,2480.000000
2026-04-13,166500.0,0.002042,0.057057,0.082282,0.500000,-1051.500732,0.000000,-2360.000000,-1.503185,157000.000000,192774.000000,298143.000000,0.054732,-0.011517,0.094819,26203.000000,19560.000000,3010.000000,7350.000000,3100.000000,2480.000000
2026-04-14,166840.0,0.010909,0.064253,0.044474,0.500000,-2679.944824,0.000000,-5140.000000,-3.182662,161500.000000,166865.000000,324231.000000,0.037175,-0.027852,0.045232,27523.000000,19560.000000,3010.000000,7350.000000,3100.000000,2480.000000
2026-04-15,168660.0,0.043520,0.068422,0.039013,1.000000,910.000000,-1.000000,-2600.000000,-1.566265,166000.000000,215162.000000,348716.000000,0.056635,0.072901,0.085887,28383.000000,19560.000000,3010.000000,7350.000000,3100.000000,2480.000000
2026-04-16,176000.0,0.008864,-0.009886,0.011136,1.000000,3670.000000,-1.000000,-5000.000000,-2.985075,167500.000000,251427.000000,394543.000000,0.146132,0.109570,0.172395,29423.000000,19560.000000,3010.000000,7350.000000,3100.000000,2480.000000
2026-04-17,177560.0,0.014868,-0.013066,0.001915,1.000000,780.000000,-1.000000,-6140.000000,-3.622419,169500.000000,201622.000000,408749.000000,0.126650,0.115747,0.245161,30023.000000,19560.000000,3010.000000,7350.000000,3100.000000,2480.000000
2026-04-20,180200.0,-0.032963,-0.012431,0.001998,1.000000,1320.000000,-1.000000,-6620.000000,-3.837681,172500.000000,208657.000000,435887.000000,0.082282,0.141518,0.252607,30688.000000,19560.000000,3010.000000,7350.000000,3100.000000,2480.000000
2026-04-21,174260.0,0.005624,0.020888,0.025020,1.000000,-2970.000000,-1.000000,-5020.000000,-2.918605,172000.000000,323093.000000,424045.000000,0.044474,0.083302,0.169216,32268.000000,19560.000000,3010.000000,7350.000000,3100.000000,2480.000000
2026-04-22,175240.0,0.015522,0.030358,0.049304,0.500000,-2613.708984,0.000000,-3400.000000,-1.988304,171000.000000,190015.000000,430946.000000,0.039013,0.097857,0.145809,32658.000000,19560.000000,3010.000000,7350.000000,3100.000000,2480.000000
2026-04-23,177960.0,-0.000337,0.003709,0.062486,0.500000,-2254.500488,0.000000,-1800.000000,-1.040462,173000.000000,236073.000000,441139.000000,0.011136,0.158896,0.118401,33359.000000,19560.000000,3010.000000,7350.000000,3100.000000,2480.000000
2026-04-24,177900.0,0.014952,0.033614,0.120854,0.500000,-2910.445557,0.000000,-3800.000000,-2.196532,173000.000000,246726.000000,455510.000000,0.001915,0.128807,0.131679,34298.000000,19560.000000,3010.000000,7350.000000,3100.000000,2480.000000
2026-04-27,180560.0,-0.010744,0.047187,0.102459,0.500000,-2275.201904,0.000000,-5300.000000,-3.011364,176000.000000,238899.000000,466692.000000,0.001998,0.084444,0.071954,35327.000000,19560.000000,3010.000000,7350.000000,3100.000000,2480.000000
2026-04-28,178620.0,0.029448,0.116336,0.100437,0.500000,-3155.853760,0.000000,-1020.000000,-0.584527,174500.000000,263957.000000,453086.000000,0.025020,0.070607,0.040788,36392.000000,19560.000000,3010.000000,7350.000000,3100.000000,2480.000000
2026-04-29,183880.0,0.028279,0.082554,0.114966,0.500000,-2300.942871,0.000000,-3240.000000,-1.856734,174500.000000,238422.000000,479107.000000,0.049304,0.090241,0.169720,36962.000000,19560.000000,3010.000000,7350.000000,3100.000000,2480.000000
2026-04-30,189080.0,0.054580,0.039560,0.085572,1.000000,2600.000000,-1.000000,-8000.000000,-4.519774,177000.000000,264129.000000,489790.000000,0.062486,0.074318,0.192031,38012.000000,19560.000000,3010.000000,7350.000000,3100.000000,2480.000000
2026-05-06,199400.0,-0.001705,0.028185,0.012839,1.000000,4525.000000,-1.000000,-10080.000000,-5.376000,187500.000000,222232.000000,511071.000000,0.120854,0.123001,0.252985,39041.000000,19560.000000,3010.000000,7350.000000,3100.000000,2480.000000
2026-05-07,199060.0,-0.012559,0.031146,-0.036672,1.000000,-170.000000,-1.000000,-4300.000000,-2.257218,190500.000000,274376.000000,517613.000000,0.102459,0.104661,0.260991,42631.000000,19560.000000,3010.000000,7350.000000,3100.000000,2480.000000
2026-05-08,196560.0,0.043040,0.027473,-0.039479,1.000000,-1250.000000,-1.000000,-2560.000000,-1.319588,194000.000000,249199.000000,513252.000000,0.100437,0.127970,0.221932,43930.000000,19560.000000,3010.000000,7350.000000,3100.000000,2480.000000
2026-05-11,205020.0,0.001171,-0.064677,-0.062628,1.000000,4230.000000,-1.000000,-7870.000000,-4.030730,195250.000000,236895.000000,540666.000000,0.114966,0.169938,0.284425,43880.000000,19560.000000,3010.000000,7350.000000,3100.000000,2480.000000
2026-05-12,205260.0,-0.016077,-0.080191,-0.101627,1.000000,120.000000,-1.000000,-4580.000000,-2.290000,200000.000000,194979.000000,537448.000000,0.085572,0.153405,0.336676,45954.000000,19560.000000,3010.000000,7350.000000,3100.000000,2480.000000
2026-05-13,201960.0,-0.050505,-0.048425,-0.093385,1.000000,-1650.000000,-1.000000,-4940.000000,-2.463840,200500.000000,425885.000000,519507.000000,0.012839,0.135245,0.281472,47720.000000,19560.000000,3010.000000,7350.000000,3100.000000,2480.000000
2026-05-14,191760.0,-0.015436,-0.038381,-0.073842,1.000000,-3875.000000,-1.000000,-900.000000,-0.461538,195000.000000,460646.000000,478280.000000,-0.036672,0.062029,0.151712,49310.000000,19560.000000,3010.000000,7350.000000,3100.000000,2480.000000
2026-05-15,188800.0,0.017903,-0.030191,-0.022987,1.000000,-1480.000000,-1.000000,-1360.000000,-0.708333,192000.000000,391747.000000,458573.000000,-0.039479,0.056992,0.131623,50639.000000,19560.000000,3010.000000,7350.000000,3100.000000,2480.000000
2026-05-18,192180.0,-0.040483,-0.075866,-0.057134,1.000000,1690.000000,-1.000000,-1720.000000,-0.898172,191500.000000,208152.000000,466957.000000,-0.062628,0.045138,0.139452,51804.000000,19560.000000,3010.000000,7350.000000,3100.000000,2480.000000
2026-05-19,184400.0,-0.007050,0.000325,-0.045770,1.000000,-3875.000000,-1.000000,3180.000000,1.705094,186500.000000,344515.000000,446424.000000,-0.101627,-0.024751,0.047727,52579.000000,19560.000000,3010.000000,7350.000000,3100.000000,2480.000000
2026-05-20,183100.0,-0.030038,-0.010377,-0.055161,1.000000,-650.000000,-1.000000,2180.000000,1.217877,179000.000000,411021.000000,447264.000000,-0.093385,-0.081745,0.031201,53083.000000,19560.000000,3010.000000,7350.000000,3100.000000,2480.000000
2026-05-21,177600.0,0.038626,-0.009234,0.007095,1.000000,-2750.000000,-1.000000,-1080.000000,-0.593407,182000.000000,341878.000000,448172.000000,-0.073842,-0.107807,-0.014428,52337.000000,19560.000000,3010.000000,7350.000000,3100.000000,2480.000000
2026-05-22,184460.0,-0.017673,-0.062127,-0.025588,1.000000,3430.000000,-1.000000,-1520.000000,-0.853933,178000.000000,292399.000000,452850.000000,-0.022987,-0.061559,0.058533,53047.000000,19560.000000,3010.000000,7350.000000,3100.000000,2480.000000
2026-05-25,181200.0,-0.028918,-0.012914,-0.012693,1.000000,-1630.000000,-1.000000,-1750.000000,-0.954980,183250.000000,248810.000000,449777.000000,-0.057134,-0.116184,0.034010,52143.000000,19560.000000,3010.000000,7350.000000,3100.000000,2480.000000
2026-05-26,175960.0,-0.016822,0.021482,-0.016936,1.000000,-2620.000000,-1.000000,800.000000,0.444444,180000.000000,245595.000000,441930.000000,-0.045770,-0.142746,-0.011238,53763.000000,19560.000000,3010.000000,7350.000000,3100.000000,2480.000000
2026-05-27,173000.0,0.033873,0.034104,-0.036069,1.000000,-1480.000000,-1.000000,-380.000000,-0.214689,177000.000000,241623.000000,428592.000000,-0.055161,-0.143395,-0.027544,54249.000000,19560.000000,3010.000000,7350.000000,3100.000000,2480.000000
2026-05-28,178860.0,0.004920,-0.032875,-0.101308,1.000000,2930.000000,-1.000000,-1800.000000,-1.025641,175500.000000,260794.000000,426476.000000,0.007095,-0.067272,-0.009415,54033.000000,19560.000000,3010.000000,7350.000000,3100.000000,2480.000000
2026-05-29,179740.0,-0.004673,-0.072215,-0.085568,1.000000,440.000000,-1.000000,-2740.000000,-1.543662,177500.000000,172932.000000,427826.000000,-0.025588,-0.047987,0.006270,54195.000000,19560.000000,3010.000000,7350.000000,3100.000000,2480.000000
2026-06-01,178900.0,-0.033091,-0.101509,-0.086976,1.000000,-420.000000,-1.000000,-1820.000000,-1.016760,179000.000000,146724.000000,433713.000000,-0.012693,-0.069102,-0.027083,55215.000000,19560.000000,3010.000000,7350.000000,3100.000000,2480.000000
2026-06-02,172980.0,-0.035958,-0.049832,-0.026130,0.500000,-2255.289062,0.000000,3030.000000,1.724040,175750.000000,214856.000000,432273.000000,-0.016936,-0.061931,-0.085149,55990.000000,19560.000000,3010.000000,7350.000000,3100.000000,2480.000000
2026-06-03,166760.0,-0.036100,-0.020509,0.003838,0.500000,-2179.085938,0.000000,2080.000000,1.219941,170500.000000,251082.000000,427311.000000,-0.036069,-0.089241,-0.163691,56045.000000,19560.000000,3010.000000,7350.000000,3100.000000,2480.000000
2026-06-04,160740.0,0.022521,0.048028,0.086226,0.500000,-1405.332520,0.000000,1970.000000,1.170877,168250.000000,281867.000000,425107.000000,-0.101308,-0.094932,-0.192505,56599.000000,19560.000000,3010.000000,7350.000000,3100.000000,2480.000000
2026-06-05,164360.0,-0.006206,0.018496,0.066561,0.500000,-354.742645,0.000000,780.000000,0.478528,163000.000000,276081.000000,422004.000000,-0.085568,-0.108967,-0.163818,55687.000000,19560.000000,3010.000000,7350.000000,3100.000000,2480.000000
2026-06-08,163340.0,0.031346,0.068936,0.067956,0.500000,-1294.352051,0.000000,-570.000000,-0.348092,163750.000000,187221.000000,423382.000000,-0.086976,-0.098565,-0.203297,55940.000000,19560.000000,3010.000000,7350.000000,3100.000000,2480.000000
2026-06-09,168460.0,-0.006292,0.040603,0.009023,0.500000,-596.589966,0.000000,-1450.000000,-0.885496,163750.000000,238433.000000,438866.000000,-0.026130,-0.042623,-0.179285,55544.000000,19560.000000,3010.000000,7350.000000,3100.000000,2480.000000
2026-06-10,167400.0,0.043011,0.042055,0.023297,0.500000,-1677.580566,0.000000,-1510.000000,-0.911011,165750.000000,206477.000000,443549.000000,0.003838,-0.032370,-0.171123,55581.000000,19560.000000,3010.000000,7350.000000,3100.000000,2480.000000
2026-06-11,174600.0,0.004009,-0.026460,-0.080756,0.500000,-547.565002,0.000000,-2600.000000,-1.561562,166500.000000,244951.000000,448867.000000,0.086226,-0.023818,-0.089487,54683.000000,19560.000000,3010.000000,7350.000000,3100.000000,2480.000000
2026-06-12,175300.0,-0.004906,-0.022818,-0.077353,0.000000,-3875.000000,1.000000,-7080.000000,-4.152493,170500.000000,196809.000000,447123.000000,0.066561,-0.024702,-0.071504,53787.000000,19560.000000,3010.000000,7350.000000,3100.000000,2480.000000
2026-06-15,174440.0,-0.025568,-0.079913,-0.098716,0.000000,-3513.397217,1.000000,-4060.000000,-2.381232,170500.000000,177039.000000,450397.000000,0.067956,-0.024930,-0.092309,53885.000000,19560.000000,3010.000000,7350.000000,3100.000000,2480.000000
2026-06-16,169980.0,0.007766,-0.048476,-0.042593,0.500000,-2254.531250,0.000000,-460.000000,-0.272189,169000.000000,187954.000000,449952.000000,0.009023,-0.017343,-0.078200,53285.000000,19560.000000,3010.000000,7350.000000,3100.000000,2480.000000
2026-06-17,171300.0,-0.063047,-0.082195,-0.119440,0.500000,-1036.556519,0.000000,-2860.000000,-1.687316,169500.000000,150191.000000,455847.000000,0.023297,0.027225,-0.064446,52685.000000,19560.000000,3010.000000,7350.000000,3100.000000,2480.000000
2026-06-18,160500.0,0.007726,0.013956,-0.064050,0.000000,454.535339,1.000000,-1050.000000,-0.627803,167250.000000,342652.000000,450964.000000,-0.080756,-0.001493,-0.096284,51975.000000,19560.000000,3010.000000,7350.000000,3100.000000,2480.000000
2026-06-22,161740.0,-0.027946,-0.067392,-0.048349,0.500000,-1016.097900,0.000000,3600.000000,2.292994,157000.000000,328573.000000,447324.000000,-0.077353,-0.015941,-0.123170,50415.000000,19560.000000,3010.000000,7350.000000,3100.000000,2480.000000
2026-06-23,157220.0,0.035110,-0.044524,0.039054,0.500000,-1586.002197,0.000000,2240.000000,1.413249,158500.000000,258508.000000,449841.000000,-0.098716,-0.037468,-0.132340,50460.000000,19560.000000,3010.000000,7350.000000,3100.000000,2480.000000
2026-06-24,162740.0,-0.073123,-0.054197,0.011183,0.000000,-3015.687500,1.000000,900.000000,0.571429,157500.000000,233010.000000,452152.000000,-0.042593,-0.033955,-0.075131,49115.000000,19560.000000,3010.000000,7350.000000,3100.000000,2480.000000
2026-06-25,150840.0,-0.004110,0.083002,0.087510,0.000000,737.536011,1.000000,1260.000000,0.802548,157000.000000,320656.000000,454628.000000,-0.119440,-0.098925,-0.128092,49007.000000,19560.000000,3010.000000,7350.000000,3100.000000,2480.000000
2026-06-26,150220.0,0.024631,0.095460,0.123552,0.000000,-155.834763,1.000000,5040.000000,3.304918,152500.000000,321674.000000,443472.000000,-0.064050,-0.139633,-0.160125,48544.000000,19560.000000,3010.000000,7350.000000,3100.000000,2480.000000
2026-06-29,153920.0,0.061331,0.065748,0.069127,0.000000,-1908.908203,1.000000,-470.000000,-0.309720,151750.000000,301474.000000,437057.000000,-0.048349,-0.121962,-0.143652,48489.000000,19560.000000,3010.000000,7350.000000,3100.000000,2480.000000
2026-06-30,163360.0,0.007346,0.033178,0.000000,0.000000,-3376.982178,1.000000,-260.000000,-0.166134,156500.000000,373078.000000,424925.000000,0.039054,-0.063518,-0.086864,48731.000000,19560.000000,3010.000000,7350.000000,3100.000000,2480.000000
2026-07-01,164560.0,-0.003160,0.000000,-0.037190,0.000000,-2853.968750,1.000000,-2300.000000,-1.437500,160000.000000,278547.000000,423487.000000,0.011183,-0.031886,-0.048676,49331.000000,19560.000000,3010.000000,7350.000000,3100.000000,2480.000000
2026-07-02,164040.0,0.028895,-0.004145,-0.067179,0.000000,-1516.002930,1.000000,-2360.000000,-1.452308,162500.000000,248836.000000,419254.000000,0.087510,-0.042382,-0.016311,48578.000000,19560.000000,3010.000000,7350.000000,3100.000000,2480.000000
2026-07-03,168780.0,-0.025003,-0.061263,-0.101789,0.000000,-2167.974854,1.000000,-2670.000000,-1.615734,165250.000000,211420.000000,412685.000000,0.123552,0.051589,0.050019,48206.000000,19560.000000,3010.000000,7350.000000,3100.000000,2480.000000
2026-07-06,164560.0,-0.007292,-0.070126,-0.074866,0.000000,-720.033691,1.000000,-670.000000,-0.405446,165250.000000,174787.000000,416855.000000,0.069127,0.017435,0.001217,46708.000000,19560.000000,3010.000000,7350.000000,3100.000000,2480.000000
2026-07-07,163360.0,-0.030118,-0.071988,-0.062316,0.000000,-504.025513,1.000000,300.000000,0.182371,164500.000000,173063.000000,413590.000000,0.000000,0.039054,0.000122,46085.000000,19560.000000,3010.000000,7350.000000,3100.000000,2480.000000
2026-07-08,158440.0,-0.034209,-0.039132,-0.058066,0.000000,1040.476440,1.000000,2900.000000,1.768293,164000.000000,199757.000000,412567.000000,-0.037190,-0.026423,-0.059480,43640.000000,19560.000000,3010.000000,7350.000000,3100.000000,2480.000000
2026-07-09,153020.0,-0.009280,0.001046,-0.008888,0.000000,1772.969604,1.000000,3220.000000,2.031546,158500.000000,282269.000000,416044.000000,-0.067179,0.014452,-0.085902,44020.000000,19560.000000,3010.000000,7350.000000,3100.000000,2480.000000
2026-07-10,151600.0,0.004222,-0.015567,-0.009631,0.000000,1146.352173,1.000000,3200.000000,2.064516,155000.000000,184064.000000,411866.000000,-0.101789,0.009187,-0.131730,42067.000000,19560.000000,3010.000000,7350.000000,3100.000000,2480.000000
2026-07-13,152240.0,0.006174,-0.003810,-0.054782,0.000000,597.818359,1.000000,2400.000000,1.558442,154000.000000,182995.000000,415469.000000,-0.074866,-0.010915,-0.131546,42406.000000,19560.000000,3010.000000,7350.000000,3100.000000,2480.000000
2026-07-14,153180.0,-0.025721,-0.019846,-0.075467,0.000000,220.071625,1.000000,1060.000000,0.688312,154000.000000,147468.000000,414398.000000,-0.062316,-0.062316,-0.121876,42903.000000,19560.000000,3010.000000,7350.000000,3100.000000,2480.000000
2026-07-15,149240.0,0.016215,-0.035781,-0.039802,0.000000,1541.196655,1.000000,3040.000000,1.974026,154000.000000,247128.000000,418746.000000,-0.058066,-0.093097,-0.122014,42420.000000,19560.000000,3010.000000,7350.000000,3100.000000,2480.000000
2026-07-16,151660.0,-0.010022,-0.066201,-0.043914,0.000000,1070.793457,1.000000,4060.000000,2.688742,151000.000000,291773.000000,404234.000000,-0.008888,-0.075469,-0.114653,41231.000000,19560.000000,3010.000000,7350.000000,3100.000000,2480.000000
2026-07-17,150140.0,-0.041561,-0.045557,-0.039030,0.000000,1451.070801,1.000000,-1100.000000,-0.723684,152000.000000,222081.000000,385010.000000,-0.009631,-0.110440,-0.064548,40345.000000,19560.000000,3010.000000,7350.000000,3100.000000,2480.000000
2026-07-20,143900.0,-0.015844,0.007644,0.023072,0.000000,3432.629150,1.000000,3300.000000,2.178218,151500.000000,295098.000000,379802.000000,-0.054782,-0.125547,-0.110300,41359.000000,19560.000000,3010.000000,7350.000000,3100.000000,2480.000000
2026-07-21,141620.0,0.011863,0.018783,0.013134,0.500000,441.112061,0.000000,5920.000000,4.111111,144000.000000,270848.000000,375185.000000,-0.075467,-0.133080,-0.099224,41023.000000,19560.000000,3010.000000,7350.000000,3100.000000,2480.000000
2026-07-22,143300.0,0.011863,0.027355,0.032100,0.500000,928.768005,0.000000,2700.000000,1.888112,143000.000000,282781.000000,370958.000000,-0.039802,-0.095557,-0.119454,40865.000000,19560.000000,3010.000000,7350.000000,3100.000000,2480.000000
2026-07-23,145000.0,-0.004966,-0.010483,-0.027172,1.000000,850.000000,-1.000000,180.000000,0.122867,146500.000000,259198.000000,367838.000000,-0.043914,-0.052411,-0.038717,40334.000000,19560.000000,3010.000000,7350.000000,3100.000000,2480.000000
2026-07-24,144280.0,0.020377,0.025090,-0.045190,1.000000,-360.000000,-1.000000,1460.000000,1.003436,145500.000000,171069.000000,354629.000000,-0.039030,-0.048285,-0.039542,39879.000000,19560.000000,3010.000000,7350.000000,3100.000000,2480.000000
2026-07-27,147220.0,-0.025404,-0.041842,-0.056514,1.000000,1470.000000,-1.000000,1540.000000,1.051195,146500.000000,169766.000000,354044.000000,0.023072,-0.032974,-0.043529,38418.000000,19560.000000,3010.000000,7350.000000,3100.000000,2480.000000
2026-07-28,143480.0,0.030806,-0.039866,-0.028575,1.000000,-1870.000000,-1.000000,1040.000000,0.714777,145500.000000,217777.000000,348395.000000,0.013134,-0.063324,-0.121694,38278.000000,19560.000000,3010.000000,7350.000000,3100.000000,2480.000000
2026-07-29,147900.0,-0.046247,-0.060852,-0.031643,0.500000,1676.040283,0.000000,-280.000000,-0.191781,146000.000000,205654.000000,335476.000000,0.032100,-0.008979,-0.101240,39315.000000,19560.000000,3010.000000,7350.000000,3100.000000,2480.000000
2026-07-30,141060.0,-0.023394,-0.011910,0.002836,0.500000,111.758537,0.000000,160.000000,0.109589,146000.000000,197757.000000,330683.000000,-0.027172,-0.069893,-0.140088,38981.000000,19560.000000,3010.000000,7350.000000,3100.000000,2480.000000
2026-07-31,137760.0,0.008275,0.039634,0.016260,0.500000,1466.474976,0.000000,160.000000,0.109589,146000.000000,182183.000000,327682.000000,-0.045190,-0.082456,-0.183790,25042.000000,19560.000000,3010.000000,7350.000000,3100.000000,2480.000000
2026-08-03,138900.0,0.003456,0.018431,0.053708,1.000000,570.000000,-1.000000,160.000000,0.109589,146000.000000,185279.000000,324208.000000,-0.056514,-0.034746,-0.155931,26552.000000,19560.000000,3010.000000,7350.000000,3100.000000,2480.000000
2026-08-04,139380.0,0.027551,0.004448,0.046492,1.000000,240.000000,-1.000000,160.000000,0.109589,146000.000000,134684.000000,315871.000000,-0.028575,-0.015817,-0.146792,27653.000000,19560.000000,3010.000000,7350.000000,3100.000000,2480.000000
2026-08-05,143220.0,-0.012289,0.021924,0.045245,0.500000,2474.307861,0.000000,160.000000,0.109589,146000.000000,165291.000000,306231.000000,-0.031643,-0.000558,-0.096062,28123.000000,19560.000000,3010.000000,7350.000000,3100.000000,2480.000000
2026-08-06,141460.0,-0.010321,0.031104,0.075357,0.500000,1324.823242,0.000000,160.000000,0.109589,146000.000000,157675.000000,299348.000000,0.002836,-0.024414,-0.075546,28453.000000,19560.000000,3010.000000,7350.000000,3100.000000,2480.000000
2026-08-07,140000.0,0.045429,0.069286,0.108857,0.500000,1607.637085,0.000000,160.000000,0.109589,146000.000000,199880.000000,291475.000000,0.016260,-0.029665,-0.076517,29873.000000,19560.000000,3010.000000,7350.000000,3100.000000,2480.000000
2026-08-10,146360.0,-0.003416,0.039355,0.048784,0.000000,2134.730957,1.000000,160.000000,0.109589,146000.000000,192564.000000,271944.000000,0.053708,-0.005842,-0.038623,31621.000000,19560.000000,3010.000000,7350.000000,3100.000000,2480.000000
2026-08-11,145860.0,0.026327,0.064308,0.065405,0.000000,2277.069336,1.000000,160.000000,0.109589,146000.000000,118649.000000,254682.000000,0.046492,0.016588,-0.047787,32551.000000,19560.000000,3010.000000,7350.000000,3100.000000,2480.000000
2026-08-12,149700.0,0.016166,0.025384,0.006413,0.000000,1183.911133,1.000000,160.000000,0.109589,146000.000000,158164.000000,233810.000000,0.045245,0.012170,0.003082,35101.000000,19560.000000,3010.000000,7350.000000,3100.000000,2480.000000
2026-08-13,152120.0,0.020510,0.021562,0.000263,0.000000,494.993744,1.000000,160.000000,0.109589,146000.000000,135057.000000,267862.000000,0.075357,0.078406,0.003033,35508.000000,19560.000000,3010.000000,7350.000000,3100.000000,2480.000000
2026-08-14,155240.0,-0.011208,-0.029503,0.022159,0.000000,-393.197296,1.000000,160.000000,0.109589,146000.000000,105989.000000,284020.000000,0.108857,0.126887,0.033968,36098.000000,19560.000000,3010.000000,7350.000000,3100.000000,2480.000000
2026-08-17,153500.0,0.012378,-0.008730,0.034919,0.000000,102.140015,1.000000,160.000000,0.109589,146000.000000,154204.000000,302678.000000,0.048784,0.105112,0.066713,36689.000000,19560.000000,3010.000000,7350.000000,3100.000000,2480.000000
2026-08-18,155400.0,-0.030502,0.021107,-0.032947,0.000000,-438.745544,1.000000,160.000000,0.109589,146000.000000,165827.000000,311262.000000,0.065405,0.114938,0.097303,37369.000000,19560.000000,3010.000000,7350.000000,3100.000000,2480.000000
2026-08-19,150660.0,0.009956,0.054427,0.009956,0.000000,910.621582,1.000000,160.000000,0.109589,146000.000000,175248.000000,315609.000000,0.006413,0.051948,0.051361,38608.000000,19560.000000,3010.000000,7350.000000,3100.000000,2480.000000
2026-08-20,152160.0,0.042850,-0.012355,-0.000920,0.000000,483.606689,1.000000,160.000000,0.109589,146000.000000,138160.000000,321562.000000,0.000263,0.075640,0.049379,39333.000000,19560.000000,3010.000000,7350.000000,3100.000000,2480.000000
2026-08-21,158680.0,0.001134,-0.041089,0.005798,0.000000,-1372.484863,1.000000,160.000000,0.109589,146000.000000,225444.000000,353437.000000,0.022159,0.133429,0.099806,39604.000000,19560.000000,3010.000000,7350.000000,3100.000000,2480.000000
2026-08-24,158860.0,-0.054010,-0.043057,0.013471,0.000000,-1423.726685,1.000000,160.000000,0.109589,146000.000000,219750.000000,359138.000000,0.034919,0.085406,0.079065,41290.000000,19560.000000,3010.000000,7350.000000,3100.000000,2480.000000
2026-08-25,150280.0,0.012510,0.062018,0.050439,0.000000,1018.798706,1.000000,160.000000,0.109589,146000.000000,229133.000000,354226.000000,-0.032947,0.030303,0.047393,41940.000000,19560.000000,3010.000000,7350.000000,3100.000000,2480.000000
2026-08-26,152160.0,-0.000920,0.058097,0.017219,0.000000,483.606689,1.000000,160.000000,0.109589,146000.000000,217163.000000,358778.000000,0.009956,0.016433,0.028803,43100.000000,19560.000000,3010.000000,7350.000000,3100.000000,2480.000000
2026-08-27,152020.0,0.049862,0.038416,-0.014077,0.000000,523.461426,1.000000,160.000000,0.109589,146000.000000,158944.000000,363652.000000,-0.000920,-0.000657,0.077697,43390.000000,19560.000000,3010.000000,7350.000000,3100.000000,2480.000000
2026-08-28,159600.0,0.008772,-0.030201,-0.110652,0.000000,-1634.387329,1.000000,160.000000,0.109589,146000.000000,239379.000000,391884.000000,0.005798,0.028086,0.158537,44024.000000,19560.000000,3010.000000,7350.000000,3100.000000,2480.000000
2026-08-31,161000.0,-0.019503,-0.069068,-0.116770,0.000000,-2032.934570,1.000000,160.000000,0.109589,146000.000000,166812.000000,403032.000000,0.013471,0.048860,0.159107,45624.000000,19560.000000,3010.000000,7350.000000,3100.000000,2480.000000
2026-09-01,157860.0,-0.019511,-0.100849,nan,0.000000,-1139.050049,1.000000,160.000000,0.109589,146000.000000,212658.000000,404917.000000,0.050439,0.015830,0.132587,45839.000000,19560.000000,3010.000000,7350.000000,3100.000000,2480.000000
2026-09-02,154780.0,-0.031658,-0.081277,nan,0.000000,-262.246033,1.000000,160.000000,0.109589,146000.000000,186331.000000,395794.000000,0.017219,0.027346,0.080715,45389.000000,19560.000000,3010.000000,7350.000000,3100.000000,2480.000000
2026-09-03,149880.0,-0.052976,nan,nan,0.500000,-658.665344,0.000000,160.000000,0.109589,146000.000000,247038.000000,394277.000000,-0.014077,-0.014984,0.059522,46898.000000,19560.000000,3010.000000,7350.000000,3100.000000,2480.000000
2026-09-04,141940.0,0.001832,nan,nan,0.500000,-288.499176,0.000000,160.000000,0.109589,146000.000000,312373.000000,392630.000000,-0.110652,-0.105495,0.013857,47198.000000,19560.000000,3010.000000,7350.000000,3100.000000,2480.000000
2026-09-07,142200.0,nan,nan,nan,0.500000,1724.492920,0.000000,160.000000,0.109589,146000.000000,147974.000000,394996.000000,-0.116770,-0.104872,-0.028423,47988.000000,19560.000000,3010.000000,7350.000000,3100.000000,2480.000000
