date,close,open,high,low,volume,position,P_fund,basis,spot_avg,D_f,D_c,profit_f,profit_c,n_f,n_c,Total_Demand,n_f_minus_n_c,valid
2023-07-21,215100.0,238900.0,238900.0,214150.0,59519,5854,215100.0,67500.0,288000.0,0.0,0.0,0.0,0.0,0.5,0.5,0.0,0.0,0
2023-07-24,211400.0,214500.0,214700.0,209000.0,40662,7680,211400.0,73550.0,285500.0,0.0,-1850.0,0.0,0.0,0.5,0.5,-925.0,0.0,0
2023-07-25,225900.0,211000.0,225900.0,211000.0,61787,9213,225900.0,60450.0,284000.0,0.0,7250.0,0.0,0.0,0.5,0.5,3625.0,0.0,0
2023-07-26,227800.0,226100.0,240450.0,223050.0,95688,9122,227800.0,50800.0,282000.0,0.0,950.0,0.0,0.0,0.5,0.5,475.0,0.0,0
2023-07-27,224900.0,234000.0,234100.0,223000.0,44923,9603,224900.0,51250.0,280500.0,0.0,-1450.0,0.0,0.0,0.5,0.5,-725.0,0.0,0
2023-07-28,227900.0,223800.0,230450.0,222050.0,42934,9217,227900.0,53050.0,278500.0,0.0,1500.0,0.0,0.0,0.5,0.5,750.0,0.0,0
2023-07-31,228050.0,228300.0,232850.0,227850.0,33526,9667,228050.0,45900.0,277500.0,0.0,75.0,0.0,0.0,0.5,0.5,37.5,0.0,0
2023-08-01,228400.0,229000.0,230000.0,225700.0,20971,9785,228400.0,46000.0,274000.0,0.0,175.0,0.0,0.0,0.5,0.5,87.5,0.0,0
2023-08-02,228550.0,228450.0,230350.0,227950.0,16109,9731,228550.0,40250.0,269000.0,0.0,75.0,0.0,0.0,0.5,0.5,37.5,0.0,0
2023-08-03,229650.0,226000.0,230050.0,224600.0,19658,10136,229650.0,37450.0,266000.0,0.0,550.0,0.0,0.0,0.5,0.5,275.0,0.0,0
2023-08-04,228950.0,231000.0,232600.0,228400.0,12850,10314,228950.0,33400.0,262500.0,0.0,-350.0,0.0,0.0,0.5,0.5,-175.0,0.0,0
2023-08-07,219800.0,227500.0,228800.0,219500.0,29799,12270,219800.0,31200.0,256500.0,0.0,-4575.0,0.0,0.0,0.5,0.5,-2287.5,0.0,0
2023-08-08,217000.0,219200.0,221450.0,216300.0,30145,13918,217000.0,34600.0,253000.0,0.0,-1400.0,0.0,0.0,0.5,0.5,-700.0,0.0,0
2023-08-09,217800.0,217450.0,218200.0,215200.0,25550,13673,217800.0,32150.0,249000.0,0.0,400.0,0.0,0.0,0.5,0.5,200.0,0.0,0
2023-08-10,210500.0,217450.0,219000.0,210050.0,32365,17113,210500.0,31000.0,247000.0,0.0,-3650.0,0.0,0.0,0.5,0.5,-1825.0,0.0,0
2023-08-11,208800.0,210000.0,211700.0,205300.0,51821,18289,208800.0,36400.0,244000.0,0.0,-850.0,0.0,0.0,0.5,0.5,-425.0,0.0,0
2023-08-14,196750.0,207200.0,207500.0,196750.0,51678,23419,196750.0,37150.0,239500.0,0.0,-6025.0,0.0,0.0,0.5,0.5,-3012.5,0.0,0
2023-08-15,194500.0,196000.0,198050.0,193400.0,78365,25479,194500.0,39050.0,234000.0,0.0,-1125.0,0.0,0.0,0.5,0.5,-562.5,0.0,0
2023-08-16,196250.0,194000.0,200300.0,192050.0,76180,24567,196250.0,31700.0,230000.0,0.0,875.0,0.0,0.0,0.5,0.5,437.5,0.0,0
2023-08-17,194000.0,196000.0,198350.0,192250.0,67975,26791,194000.0,32200.0,226500.0,0.0,-1125.0,0.0,0.0,0.5,0.5,-562.5,0.0,0
2023-08-18,195750.0,195200.0,197700.0,194600.0,42991,24198,195750.0,27900.0,225000.0,0.0,875.0,0.0,15890000.0,7.124576406741286e-218,1.0,875.0,-1.0,1
2023-08-21,201150.0,198000.0,203500.0,196200.0,58940,22723,201150.0,26250.0,225000.0,0.0,2700.0,0.0,20615000.0,7.124576406741286e-218,1.0,2700.0,-1.0,1
2023-08-22,198300.0,201200.0,204350.0,197100.0,54479,22567,198300.0,23350.0,225000.0,0.0,-1425.0,0.0,39745000.0,7.124576406741286e-218,1.0,-1425.0,-1.0,1
2023-08-23,200000.0,198300.0,200200.0,195600.0,40847,23417,200000.0,26850.0,225000.0,0.0,850.0,0.0,23547500.0,7.124576406741286e-218,1.0,850.0,-1.0,1
2023-08-24,199450.0,200500.0,203000.0,197300.0,36416,22465,199450.0,24850.0,225000.0,0.0,-275.0,0.0,25835000.0,7.124576406741286e-218,1.0,-275.0,-1.0,1
2023-08-25,194250.0,199700.0,200950.0,194200.0,37956,24946,194250.0,24200.0,223000.0,0.0,-2600.0,0.0,31615000.0,7.124576406741286e-218,1.0,-2600.0,-1.0,1
2023-08-28,185500.0,195500.0,197900.0,183450.0,82851,29278,185500.0,26300.0,220000.0,0.0,-4375.0,0.0,54140000.0,7.124576406741286e-218,1.0,-4375.0,-1.0,1
2023-08-29,186350.0,185200.0,188700.0,180700.0,76982,29393,186350.0,29600.0,214500.0,0.0,425.0,0.0,50395000.0,7.124576406741286e-218,1.0,425.0,-1.0,1
2023-08-30,186100.0,188100.0,188800.0,184600.0,59287,29534,186100.0,24550.0,210500.0,0.0,-125.0,0.0,50262500.0,7.124576406741286e-218,1.0,-125.0,-1.0,1
2023-08-31,186850.0,186800.0,187200.0,180850.0,77568,29530,186850.0,21800.0,208000.0,0.0,375.0,0.0,50086250.0,7.124576406741286e-218,1.0,375.0,-1.0,1
2023-09-01,186750.0,187900.0,190650.0,185300.0,75908,29406,186750.0,16700.0,205500.0,0.0,-50.0,0.0,50433750.0,7.124576406741286e-218,1.0,-50.0,-1.0,1
2023-09-04,189900.0,187700.0,191900.0,187150.0,65613,28964,189900.0,16450.0,205500.0,0.0,1575.0,0.0,47073750.0,7.124576406741286e-218,1.0,1575.0,-1.0,1
2023-09-05,190450.0,191350.0,193900.0,188700.0,65380,29405,190450.0,12700.0,203000.0,0.0,275.0,0.0,35130000.0,7.124576406741286e-218,1.0,275.0,-1.0,1
2023-09-06,190550.0,191000.0,192450.0,189500.0,44433,30278,190550.0,8900.0,200500.0,0.0,50.0,0.0,36277500.0,7.124576406741286e-218,1.0,50.0,-1.0,1
2023-09-07,184700.0,190000.0,190100.0,183250.0,61590,32985,184700.0,13000.0,199000.0,0.0,-2925.0,0.0,38905000.0,7.124576406741286e-218,1.0,-2925.0,-1.0,1
2023-09-08,176500.0,183200.0,184100.0,175550.0,112910,38903,176500.0,18700.0,197500.0,0.0,-4100.0,0.0,56685000.0,7.124576406741286e-218,1.0,-4100.0,-1.0,1
2023-09-11,178650.0,176900.0,179500.0,170750.0,83768,41553,178650.0,16650.0,194000.0,0.0,1075.0,0.0,37627500.0,7.124576406741286e-218,1.0,1075.0,-1.0,1
2023-09-12,177750.0,178850.0,181850.0,176950.0,86982,44536,177750.0,9800.0,191000.0,0.0,-450.0,0.0,23103750.0,7.124576406741286e-218,1.0,-450.0,-1.0,1
2023-09-13,176050.0,177000.0,179250.0,174900.0,73753,45820,176050.0,11600.0,189000.0,0.0,-850.0,0.0,25837500.0,7.124576406741286e-218,1.0,-850.0,-1.0,1
2023-09-14,169150.0,175200.0,176100.0,169150.0,127527,52682,169150.0,16400.0,188500.0,0.0,-3450.0,0.0,33671250.0,7.124576406741286e-218,1.0,-3450.0,-1.0,1
2023-09-15,170100.0,170500.0,171300.0,167000.0,112996,52203,170100.0,18050.0,185500.0,0.0,475.0,0.0,32362500.0,7.124576406741286e-218,1.0,475.0,-1.0,1
2023-09-18,167150.0,169500.0,171000.0,166400.0,81843,55569,167150.0,13400.0,183000.0,0.0,-1475.0,0.0,26236250.0,7.124576406741286e-218,1.0,-1475.0,-1.0,1
2023-09-19,159400.0,166400.0,167250.0,158900.0,129369,64943,159400.0,15650.0,180000.0,0.0,-3875.0,0.0,45362500.0,7.124576406741286e-218,1.0,-3875.0,-1.0,1
2023-09-20,154150.0,158450.0,159700.0,153100.0,204819,70230,154150.0,18800.0,176500.0,0.0,-2625.0,0.0,68128750.0,7.124576406741286e-218,1.0,-2625.0,-1.0,1
2023-09-21,159950.0,153600.0,160500.0,153100.0,220010,66110,159950.0,19600.0,173500.0,0.0,2900.0,0.0,53371250.0,7.124576406741286e-218,1.0,2900.0,-1.0,1
2023-09-22,156150.0,160000.0,161950.0,154650.0,251819,64039,156150.0,12800.0,172000.0,0.0,-1900.0,0.0,40921250.0,7.124576406741286e-218,1.0,-1900.0,-1.0,1
2023-09-25,158750.0,156000.0,160500.0,155750.0,193857,62330,158750.0,11650.0,171000.0,0.0,1300.0,0.0,13231250.0,7.124576406741286e-218,1.0,1300.0,-1.0,1
2023-09-26,149100.0,158000.0,158300.0,149100.0,268584,69608,149100.0,12900.0,170000.0,0.0,-4825.0,0.0,4405000.0,7.124576406741286e-218,1.0,-4825.0,-1.0,1
2023-09-27,148450.0,149000.0,151900.0,145000.0,322018,64804,148450.0,19400.0,169000.0,0.0,-325.0,0.0,7647500.0,7.124576406741286e-218,1.0,-325.0,-1.0,1
2023-09-28,150000.0,150000.0,152500.0,147750.0,197277,60869,150000.0,19200.0,169000.0,0.0,775.0,0.0,7237500.0,7.124576406741286e-218,1.0,775.0,-1.0,1
2023-10-09,151900.0,150000.0,153300.0,148500.0,111723,65157,151900.0,19150.0,169000.0,0.0,950.0,0.0,8747500.0,7.124576406741286e-218,1.0,950.0,-1.0,1
2023-10-10,151900.0,152600.0,155300.0,150800.0,182713,71144,151900.0,14950.0,169000.0,0.0,0.0,0.0,8905000.0,7.124576406741286e-218,1.0,0.0,-1.0,1
2023-10-11,155900.0,152900.0,156000.0,152350.0,150353,74313,155900.0,14100.0,169000.0,0.0,2000.0,0.0,8038750.0,7.124576406741286e-218,1.0,2000.0,-1.0,1
2023-10-12,164950.0,157100.0,164950.0,156350.0,221805,75862,164950.0,9550.0,169500.0,0.0,4525.0,0.0,26111250.0,7.124576406741286e-218,1.0,4525.0,-1.0,1
2023-10-13,170250.0,167500.0,171000.0,166000.0,284415,64239,170250.0,1550.0,170500.0,0.0,2650.0,0.0,50386250.0,7.124576406741286e-218,1.0,2650.0,-1.0,1
2023-10-16,168900.0,171150.0,175050.0,164800.0,374351,66260,168900.0,1950.0,173000.0,0.0,-675.0,0.0,22823750.0,7.124576406741286e-218,1.0,-675.0,-1.0,1
2023-10-17,169150.0,168650.0,171500.0,165450.0,291639,68624,169150.0,4700.0,173000.0,0.0,125.0,0.0,31470000.0,7.124576406741286e-218,1.0,125.0,-1.0,1
2023-10-18,165900.0,170150.0,171550.0,165500.0,265336,67659,165900.0,4900.0,173500.0,0.0,-1625.0,0.0,32031250.0,7.124576406741286e-218,1.0,-1625.0,-1.0,1
2023-10-19,159450.0,164750.0,167050.0,157050.0,319221,67712,159450.0,7450.0,173500.0,0.0,-3225.0,0.0,41747500.0,7.124576406741286e-218,1.0,-3225.0,-1.0,1
2023-10-20,151950.0,157000.0,160150.0,151700.0,368332,72387,151950.0,14350.0,172500.0,0.0,-3750.0,0.0,60070000.0,7.124576406741286e-218,1.0,-3750.0,-1.0,1
2023-10-23,150800.0,152000.0,152600.0,148150.0,360929,77018,150800.0,21000.0,171000.0,0.0,-575.0,0.0,67660000.0,7.124576406741286e-218,1.0,-575.0,-1.0,1
2023-10-24,155000.0,151000.0,155100.0,150500.0,276247,75975,155000.0,16650.0,170000.0,0.0,2100.0,0.0,66646250.0,7.124576406741286e-218,1.0,2100.0,-1.0,1
2023-10-25,150950.0,156700.0,158150.0,150700.0,369871,80037,150950.0,15350.0,169000.0,0.0,-2025.0,0.0,46710000.0,7.124576406741286e-218,1.0,-2025.0,-1.0,1
2023-10-26,151150.0,150350.0,152600.0,148000.0,371132,84140,151150.0,17000.0,168000.0,0.0,100.0,0.0,25961250.0,7.124576406741286e-218,1.0,100.0,-1.0,1
2023-10-27,154050.0,151500.0,154450.0,149150.0,381808,83815,154050.0,15400.0,167000.0,0.0,1450.0,0.0,41476250.0,7.124576406741286e-218,1.0,1450.0,-1.0,1
2023-10-30,156850.0,154500.0,157450.0,152500.0,327453,85077,156850.0,12950.0,166000.0,0.0,1400.0,0.0,56556250.0,7.124576406741286e-218,1.0,1400.0,-1.0,1
2023-10-31,153750.0,155900.0,157700.0,151950.0,399767,83965,153750.0,12050.0,165000.0,0.0,-1550.0,0.0,57156250.0,7.124576406741286e-218,1.0,-1550.0,-1.0,1
2023-11-01,154000.0,153450.0,156150.0,152800.0,359456,86155,154000.0,9550.0,164000.0,0.0,125.0,0.0,69313750.0,7.124576406741286e-218,1.0,125.0,-1.0,1
2023-11-02,152400.0,153500.0,155300.0,151900.0,262319,86387,152400.0,8850.0,163000.0,0.0,-800.0,0.0,65977500.0,7.124576406741286e-218,1.0,-800.0,-1.0,1
2023-11-03,151400.0,153250.0,154400.0,150500.0,251158,94098,151400.0,7600.0,161500.0,0.0,-500.0,0.0,67281250.0,7.124576406741286e-218,1.0,-500.0,-1.0,1
2023-11-06,147150.0,150000.0,151500.0,146900.0,272841,106826,147150.0,10050.0,160000.0,0.0,-2125.0,0.0,67933750.0,7.124576406741286e-218,1.0,-2125.0,-1.0,1
2023-11-07,142550.0,146350.0,147150.0,141200.0,349335,113986,142550.0,13450.0,158500.0,0.0,-2300.0,0.0,77708750.0,7.124576406741286e-218,1.0,-2300.0,-1.0,1
2023-11-08,145350.0,141900.0,146300.0,138300.0,584632,105461,145350.0,12150.0,156500.0,0.0,1400.0,0.0,71268750.0,7.124576406741286e-218,1.0,1400.0,-1.0,1
2023-11-09,144150.0,145300.0,146750.0,142800.0,323961,106948,144150.0,9950.0,155000.0,0.0,-600.0,0.0,51488750.0,7.124576406741286e-218,1.0,-600.0,-1.0,1
2023-11-10,148900.0,144600.0,149750.0,143200.0,374012,98275,148900.0,4050.0,153000.0,0.0,2375.0,0.0,24656250.0,7.124576406741286e-218,1.0,2375.0,-1.0,1
2023-11-13,141650.0,149800.0,151400.0,141600.0,382878,96198,141650.0,2200.0,152000.0,0.0,-3625.0,0.0,11015000.0,7.124576406741286e-218,1.0,-3625.0,-1.0,1
2023-11-14,142550.0,141150.0,145350.0,140800.0,367056,99509,142550.0,7250.0,150000.0,0.0,450.0,0.0,7921250.0,7.124576406741286e-218,1.0,450.0,-1.0,1
2023-11-15,142600.0,144000.0,144450.0,141500.0,269895,107801,142600.0,5400.0,148500.0,0.0,25.0,0.0,8350000.0,7.124576406741286e-218,1.0,25.0,-1.0,1
2023-11-16,140900.0,142500.0,142700.0,140450.0,234117,113750,140900.0,6500.0,147500.0,0.0,-850.0,0.0,-2173750.0,1.0,7.124576406741286e-218,-6.055889945730093e-215,1.0,1
2023-11-17,138000.0,139500.0,140350.0,137450.0,260604,113629,138000.0,7550.0,147000.0,0.0,-1450.0,0.0,-23896250.0,1.0,7.124576406741286e-218,-1.0330635789774865e-214,1.0,1
2023-11-20,137200.0,138000.0,141300.0,136350.0,243089,117274,137200.0,7000.0,146500.0,0.0,-400.0,0.0,-27048750.0,1.0,7.124576406741286e-218,-2.849830562696514e-215,1.0,1
2023-11-21,132300.0,137900.0,138400.0,131050.0,342947,119970,132300.0,7450.0,144000.0,0.0,-2450.0,0.0,-22673750.0,1.0,7.124576406741286e-218,-1.7455212196516149e-214,1.0,1
2023-11-22,124700.0,132300.0,132800.0,124700.0,531176,117891,124700.0,14000.0,142000.0,0.0,-3800.0,0.0,4451250.0,7.124576406741286e-218,1.0,-3800.0,-1.0,1
2023-11-23,124800.0,124400.0,125450.0,120400.0,581867,115204,124800.0,15550.0,139500.0,0.0,50.0,0.0,4476250.0,7.124576406741286e-218,1.0,50.0,-1.0,1
2023-11-24,124050.0,125050.0,128450.0,122800.0,699474,121691,124050.0,10200.0,138000.0,0.0,-375.0,0.0,4148750.0,7.124576406741286e-218,1.0,-375.0,-1.0,1
2023-11-27,116650.0,123000.0,123400.0,116650.0,532016,131927,116650.0,16300.0,135500.0,0.0,-3700.0,0.0,2863750.0,7.124576406741286e-218,1.0,-3700.0,-1.0,1
2023-11-28,113200.0,114000.0,117600.0,111800.0,569530,122796,113200.0,19950.0,133500.0,0.0,-1725.0,0.0,19968750.0,7.124576406741286e-218,1.0,-1725.0,-1.0,1
2023-11-29,109850.0,113200.0,116450.0,108700.0,760339,139951,109850.0,18550.0,132000.0,0.0,-1675.0,0.0,26135000.0,7.124576406741286e-218,1.0,-1675.0,-1.0,1
2023-11-30,106200.0,110000.0,111350.0,106200.0,579007,145034,106200.0,20650.0,131000.0,0.0,-1825.0,0.0,32448750.0,7.124576406741286e-218,1.0,-1825.0,-1.0,1
2023-12-01,101750.0,106700.0,107100.0,101500.0,754802,135390,101750.0,26050.0,130000.0,0.0,-2225.0,0.0,39770000.0,7.124576406741286e-218,1.0,-2225.0,-1.0,1
2023-12-04,96350.0,101550.0,104500.0,96350.0,852642,145341,96350.0,25650.0,128000.0,0.0,-2700.0,0.0,49660000.0,7.124576406741286e-218,1.0,-2700.0,-1.0,1
2023-12-05,93050.0,96000.0,97600.0,93050.0,409856,150080,93050.0,31150.0,126000.0,0.0,-1650.0,0.0,48795000.0,7.124576406741286e-218,1.0,-1650.0,-1.0,1
2023-12-06,92450.0,89900.0,93900.0,85650.0,678617,128782,92450.0,32400.0,122500.0,0.0,-300.0,0.0,56225000.0,7.124576406741286e-218,1.0,-300.0,-1.0,1
2023-12-07,95600.0,93300.0,95600.0,91600.0,195285,136259,95600.0,24900.0,120500.0,0.0,1575.0,0.0,56960000.0,7.124576406741286e-218,1.0,1575.0,-1.0,1
2023-12-08,102300.0,101700.0,102300.0,100000.0,35683,158316,102300.0,16200.0,118500.0,0.0,3350.0,0.0,70362500.0,7.124576406741286e-218,1.0,3350.0,-1.0,1
2023-12-11,96800.0,113650.0,113800.0,95600.0,802428,156695,96800.0,13950.0,115000.0,0.0,-2750.0,0.0,69156250.0,7.124576406741286e-218,1.0,-2750.0,-1.0,1
2023-12-12,93100.0,96000.0,97000.0,91700.0,674146,172604,93100.0,16000.0,112000.0,0.0,-1850.0,0.0,82593750.0,7.124576406741286e-218,1.0,-1850.0,-1.0,1
2023-12-13,103550.0,92200.0,103550.0,90200.0,741029,172000,103550.0,13800.0,109000.0,0.0,5225.0,0.0,63238750.0,7.124576406741286e-218,1.0,5225.0,-1.0,1
2023-12-14,102550.0,104600.0,105450.0,93650.0,888872,161651,102550.0,4350.0,106500.0,0.0,-500.0,0.0,58056250.0,7.124576406741286e-218,1.0,-500.0,-1.0,1
2023-12-15,104600.0,102000.0,107950.0,100500.0,547769,159950,104600.0,-1950.0,104500.0,0.0,1025.0,0.0,54566250.0,7.124576406741286e-218,1.0,1025.0,-1.0,1
2023-12-18,102750.0,104200.0,108150.0,100100.0,491689,159746,102750.0,-4050.0,103000.0,0.0,-925.0,0.0,51510000.0,7.124576406741286e-218,1.0,-925.0,-1.0,1
2023-12-19,101900.0,102000.0,103900.0,100800.0,261562,159563,101900.0,-600.0,102000.0,0.0,-425.0,0.0,50336250.0,7.124576406741286e-218,1.0,-425.0,-1.0,1
2023-12-20,100800.0,101900.0,103500.0,100300.0,166175,162654,100800.0,-950.0,101000.0,0.0,-550.0,0.0,32183750.0,7.124576406741286e-218,1.0,-550.0,-1.0,1
2023-12-21,97600.0,100000.0,101850.0,95250.0,322718,158076,97600.0,3400.0,100000.0,0.0,-1600.0,0.0,34323750.0,7.124576406741286e-218,1.0,-1600.0,-1.0,1
2023-12-22,100800.0,97150.0,103650.0,96200.0,313308,155842,100800.0,350.0,99500.0,0.0,1600.0,0.0,29241250.0,7.124576406741286e-218,1.0,1600.0,-1.0,1
2023-12-25,102850.0,100500.0,103950.0,100150.0,157805,159077,102850.0,-2500.0,99000.0,0.0,1025.0,0.0,29746250.0,7.124576406741286e-218,1.0,1025.0,-1.0,1
2023-12-26,107100.0,102800.0,108100.0,102500.0,260868,155209,107100.0,-7350.0,98500.0,0.0,2125.0,0.0,21337500.0,7.124576406741286e-218,1.0,2125.0,-1.0,1
2023-12-27,105700.0,107000.0,109450.0,103500.0,264253,150793,105700.0,-10350.0,97000.0,0.0,-700.0,0.0,12583750.0,7.124576406741286e-218,1.0,-700.0,-1.0,1
2023-12-28,106550.0,105600.0,107350.0,104350.0,153833,152061,106550.0,-9250.0,97000.0,0.0,425.0,0.0,5875000.0,7.124576406741286e-218,1.0,425.0,-1.0,1
2023-12-29,107700.0,106000.0,109100.0,104350.0,197334,142958,107700.0,-8400.0,96900.0,0.0,575.0,0.0,-1757500.0,1.0,7.124576406741286e-218,4.096631433876239e-215,1.0,1
2024-01-02,108350.0,107700.0,110300.0,106200.0,143702,145602,108350.0,-10400.0,96900.0,0.0,325.0,0.0,-13398750.0,1.0,7.124576406741286e-218,2.3154873321909178e-215,1.0,1
2024-01-03,106600.0,108200.0,109200.0,106000.0,129883,141743,106600.0,-11200.0,96900.0,0.0,-875.0,0.0,-22877500.0,1.0,7.124576406741286e-218,-6.234004355898625e-215,1.0,1
2024-01-04,100450.0,106500.0,107150.0,100400.0,194855,148982,100450.0,-8300.0,96900.0,0.0,-3075.0,0.0,-18486250.0,1.0,7.124576406741286e-218,-2.190807245072945e-214,1.0,1
2024-01-05,98650.0,100000.0,100000.0,97500.0,182344,154263,98650.0,-2450.0,96500.0,0.0,-900.0,0.0,-12006250.0,1.0,7.124576406741286e-218,-6.412118766067157e-215,1.0,1
2024-01-08,97200.0,98000.0,100500.0,96300.0,146847,157724,97200.0,-3000.0,96300.0,0.0,-725.0,0.0,-21253750.0,1.0,7.124576406741286e-218,-5.165317894887432e-215,1.0,1
2024-01-09,98950.0,97000.0,100500.0,95500.0,203361,162038,98950.0,-1550.0,96000.0,0.0,875.0,0.0,-4097500.0,1.0,7.124576406741286e-218,6.234004355898625e-215,1.0,1
2024-01-10,97900.0,98500.0,99800.0,97100.0,107149,159002,97900.0,-3250.0,96000.0,0.0,-525.0,0.0,-15191250.0,1.0,7.124576406741286e-218,-3.740402613539175e-215,1.0,1
2024-01-11,104700.0,98400.0,105000.0,98350.0,214428,157286,104700.0,-3450.0,96000.0,0.0,3400.0,0.0,571250.0,7.124576406741286e-218,1.0,3400.0,-1.0,1
2024-01-12,102850.0,104700.0,105300.0,102300.0,142605,155914,102850.0,-7700.0,96200.0,0.0,-925.0,0.0,-493750.0,1.0,7.124576406741286e-218,-6.590233176235689e-215,1.0,1
2024-01-15,101950.0,102000.0,103350.0,100700.0,103038,156970,101950.0,-5950.0,96200.0,0.0,-450.0,0.0,1363750.0,7.124576406741286e-218,1.0,-450.0,-1.0,1
2024-01-16,104150.0,102000.0,104500.0,102000.0,109517,159478,104150.0,-7700.0,96500.0,0.0,1100.0,0.0,2270000.0,7.124576406741286e-218,1.0,1100.0,-1.0,1
2024-01-17,101750.0,104900.0,106000.0,100950.0,131788,156573,101750.0,-8350.0,96500.0,0.0,-1200.0,0.0,-1156250.0,1.0,7.124576406741286e-218,-8.549491688089542e-215,1.0,1
2024-01-18,102400.0,102300.0,103450.0,100300.0,125726,154594,102400.0,-5600.0,96500.0,0.0,325.0,0.0,-2403750.0,1.0,7.124576406741286e-218,2.3154873321909178e-215,1.0,1
2024-01-19,101400.0,102800.0,103200.0,101250.0,87317,155078,101400.0,-5000.0,96500.0,0.0,-500.0,0.0,-4488750.0,1.0,7.124576406741286e-218,-3.562288203370643e-215,1.0,1
2024-01-22,99850.0,100800.0,101900.0,98550.0,108433,152252,99850.0,-4400.0,96500.0,0.0,-775.0,0.0,1406250.0,7.124576406741286e-218,1.0,-775.0,-1.0,1
2024-01-23,102000.0,100850.0,102700.0,100350.0,92608,148288,102000.0,-4450.0,96500.0,0.0,1075.0,0.0,-3540000.0,1.0,7.124576406741286e-218,7.658919637246882e-215,1.0,1
2024-01-24,102350.0,102500.0,103100.0,101600.0,72518,148399,102350.0,-5800.0,96500.0,0.0,175.0,0.0,-7520000.0,1.0,7.124576406741286e-218,1.2468008711797249e-215,1.0,1
2024-01-25,101350.0,103000.0,103400.0,100500.0,85085,149167,101350.0,-4900.0,96500.0,0.0,-500.0,0.0,-4720000.0,1.0,7.124576406741286e-218,-3.562288203370643e-215,1.0,1
2024-01-26,100650.0,101500.0,102500.0,100550.0,80796,148248,100650.0,-5600.0,96500.0,0.0,-350.0,0.0,-3775000.0,1.0,7.124576406741286e-218,-2.4936017423594497e-215,1.0,1
2024-01-29,101950.0,101300.0,102800.0,99700.0,77321,144728,101950.0,-4250.0,96750.0,0.0,650.0,0.0,-4718750.0,1.0,7.124576406741286e-218,4.6309746643818356e-215,1.0,1
2024-01-30,101000.0,101950.0,102500.0,100900.0,54916,141118,101000.0,-4950.0,96750.0,0.0,-475.0,0.0,-5710000.0,1.0,7.124576406741286e-218,-3.3841737932021105e-215,1.0,1
2024-01-31,99150.0,101150.0,101900.0,98700.0,102011,150388,99150.0,-4100.0,96750.0,0.0,-925.0,0.0,-4262500.0,1.0,7.124576406741286e-218,-6.590233176235689e-215,1.0,1
2024-02-01,99600.0,98850.0,99950.0,98000.0,58995,145032,99600.0,-2100.0,97050.0,0.0,225.0,0.0,-10060000.0,1.0,7.124576406741286e-218,1.6030296915167893e-215,1.0,1
2024-02-02,100150.0,99600.0,101500.0,99300.0,71323,135549,100150.0,-3800.0,97050.0,0.0,275.0,0.0,-15471250.0,1.0,7.124576406741286e-218,1.9592585118538534e-215,1.0,1
2024-02-05,100450.0,100400.0,101250.0,99550.0,45180,132983,100450.0,-3800.0,97050.0,0.0,150.0,0.0,-16693750.0,1.0,7.124576406741286e-218,1.0686864610111928e-215,1.0,1
2024-02-06,97150.0,100450.0,100650.0,96400.0,110907,142239,97150.0,-1200.0,97050.0,0.0,-1650.0,0.0,-15920000.0,1.0,7.124576406741286e-218,-1.175555107112312e-214,1.0,1
2024-02-07,97650.0,97100.0,98350.0,97050.0,42570,136452,97650.0,-950.0,97050.0,0.0,250.0,0.0,-15826250.0,1.0,7.124576406741286e-218,1.7811441016853215e-215,1.0,1
2024-02-08,96300.0,97600.0,99000.0,95800.0,57952,138228,96300.0,-1000.0,97050.0,0.0,-675.0,0.0,-12593750.0,1.0,7.124576406741286e-218,-4.809089074550368e-215,1.0,1
2024-02-19,94750.0,97000.0,97950.0,94550.0,66470,148907,94750.0,100.0,96900.0,0.0,-775.0,0.0,-5257500.0,1.0,7.124576406741286e-218,-5.521546715224496e-215,1.0,1
2024-02-20,92800.0,95000.0,95500.0,92450.0,103744,173155,92800.0,3100.0,96750.0,0.0,-975.0,0.0,-4578750.0,1.0,7.124576406741286e-218,-6.946461996572754e-215,1.0,1
2024-02-21,96900.0,92700.0,103000.0,92700.0,324538,165643,96900.0,1550.0,96150.0,0.0,2050.0,0.0,-7586250.0,1.0,7.124576406741286e-218,1.4605381633819636e-214,1.0,1
2024-02-22,97650.0,96950.0,98450.0,96600.0,119458,166013,97650.0,-1250.0,96150.0,0.0,375.0,0.0,-3408750.0,1.0,7.124576406741286e-218,2.671716152527982e-215,1.0,1
2024-02-23,101800.0,98150.0,103000.0,98150.0,206120,173784,101800.0,-4250.0,96250.0,0.0,2075.0,0.0,-1072500.0,1.0,7.124576406741286e-218,1.4783496043988167e-214,1.0,1
2024-02-26,102300.0,102000.0,104750.0,101250.0,215205,179602,102300.0,-6050.0,96650.0,0.0,250.0,0.0,290000.0,7.124576406741286e-218,1.0,250.0,-1.0,1
2024-02-27,106650.0,102300.0,107600.0,101000.0,246221,191979,106650.0,-5250.0,97100.0,0.0,2175.0,0.0,602500.0,7.124576406741286e-218,1.0,2175.0,-1.0,1
2024-02-28,108000.0,107800.0,112250.0,107150.0,376684,190062,108000.0,-11700.0,98000.0,0.0,675.0,0.0,5205000.0,7.124576406741286e-218,1.0,675.0,-1.0,1
2024-02-29,119200.0,108450.0,119800.0,108450.0,590362,209410,119200.0,-13800.0,99500.0,0.0,5600.0,0.0,12388750.0,7.124576406741286e-218,1.0,5600.0,-1.0,1
2024-03-01,119450.0,119200.0,121000.0,116400.0,445315,205233,119450.0,-16850.0,102500.0,0.0,125.0,0.0,13963750.0,7.124576406741286e-218,1.0,125.0,-1.0,1
2024-03-04,117600.0,121000.0,125000.0,115250.0,669592,208233,117600.0,-18300.0,106000.0,0.0,-925.0,0.0,13382500.0,7.124576406741286e-218,1.0,-925.0,-1.0,1
2024-03-05,111550.0,118200.0,118950.0,111500.0,472377,202406,111550.0,-9250.0,107500.0,0.0,-3025.0,0.0,19433750.0,7.124576406741286e-218,1.0,-3025.0,-1.0,1
2024-03-06,114000.0,110800.0,115200.0,109400.0,507862,212004,114000.0,-4250.0,107500.0,0.0,1225.0,0.0,12640000.0,7.124576406741286e-218,1.0,1225.0,-1.0,1
2024-03-07,113000.0,115000.0,116450.0,111800.0,365677,215643,113000.0,-4900.0,108500.0,0.0,-500.0,0.0,10536250.0,7.124576406741286e-218,1.0,-500.0,-1.0,1
2024-03-08,113350.0,113200.0,114100.0,111100.0,314274,217323,113350.0,-3850.0,108900.0,0.0,175.0,0.0,10777500.0,7.124576406741286e-218,1.0,175.0,-1.0,1
2024-03-11,116400.0,112750.0,117100.0,111400.0,362739,229549,116400.0,-6050.0,109250.0,0.0,1525.0,0.0,11187500.0,7.124576406741286e-218,1.0,1525.0,-1.0,1
2024-03-12,119850.0,117950.0,120000.0,116600.0,369891,229075,119850.0,-7900.0,110000.0,0.0,1725.0,0.0,16366250.0,7.124576406741286e-218,1.0,1725.0,-1.0,1
2024-03-13,118800.0,121200.0,121950.0,118600.0,341890,226877,118800.0,-9150.0,111000.0,0.0,-525.0,0.0,15050000.0,7.124576406741286e-218,1.0,-525.0,-1.0,1
2024-03-14,112100.0,119500.0,119800.0,111150.0,433149,210848,112100.0,-6800.0,112250.0,0.0,-3350.0,0.0,19392500.0,7.124576406741286e-218,1.0,-3350.0,-1.0,1
2024-03-15,115050.0,112300.0,115200.0,112100.0,322636,206667,115050.0,-1700.0,112250.0,0.0,1475.0,0.0,9847500.0,7.124576406741286e-218,1.0,1475.0,-1.0,1
2024-03-18,116900.0,114700.0,119000.0,114550.0,333726,205503,116900.0,-5700.0,112550.0,0.0,925.0,0.0,11530000.0,7.124576406741286e-218,1.0,925.0,-1.0,1
2024-03-19,114950.0,116150.0,118200.0,114100.0,258624,202175,114950.0,-4850.0,112550.0,0.0,-975.0,0.0,8215000.0,7.124576406741286e-218,1.0,-975.0,-1.0,1
2024-03-20,117200.0,114450.0,117550.0,113700.0,250314,204597,117200.0,-2900.0,112550.0,0.0,1125.0,0.0,10018750.0,7.124576406741286e-218,1.0,1125.0,-1.0,1
2024-03-21,117350.0,118000.0,118850.0,116300.0,223038,208023,117350.0,-4750.0,112550.0,0.0,75.0,0.0,8650000.0,7.124576406741286e-218,1.0,75.0,-1.0,1
2024-03-22,114350.0,117200.0,117350.0,113050.0,243895,200633,114350.0,-1900.0,112550.0,0.0,-1500.0,0.0,6868750.0,7.124576406741286e-218,1.0,-1500.0,-1.0,1
2024-03-25,107400.0,114650.0,114800.0,107200.0,323927,206188,107400.0,-850.0,112450.0,0.0,-3475.0,0.0,16256250.0,7.124576406741286e-218,1.0,-3475.0,-1.0,1
2024-03-26,108400.0,107900.0,109600.0,106550.0,265201,200797,108400.0,3400.0,110500.0,0.0,500.0,0.0,11693750.0,7.124576406741286e-218,1.0,500.0,-1.0,1
2024-03-27,108400.0,109350.0,109400.0,105800.0,284502,201977,108400.0,3200.0,109750.0,0.0,0.0,0.0,8757500.0,7.124576406741286e-218,1.0,0.0,-1.0,1
2024-03-28,108500.0,108800.0,109600.0,107000.0,199520,199818,108500.0,1300.0,109750.0,0.0,50.0,0.0,1197500.0,7.124576406741286e-218,1.0,50.0,-1.0,1
2024-03-29,107050.0,108900.0,109700.0,106350.0,204922,196813,107050.0,1350.0,109750.0,0.0,-725.0,0.0,-275000.0,1.0,7.124576406741286e-218,-5.165317894887432e-215,1.0,1
2024-04-01,112600.0,107100.0,112850.0,106000.0,273984,200099,112600.0,1000.0,109750.0,0.0,2775.0,0.0,-4067500.0,1.0,7.124576406741286e-218,1.977069952870707e-214,1.0,1
2024-04-02,111000.0,112800.0,112950.0,110500.0,186425,191181,111000.0,-550.0,110750.0,0.0,-800.0,0.0,-14103750.0,1.0,7.124576406741286e-218,-5.699661125393028e-215,1.0,1
2024-04-03,111800.0,111550.0,113650.0,110700.0,199227,183070,111800.0,-2000.0,111050.0,0.0,400.0,0.0,-7332500.0,1.0,7.124576406741286e-218,2.849830562696514e-215,1.0,1
2024-04-08,113500.0,112500.0,115350.0,112050.0,178332,183798,113500.0,-2650.0,111850.0,0.0,850.0,0.0,-5427500.0,1.0,7.124576406741286e-218,6.055889945730093e-215,1.0,1
2024-04-09,114150.0,114000.0,114850.0,112050.0,159011,184198,114150.0,-1500.0,112000.0,0.0,325.0,0.0,-4700000.0,1.0,7.124576406741286e-218,2.3154873321909178e-215,1.0,1
2024-04-10,115950.0,114850.0,117350.0,114650.0,180964,184304,115950.0,-2850.0,113250.0,0.0,900.0,0.0,-4648750.0,1.0,7.124576406741286e-218,6.412118766067157e-215,1.0,1
2024-04-11,112500.0,115600.0,115700.0,107800.0,195122,180154,112500.0,150.0,113250.0,0.0,-1725.0,0.0,-13015000.0,1.0,7.124576406741286e-218,-1.2289894301628718e-214,1.0,1
2024-04-12,112200.0,111050.0,113400.0,110550.0,126606,178440,112200.0,450.0,112750.0,0.0,-150.0,0.0,-10686250.0,1.0,7.124576406741286e-218,-1.0686864610111928e-215,1.0,1
2024-04-15,111750.0,113200.0,113900.0,111500.0,107237,179104,111750.0,450.0,112750.0,0.0,-225.0,0.0,-14136250.0,1.0,7.124576406741286e-218,-1.6030296915167893e-215,1.0,1
2024-04-16,108150.0,111400.0,111650.0,106850.0,176355,179955,108150.0,2150.0,111500.0,0.0,-1800.0,0.0,-3443750.0,1.0,7.124576406741286e-218,-1.2824237532134314e-214,1.0,1
2024-04-17,109400.0,108400.0,109950.0,108150.0,98410,175021,109400.0,1750.0,111500.0,0.0,625.0,0.0,-8422500.0,1.0,7.124576406741286e-218,4.4528602542133036e-215,1.0,1
2024-04-18,108400.0,109900.0,111850.0,108250.0,131581,174354,108400.0,1050.0,111500.0,0.0,-500.0,0.0,-7243750.0,1.0,7.124576406741286e-218,-3.562288203370643e-215,1.0,1
2024-04-19,107700.0,108200.0,110500.0,106100.0,172997,176344,107700.0,2150.0,111400.0,0.0,-350.0,0.0,-4700000.0,1.0,7.124576406741286e-218,-2.4936017423594497e-215,1.0,1
2024-04-22,108550.0,108600.0,110300.0,107650.0,134200,177912,108550.0,1650.0,111400.0,0.0,425.0,0.0,-5166250.0,1.0,7.124576406741286e-218,3.0279449728650466e-215,1.0,1
2024-04-23,109150.0,108650.0,110500.0,107100.0,139477,176631,109150.0,2000.0,111250.0,0.0,300.0,0.0,-4686250.0,1.0,7.124576406741286e-218,2.1373729220223856e-215,1.0,1
2024-04-24,110400.0,109800.0,112000.0,109250.0,179713,178807,110400.0,650.0,111250.0,0.0,625.0,0.0,-14736250.0,1.0,7.124576406741286e-218,4.4528602542133036e-215,1.0,1
2024-04-25,109600.0,110500.0,112650.0,108400.0,158133,176148,109600.0,-300.0,111750.0,0.0,-400.0,0.0,-11761250.0,1.0,7.124576406741286e-218,-2.849830562696514e-215,1.0,1
2024-04-26,109900.0,109800.0,110700.0,108800.0,98463,172606,109900.0,1300.0,111250.0,0.0,150.0,0.0,-11881250.0,1.0,7.124576406741286e-218,1.0686864610111928e-215,1.0,1
2024-04-29,115900.0,109700.0,117150.0,109400.0,287181,193148,115900.0,300.0,111250.0,0.0,3000.0,0.0,-10981250.0,1.0,7.124576406741286e-218,2.1373729220223857e-214,1.0,1
2024-04-30,111450.0,116000.0,117200.0,110550.0,242267,179848,111450.0,-2850.0,111750.0,0.0,-2225.0,0.0,-24258750.0,1.0,7.124576406741286e-218,-1.5852182504999361e-214,1.0,1
2024-05-06,112400.0,112000.0,113000.0,110850.0,117124,185096,112400.0,-50.0,111750.0,0.0,475.0,0.0,-22348750.0,1.0,7.124576406741286e-218,3.3841737932021105e-215,1.0,1
2024-05-07,113900.0,113000.0,115250.0,112500.0,151842,189460,113900.0,-2150.0,111850.0,0.0,750.0,0.0,-17196250.0,1.0,7.124576406741286e-218,5.343432305055964e-215,1.0,1
2024-05-08,112050.0,114000.0,114500.0,111400.0,118354,190964,112050.0,-850.0,111850.0,0.0,-925.0,0.0,-17943750.0,1.0,7.124576406741286e-218,-6.590233176235689e-215,1.0,1
2024-05-09,111700.0,112500.0,113450.0,110050.0,136072,193390,111700.0,0.0,111500.0,0.0,-175.0,0.0,-18300000.0,1.0,7.124576406741286e-218,-1.2468008711797249e-215,1.0,1
2024-05-10,108350.0,111900.0,112500.0,107200.0,202809,195326,108350.0,550.0,111100.0,0.0,-1675.0,0.0,-18266250.0,1.0,7.124576406741286e-218,-1.1933665481291652e-214,1.0,1
2024-05-13,107100.0,107550.0,108500.0,106000.0,129937,198230,107100.0,2200.0,109750.0,0.0,-625.0,0.0,-16757500.0,1.0,7.124576406741286e-218,-4.4528602542133036e-215,1.0,1
2024-05-14,105000.0,106750.0,108900.0,104000.0,214774,198922,105000.0,1450.0,109250.0,0.0,-1050.0,0.0,-12340000.0,1.0,7.124576406741286e-218,-7.48080522707835e-215,1.0,1
2024-05-15,103000.0,105000.0,105900.0,101650.0,178905,201318,103000.0,2900.0,107750.0,0.0,-1000.0,0.0,-10757500.0,1.0,7.124576406741286e-218,-7.124576406741286e-215,1.0,1
2024-05-16,104000.0,103800.0,104950.0,103150.0,100717,197287,104000.0,3700.0,107000.0,0.0,500.0,0.0,-11825000.0,1.0,7.124576406741286e-218,3.562288203370643e-215,1.0,1
2024-05-17,106450.0,104500.0,107300.0,104500.0,147292,184611,106450.0,900.0,107000.0,0.0,1225.0,0.0,-11410000.0,1.0,7.124576406741286e-218,8.727606098258074e-215,1.0,1
2024-05-20,106000.0,107600.0,108400.0,105400.0,123219,184221,106000.0,550.0,107100.0,0.0,-225.0,0.0,-9711250.0,1.0,7.124576406741286e-218,-1.6030296915167893e-215,1.0,1
2024-05-21,106700.0,106300.0,109450.0,105750.0,186216,178009,106700.0,650.0,106900.0,0.0,350.0,0.0,-9243750.0,1.0,7.124576406741286e-218,2.4936017423594497e-215,1.0,1
2024-05-22,106400.0,107000.0,107900.0,105750.0,93785,180239,106400.0,-350.0,106900.0,0.0,-150.0,0.0,-9698750.0,1.0,7.124576406741286e-218,-1.0686864610111928e-215,1.0,1
2024-05-23,106150.0,105400.0,106500.0,103500.0,120764,173259,106150.0,700.0,106500.0,0.0,-125.0,0.0,-9363750.0,1.0,7.124576406741286e-218,-8.905720508426607e-216,1.0,1
2024-05-24,107600.0,106500.0,107900.0,105900.0,119418,168876,107600.0,-900.0,106500.0,0.0,725.0,0.0,-9800000.0,1.0,7.124576406741286e-218,5.165317894887432e-215,1.0,1
2024-05-27,106200.0,107600.0,108500.0,105500.0,95800,171639,106200.0,-400.0,106500.0,0.0,-700.0,0.0,-11190000.0,1.0,7.124576406741286e-218,-4.987203484718899e-215,1.0,1
2024-05-28,105000.0,107300.0,107750.0,104750.0,114804,170519,105000.0,-500.0,106300.0,0.0,-600.0,0.0,-9850000.0,1.0,7.124576406741286e-218,-4.274745844044771e-215,1.0,1
2024-05-29,105200.0,104850.0,105900.0,103800.0,94508,166699,105200.0,600.0,106200.0,0.0,100.0,0.0,-9850000.0,1.0,7.124576406741286e-218,7.124576406741285e-216,1.0,1
2024-05-30,106000.0,106000.0,107750.0,104900.0,129912,162442,106000.0,-400.0,106000.0,0.0,400.0,0.0,-10670000.0,1.0,7.124576406741286e-218,2.849830562696514e-215,1.0,1
2024-05-31,104850.0,106000.0,107200.0,104200.0,102574,161329,104850.0,-400.0,105900.0,0.0,-575.0,0.0,2220000.0,7.124576406741286e-218,1.0,-575.0,-1.0,1
2024-06-03,102700.0,104000.0,104500.0,101050.0,134238,165260,102700.0,900.0,104900.0,0.0,-1075.0,0.0,5570000.0,7.124576406741286e-218,1.0,-1075.0,-1.0,1
2024-06-04,101850.0,102700.0,103400.0,101400.0,80207,168086,101850.0,950.0,103800.0,0.0,-425.0,0.0,5771250.0,7.124576406741286e-218,1.0,-425.0,-1.0,1
2024-06-05,99800.0,101900.0,102350.0,99250.0,122591,168133,99800.0,1350.0,102000.0,0.0,-1025.0,0.0,8030000.0,7.124576406741286e-218,1.0,-1025.0,-1.0,1
2024-06-06,101150.0,100300.0,101350.0,99300.0,95005,159275,101150.0,1300.0,101400.0,0.0,675.0,0.0,6322500.0,7.124576406741286e-218,1.0,675.0,-1.0,1
2024-06-07,100050.0,102000.0,102350.0,99800.0,92938,154804,100050.0,625.0,101175.0,0.0,-550.0,0.0,4993750.0,7.124576406741286e-218,1.0,-550.0,-1.0,1
2024-06-11,97000.0,100000.0,100300.0,96750.0,104245,152300,97000.0,2100.0,100350.0,0.0,-1525.0,0.0,4577500.0,7.124576406741286e-218,1.0,-1525.0,-1.0,1
2024-06-12,98450.0,97500.0,98500.0,95200.0,143742,140001,98450.0,3950.0,99450.0,0.0,725.0,0.0,1053750.0,7.124576406741286e-218,1.0,725.0,-1.0,1
2024-06-13,97800.0,98200.0,99300.0,96050.0,125979,131634,97800.0,1000.0,99300.0,0.0,-325.0,0.0,-1517500.0,1.0,7.124576406741286e-218,-2.3154873321909178e-215,1.0,1
2024-06-14,96900.0,97800.0,98250.0,96250.0,79212,126620,96900.0,1500.0,98450.0,0.0,-450.0,0.0,-225000.0,1.0,7.124576406741286e-218,-3.2060593830335785e-215,1.0,1
2024-06-17,95800.0,96500.0,97100.0,95500.0,77371,121045,95800.0,1500.0,97600.0,0.0,-550.0,0.0,-955000.0,1.0,7.124576406741286e-218,-3.918517023707707e-215,1.0,1
2024-06-18,92800.0,96500.0,97050.0,92700.0,119713,115233,92800.0,2950.0,97150.0,0.0,-1500.0,0.0,1246250.0,7.124576406741286e-218,1.0,-1500.0,-1.0,1
2024-06-19,94000.0,93350.0,94500.0,92500.0,82575,103750,94000.0,2550.0,95400.0,0.0,600.0,0.0,-396250.0,1.0,7.124576406741286e-218,4.274745844044771e-215,1.0,1
2024-06-20,94400.0,94000.0,94950.0,93400.0,61431,95216,94400.0,1150.0,94850.0,0.0,200.0,0.0,-51250.0,1.0,7.124576406741286e-218,1.424915281348257e-215,1.0,1
2024-06-21,91900.0,94600.0,95550.0,91800.0,89876,87161,91900.0,0.0,94850.0,0.0,-1250.0,0.0,-588750.0,1.0,7.124576406741286e-218,-8.905720508426607e-215,1.0,1
2024-06-24,88550.0,91150.0,92500.0,87650.0,93395,73742,88550.0,3700.0,93150.0,0.0,-1675.0,0.0,3780000.0,7.124576406741286e-218,1.0,-1675.0,-1.0,1
2024-06-25,90250.0,88600.0,90600.0,86000.0,114695,56844,90250.0,4900.0,91800.0,0.0,850.0,0.0,1947500.0,7.124576406741286e-218,1.0,850.0,-1.0,1
2024-06-26,92550.0,91000.0,93600.0,88950.0,119386,40943,92550.0,1700.0,91700.0,0.0,1150.0,0.0,3062500.0,7.124576406741286e-218,1.0,1150.0,-1.0,1
2024-06-27,94600.0,96650.0,96900.0,94300.0,150614,142021,94600.0,-3750.0,91700.0,0.0,1025.0,0.0,5540000.0,7.124576406741286e-218,1.0,1025.0,-1.0,1
2024-06-28,94500.0,94000.0,95500.0,93100.0,176810,151305,94500.0,-2800.0,91500.0,0.0,-50.0,0.0,5357500.0,7.124576406741286e-218,1.0,-50.0,-1.0,1
2024-07-01,95650.0,93800.0,95800.0,91350.0,186860,161162,95650.0,-1800.0,90700.0,0.0,575.0,0.0,5760000.0,7.124576406741286e-218,1.0,575.0,-1.0,1
2024-07-02,94050.0,95400.0,96250.0,93800.0,140825,166674,94050.0,-4050.0,90700.0,0.0,-800.0,0.0,3603750.0,7.124576406741286e-218,1.0,-800.0,-1.0,1
2024-07-03,94550.0,94000.0,95450.0,93100.0,135067,169401,94550.0,-3550.0,90450.0,0.0,250.0,0.0,2290000.0,7.124576406741286e-218,1.0,250.0,-1.0,1
2024-07-04,93950.0,95100.0,96100.0,93650.0,140991,174503,93950.0,-4350.0,90750.0,0.0,-300.0,0.0,1268750.0,7.124576406741286e-218,1.0,-300.0,-1.0,1
2024-07-05,93900.0,93550.0,95150.0,92200.0,143190,168777,93900.0,-3100.0,90550.0,0.0,-25.0,0.0,2667500.0,7.124576406741286e-218,1.0,-25.0,-1.0,1
2024-07-08,93650.0,94200.0,95150.0,93200.0,129708,173942,93650.0,-3800.0,90550.0,0.0,-125.0,0.0,3416250.0,7.124576406741286e-218,1.0,-125.0,-1.0,1
2024-07-09,94150.0,93450.0,94800.0,92850.0,131239,170658,94150.0,-3100.0,90450.0,0.0,250.0,0.0,1676250.0,7.124576406741286e-218,1.0,250.0,-1.0,1
2024-07-10,91800.0,93900.0,94400.0,91600.0,149171,176216,91800.0,-3750.0,90350.0,0.0,-1175.0,0.0,3300000.0,7.124576406741286e-218,1.0,-1175.0,-1.0,1
2024-07-11,92500.0,92000.0,92900.0,90300.0,155537,169488,92500.0,-2200.0,89850.0,0.0,350.0,0.0,2948750.0,7.124576406741286e-218,1.0,350.0,-1.0,1
2024-07-12,91350.0,92500.0,93000.0,91000.0,95103,170948,91350.0,-2200.0,89750.0,0.0,-575.0,0.0,2253750.0,7.124576406741286e-218,1.0,-575.0,-1.0,1
2024-07-15,87950.0,90800.0,91450.0,87950.0,163344,186340,87950.0,-800.0,89450.0,0.0,-1700.0,0.0,3713750.0,7.124576406741286e-218,1.0,-1700.0,-1.0,1
2024-07-16,88800.0,87900.0,89300.0,87100.0,139709,183897,88800.0,-300.0,87950.0,0.0,425.0,0.0,618750.0,7.124576406741286e-218,1.0,425.0,-1.0,1
2024-07-17,86850.0,89000.0,89500.0,86800.0,122188,189619,86850.0,-750.0,87350.0,0.0,-975.0,0.0,1590000.0,7.124576406741286e-218,1.0,-975.0,-1.0,1
2024-07-18,87950.0,86500.0,88800.0,86450.0,116472,188020,87950.0,-650.0,86450.0,0.0,550.0,0.0,277500.0,7.124576406741286e-218,1.0,550.0,-1.0,1
2024-07-19,89800.0,87500.0,90550.0,87300.0,227163,188958,89800.0,-1200.0,86400.0,0.0,925.0,0.0,1795000.0,7.124576406741286e-218,1.0,925.0,-1.0,1
2024-07-22,88950.0,88900.0,89450.0,88200.0,103539,189656,88950.0,-2100.0,86350.0,0.0,-425.0,0.0,-3178750.0,1.0,7.124576406741286e-218,-3.0279449728650466e-215,1.0,1
2024-07-23,87900.0,88850.0,90350.0,87500.0,142439,186336,87900.0,-3150.0,86350.0,0.0,-525.0,0.0,115000.0,7.124576406741286e-218,1.0,-525.0,-1.0,1
2024-07-24,86900.0,88250.0,88500.0,86500.0,131926,188091,86900.0,-900.0,85900.0,0.0,-500.0,0.0,-1315000.0,1.0,7.124576406741286e-218,-3.562288203370643e-215,1.0,1
2024-07-25,87050.0,86300.0,87350.0,85000.0,141988,188050,87050.0,-1100.0,84850.0,0.0,75.0,0.0,-3747500.0,1.0,7.124576406741286e-218,5.343432305055964e-216,1.0,1
2024-07-26,85850.0,87800.0,88300.0,85850.0,117347,193373,85850.0,-2050.0,84850.0,0.0,-600.0,0.0,-3735000.0,1.0,7.124576406741286e-218,-4.274745844044771e-215,1.0,1
2024-07-29,83400.0,85750.0,86450.0,83200.0,162135,207937,83400.0,-1150.0,84250.0,0.0,-1225.0,0.0,-2207500.0,1.0,7.124576406741286e-218,-8.727606098258074e-215,1.0,1
2024-07-30,81150.0,83650.0,84000.0,80700.0,181988,215920,81150.0,350.0,82400.0,0.0,-1125.0,0.0,1468750.0,7.124576406741286e-218,1.0,-1125.0,-1.0,1
2024-07-31,82700.0,82000.0,84100.0,81800.0,191801,209232,82700.0,-200.0,82000.0,0.0,775.0,0.0,125000.0,7.124576406741286e-218,1.0,775.0,-1.0,1
2024-08-01,80850.0,83200.0,83900.0,80450.0,172722,222825,80850.0,-50.0,81700.0,0.0,-925.0,0.0,-1158750.0,1.0,7.124576406741286e-218,-6.590233176235689e-215,1.0,1
2024-08-02,81000.0,80200.0,82150.0,79600.0,179822,215611,81000.0,400.0,80800.0,0.0,75.0,0.0,-1312500.0,1.0,7.124576406741286e-218,5.343432305055964e-216,1.0,1
2024-08-05,81500.0,80200.0,82450.0,80000.0,161386,210593,81500.0,0.0,80500.0,0.0,250.0,0.0,-1281250.0,1.0,7.124576406741286e-218,1.7811441016853215e-215,1.0,1
2024-08-06,81250.0,82000.0,82200.0,80900.0,112245,207139,81250.0,-1200.0,80500.0,0.0,-125.0,0.0,-1281250.0,1.0,7.124576406741286e-218,-8.905720508426607e-216,1.0,1
2024-08-07,80300.0,81850.0,81850.0,80100.0,90947,209655,80300.0,-500.0,80400.0,0.0,-475.0,0.0,-575000.0,1.0,7.124576406741286e-218,-3.3841737932021105e-215,1.0,1
2024-08-08,78500.0,80600.0,80600.0,78400.0,137278,219537,78500.0,700.0,80250.0,0.0,-900.0,0.0,1102500.0,7.124576406741286e-218,1.0,-900.0,-1.0,1
2024-08-09,77550.0,79100.0,79800.0,77500.0,150525,221881,77550.0,1050.0,80250.0,0.0,-475.0,0.0,2360000.0,7.124576406741286e-218,1.0,-475.0,-1.0,1
2024-08-12,76000.0,77950.0,78000.0,75900.0,112956,230478,76000.0,850.0,78150.0,0.0,-775.0,0.0,1141250.0,7.124576406741286e-218,1.0,-775.0,-1.0,1
2024-08-13,77000.0,76100.0,77800.0,75500.0,198114,221774,77000.0,1100.0,78050.0,0.0,500.0,0.0,1811250.0,7.124576406741286e-218,1.0,500.0,-1.0,1
2024-08-14,73450.0,76800.0,77100.0,72800.0,216635,230303,73450.0,1550.0,77450.0,0.0,-1775.0,0.0,865000.0,7.124576406741286e-218,1.0,-1775.0,-1.0,1
2024-08-15,72400.0,73600.0,73700.0,71800.0,212442,229864,72400.0,2050.0,75350.0,0.0,-525.0,0.0,3801250.0,7.124576406741286e-218,1.0,-525.0,-1.0,1
2024-08-16,72950.0,73200.0,74250.0,72400.0,179002,225197,72950.0,1350.0,75200.0,0.0,275.0,0.0,2495000.0,7.124576406741286e-218,1.0,275.0,-1.0,1
2024-08-19,73400.0,73350.0,73800.0,71700.0,173315,226887,73400.0,1750.0,74700.0,0.0,225.0,0.0,3405000.0,7.124576406741286e-218,1.0,225.0,-1.0,1
2024-08-20,75000.0,73400.0,75100.0,73100.0,155457,227057,75000.0,800.0,74700.0,0.0,800.0,0.0,3318750.0,7.124576406741286e-218,1.0,800.0,-1.0,1
2024-08-21,77900.0,75500.0,78800.0,74250.0,311907,224646,77900.0,-150.0,74850.0,0.0,1450.0,0.0,5113750.0,7.124576406741286e-218,1.0,1450.0,-1.0,1
2024-08-22,75450.0,77450.0,77950.0,75000.0,271095,220587,75450.0,-1270.0,74880.0,0.0,-1225.0,0.0,1636250.0,7.124576406741286e-218,1.0,-1225.0,-1.0,1
2024-08-23,73350.0,75250.0,75550.0,73100.0,184257,217889,73350.0,-250.0,74250.0,0.0,-1050.0,0.0,4298750.0,7.124576406741286e-218,1.0,-1050.0,-1.0,1
2024-08-26,74350.0,74000.0,75000.0,73350.0,183293,221357,74350.0,100.0,74200.0,0.0,500.0,0.0,1778750.0,7.124576406741286e-218,1.0,500.0,-1.0,1
2024-08-27,76150.0,74600.0,76850.0,74350.0,224363,222639,76150.0,-650.0,74300.0,0.0,900.0,0.0,-77500.0,1.0,7.124576406741286e-218,6.412118766067157e-215,1.0,1
2024-08-28,75750.0,76000.0,76600.0,74300.0,202705,227100,75750.0,-700.0,74250.0,0.0,-200.0,0.0,1306250.0,7.124576406741286e-218,1.0,-200.0,-1.0,1
2024-08-29,76850.0,75950.0,78100.0,74700.0,269825,236888,76850.0,-1350.0,74250.0,0.0,550.0,0.0,2520000.0,7.124576406741286e-218,1.0,550.0,-1.0,1
2024-08-30,78900.0,76850.0,79350.0,76550.0,288902,232278,78900.0,-3400.0,74600.0,0.0,1025.0,0.0,3786250.0,7.124576406741286e-218,1.0,1025.0,-1.0,1
2024-09-02,75200.0,78250.0,78400.0,74550.0,291828,229216,75200.0,-2900.0,74650.0,0.0,-1850.0,0.0,-43750.0,1.0,7.124576406741286e-218,-1.3180466352471378e-214,1.0,1
2024-09-03,74900.0,75300.0,75600.0,73650.0,206102,233484,74900.0,-800.0,74050.0,0.0,-150.0,0.0,573750.0,7.124576406741286e-218,1.0,-150.0,-1.0,1
2024-09-04,73600.0,74050.0,74900.0,73200.0,197297,234032,73600.0,350.0,73850.0,0.0,-650.0,0.0,650000.0,7.124576406741286e-218,1.0,-650.0,-1.0,1
2024-09-05,70750.0,73500.0,73750.0,70300.0,251520,245150,70750.0,1250.0,73500.0,0.0,-1425.0,0.0,1647500.0,7.124576406741286e-218,1.0,-1425.0,-1.0,1
2024-09-06,71200.0,71600.0,72450.0,69700.0,245768,239300,71200.0,2100.0,72600.0,0.0,225.0,0.0,151250.0,7.124576406741286e-218,1.0,225.0,-1.0,1
2024-09-09,73150.0,70300.0,73150.0,70150.0,214357,234926,73150.0,850.0,72250.0,0.0,975.0,0.0,-146250.0,1.0,7.124576406741286e-218,6.946461996572754e-215,1.0,1
2024-09-10,72150.0,73200.0,73800.0,71700.0,196239,236989,72150.0,-300.0,72450.0,0.0,-500.0,0.0,-346250.0,1.0,7.124576406741286e-218,-3.562288203370643e-215,1.0,1
2024-09-11,78450.0,72900.0,79300.0,72900.0,577307,254596,78450.0,-3300.0,73400.0,0.0,3150.0,0.0,-1721250.0,1.0,7.124576406741286e-218,2.244241568123505e-214,1.0,1
2024-09-12,76950.0,79600.0,79800.0,75350.0,408382,246549,76950.0,-2500.0,73800.0,0.0,-750.0,0.0,-8310000.0,1.0,7.124576406741286e-218,-5.343432305055964e-215,1.0,1
2024-09-13,77550.0,77800.0,78250.0,76200.0,260115,239306,77550.0,-2650.0,74300.0,0.0,300.0,0.0,-8471250.0,1.0,7.124576406741286e-218,2.1373729220223856e-215,1.0,1
2024-09-18,75300.0,77550.0,77700.0,74550.0,219265,231645,75300.0,-1400.0,74300.0,0.0,-1125.0,0.0,-9270000.0,1.0,7.124576406741286e-218,-8.015148457583947e-215,1.0,1
2024-09-19,75700.0,75500.0,76700.0,73700.0,244398,226801,75700.0,-1200.0,74050.0,0.0,200.0,0.0,-10080000.0,1.0,7.124576406741286e-218,1.424915281348257e-215,1.0,1
2024-09-20,75300.0,76250.0,76400.0,74200.0,193963,225720,75300.0,-1200.0,74200.0,0.0,-200.0,0.0,-12480000.0,1.0,7.124576406741286e-218,-1.424915281348257e-215,1.0,1
2024-09-23,74850.0,74800.0,76800.0,73200.0,258432,221399,74850.0,-350.0,74000.0,0.0,-225.0,0.0,-8837500.0,1.0,7.124576406741286e-218,-1.6030296915167893e-215,1.0,1
2024-09-24,76800.0,75150.0,77400.0,74550.0,235393,231192,76800.0,-1250.0,74200.0,0.0,975.0,0.0,-11848750.0,1.0,7.124576406741286e-218,6.946461996572754e-215,1.0,1
2024-09-25,76250.0,78100.0,80550.0,75700.0,324539,240716,76250.0,-3050.0,75100.0,0.0,-275.0,0.0,-11335000.0,1.0,7.124576406741286e-218,-1.9592585118538534e-215,1.0,1
2024-09-26,77050.0,76250.0,77300.0,75350.0,208282,222721,77050.0,-1350.0,75050.0,0.0,400.0,0.0,-12455000.0,1.0,7.124576406741286e-218,2.849830562696514e-215,1.0,1
2024-09-27,76950.0,77950.0,79100.0,76200.0,285188,222019,76950.0,-2600.0,75550.0,0.0,-50.0,0.0,-12135000.0,1.0,7.124576406741286e-218,-3.5622882033706427e-216,1.0,1
2024-09-30,79750.0,79350.0,81000.0,77550.0,346154,217601,79750.0,-2900.0,75650.0,0.0,1400.0,0.0,-12055000.0,1.0,7.124576406741286e-218,9.974406969437799e-215,1.0,1
2024-10-08,76650.0,81500.0,84800.0,76500.0,381012,211822,76650.0,-3650.0,77250.0,0.0,-1550.0,0.0,-17522500.0,1.0,7.124576406741286e-218,-1.1043093430448993e-214,1.0,1
2024-10-09,76400.0,76200.0,77750.0,75600.0,176135,210574,76400.0,400.0,77000.0,0.0,-125.0,0.0,-13342500.0,1.0,7.124576406741286e-218,-8.905720508426607e-216,1.0,1
2024-10-10,73700.0,76800.0,78000.0,73600.0,219356,211131,73700.0,600.0,76950.0,0.0,-1350.0,0.0,-13560000.0,1.0,7.124576406741286e-218,-9.618178149100735e-215,1.0,1
2024-10-11,73900.0,74700.0,74800.0,72750.0,192245,198642,73900.0,2550.0,76450.0,0.0,100.0,0.0,-14025000.0,1.0,7.124576406741286e-218,7.124576406741285e-216,1.0,1
2024-10-14,73100.0,74600.0,75150.0,72900.0,179620,199837,73100.0,2500.0,75850.0,0.0,-400.0,0.0,-15957500.0,1.0,7.124576406741286e-218,-2.849830562696514e-215,1.0,1
2024-10-15,73400.0,73100.0,73900.0,72600.0,120400,186900,73400.0,1900.0,75600.0,0.0,150.0,0.0,-15436250.0,1.0,7.124576406741286e-218,1.0686864610111928e-215,1.0,1
2024-10-16,71150.0,73700.0,73700.0,71050.0,133323,188680,71150.0,2950.0,75400.0,0.0,-1125.0,0.0,-16212500.0,1.0,7.124576406741286e-218,-8.015148457583947e-215,1.0,1
2024-10-17,68600.0,71250.0,71900.0,68350.0,146283,181603,68600.0,3650.0,74700.0,0.0,-1275.0,0.0,-12368750.0,1.0,7.124576406741286e-218,-9.083834918595139e-215,1.0,1
2024-10-18,70650.0,69000.0,71950.0,68250.0,190861,160820,70650.0,4850.0,73650.0,0.0,1025.0,0.0,-11832500.0,1.0,7.124576406741286e-218,7.302690816909818e-215,1.0,1
2024-10-21,72450.0,74050.0,74750.0,72150.0,205476,194121,72450.0,-50.0,73500.0,0.0,900.0,0.0,-5262500.0,1.0,7.124576406741286e-218,6.412118766067157e-215,1.0,1
2024-10-22,73750.0,72100.0,74250.0,71300.0,247983,207436,73750.0,600.0,73350.0,0.0,650.0,0.0,-3642500.0,1.0,7.124576406741286e-218,4.6309746643818356e-215,1.0,1
2024-10-23,75250.0,74000.0,75300.0,73650.0,284815,216843,75250.0,-1000.0,73650.0,0.0,750.0,0.0,-1992500.0,1.0,7.124576406741286e-218,5.343432305055964e-215,1.0,1
2024-10-24,74200.0,75600.0,76000.0,73200.0,243251,221888,74200.0,-300.0,73300.0,0.0,-525.0,0.0,-2330000.0,1.0,7.124576406741286e-218,-3.740402613539175e-215,1.0,1
2024-10-25,74700.0,74400.0,75550.0,74300.0,239203,231011,74700.0,-1900.0,73300.0,0.0,250.0,0.0,-2512500.0,1.0,7.124576406741286e-218,1.7811441016853215e-215,1.0,1
2024-10-28,76600.0,75250.0,77350.0,75000.0,305171,226101,76600.0,-2750.0,73600.0,0.0,950.0,0.0,-2127500.0,1.0,7.124576406741286e-218,6.768347586404221e-215,1.0,1
2024-10-29,74900.0,76500.0,76800.0,74650.0,227520,224862,74900.0,-2250.0,74050.0,0.0,-850.0,0.0,-3303750.0,1.0,7.124576406741286e-218,-6.055889945730093e-215,1.0,1
2024-10-30,73850.0,74500.0,74850.0,72950.0,228437,223987,73850.0,-250.0,73850.0,0.0,-525.0,0.0,-1875000.0,1.0,7.124576406741286e-218,-3.740402613539175e-215,1.0,1
2024-10-31,74850.0,74150.0,75450.0,73550.0,259776,235041,74850.0,-450.0,73700.0,0.0,500.0,0.0,-2180000.0,1.0,7.124576406741286e-218,3.562288203370643e-215,1.0,1
2024-11-01,76500.0,74500.0,78000.0,74200.0,405968,232925,76500.0,-1650.0,73850.0,0.0,825.0,0.0,-1315000.0,1.0,7.124576406741286e-218,5.87777553556156e-215,1.0,1
2024-11-04,77250.0,76350.0,77600.0,76050.0,245618,235708,77250.0,-2250.0,74600.0,0.0,375.0,0.0,-556250.0,1.0,7.124576406741286e-218,2.671716152527982e-215,1.0,1
2024-11-05,77350.0,77050.0,78300.0,76650.0,312156,235236,77350.0,-3150.0,74950.0,0.0,50.0,0.0,3821250.0,7.124576406741286e-218,1.0,50.0,-1.0,1
2024-11-06,75900.0,77500.0,77500.0,74750.0,317572,226178,75900.0,-1850.0,74950.0,0.0,-725.0,0.0,3361250.0,7.124576406741286e-218,1.0,-725.0,-1.0,1
2024-11-07,76850.0,75800.0,77150.0,75400.0,195694,231268,76850.0,-1400.0,74950.0,0.0,475.0,0.0,2335000.0,7.124576406741286e-218,1.0,475.0,-1.0,1
2024-11-08,76400.0,77250.0,78950.0,76350.0,312254,229434,76400.0,-2350.0,75400.0,0.0,-225.0,0.0,2391250.0,7.124576406741286e-218,1.0,-225.0,-1.0,1
2024-11-11,80950.0,76300.0,81050.0,75550.0,388079,273799,80950.0,-2500.0,75500.0,0.0,2275.0,0.0,1447500.0,7.124576406741286e-218,1.0,2275.0,-1.0,1
2024-11-12,81150.0,80950.0,82500.0,80150.0,492812,285848,81150.0,-4400.0,76700.0,0.0,100.0,0.0,2022500.0,7.124576406741286e-218,1.0,100.0,-1.0,1
2024-11-13,86500.0,82000.0,87100.0,81700.0,664882,322905,86500.0,-5450.0,78200.0,0.0,2675.0,0.0,2895000.0,7.124576406741286e-218,1.0,2675.0,-1.0,1
2024-11-14,81000.0,86500.0,87600.0,80500.0,855078,293494,81000.0,-6350.0,78950.0,0.0,-2750.0,0.0,-14686250.0,1.0,7.124576406741286e-218,-1.9592585118538534e-214,1.0,1
2024-11-15,78300.0,80800.0,81300.0,77850.0,545274,276214,78300.0,-1500.0,78700.0,0.0,-1350.0,0.0,-4647500.0,1.0,7.124576406741286e-218,-9.618178149100735e-215,1.0,1
2024-11-18,80950.0,78300.0,81200.0,77900.0,409956,276906,80950.0,-1050.0,78450.0,0.0,1325.0,0.0,-10070000.0,1.0,7.124576406741286e-218,9.440063738932203e-215,1.0,1
2024-11-19,82650.0,81100.0,83550.0,80250.0,554888,285988,82650.0,-2250.0,78750.0,0.0,850.0,0.0,-8987500.0,1.0,7.124576406741286e-218,6.055889945730093e-215,1.0,1
2024-11-20,82700.0,82650.0,83650.0,81050.0,527957,284814,82700.0,-3750.0,79050.0,0.0,25.0,0.0,-9920000.0,1.0,7.124576406741286e-218,1.7811441016853213e-216,1.0,1
2024-11-21,81950.0,82700.0,84250.0,81600.0,429649,277950,81950.0,-3650.0,79400.0,0.0,-375.0,0.0,-9151250.0,1.0,7.124576406741286e-218,-2.671716152527982e-215,1.0,1
2024-11-22,79500.0,81250.0,81500.0,79000.0,392064,267851,79500.0,-1700.0,79100.0,0.0,-1225.0,0.0,-7970000.0,1.0,7.124576406741286e-218,-8.727606098258074e-215,1.0,1
2024-11-25,80350.0,80600.0,81300.0,79600.0,306997,260097,80350.0,-1750.0,79100.0,0.0,425.0,0.0,-9486250.0,1.0,7.124576406741286e-218,3.0279449728650466e-215,1.0,1
2024-11-26,78650.0,80600.0,80800.0,78000.0,328510,255424,78650.0,-1100.0,78900.0,0.0,-850.0,0.0,-8593750.0,1.0,7.124576406741286e-218,-6.055889945730093e-215,1.0,1
2024-11-27,78500.0,79100.0,79300.0,78250.0,211268,246898,78500.0,-100.0,78600.0,0.0,-75.0,0.0,-9358750.0,1.0,7.124576406741286e-218,-5.343432305055964e-216,1.0,1
2024-11-28,78500.0,78150.0,79100.0,76850.0,309750,242286,78500.0,500.0,78200.0,0.0,0.0,0.0,-8833750.0,1.0,7.124576406741286e-218,0.0,1.0,1
2024-11-29,78550.0,78400.0,79750.0,77900.0,280300,240854,78550.0,-800.0,78200.0,0.0,25.0,0.0,-9658750.0,1.0,7.124576406741286e-218,1.7811441016853213e-216,1.0,1
2024-12-02,78300.0,78500.0,79350.0,77800.0,189618,239434,78300.0,-500.0,78400.0,0.0,-125.0,0.0,-10283750.0,1.0,7.124576406741286e-218,-8.905720508426607e-216,1.0,1
2024-12-03,78000.0,78750.0,79200.0,77500.0,206936,230115,78000.0,-350.0,78250.0,0.0,-150.0,0.0,-10283750.0,1.0,7.124576406741286e-218,-1.0686864610111928e-215,1.0,1
2024-12-04,76300.0,78150.0,78950.0,76250.0,247401,217701,76300.0,1000.0,78100.0,0.0,-850.0,0.0,-9956250.0,1.0,7.124576406741286e-218,-6.055889945730093e-215,1.0,1
2024-12-05,76500.0,76600.0,76900.0,75900.0,160190,207470,76500.0,950.0,77100.0,0.0,100.0,0.0,-9437500.0,1.0,7.124576406741286e-218,7.124576406741285e-216,1.0,1
2024-12-06,76650.0,76600.0,77350.0,75850.0,179142,197237,76650.0,550.0,76900.0,0.0,75.0,0.0,-9208750.0,1.0,7.124576406741286e-218,5.343432305055964e-216,1.0,1
2024-12-09,76800.0,76200.0,77150.0,75250.0,164371,187549,76800.0,500.0,76500.0,0.0,75.0,0.0,-8173750.0,1.0,7.124576406741286e-218,5.343432305055964e-216,1.0,1
2024-12-10,76600.0,78200.0,78750.0,76250.0,209280,178957,76600.0,-850.0,76650.0,0.0,-100.0,0.0,-8643750.0,1.0,7.124576406741286e-218,-7.124576406741285e-216,1.0,1
2024-12-11,76650.0,76450.0,77050.0,76250.0,108000,168290,76650.0,-100.0,76550.0,0.0,25.0,0.0,-9183750.0,1.0,7.124576406741286e-218,1.7811441016853213e-216,1.0,1
2024-12-12,77050.0,76750.0,77600.0,76050.0,121926,159582,77050.0,-650.0,76550.0,0.0,200.0,0.0,5538750.0,7.124576406741286e-218,1.0,200.0,-1.0,1
2024-12-13,75800.0,76950.0,76950.0,75800.0,112445,147208,75800.0,400.0,76400.0,0.0,-625.0,0.0,-2136250.0,1.0,7.124576406741286e-218,-4.4528602542133036e-215,1.0,1
2024-12-16,76000.0,75600.0,76400.0,75000.0,109461,137204,76000.0,850.0,76000.0,0.0,100.0,0.0,1316250.0,7.124576406741286e-218,1.0,100.0,-1.0,1
2024-12-17,75200.0,76100.0,76100.0,74750.0,89440,125218,75200.0,750.0,75900.0,0.0,-400.0,0.0,-1016250.0,1.0,7.124576406741286e-218,-2.849830562696514e-215,1.0,1
2024-12-18,74360.0,75820.0,75820.0,74300.0,102598,113130,74360.0,870.0,75850.0,0.0,-420.0,0.0,-722750.0,1.0,7.124576406741286e-218,-2.99232209083134e-215,1.0,1
2024-12-19,73920.0,74020.0,74400.0,73760.0,76096,101059,73920.0,1420.0,75500.0,0.0,-220.0,0.0,-519200.0,1.0,7.124576406741286e-218,-1.5674068094830828e-215,1.0,1
2024-12-20,77880.0,76680.0,77980.0,76500.0,116409,144633,77880.0,-2030.0,75550.0,0.0,1980.0,0.0,-2309150.0,1.0,7.124576406741286e-218,1.4106661285347746e-214,1.0,1
2024-12-23,77180.0,77660.0,78100.0,77000.0,106661,151398,77180.0,-1870.0,75550.0,0.0,-350.0,0.0,-2653900.0,1.0,7.124576406741286e-218,-2.4936017423594497e-215,1.0,1
2024-12-24,78200.0,77000.0,78460.0,77000.0,112681,160753,78200.0,-2240.0,75600.0,0.0,510.0,0.0,-2288400.0,1.0,7.124576406741286e-218,3.6335339674380554e-215,1.0,1
2024-12-25,77500.0,78000.0,78100.0,77140.0,118205,163546,77500.0,-1740.0,75600.0,0.0,-350.0,0.0,-2772900.0,1.0,7.124576406741286e-218,-2.4936017423594497e-215,1.0,1
2024-12-26,77520.0,77600.0,77960.0,77280.0,92560,163310,77520.0,-2040.0,75600.0,0.0,10.0,0.0,-2779900.0,1.0,7.124576406741286e-218,7.124576406741285e-217,1.0,1
2024-12-27,76500.0,77620.0,78120.0,76500.0,122618,171752,76500.0,-1950.0,75550.0,0.0,-510.0,0.0,-2790100.0,1.0,7.124576406741286e-218,-3.6335339674380554e-215,1.0,1
2024-12-30,78320.0,76500.0,78800.0,75940.0,264996,181438,78320.0,-1310.0,75050.0,0.0,910.0,0.0,-3712050.0,1.0,7.124576406741286e-218,6.48336453013457e-215,1.0,1
2024-12-31,77100.0,78020.0,78200.0,76680.0,161748,183715,77100.0,1410.0,75050.0,0.0,-610.0,0.0,-4859750.0,1.0,7.124576406741286e-218,-4.345991608112184e-215,1.0,1
2025-01-02,77800.0,77120.0,78580.0,77120.0,163323,183460,77800.0,-2640.0,75100.0,0.0,350.0,0.0,-5541750.0,1.0,7.124576406741286e-218,2.4936017423594497e-215,1.0,1
2025-01-03,76380.0,77560.0,77720.0,76000.0,188527,188017,76380.0,-1280.0,74900.0,0.0,-710.0,0.0,-5868750.0,1.0,7.124576406741286e-218,-5.058449248786312e-215,1.0,1
2025-01-06,77660.0,76680.0,79340.0,76600.0,298136,183347,77660.0,-2800.0,75600.0,0.0,640.0,0.0,-6792550.0,1.0,7.124576406741286e-218,4.5597289003144226e-215,1.0,1
2025-01-07,78820.0,77860.0,79700.0,77000.0,262723,204995,78820.0,-2090.0,75450.0,0.0,580.0,0.0,-6061400.0,1.0,7.124576406741286e-218,4.1322543159099457e-215,1.0,1
2025-01-08,77180.0,78920.0,79000.0,77080.0,202254,195768,77180.0,-3060.0,75500.0,0.0,-820.0,0.0,-6997600.0,1.0,7.124576406741286e-218,-5.842152653527854e-215,1.0,1
2025-01-09,78240.0,77400.0,78560.0,77220.0,162495,198644,78240.0,-2300.0,75500.0,0.0,530.0,0.0,-7861800.0,1.0,7.124576406741286e-218,3.7760254955728813e-215,1.0,1
2025-01-10,77920.0,78000.0,78420.0,77260.0,148488,197891,77920.0,-1880.0,75700.0,0.0,-160.0,0.0,-8041400.0,1.0,7.124576406741286e-218,-1.1399322250786057e-215,1.0,1
2025-01-13,78760.0,78520.0,79320.0,78000.0,201942,201358,78760.0,-2690.0,75950.0,0.0,420.0,0.0,-7925800.0,1.0,7.124576406741286e-218,2.99232209083134e-215,1.0,1
2025-01-14,79100.0,78740.0,79940.0,78500.0,204887,219211,79100.0,-2750.0,76350.0,0.0,170.0,0.0,-7658000.0,1.0,7.124576406741286e-218,1.2111779891460186e-215,1.0,1
2025-01-15,80260.0,78880.0,81380.0,78600.0,320628,243381,80260.0,-3890.0,77050.0,0.0,580.0,0.0,-7380800.0,1.0,7.124576406741286e-218,4.1322543159099457e-215,1.0,1
2025-01-16,79860.0,80500.0,80940.0,79280.0,174290,237300,79860.0,-2050.0,77350.0,0.0,-200.0,0.0,-7948800.0,1.0,7.124576406741286e-218,-1.424915281348257e-215,1.0,1
2025-01-17,80740.0,80500.0,81260.0,80100.0,235115,244609,80740.0,-2990.0,77850.0,0.0,440.0,0.0,-8309600.0,1.0,7.124576406741286e-218,3.1348136189661655e-215,1.0,1
2025-01-20,80720.0,80900.0,81680.0,79500.0,244998,248620,80720.0,-1950.0,77850.0,0.0,-10.0,0.0,-7447200.0,1.0,7.124576406741286e-218,-7.124576406741285e-217,1.0,1
2025-01-21,78520.0,81000.0,81120.0,77360.0,312684,241515,78520.0,-2400.0,77900.0,0.0,-1100.0,0.0,-6039200.0,1.0,7.124576406741286e-218,-7.837034047415414e-215,1.0,1
2025-01-22,79200.0,78520.0,79420.0,78500.0,134231,234572,79200.0,-1250.0,77850.0,0.0,340.0,0.0,-6430200.0,1.0,7.124576406741286e-218,2.4223559782920373e-215,1.0,1
2025-01-23,79580.0,79120.0,79840.0,79100.0,126404,231918,79580.0,-1700.0,77900.0,0.0,190.0,0.0,-5944000.0,1.0,7.124576406741286e-218,1.3536695172808443e-215,1.0,1
2025-01-24,79580.0,79520.0,79920.0,78880.0,104125,224092,79580.0,-1640.0,77900.0,0.0,0.0,0.0,-5937000.0,1.0,7.124576406741286e-218,0.0,1.0,1
2025-01-27,79620.0,79480.0,80080.0,78660.0,135203,222388,79620.0,-1040.0,77800.0,0.0,20.0,0.0,-5926800.0,1.0,7.124576406741286e-218,1.424915281348257e-216,1.0,1
2025-02-05,78120.0,78740.0,79320.0,77840.0,150292,232614,78120.0,-590.0,77650.0,0.0,-750.0,0.0,-5028600.0,1.0,7.124576406741286e-218,-5.343432305055964e-215,1.0,1
2025-02-06,77500.0,78120.0,78400.0,77200.0,159155,245868,77500.0,-140.0,77300.0,0.0,-310.0,0.0,-3453400.0,1.0,7.124576406741286e-218,-2.2086186860897986e-215,1.0,1
2025-02-07,77800.0,77500.0,78640.0,77500.0,154686,237903,77800.0,-760.0,77300.0,0.0,150.0,0.0,-3119400.0,1.0,7.124576406741286e-218,1.0686864610111928e-215,1.0,1
2025-02-10,78600.0,77600.0,79460.0,77260.0,199973,238359,78600.0,-750.0,77150.0,0.0,400.0,0.0,-2502400.0,1.0,7.124576406741286e-218,2.849830562696514e-215,1.0,1
2025-02-11,77300.0,78300.0,78480.0,77060.0,165731,243842,77300.0,-790.0,76650.0,0.0,-650.0,0.0,-2113600.0,1.0,7.124576406741286e-218,-4.6309746643818356e-215,1.0,1
2025-02-12,77500.0,77300.0,78080.0,77300.0,121343,246602,77500.0,-930.0,76550.0,0.0,100.0,0.0,-2986000.0,1.0,7.124576406741286e-218,7.124576406741285e-216,1.0,1
2025-02-13,77300.0,77300.0,77940.0,77100.0,134408,248595,77300.0,-910.0,76450.0,0.0,-100.0,0.0,-2054800.0,1.0,7.124576406741286e-218,-7.124576406741285e-216,1.0,1
2025-02-14,76780.0,77200.0,77500.0,76660.0,153612,255409,76780.0,-730.0,76250.0,0.0,-260.0,0.0,-1133600.0,1.0,7.124576406741286e-218,-1.8523898657527342e-215,1.0,1
2025-02-17,77160.0,76600.0,77480.0,76380.0,120500,248480,77160.0,-740.0,76100.0,0.0,190.0,0.0,-1062800.0,1.0,7.124576406741286e-218,1.3536695172808443e-215,1.0,1
2025-02-18,77060.0,77420.0,77600.0,76800.0,93893,247338,77060.0,-970.0,76150.0,0.0,-50.0,0.0,-947400.0,1.0,7.124576406741286e-218,-3.5622882033706427e-216,1.0,1
2025-02-19,77300.0,77260.0,77800.0,77140.0,111053,245775,77300.0,-1350.0,76250.0,0.0,120.0,0.0,-1102200.0,1.0,7.124576406741286e-218,8.549491688089542e-216,1.0,1
2025-02-20,77180.0,77300.0,77640.0,77020.0,110015,243976,77180.0,-1060.0,76220.0,0.0,-60.0,0.0,-1313800.0,1.0,7.124576406741286e-218,-4.274745844044771e-216,1.0,1
2025-02-21,76620.0,77020.0,77240.0,76600.0,134313,256680,76620.0,-930.0,76150.0,0.0,-280.0,0.0,-1048200.0,1.0,7.124576406741286e-218,-1.99488139388756e-215,1.0,1
2025-02-24,76720.0,76700.0,76840.0,76160.0,101856,258484,76720.0,-590.0,75850.0,0.0,50.0,0.0,-900200.0,1.0,7.124576406741286e-218,3.5622882033706427e-216,1.0,1
2025-02-25,76640.0,76720.0,77300.0,76460.0,120547,249202,76640.0,-1040.0,75900.0,0.0,-40.0,0.0,-895400.0,1.0,7.124576406741286e-218,-2.849830562696514e-216,1.0,1
2025-02-26,76000.0,76500.0,76800.0,75760.0,148872,264594,76000.0,-570.0,75750.0,0.0,-320.0,0.0,-891800.0,1.0,7.124576406741286e-218,-2.2798644501572113e-215,1.0,1
2025-02-27,76140.0,75960.0,76480.0,75600.0,114673,261406,76140.0,-550.0,75350.0,0.0,70.0,0.0,-188600.0,1.0,7.124576406741286e-218,4.9872034847189e-216,1.0,1
2025-02-28,75200.0,75900.0,76040.0,75120.0,134136,281269,75200.0,-640.0,75200.0,0.0,-470.0,0.0,-383600.0,1.0,7.124576406741286e-218,-3.348550911168404e-215,1.0,1
2025-03-03,75400.0,75100.0,75800.0,75100.0,104059,276007,75400.0,-560.0,75100.0,0.0,100.0,0.0,-477600.0,1.0,7.124576406741286e-218,7.124576406741285e-216,1.0,1
2025-03-04,75260.0,75300.0,75540.0,75160.0,91783,273492,75260.0,-290.0,74950.0,0.0,-70.0,0.0,-491600.0,1.0,7.124576406741286e-218,-4.9872034847189e-216,1.0,1
2025-03-05,75340.0,75320.0,75600.0,75000.0,107729,267741,75340.0,-590.0,74850.0,0.0,40.0,0.0,-467200.0,1.0,7.124576406741286e-218,2.849830562696514e-216,1.0,1
2025-03-06,76800.0,75340.0,76960.0,75060.0,156436,257990,76800.0,-1010.0,74850.0,0.0,730.0,0.0,-873800.0,1.0,7.124576406741286e-218,5.200940776921138e-215,1.0,1
2025-03-07,76120.0,76720.0,77000.0,76020.0,167557,258267,76120.0,-1770.0,75050.0,0.0,-340.0,0.0,-1277200.0,1.0,7.124576406741286e-218,-2.4223559782920373e-215,1.0,1
2025-03-10,75760.0,76040.0,76500.0,75620.0,106629,256739,75760.0,-1190.0,75050.0,0.0,-180.0,0.0,-1274800.0,1.0,7.124576406741286e-218,-1.2824237532134314e-215,1.0,1
2025-03-11,75960.0,75620.0,76020.0,75400.0,88034,256599,75960.0,-800.0,74900.0,0.0,100.0,0.0,-790800.0,1.0,7.124576406741286e-218,7.124576406741285e-216,1.0,1
2025-03-12,75600.0,76100.0,76140.0,75560.0,75956,256166,75600.0,-880.0,74900.0,0.0,-180.0,0.0,-696800.0,1.0,7.124576406741286e-218,-1.2824237532134314e-215,1.0,1
2025-03-13,75340.0,75600.0,75860.0,75300.0,71232,258337,75340.0,-710.0,74750.0,0.0,-130.0,0.0,-630000.0,1.0,7.124576406741286e-218,-9.261949328763671e-216,1.0,1
2025-03-14,75540.0,75540.0,76040.0,75400.0,99360,255256,75540.0,-910.0,74850.0,0.0,100.0,0.0,-708000.0,1.0,7.124576406741286e-218,7.124576406741285e-216,1.0,1
2025-03-17,76240.0,75780.0,76540.0,75640.0,137017,254611,76240.0,-940.0,74900.0,0.0,350.0,0.0,-539200.0,1.0,7.124576406741286e-218,2.4936017423594497e-215,1.0,1
2025-03-18,75400.0,76200.0,76500.0,75220.0,134587,256955,75400.0,-1130.0,75050.0,0.0,-420.0,0.0,-814200.0,1.0,7.124576406741286e-218,-2.99232209083134e-215,1.0,1
2025-03-19,75200.0,75580.0,75580.0,75160.0,69936,253930,75200.0,-580.0,74900.0,0.0,-100.0,0.0,-718200.0,1.0,7.124576406741286e-218,-7.124576406741285e-216,1.0,1
2025-03-20,73260.0,75220.0,75260.0,73120.0,236597,261415,73260.0,570.0,74450.0,0.0,-970.0,0.0,-509800.0,1.0,7.124576406741286e-218,-6.910839114539047e-215,1.0,1
2025-03-21,73240.0,73500.0,73680.0,72420.0,153360,256784,73240.0,1080.0,74300.0,0.0,-10.0,0.0,-524000.0,1.0,7.124576406741286e-218,-7.124576406741285e-217,1.0,1
2025-03-24,73720.0,73400.0,73840.0,73220.0,92617,247653,73720.0,460.0,74100.0,0.0,240.0,0.0,-500800.0,1.0,7.124576406741286e-218,1.7098983376179085e-215,1.0,1
2025-03-25,73800.0,73720.0,74480.0,73600.0,101240,237509,73800.0,180.0,74100.0,0.0,40.0,0.0,-477600.0,1.0,7.124576406741286e-218,2.849830562696514e-216,1.0,1
2025-03-26,74480.0,73620.0,74740.0,73620.0,113885,226538,74480.0,180.0,74100.0,0.0,340.0,0.0,-476000.0,1.0,7.124576406741286e-218,2.4223559782920373e-215,1.0,1
2025-03-27,74380.0,74420.0,75020.0,74020.0,104899,222920,74380.0,-400.0,74300.0,0.0,-50.0,0.0,-465200.0,1.0,7.124576406741286e-218,-3.5622882033706427e-216,1.0,1
2025-03-28,74000.0,74380.0,74760.0,73960.0,94211,218313,74000.0,-90.0,74150.0,0.0,-190.0,0.0,-380400.0,1.0,7.124576406741286e-218,-1.3536695172808443e-215,1.0,1
2025-03-31,74160.0,74000.0,74600.0,73520.0,83977,210611,74160.0,220.0,74000.0,0.0,80.0,0.0,-316800.0,1.0,7.124576406741286e-218,5.699661125393028e-216,1.0,1
2025-04-01,74360.0,74220.0,74800.0,74080.0,77235,203726,74360.0,-360.0,74100.0,0.0,100.0,0.0,-286800.0,1.0,7.124576406741286e-218,7.124576406741285e-216,1.0,1
2025-04-02,73340.0,74360.0,74520.0,73300.0,113158,205165,73340.0,-260.0,74100.0,0.0,-510.0,0.0,-383200.0,1.0,7.124576406741286e-218,-3.6335339674380554e-215,1.0,1
2025-04-03,73160.0,73080.0,73640.0,72800.0,81717,199448,73160.0,760.0,73900.0,0.0,-90.0,0.0,-349800.0,1.0,7.124576406741286e-218,-6.412118766067157e-216,1.0,1
2025-04-07,71060.0,70800.0,72020.0,70000.0,154107,179831,71060.0,1200.0,72600.0,0.0,-1050.0,0.0,335600.0,7.124576406741286e-218,1.0,-1050.0,-1.0,1
2025-04-08,70280.0,71340.0,71560.0,69860.0,150076,174172,70280.0,1280.0,72400.0,0.0,-390.0,0.0,1032200.0,7.124576406741286e-218,1.0,-390.0,-1.0,1
2025-04-09,69900.0,70060.0,70140.0,68400.0,137498,154327,69900.0,1940.0,71400.0,0.0,-190.0,0.0,1216400.0,7.124576406741286e-218,1.0,-190.0,-1.0,1
2025-04-10,70540.0,71200.0,71440.0,70240.0,86863,143347,70540.0,910.0,71750.0,0.0,320.0,0.0,1130800.0,7.124576406741286e-218,1.0,320.0,-1.0,1
2025-04-11,70260.0,70200.0,70460.0,69920.0,59500,134216,70260.0,1600.0,71600.0,0.0,-140.0,0.0,994400.0,7.124576406741286e-218,1.0,-140.0,-1.0,1
2025-04-14,70760.0,70620.0,71180.0,70500.0,76618,118132,70760.0,520.0,71600.0,0.0,250.0,0.0,950400.0,7.124576406741286e-218,1.0,250.0,-1.0,1
2025-04-15,70720.0,70760.0,70780.0,70400.0,39365,112411,70720.0,1030.0,71550.0,0.0,-20.0,0.0,870400.0,7.124576406741286e-218,1.0,-20.0,-1.0,1
2025-04-16,70380.0,71000.0,71440.0,70180.0,56725,133972,70380.0,670.0,71550.0,0.0,-170.0,0.0,1171200.0,7.124576406741286e-218,1.0,-170.0,-1.0,1
2025-04-17,70460.0,70520.0,70680.0,70180.0,48362,141377,70460.0,1110.0,71550.0,0.0,40.0,0.0,1073600.0,7.124576406741286e-218,1.0,40.0,-1.0,1
2025-04-18,70180.0,70300.0,70660.0,69700.0,94760,153049,70180.0,1430.0,71450.0,0.0,-140.0,0.0,868400.0,7.124576406741286e-218,1.0,-140.0,-1.0,1
2025-04-21,69000.0,70240.0,70360.0,68500.0,196466,181414,69000.0,1870.0,70850.0,0.0,-590.0,0.0,1014200.0,7.124576406741286e-218,1.0,-590.0,-1.0,1
2025-04-22,67840.0,68500.0,68880.0,67760.0,155736,205447,67840.0,1880.0,70400.0,0.0,-580.0,0.0,1703400.0,7.124576406741286e-218,1.0,-580.0,-1.0,1
2025-04-23,68980.0,68000.0,69120.0,67500.0,216166,206388,68980.0,2030.0,69950.0,0.0,570.0,0.0,1023000.0,7.124576406741286e-218,1.0,570.0,-1.0,1
2025-04-24,68300.0,68800.0,68960.0,68080.0,104384,212456,68300.0,1520.0,69900.0,0.0,-340.0,0.0,608200.0,7.124576406741286e-218,1.0,-340.0,-1.0,1
2025-04-25,68180.0,68260.0,68840.0,67960.0,108177,217370,68180.0,1360.0,69800.0,0.0,-60.0,0.0,683000.0,7.124576406741286e-218,1.0,-60.0,-1.0,1
2025-04-28,66960.0,68080.0,68160.0,66820.0,145735,246197,66960.0,1490.0,68850.0,0.0,-610.0,0.0,737200.0,7.124576406741286e-218,1.0,-610.0,-1.0,1
2025-04-29,66260.0,67000.0,67000.0,66100.0,128061,249047,66260.0,1510.0,68250.0,0.0,-350.0,0.0,1194600.0,7.124576406741286e-218,1.0,-350.0,-1.0,1
2025-04-30,65960.0,66120.0,66700.0,65920.0,114538,244729,65960.0,1510.0,67950.0,0.0,-150.0,0.0,1283600.0,7.124576406741286e-218,1.0,-150.0,-1.0,1
2025-05-06,65260.0,65980.0,66260.0,65100.0,103979,256291,65260.0,1720.0,67100.0,0.0,-350.0,0.0,1490600.0,7.124576406741286e-218,1.0,-350.0,-1.0,1
2025-05-07,64160.0,65800.0,66000.0,63840.0,203814,276900,64160.0,2190.0,66650.0,0.0,-550.0,0.0,1783800.0,7.124576406741286e-218,1.0,-550.0,-1.0,1
2025-05-08,64280.0,63960.0,64780.0,63000.0,309284,267396,64280.0,1870.0,65250.0,0.0,60.0,0.0,1528800.0,7.124576406741286e-218,1.0,60.0,-1.0,1
2025-05-09,63020.0,64100.0,64880.0,62820.0,289402,290303,63020.0,1110.0,65250.0,0.0,-630.0,0.0,634200.0,7.124576406741286e-218,1.0,-630.0,-1.0,1
2025-05-12,64040.0,63720.0,64480.0,62560.0,313934,284331,64040.0,800.0,64600.0,0.0,510.0,0.0,-156600.0,1.0,7.124576406741286e-218,3.6335339674380554e-215,1.0,1
2025-05-13,63220.0,64200.0,64220.0,62920.0,217033,294226,63220.0,1260.0,64600.0,0.0,-410.0,0.0,-453200.0,1.0,7.124576406741286e-218,-2.921076326763927e-215,1.0,1
2025-05-14,65200.0,63860.0,65640.0,63780.0,377525,276956,65200.0,120.0,64700.0,0.0,990.0,0.0,-1175400.0,1.0,7.124576406741286e-218,7.053330642673873e-215,1.0,1
2025-05-15,64120.0,64680.0,65260.0,63920.0,230077,289360,64120.0,-160.0,64800.0,0.0,-540.0,0.0,-2174600.0,1.0,7.124576406741286e-218,-3.8472712596402943e-215,1.0,1
2025-05-16,61800.0,64100.0,64100.0,61780.0,305596,328741,61800.0,1620.0,64500.0,0.0,-1160.0,0.0,-911800.0,1.0,7.124576406741286e-218,-8.264508631819891e-215,1.0,1
2025-05-19,61180.0,61800.0,62100.0,60940.0,224064,335807,61180.0,2220.0,63700.0,0.0,-310.0,0.0,-199400.0,1.0,7.124576406741286e-218,-2.2086186860897986e-215,1.0,1
2025-05-20,60860.0,61160.0,61380.0,60280.0,242276,339673,60860.0,2070.0,63250.0,0.0,-160.0,0.0,-86600.0,1.0,7.124576406741286e-218,-1.1399322250786057e-215,1.0,1
2025-05-21,61100.0,61060.0,61840.0,60620.0,270174,329205,61100.0,1670.0,63050.0,0.0,120.0,0.0,-113800.0,1.0,7.124576406741286e-218,8.549491688089542e-216,1.0,1
2025-05-22,62140.0,61200.0,62980.0,61200.0,427180,312662,62140.0,1450.0,63050.0,0.0,520.0,0.0,-154200.0,1.0,7.124576406741286e-218,3.7047797315054684e-215,1.0,1
2025-05-23,60960.0,62120.0,62280.0,60840.0,294570,318506,60960.0,1050.0,63050.0,0.0,-590.0,0.0,-1452200.0,1.0,7.124576406741286e-218,-4.203500079977358e-215,1.0,1
2025-05-26,60100.0,61060.0,61220.0,59920.0,261982,326472,60100.0,2100.0,62500.0,0.0,-430.0,0.0,-283600.0,1.0,7.124576406741286e-218,-3.0635678548987526e-215,1.0,1
2025-05-27,60920.0,59940.0,61400.0,59720.0,392469,293695,60920.0,1220.0,62000.0,0.0,410.0,0.0,-248600.0,1.0,7.124576406741286e-218,2.921076326763927e-215,1.0,1
2025-05-28,60380.0,61200.0,61240.0,59500.0,388140,283607,60380.0,1380.0,61500.0,0.0,-270.0,0.0,-510800.0,1.0,7.124576406741286e-218,-1.9236356298201472e-215,1.0,1
2025-05-29,58860.0,60260.0,60300.0,58460.0,386145,287506,58860.0,2040.0,60900.0,0.0,-760.0,0.0,-173600.0,1.0,7.124576406741286e-218,-5.414678069123377e-215,1.0,1
2025-05-30,59800.0,58800.0,60380.0,58780.0,429284,261009,59800.0,1060.0,60700.0,0.0,470.0,0.0,-1315000.0,1.0,7.124576406741286e-218,3.348550911168404e-215,1.0,1
2025-06-03,59940.0,59800.0,60140.0,58600.0,305161,259658,59940.0,880.0,60300.0,0.0,70.0,0.0,-1354200.0,1.0,7.124576406741286e-218,4.9872034847189e-216,1.0,1
2025-06-04,61080.0,60180.0,61560.0,59340.0,413239,245650,61080.0,430.0,60250.0,0.0,570.0,0.0,-1379400.0,1.0,7.124576406741286e-218,4.061008551842533e-215,1.0,1
2025-06-05,60100.0,60500.0,60680.0,60000.0,244592,231588,60100.0,-140.0,60200.0,0.0,-490.0,0.0,-2323000.0,1.0,7.124576406741286e-218,-3.49104243930323e-215,1.0,1
2025-06-06,60440.0,60720.0,61320.0,60200.0,256782,218416,60440.0,-700.0,60200.0,0.0,170.0,0.0,-2423600.0,1.0,7.124576406741286e-218,1.2111779891460186e-215,1.0,1
2025-06-09,60700.0,60280.0,60960.0,60280.0,165113,212689,60700.0,-430.0,60250.0,0.0,130.0,0.0,-2303800.0,1.0,7.124576406741286e-218,9.261949328763671e-216,1.0,1
2025-06-10,60760.0,60360.0,61360.0,59800.0,204780,194731,60760.0,-550.0,60350.0,0.0,30.0,0.0,-1653400.0,1.0,7.124576406741286e-218,2.1373729220223856e-216,1.0,1
2025-06-11,61740.0,61100.0,62160.0,60760.0,168732,216554,61740.0,-400.0,60500.0,0.0,490.0,0.0,-1205800.0,1.0,7.124576406741286e-218,3.49104243930323e-215,1.0,1
2025-06-12,60480.0,61500.0,61500.0,60300.0,154540,238580,60480.0,-310.0,60650.0,0.0,-630.0,0.0,-1011400.0,1.0,7.124576406741286e-218,-4.4884831362470096e-215,1.0,1
2025-06-13,59800.0,60360.0,60780.0,59680.0,177158,266931,59800.0,110.0,60650.0,0.0,-340.0,0.0,486200.0,7.124576406741286e-218,1.0,-340.0,-1.0,1
2025-06-16,59780.0,60000.0,60000.0,58980.0,218180,300422,59780.0,1180.0,60500.0,0.0,-10.0,0.0,-759800.0,1.0,7.124576406741286e-218,-7.124576406741285e-217,1.0,1
2025-06-17,59860.0,59720.0,60180.0,59500.0,181606,307335,59860.0,770.0,60450.0,0.0,40.0,0.0,-1479800.0,1.0,7.124576406741286e-218,2.849830562696514e-216,1.0,1
2025-06-18,59880.0,60000.0,60600.0,59680.0,181046,306885,59880.0,330.0,60450.0,0.0,10.0,0.0,-1578200.0,1.0,7.124576406741286e-218,7.124576406741285e-217,1.0,1
2025-06-19,60060.0,59740.0,60300.0,59580.0,167377,307261,60060.0,310.0,60450.0,0.0,90.0,0.0,-1538000.0,1.0,7.124576406741286e-218,6.412118766067157e-216,1.0,1
2025-06-20,58900.0,60100.0,60400.0,58860.0,330320,354347,58900.0,400.0,60400.0,0.0,-580.0,0.0,-1767200.0,1.0,7.124576406741286e-218,-4.1322543159099457e-215,1.0,1
2025-06-23,59120.0,58860.0,59300.0,58400.0,259487,356954,59120.0,1170.0,59950.0,0.0,110.0,0.0,-1281200.0,1.0,7.124576406741286e-218,7.837034047415414e-216,1.0,1
2025-06-24,60700.0,58940.0,61660.0,58880.0,681747,343564,60700.0,640.0,59900.0,0.0,790.0,0.0,-1614800.0,1.0,7.124576406741286e-218,5.628415361325615e-215,1.0,1
2025-06-25,60880.0,60700.0,61340.0,60360.0,366743,350406,60880.0,-420.0,60200.0,0.0,90.0,0.0,-1120000.0,1.0,7.124576406741286e-218,6.412118766067157e-216,1.0,1
2025-06-26,61500.0,60680.0,61840.0,60620.0,386982,345216,61500.0,-640.0,60600.0,0.0,310.0,0.0,-842800.0,1.0,7.124576406741286e-218,2.2086186860897986e-215,1.0,1
2025-06-27,63300.0,62000.0,63340.0,62000.0,615010,341448,63300.0,-1590.0,61150.0,0.0,900.0,0.0,-695200.0,1.0,7.124576406741286e-218,6.412118766067157e-215,1.0,1
2025-06-30,62260.0,63460.0,63600.0,62180.0,389727,330824,62260.0,-1140.0,61300.0,0.0,-520.0,0.0,-916800.0,1.0,7.124576406741286e-218,-3.7047797315054684e-215,1.0,1
2025-07-01,62780.0,62140.0,62880.0,61280.0,398387,326676,62780.0,-400.0,61300.0,0.0,260.0,0.0,-1253000.0,1.0,7.124576406741286e-218,1.8523898657527342e-215,1.0,1
2025-07-02,63960.0,62800.0,64380.0,62560.0,540435,325574,63960.0,-1170.0,61650.0,0.0,590.0,0.0,-1026000.0,1.0,7.124576406741286e-218,4.203500079977358e-215,1.0,1
2025-07-03,64080.0,64000.0,64520.0,63000.0,420967,334057,64080.0,-1480.0,62100.0,0.0,60.0,0.0,-396600.0,1.0,7.124576406741286e-218,4.274745844044771e-216,1.0,1
2025-07-04,63280.0,64100.0,64540.0,63160.0,347729,325288,63280.0,-1500.0,62300.0,0.0,-400.0,0.0,-278000.0,1.0,7.124576406741286e-218,-2.849830562696514e-215,1.0,1
2025-07-07,63660.0,63200.0,63860.0,62800.0,213304,322534,63660.0,-1010.0,62550.0,0.0,190.0,0.0,-474200.0,1.0,7.124576406741286e-218,1.3536695172808443e-215,1.0,1
2025-07-08,63880.0,63860.0,65180.0,63400.0,545405,338034,63880.0,-1700.0,62900.0,0.0,110.0,0.0,-440200.0,1.0,7.124576406741286e-218,7.837034047415414e-216,1.0,1
2025-07-09,64400.0,63860.0,65000.0,63740.0,350125,326895,64400.0,-1060.0,63300.0,0.0,260.0,0.0,-412400.0,1.0,7.124576406741286e-218,1.8523898657527342e-215,1.0,1
2025-07-10,64180.0,64560.0,64960.0,64100.0,398022,323683,64180.0,-830.0,63650.0,0.0,-110.0,0.0,147800.0,7.124576406741286e-218,1.0,-110.0,-1.0,1
2025-07-11,64280.0,64160.0,64740.0,63340.0,402816,322860,64280.0,-550.0,63750.0,0.0,50.0,0.0,-291600.0,1.0,7.124576406741286e-218,3.5622882033706427e-216,1.0,1
2025-07-14,66480.0,64300.0,68360.0,64300.0,1014558,356161,66480.0,-2030.0,64650.0,0.0,1100.0,0.0,-188400.0,1.0,7.124576406741286e-218,7.837034047415414e-215,1.0,1
2025-07-15,66660.0,66140.0,67360.0,64740.0,764028,342146,66660.0,-1200.0,64900.0,0.0,90.0,0.0,10400.0,7.124576406741286e-218,1.0,90.0,-1.0,1
2025-07-16,66420.0,67300.0,67460.0,65560.0,478114,340618,66420.0,-1270.0,64950.0,0.0,-120.0,0.0,-12000.0,1.0,7.124576406741286e-218,-8.549491688089542e-216,1.0,1
2025-07-17,67960.0,66800.0,69980.0,65920.0,826939,363676,67960.0,-1310.0,64950.0,0.0,770.0,0.0,-198600.0,1.0,7.124576406741286e-218,5.48592383319079e-215,1.0,1
2025-07-18,69960.0,68980.0,70980.0,68080.0,1206323,377305,69960.0,-3090.0,66650.0,0.0,1000.0,0.0,1445800.0,7.124576406741286e-218,1.0,1000.0,-1.0,1
2025-07-21,71280.0,71160.0,71780.0,69820.0,848150,381185,71280.0,-2960.0,68000.0,0.0,660.0,0.0,2893400.0,7.124576406741286e-218,1.0,660.0,-1.0,1
2025-07-22,72880.0,71900.0,74480.0,70920.0,1118226,411638,72880.0,-2180.0,69100.0,0.0,800.0,0.0,3775600.0,7.124576406741286e-218,1.0,800.0,-1.0,1
2025-07-23,69380.0,73500.0,74680.0,68020.0,1334159,362054,69380.0,-2470.0,70450.0,0.0,-1750.0,0.0,833400.0,7.124576406741286e-218,1.0,-1750.0,-1.0,1
2025-07-24,76680.0,70180.0,77240.0,69600.0,1770283,436727,76680.0,-690.0,70550.0,0.0,3650.0,0.0,-11997400.0,1.0,7.124576406741286e-218,2.600470388460569e-214,1.0,1
2025-07-25,80520.0,77500.0,80520.0,76700.0,1203424,491088,80520.0,-7520.0,72900.0,0.0,1920.0,0.0,1460600.0,7.124576406741286e-218,1.0,1920.0,-1.0,1
2025-07-28,73120.0,73200.0,78400.0,73120.0,1005395,378472,73120.0,-3720.0,73900.0,0.0,-3700.0,0.0,-11811400.0,1.0,7.124576406741286e-218,-2.6360932704942756e-214,1.0,1
2025-07-29,70840.0,70160.0,71760.0,68600.0,744160,300620,70840.0,3370.0,73150.0,0.0,-1140.0,0.0,-3105000.0,1.0,7.124576406741286e-218,-8.122017103685066e-215,1.0,1
2025-07-30,70600.0,72980.0,73980.0,68500.0,792909,272753,70600.0,30.0,72950.0,0.0,-120.0,0.0,-3138200.0,1.0,7.124576406741286e-218,-8.549491688089542e-216,1.0,1
2025-07-31,68280.0,68540.0,69000.0,66720.0,521849,229368,68280.0,4120.0,72000.0,0.0,-1160.0,0.0,-2930600.0,1.0,7.124576406741286e-218,-8.264508631819891e-215,1.0,1
2025-08-01,68920.0,69080.0,69940.0,67600.0,340670,216103,68920.0,2950.0,71350.0,0.0,320.0,0.0,-3625000.0,1.0,7.124576406741286e-218,2.2798644501572113e-215,1.0,1
2025-08-04,68920.0,69280.0,70660.0,68000.0,247898,207770,68920.0,1910.0,71350.0,0.0,0.0,0.0,-3473000.0,1.0,7.124576406741286e-218,0.0,1.0,1
2025-08-05,67840.0,68840.0,69940.0,67140.0,437207,232062,67840.0,1400.0,71200.0,0.0,-540.0,0.0,-3514800.0,1.0,7.124576406741286e-218,-3.8472712596402943e-215,1.0,1
2025-08-06,69620.0,68100.0,69820.0,67600.0,425359,257770,69620.0,2450.0,70950.0,0.0,890.0,0.0,-4533200.0,1.0,7.124576406741286e-218,6.340873001999744e-215,1.0,1
2025-08-07,72300.0,69900.0,73500.0,69320.0,766669,289832,72300.0,1200.0,71100.0,0.0,1340.0,0.0,-2090800.0,1.0,7.124576406741286e-218,9.546932385033323e-215,1.0,1
2025-08-08,76960.0,73000.0,77040.0,72600.0,895609,320706,76960.0,-2060.0,71900.0,0.0,2330.0,0.0,4164600.0,7.124576406741286e-218,1.0,2330.0,-1.0,1
2025-08-11,81000.0,81000.0,81000.0,81000.0,38071,317676,81000.0,-6500.0,74500.0,0.0,2020.0,0.0,13467800.0,7.124576406741286e-218,1.0,2020.0,-1.0,1
2025-08-12,82520.0,88800.0,88840.0,82500.0,1417704,356998,82520.0,-6860.0,78000.0,0.0,760.0,0.0,16340200.0,7.124576406741286e-218,1.0,760.0,-1.0,1
2025-08-13,85100.0,83000.0,87900.0,82500.0,1245424,392675,85100.0,-3360.0,81000.0,0.0,1290.0,0.0,18322600.0,7.124576406741286e-218,1.0,1290.0,-1.0,1
2025-08-14,85300.0,85500.0,86640.0,82820.0,1060127,389177,85300.0,-4100.0,82000.0,0.0,100.0,0.0,18765400.0,7.124576406741286e-218,1.0,100.0,-1.0,1
2025-08-15,86900.0,85560.0,87000.0,84000.0,868811,401139,86900.0,-2920.0,82700.0,0.0,800.0,0.0,17385400.0,7.124576406741286e-218,1.0,800.0,-1.0,1
2025-08-18,89240.0,88160.0,90100.0,87720.0,1036328,421106,89240.0,-4160.0,84600.0,0.0,1170.0,0.0,17937400.0,7.124576406741286e-218,1.0,1170.0,-1.0,1
2025-08-19,87540.0,89500.0,89540.0,87180.0,734929,414097,87540.0,-2220.0,85700.0,0.0,-850.0,0.0,14892400.0,7.124576406741286e-218,1.0,-850.0,-1.0,1
2025-08-20,80980.0,85660.0,85880.0,80980.0,838879,395102,80980.0,4720.0,85700.0,0.0,-3280.0,0.0,23268400.0,7.124576406741286e-218,1.0,-3280.0,-1.0,1
2025-08-21,82760.0,82000.0,83800.0,81580.0,777827,390069,82760.0,2740.0,85200.0,0.0,890.0,0.0,30205000.0,7.124576406741286e-218,1.0,890.0,-1.0,1
2025-08-22,78960.0,82500.0,82980.0,78100.0,932675,362254,78960.0,4800.0,83900.0,0.0,-1900.0,0.0,12807000.0,7.124576406741286e-218,1.0,-1900.0,-1.0,1
2025-08-25,79380.0,81000.0,81560.0,78580.0,626916,368667,79380.0,3340.0,82500.0,0.0,210.0,0.0,26217000.0,7.124576406741286e-218,1.0,210.0,-1.0,1
2025-08-26,79020.0,79260.0,80100.0,77800.0,559599,349496,79020.0,2080.0,81700.0,0.0,-180.0,0.0,17705400.0,7.124576406741286e-218,1.0,-180.0,-1.0,1
2025-08-27,78860.0,79260.0,81020.0,78680.0,729645,351322,78860.0,1400.0,81600.0,0.0,-80.0,0.0,17460600.0,7.124576406741286e-218,1.0,-80.0,-1.0,1
2025-08-28,78140.0,77800.0,78360.0,75740.0,805585,347063,78140.0,3900.0,80000.0,0.0,-360.0,0.0,17239800.0,7.124576406741286e-218,1.0,-360.0,-1.0,1
2025-08-29,77180.0,77800.0,78480.0,76820.0,490058,346605,77180.0,1810.0,79650.0,0.0,-480.0,0.0,18327800.0,7.124576406741286e-218,1.0,-480.0,-1.0,1
2025-09-01,75560.0,77000.0,77420.0,74820.0,540295,339133,75560.0,2530.0,78350.0,0.0,-810.0,0.0,19105400.0,7.124576406741286e-218,1.0,-810.0,-1.0,1
2025-09-02,72620.0,75040.0,75800.0,72460.0,620441,348109,72620.0,3040.0,77500.0,0.0,-1470.0,0.0,21486800.0,7.124576406741286e-218,1.0,-1470.0,-1.0,1
2025-09-03,71880.0,72860.0,73300.0,71820.0,442800,346048,71880.0,3020.0,75900.0,0.0,-370.0,0.0,23535800.0,7.124576406741286e-218,1.0,-370.0,-1.0,1
2025-09-04,73420.0,71200.0,74440.0,71120.0,712151,353674,73420.0,2000.0,75000.0,0.0,770.0,0.0,20580800.0,7.124576406741286e-218,1.0,770.0,-1.0,1
2025-09-05,74260.0,73380.0,75860.0,72580.0,802006,364002,74260.0,850.0,74750.0,0.0,420.0,0.0,14983200.0,7.124576406741286e-218,1.0,420.0,-1.0,1
2025-09-08,74800.0,73840.0,76580.0,73020.0,782387,364137,74800.0,740.0,74600.0,0.0,270.0,0.0,5796800.0,7.124576406741286e-218,1.0,270.0,-1.0,1
2025-09-09,72900.0,74740.0,75160.0,72540.0,591675,351340,72900.0,-300.0,74600.0,0.0,-950.0,0.0,2213400.0,7.124576406741286e-218,1.0,-950.0,-1.0,1
2025-09-10,70720.0,69040.0,71000.0,68600.0,751480,340814,70720.0,3330.0,73450.0,0.0,-1090.0,0.0,2323600.0,7.124576406741286e-218,1.0,-1090.0,-1.0,1
2025-09-11,71000.0,70960.0,71420.0,70160.0,426041,323456,71000.0,2130.0,72850.0,0.0,140.0,0.0,1760400.0,7.124576406741286e-218,1.0,140.0,-1.0,1
2025-09-12,71160.0,70540.0,71560.0,70320.0,410989,309402,71160.0,1350.0,72450.0,0.0,80.0,0.0,1622800.0,7.124576406741286e-218,1.0,80.0,-1.0,1
2025-09-15,72680.0,71260.0,73160.0,70840.0,482790,309446,72680.0,50.0,72450.0,0.0,760.0,0.0,-127600.0,1.0,7.124576406741286e-218,5.414678069123377e-215,1.0,1
2025-09-16,73180.0,73900.0,75100.0,72760.0,500267,300437,73180.0,-610.0,72850.0,0.0,250.0,0.0,2241400.0,7.124576406741286e-218,1.0,250.0,-1.0,1
2025-09-17,73640.0,73160.0,74060.0,72680.0,343863,294624,73640.0,170.0,73150.0,0.0,230.0,0.0,-3219600.0,1.0,7.124576406741286e-218,1.6386525735504958e-215,1.0,1
2025-09-18,72880.0,73120.0,73800.0,71680.0,502269,281411,72880.0,-150.0,73450.0,0.0,-380.0,0.0,2444000.0,7.124576406741286e-218,1.0,-380.0,-1.0,1
2025-09-19,73960.0,72500.0,74020.0,72500.0,370359,281264,73960.0,60.0,73500.0,0.0,540.0,0.0,5415600.0,7.124576406741286e-218,1.0,540.0,-1.0,1
2025-09-22,73420.0,74580.0,74860.0,73040.0,396645,271624,73420.0,430.0,73850.0,0.0,-270.0,0.0,5922000.0,7.124576406741286e-218,1.0,-270.0,-1.0,1
2025-09-23,73660.0,73040.0,74460.0,72360.0,497857,255907,73660.0,1310.0,73850.0,0.0,120.0,0.0,5932800.0,7.124576406741286e-218,1.0,120.0,-1.0,1
2025-09-24,72880.0,73700.0,73880.0,72800.0,345221,260654,72880.0,830.0,73850.0,0.0,-390.0,0.0,5810400.0,7.124576406741286e-218,1.0,-390.0,-1.0,1
2025-09-25,74040.0,72980.0,74480.0,72740.0,342719,261141,74040.0,350.0,73750.0,0.0,580.0,0.0,5300400.0,7.124576406741286e-218,1.0,580.0,-1.0,1
2025-09-26,72880.0,73800.0,74500.0,72180.0,481020,248640,72880.0,-360.0,73600.0,0.0,-580.0,0.0,4282000.0,7.124576406741286e-218,1.0,-580.0,-1.0,1
2025-09-29,73920.0,73100.0,74720.0,72360.0,465591,251749,73920.0,690.0,73550.0,0.0,520.0,0.0,2901200.0,7.124576406741286e-218,1.0,520.0,-1.0,1
2025-09-30,72800.0,73980.0,74020.0,72760.0,317458,231964,72800.0,210.0,73550.0,0.0,-560.0,0.0,-62600.0,1.0,7.124576406741286e-218,-3.98976278777512e-215,1.0,1
2025-10-09,73340.0,73200.0,75240.0,72620.0,361093,229022,73340.0,170.0,73550.0,0.0,270.0,0.0,-1452800.0,1.0,7.124576406741286e-218,1.9236356298201472e-215,1.0,1
2025-10-10,72740.0,73200.0,73880.0,72580.0,294783,221919,72740.0,430.0,73550.0,0.0,-300.0,0.0,-1045000.0,1.0,7.124576406741286e-218,-2.1373729220223856e-215,1.0,1
2025-10-13,72280.0,72800.0,72960.0,71800.0,282178,207463,72280.0,900.0,73100.0,0.0,-230.0,0.0,-1553800.0,1.0,7.124576406741286e-218,-1.6386525735504958e-215,1.0,1
2025-10-14,72680.0,72600.0,74420.0,72460.0,270327,192931,72680.0,200.0,73000.0,0.0,200.0,0.0,-1872600.0,1.0,7.124576406741286e-218,1.424915281348257e-215,1.0,1
2025-10-15,72940.0,73140.0,73860.0,72760.0,99329,212472,72940.0,-20.0,73000.0,0.0,130.0,0.0,-1307600.0,1.0,7.124576406741286e-218,9.261949328763671e-216,1.0,1
2025-10-16,75080.0,73200.0,75140.0,73020.0,179492,233905,75080.0,-700.0,73000.0,0.0,1070.0,0.0,-3100400.0,1.0,7.124576406741286e-218,7.623296755213176e-215,1.0,1
2025-10-17,75780.0,75200.0,76900.0,74920.0,303602,271858,75780.0,-2090.0,73350.0,0.0,350.0,0.0,-2046200.0,1.0,7.124576406741286e-218,2.4936017423594497e-215,1.0,1
2025-10-20,75940.0,76600.0,76700.0,75680.0,188791,293283,75940.0,-1960.0,74000.0,0.0,80.0,0.0,-2012600.0,1.0,7.124576406741286e-218,5.699661125393028e-216,1.0,1
2025-10-21,75980.0,75920.0,76380.0,75340.0,197979,310199,75980.0,-1580.0,74100.0,0.0,20.0,0.0,-2131000.0,1.0,7.124576406741286e-218,1.424915281348257e-216,1.0,1
2025-10-22,77120.0,76000.0,77500.0,75680.0,376449,353231,77120.0,-1950.0,74350.0,0.0,570.0,0.0,-2488200.0,1.0,7.124576406741286e-218,4.061008551842533e-215,1.0,1
2025-10-23,79940.0,77140.0,79960.0,77080.0,490920,419147,79940.0,-3520.0,74800.0,0.0,1410.0,0.0,-995800.0,1.0,7.124576406741286e-218,1.0045652733505213e-214,1.0,1
2025-10-24,79520.0,79500.0,80880.0,78880.0,613476,431174,79520.0,-4660.0,75400.0,0.0,-210.0,0.0,-1413200.0,1.0,7.124576406741286e-218,-1.49616104541567e-215,1.0,1
2025-10-27,81900.0,80000.0,82060.0,79580.0,514455,483478,81900.0,-4870.0,76550.0,0.0,1190.0,0.0,-1502600.0,1.0,7.124576406741286e-218,8.478245924022129e-215,1.0,1
2025-10-28,81640.0,81600.0,83480.0,81140.0,729307,488803,81640.0,-4740.0,78500.0,0.0,-130.0,0.0,-1520400.0,1.0,7.124576406741286e-218,-9.261949328763671e-216,1.0,1
2025-10-29,82900.0,82240.0,83280.0,81320.0,659421,506882,82900.0,-2390.0,79150.0,0.0,630.0,0.0,-1619400.0,1.0,7.124576406741286e-218,4.4884831362470096e-215,1.0,1
2025-10-30,83400.0,83120.0,84940.0,82220.0,829117,532871,83400.0,-3780.0,80000.0,0.0,250.0,0.0,-1210800.0,1.0,7.124576406741286e-218,1.7811441016853215e-215,1.0,1
2025-10-31,80780.0,83780.0,84460.0,80260.0,915245,510440,80780.0,-2830.0,80550.0,0.0,-1310.0,0.0,-1413400.0,1.0,7.124576406741286e-218,-9.333195092831083e-215,1.0,1
2025-11-03,82280.0,81260.0,82880.0,81120.0,586668,525184,82280.0,-960.0,81000.0,0.0,750.0,0.0,-2705600.0,1.0,7.124576406741286e-218,5.343432305055964e-215,1.0,1
2025-11-04,78560.0,82700.0,82900.0,77580.0,975978,457374,78560.0,1040.0,80900.0,0.0,-1860.0,0.0,-4892400.0,1.0,7.124576406741286e-218,-1.3251712116538792e-214,1.0,1
2025-11-05,79140.0,78440.0,79840.0,78060.0,515731,453260,79140.0,1800.0,80500.0,0.0,290.0,0.0,-5388800.0,1.0,7.124576406741286e-218,2.0661271579549729e-215,1.0,1
2025-11-06,80500.0,79480.0,80920.0,78640.0,582033,471983,80500.0,1300.0,80400.0,0.0,680.0,0.0,-4692000.0,1.0,7.124576406741286e-218,4.844711956584075e-215,1.0,1
2025-11-07,82300.0,79440.0,82460.0,79000.0,810655,490951,82300.0,-360.0,80400.0,0.0,900.0,0.0,-3306000.0,1.0,7.124576406741286e-218,6.412118766067157e-215,1.0,1
2025-11-10,87240.0,82600.0,87280.0,82360.0,986569,534483,87240.0,-4210.0,80750.0,0.0,2470.0,0.0,1002000.0,7.124576406741286e-218,1.0,2470.0,-1.0,1
2025-11-11,86540.0,87700.0,88100.0,85740.0,902490,526493,86540.0,-4800.0,82300.0,0.0,-350.0,0.0,-635000.0,1.0,7.124576406741286e-218,-2.4936017423594497e-215,1.0,1
2025-11-12,86580.0,86760.0,88200.0,85340.0,1145329,528966,86580.0,-4400.0,83300.0,0.0,20.0,0.0,-701000.0,1.0,7.124576406741286e-218,1.424915281348257e-216,1.0,1
2025-11-13,87840.0,86500.0,89900.0,86280.0,1106011,536514,87840.0,-3370.0,84350.0,0.0,630.0,0.0,-954000.0,1.0,7.124576406741286e-218,4.4884831362470096e-215,1.0,1
2025-11-14,87360.0,87500.0,88260.0,86580.0,757432,516778,87360.0,-2210.0,85150.0,0.0,-240.0,0.0,-2005400.0,1.0,7.124576406741286e-218,-1.7098983376179085e-215,1.0,1
2025-11-17,95200.0,87700.0,95200.0,87700.0,1366919,562954,95200.0,-5390.0,86150.0,0.0,3920.0,0.0,-3943000.0,1.0,7.124576406741286e-218,2.792833951442584e-214,1.0,1
2025-11-18,93520.0,96200.0,96920.0,92800.0,1487724,484357,93520.0,-7160.0,87400.0,0.0,-840.0,0.0,-10531800.0,1.0,7.124576406741286e-218,-5.98464418166268e-215,1.0,1
2025-11-19,99300.0,93800.0,100080.0,93640.0,1767428,503132,99300.0,-10880.0,88900.0,0.0,2890.0,0.0,-15409800.0,1.0,7.124576406741286e-218,2.0590025815482314e-214,1.0,1
2025-11-20,98980.0,99780.0,102500.0,97720.0,1595646,479602,98980.0,-9200.0,91300.0,0.0,-160.0,0.0,-17942000.0,1.0,7.124576406741286e-218,-1.1399322250786057e-215,1.0,1
2025-11-21,91020.0,94020.0,96000.0,91020.0,1137824,411327,91020.0,-2020.0,92300.0,0.0,-3980.0,0.0,-16076200.0,1.0,7.124576406741286e-218,-2.8355814098830315e-214,1.0,1
2025-11-24,90480.0,91820.0,92880.0,90000.0,454612,365078,90480.0,1690.0,92150.0,0.0,-270.0,0.0,-13427200.0,1.0,7.124576406741286e-218,-1.9236356298201472e-215,1.0,1
2025-11-25,95400.0,91000.0,95600.0,90660.0,511279,343199,95400.0,810.0,92050.0,0.0,2460.0,0.0,-14446200.0,1.0,7.124576406741286e-218,1.7526457960583563e-214,1.0,1
2025-11-26,96340.0,97740.0,99880.0,95340.0,810231,478054,96340.0,-5540.0,92800.0,0.0,470.0,0.0,-11970000.0,1.0,7.124576406741286e-218,3.348550911168404e-215,1.0,1
2025-11-27,95820.0,96600.0,98620.0,95500.0,741463,507882,95820.0,-3980.0,93300.0,0.0,-260.0,0.0,-12529400.0,1.0,7.124576406741286e-218,-1.8523898657527342e-215,1.0,1
2025-11-28,96420.0,94860.0,97600.0,93880.0,580962,526998,96420.0,-3610.0,93750.0,0.0,300.0,0.0,-12030400.0,1.0,7.124576406741286e-218,2.1373729220223856e-215,1.0,1
2025-12-01,96940.0,96980.0,98480.0,95840.0,535475,543633,96940.0,-2990.0,94350.0,0.0,260.0,0.0,-9909400.0,1.0,7.124576406741286e-218,1.8523898657527342e-215,1.0,1
2025-12-02,96560.0,96840.0,97300.0,95100.0,454290,552239,96560.0,-2240.0,94400.0,0.0,-190.0,0.0,-7218200.0,1.0,7.124576406741286e-218,-1.3536695172808443e-215,1.0,1
2025-12-03,93660.0,96560.0,97580.0,92520.0,643323,562836,93660.0,-1970.0,94350.0,0.0,-1450.0,0.0,-5588400.0,1.0,7.124576406741286e-218,-1.0330635789774865e-214,1.0,1
2025-12-04,93700.0,93800.0,94600.0,91600.0,663458,560629,93700.0,760.0,94000.0,0.0,20.0,0.0,-6040800.0,1.0,7.124576406741286e-218,1.424915281348257e-216,1.0,1
2025-12-05,92160.0,93420.0,93980.0,92100.0,461507,560676,92160.0,-30.0,93250.0,0.0,-770.0,0.0,-7295600.0,1.0,7.124576406741286e-218,-5.48592383319079e-215,1.0,1
2025-12-08,94840.0,92460.0,95500.0,91120.0,599367,593129,94840.0,-610.0,92750.0,0.0,1340.0,0.0,-13805200.0,1.0,7.124576406741286e-218,9.546932385033323e-215,1.0,1
2025-12-09,92800.0,94580.0,94800.0,92300.0,512215,575421,92800.0,-1910.0,92750.0,0.0,-1020.0,0.0,-14809800.0,1.0,7.124576406741286e-218,-7.267067934876111e-215,1.0,1
2025-12-10,95980.0,93000.0,96800.0,93000.0,620935,605453,95980.0,-680.0,92700.0,0.0,1590.0,0.0,-18039400.0,1.0,7.124576406741286e-218,1.1328076486718645e-214,1.0,1
2025-12-11,98880.0,95900.0,99520.0,95460.0,744190,634283,98880.0,-5120.0,93500.0,0.0,1450.0,0.0,-13453600.0,1.0,7.124576406741286e-218,1.0330635789774865e-214,1.0,1
2025-12-12,97720.0,99520.0,101620.0,97620.0,757689,636384,97720.0,-5080.0,94500.0,0.0,-580.0,0.0,-14833200.0,1.0,7.124576406741286e-218,-4.1322543159099457e-215,1.0,1
2025-12-15,101060.0,98080.0,101200.0,97300.0,699601,662185,101060.0,-3190.0,95150.0,0.0,1670.0,0.0,-14888800.0,1.0,7.124576406741286e-218,1.1898042599257946e-214,1.0,1
2025-12-16,100600.0,101500.0,102280.0,99800.0,597317,666027,100600.0,-5170.0,95850.0,0.0,-230.0,0.0,-9071400.0,1.0,7.124576406741286e-218,-1.6386525735504958e-215,1.0,1
2025-12-17,108620.0,101500.0,109860.0,101500.0,1158611,668589,108620.0,-11010.0,97050.0,0.0,4010.0,0.0,-6060800.0,1.0,7.124576406741286e-218,2.8569551391032555e-214,1.0,1
2025-12-18,106160.0,106800.0,109920.0,104700.0,1013916,672711,106160.0,-10850.0,97550.0,0.0,-1230.0,0.0,-15000600.0,1.0,7.124576406741286e-218,-8.763228980291781e-215,1.0,1
2025-12-19,111400.0,106100.0,113500.0,105620.0,928963,668829,111400.0,-9370.0,97650.0,0.0,2620.0,0.0,-22719400.0,1.0,7.124576406741286e-218,1.8666390185662166e-214,1.0,1
2025-12-22,114380.0,109000.0,116460.0,109000.0,1007441,671889,114380.0,-15700.0,99000.0,0.0,1490.0,0.0,-17061000.0,1.0,7.124576406741286e-218,1.0615618846044515e-214,1.0,1
2025-12-23,120360.0,113900.0,120440.0,113800.0,731003,671573,120360.0,-18060.0,99500.0,0.0,2990.0,0.0,-6822400.0,1.0,7.124576406741286e-218,2.1302483456156446e-214,1.0,1
2025-12-24,124720.0,122000.0,127880.0,118060.0,949006,647366,124720.0,-21900.0,101500.0,0.0,2180.0,0.0,3901600.0,7.124576406741286e-218,1.0,2180.0,-1.0,1
2025-12-25,123520.0,118740.0,124500.0,116000.0,924823,607187,123520.0,-16560.0,104900.0,0.0,-600.0,0.0,1530000.0,7.124576406741286e-218,1.0,-600.0,-1.0,1
2025-12-26,130520.0,124220.0,131000.0,124220.0,428716,577035,130520.0,-16660.0,111900.0,0.0,3500.0,0.0,-2514000.0,1.0,7.124576406741286e-218,2.49360174235945e-214,1.0,1
2025-12-29,118820.0,129800.0,134500.0,117400.0,688764,512345,118820.0,-12460.0,118000.0,0.0,-5850.0,0.0,-43620000.0,1.0,7.124576406741286e-218,-4.167877197943652e-214,1.0,1
2025-12-30,121580.0,117000.0,123980.0,115420.0,459530,511309,121580.0,-1960.0,118000.0,0.0,1380.0,0.0,-59667200.0,1.0,7.124576406741286e-218,9.831915441302975e-215,1.0,1
2025-12-31,121580.0,123000.0,124380.0,117560.0,392450,490194,121580.0,-3820.0,118500.0,0.0,0.0,0.0,-60218200.0,1.0,7.124576406741286e-218,0.0,1.0,1
2026-01-05,129980.0,125000.0,130260.0,122780.0,343623,515292,129980.0,-4360.0,119500.0,0.0,4200.0,0.0,-60160200.0,1.0,7.124576406741286e-218,2.99232209083134e-214,1.0,1
2026-01-06,137940.0,132600.0,137940.0,132100.0,304237,534999,137940.0,-9600.0,127500.0,0.0,3980.0,0.0,-26697400.0,1.0,7.124576406741286e-218,2.8355814098830315e-214,1.0,1
2026-01-07,142300.0,144000.0,147000.0,137900.0,420407,506520,142300.0,-7500.0,133500.0,0.0,2180.0,0.0,-7281000.0,1.0,7.124576406741286e-218,1.5531576566696003e-214,1.0,1
2026-01-08,145000.0,140860.0,148500.0,136480.0,654824,514467,145000.0,-9720.0,138500.0,0.0,1350.0,0.0,1338600.0,7.124576406741286e-218,1.0,1350.0,-1.0,1
2026-01-09,143420.0,142000.0,146920.0,139060.0,469479,510874,143420.0,-5680.0,140000.0,0.0,-790.0,0.0,2449200.0,7.124576406741286e-218,1.0,-790.0,-1.0,1
2026-01-12,156060.0,156060.0,156060.0,152000.0,68491,506702,156060.0,-4060.0,152000.0,0.0,6320.0,0.0,-12147400.0,1.0,7.124576406741286e-218,4.502732289060492e-214,1.0,1
2026-01-13,166980.0,168000.0,174060.0,161540.0,608177,460281,166980.0,-9420.0,159500.0,0.0,5460.0,0.0,58549000.0,7.124576406741286e-218,1.0,5460.0,-1.0,1
2026-01-14,161940.0,169000.0,173440.0,155000.0,589019,452583,161940.0,-6940.0,163000.0,0.0,-2520.0,0.0,32967800.0,7.124576406741286e-218,1.0,-2520.0,-1.0,1
2026-01-15,163220.0,163840.0,165000.0,155600.0,431256,443942,163220.0,-3980.0,159000.0,0.0,640.0,0.0,30510400.0,7.124576406741286e-218,1.0,640.0,-1.0,1
2026-01-16,146200.0,163220.0,165820.0,146200.0,591523,416133,146200.0,6820.0,158000.0,0.0,-8510.0,0.0,21462200.0,7.124576406741286e-218,1.0,-8510.0,-1.0,1
2026-01-19,147260.0,147600.0,151100.0,142100.0,329126,411331,147260.0,3100.0,151000.0,0.0,530.0,0.0,22306200.0,7.124576406741286e-218,1.0,530.0,-1.0,1
2026-01-20,160500.0,149500.0,160500.0,149260.0,451074,415351,160500.0,-320.0,152500.0,0.0,6620.0,0.0,35768600.0,7.124576406741286e-218,1.0,6620.0,-1.0,1
2026-01-21,166740.0,160600.0,168880.0,158220.0,376418,427928,166740.0,-5880.0,158500.0,0.0,3120.0,0.0,69269800.0,7.124576406741286e-218,1.0,3120.0,-1.0,1
2026-01-22,168780.0,165000.0,174120.0,162060.0,464397,436686,168780.0,-4780.0,164500.0,0.0,1020.0,0.0,66724400.0,7.124576406741286e-218,1.0,1020.0,-1.0,1
2026-01-23,181520.0,174000.0,182000.0,172260.0,342805,438728,181520.0,-5520.0,171000.0,0.0,6370.0,0.0,66682800.0,7.124576406741286e-218,1.0,6370.0,-1.0,1
2026-01-26,165680.0,189220.0,189440.0,163500.0,575675,416719,165680.0,-4700.0,181500.0,0.0,-7920.0,0.0,-31602000.0,1.0,7.124576406741286e-218,-5.642664514139098e-214,1.0,1
2026-01-27,179600.0,166700.0,180620.0,164000.0,382313,422433,179600.0,1360.0,172500.0,0.0,6960.0,0.0,-137648400.0,1.0,7.124576406741286e-218,4.9587051790919345e-214,1.0,1
2026-01-28,166280.0,182000.0,182860.0,164080.0,473223,410985,166280.0,5960.0,172000.0,0.0,-6660.0,0.0,-189405600.0,1.0,7.124576406741286e-218,-4.744967886889696e-214,1.0,1
2026-01-29,164820.0,169200.0,173880.0,158800.0,521334,402347,164820.0,2460.0,168000.0,0.0,-730.0,0.0,-163536000.0,1.0,7.124576406741286e-218,-5.200940776921138e-215,1.0,1
2026-01-30,148200.0,161000.0,165480.0,148200.0,552668,372601,148200.0,5580.0,160500.0,0.0,-8310.0,0.0,-151403400.0,1.0,7.124576406741286e-218,-5.920522994002008e-214,1.0,1
2026-02-02,132440.0,146000.0,152820.0,132440.0,644314,347698,132440.0,7220.0,155500.0,0.0,-7880.0,0.0,-20437800.0,1.0,7.124576406741286e-218,-5.614166208512133e-214,1.0,1
2026-02-03,148100.0,140040.0,151880.0,137520.0,619542,355770,148100.0,7520.0,153500.0,0.0,7830.0,0.0,-177270600.0,1.0,7.124576406741286e-218,5.578543326478427e-214,1.0,1
2026-02-04,147220.0,150000.0,152580.0,145680.0,311897,359912,147220.0,4100.0,153000.0,0.0,-440.0,0.0,-201513800.0,1.0,7.124576406741286e-218,-3.1348136189661655e-215,1.0,1
2026-02-05,132780.0,145800.0,147260.0,132320.0,531724,329777,132780.0,8540.0,144000.0,0.0,-7220.0,0.0,-201046200.0,1.0,7.124576406741286e-218,-5.143944165667208e-214,1.0,1
2026-02-06,132920.0,129000.0,138500.0,124100.0,586706,328575,132920.0,720.0,134500.0,0.0,70.0,0.0,-199924000.0,1.0,7.124576406741286e-218,4.9872034847189e-216,1.0,1
2026-02-09,137000.0,139500.0,141000.0,135000.0,305321,344071,137000.0,-3000.0,135500.0,0.0,2040.0,0.0,-189652800.0,1.0,7.124576406741286e-218,1.4534135869752222e-214,1.0,1
2026-02-10,137340.0,136500.0,141000.0,133100.0,295231,345989,137340.0,-4000.0,136000.0,0.0,170.0,0.0,-257973600.0,1.0,7.124576406741286e-218,1.2111779891460186e-215,1.0,1
2026-02-11,150260.0,138000.0,150500.0,138000.0,351877,356531,150260.0,-5120.0,138000.0,0.0,6460.0,0.0,-228258800.0,1.0,7.124576406741286e-218,4.602476358754871e-214,1.0,1
2026-02-12,149420.0,150000.0,152440.0,146520.0,304798,353975,149420.0,-5480.0,142500.0,0.0,-420.0,0.0,-230459600.0,1.0,7.124576406741286e-218,-2.99232209083134e-215,1.0,1
2026-02-13,152640.0,143000.0,153120.0,142380.0,300191,342226,152640.0,-5130.0,143750.0,0.0,1610.0,0.0,-220919200.0,1.0,7.124576406741286e-218,1.147056801485347e-214,1.0,1
2026-02-24,164120.0,160000.0,165800.0,157100.0,214364,365180,164120.0,-7720.0,152000.0,0.0,5740.0,0.0,-193415800.0,1.0,7.124576406741286e-218,4.089506857469498e-214,1.0,1
2026-02-25,166480.0,164500.0,171440.0,164000.0,322727,377037,166480.0,-7230.0,161750.0,0.0,1180.0,0.0,-186886600.0,1.0,7.124576406741286e-218,8.407000159954716e-215,1.0,1
2026-02-26,173660.0,187000.0,187700.0,171020.0,402461,375204,173660.0,-3540.0,173000.0,0.0,3590.0,0.0,-219723000.0,1.0,7.124576406741286e-218,2.5577229300201216e-214,1.0,1
2026-02-27,176040.0,173000.0,177060.0,168200.0,281980,381552,176040.0,-2020.0,172000.0,0.0,1190.0,0.0,-217543600.0,1.0,7.124576406741286e-218,8.478245924022129e-215,1.0,1
2026-03-02,172020.0,178680.0,179500.0,169500.0,227061,378336,172020.0,1440.0,172500.0,0.0,-2010.0,0.0,-235322200.0,1.0,7.124576406741286e-218,-1.4320398577549984e-214,1.0,1
2026-03-03,150860.0,170000.0,170560.0,150860.0,445115,339604,150860.0,9520.0,161000.0,0.0,-10580.0,0.0,-91889800.0,1.0,7.124576406741286e-218,-7.53780183833228e-214,1.0,1
2026-03-04,153060.0,150000.0,155660.0,146060.0,297139,339011,153060.0,-600.0,154000.0,0.0,1100.0,0.0,-4919400.0,1.0,7.124576406741286e-218,7.837034047415414e-215,1.0,1
2026-03-05,155860.0,156700.0,161000.0,149000.0,300505,332374,141834.8607664093,-520.0,156000.0,-4207.541770077206,1400.0,0.0,90867800.0,7.124576406741286e-218,1.0,1400.0,-1.0,1
2026-03-06,156160.0,155000.0,160860.0,151100.0,228224,333903,142187.46483884228,-2750.0,155250.0,-4191.760548347316,150.0,-1262262.5310231617,81564200.0,0.0,1.0,150.0,-1.0,1
2026-03-09,161060.0,150000.0,165000.0,142000.0,402478,330671,141428.52114821397,-2150.0,154750.0,-5889.443655535809,2450.0,-21801889.217925012,70166600.0,0.0,1.0,2450.0,-1.0,1
2026-03-10,163000.0,161500.0,166800.0,159220.0,226273,332517,144124.46483922502,-5660.0,158500.0,-5662.660548232493,970.0,-33227409.909664482,-56046000.0,0.5,0.5,-2346.3302741162465,0.0,1
2026-03-11,155040.0,164500.0,167280.0,155000.0,267346,330436,146459.7624636566,-980.0,159000.0,-2574.071260903019,-3980.0,11847368.054266162,59633600.0,0.5,0.5,-3277.0356304515094,0.0,1
2026-03-12,156980.0,155300.0,159600.0,152800.0,219828,325382,147039.8069810796,1620.0,158000.0,-2982.05790567612,970.0,6853669.808114306,58802800.0,0.5,0.5,-1006.0289528380599,0.0,1
2026-03-13,152080.0,156500.0,162840.0,150080.0,288572,316964,147445.13449159093,-1700.0,159000.0,-1390.4596525227214,-2450.0,21465753.545927294,47696200.0,0.5,0.5,-1920.2298262613608,0.0,1
2026-03-16,159620.0,152460.0,159780.0,149100.0,231813,310683,145643.718203054,3400.0,156500.0,-4192.884539083796,3770.0,10981687.765905974,30234000.0,0.5,0.5,-211.44226954189799,0.0,1
2026-03-17,155320.0,159620.0,160480.0,154220.0,173439,308842,146591.95985088387,-80.0,158000.0,-2618.4120447348396,-2150.0,29011091.283966295,13737400.0,0.5,0.5,-2384.20602236742,0.0,1
2026-03-18,150120.0,155000.0,156840.0,149700.0,205889,307422,145435.21520647095,4020.0,155500.0,-1405.4354380587145,-2600.0,42626833.91658746,24223800.0,0.5,0.5,-2002.7177190293573,0.0,1
2026-03-19,142600.0,148000.0,150260.0,140080.0,288571,282745,144135.34991738145,4140.0,152500.0,460.60497521443466,-3760.0,53195708.41078899,41579400.0,0.5,0.5,-1649.6975123927828,0.0,1
2026-03-20,143860.0,145080.0,151400.0,143600.0,258276,276578,141552.57577245517,940.0,149000.0,-692.2272682634502,630.0,53776070.679559186,42268200.0,0.5,0.5,-31.11363413172512,0.0,1
2026-03-23,149040.0,141500.0,149500.0,140040.0,228178,269477,138849.5936432196,1220.0,146500.0,-3057.1219070341235,2590.0,50190333.42995451,46884000.0,0.5,0.5,-233.56095351706176,0.0,1
2026-03-24,152940.0,151980.0,154700.0,150120.0,231071,260696,138455.03486057947,-3780.0,147500.0,-4345.4895418261585,1950.0,38267557.99252142,38502200.0,0.5,0.5,-1197.7447709130793,0.0,1
2026-03-25,159120.0,156880.0,161500.0,154560.0,233304,251957,142667.05202934975,-5480.0,152500.0,-4935.8843911950735,3090.0,11412432.624035776,37006800.0,0.5,0.5,-922.9421955975367,0.0,1
2026-03-26,157200.0,159120.0,162300.0,155240.0,260930,246385,144870.3665037893,-5800.0,156500.0,-3698.8900488632116,-960.0,20889330.65513032,22601600.0,0.5,0.5,-2329.445024431606,0.0,1
2026-03-27,168440.0,155800.0,169840.0,155800.0,324620,247637,147041.1482343581,-3500.0,158000.0,-6419.6555296925735,5620.0,-20686193.49409218,3267000.0,0.0,1.0,5620.0,-1.0,1
2026-03-30,171620.0,169440.0,173000.0,167960.0,199887,237761,152814.23914160777,-5440.0,164500.0,-5641.728257517668,1590.0,-41100698.078514576,25922400.0,0.0,1.0,1590.0,-1.0,1
2026-03-31,157200.0,169000.0,171980.0,157000.0,296998,217916,153400.98143422123,-940.0,163000.0,-1139.7055697336298,-7210.0,40253023.39489019,-39537000.0,1.0,0.0,-1139.7055697336298,1.0,1
2026-04-01,158620.0,160800.0,163420.0,154340.0,231062,212931,151997.60393631738,-200.0,161500.0,-1986.718819104787,710.0,38634641.48586843,-26499200.0,1.0,0.0,-1986.718819104787,1.0,1
2026-04-02,159140.0,158620.0,162780.0,155240.0,219386,206515,148450.58376255244,-2800.0,159500.0,-3206.824871234267,260.0,37601547.699933946,-29210000.0,1.0,0.0,-3206.824871234267,1.0,1
2026-04-03,157860.0,161000.0,163120.0,157220.0,66813,218471,148547.37368923033,1080.0,158500.0,-2793.787893230902,-640.0,42968546.06613697,-29962800.0,1.0,0.0,-2793.787893230902,1.0,1
2026-04-07,160860.0,158440.0,165500.0,156500.0,99493,233277,148320.5711734246,-1060.0,159000.0,-3761.82864797262,1500.0,55126809.07334613,-32617800.0,1.0,0.0,-3761.82864797262,1.0,1
2026-04-08,159620.0,160000.0,164700.0,157000.0,122220,241459,148371.59091877352,820.0,158500.0,-3374.522724367943,-620.0,71216997.28857166,-39230800.0,1.0,0.0,-3374.522724367943,1.0,1
2026-04-09,153560.0,159000.0,159740.0,152500.0,155903,252754,144360.78203422937,-510.0,155750.0,-2759.765389731189,-3030.0,46591827.03431074,-27752400.0,1.0,0.0,-2759.765389731189,1.0,1
2026-04-10,157600.0,156300.0,158900.0,153800.0,141334,258584,144912.6006954293,1890.0,155550.0,-3806.219791371206,2020.0,40436073.1059486,-32272400.0,1.0,0.0,-3806.219791371206,1.0,1
2026-04-13,166500.0,155020.0,166600.0,154780.0,192774,298143,144656.66173156214,-2360.0,157000.0,-6553.001480531358,4450.0,-8051366.775068127,-9541400.0,0.5,0.5,-1051.5007402656788,0.0,1
2026-04-14,166840.0,167000.0,168400.0,164100.0,166865,324231,148407.03403625372,-5140.0,161500.0,-5529.889789123882,170.0,204678.50157252932,10444600.0,0.5,0.5,-2679.944894561941,0.0,1
2026-04-15,168660.0,168400.0,171980.0,165020.0,215162,348716,153433.30967448582,-2600.0,166000.0,-4568.007097654254,910.0,-27889124.432693254,26965000.0,0.0,1.0,910.0,-1.0,1
2026-04-16,176000.0,170500.0,176200.0,169200.0,251427,394543,152292.17955112102,-5000.0,167500.0,-7112.346134663693,3670.0,-75034039.16209665,22464400.0,0.0,1.0,3670.0,-1.0,1
2026-04-17,177560.0,177460.0,178000.0,173680.0,201622,408749,153725.88834854594,-6140.0,169500.0,-7150.233495436219,780.0,-96698173.62637356,8637600.0,0.0,1.0,780.0,-1.0,1
2026-04-20,180200.0,177000.0,181440.0,174800.0,208657,435887,156356.2594145916,-6620.0,172500.0,-7153.122175622521,1320.0,-116155152.32309537,15434400.0,0.0,1.0,1320.0,-1.0,1
2026-04-21,174260.0,180900.0,180900.0,169500.0,323093,424045,156823.88774301956,-5020.0,172000.0,-5230.833677094132,-2970.0,-70079869.35029292,4330200.0,0.0,1.0,-2970.0,-1.0,1
2026-04-22,175240.0,173660.0,176500.0,172020.0,190015,430946,156181.9398745627,-3400.0,171000.0,-5717.418037631191,490.0,-63283310.9164121,-8681400.0,0.5,0.5,-2613.7090188155953,0.0,1
2026-04-23,177960.0,175740.0,178900.0,172140.0,236073,441139,158396.66278927302,-1800.0,173000.0,-5869.001163218095,1360.0,-51979562.61028325,-19399600.0,0.5,0.5,-2254.5005816090475,0.0,1
2026-04-24,177900.0,178000.0,179980.0,174500.0,246726,455510,158597.0297042015,-3800.0,173000.0,-5790.89108873955,-30.0,-61104320.57158472,-13548400.0,0.5,0.5,-2910.445544369775,0.0,1
2026-04-27,180560.0,182000.0,184800.0,178500.0,238899,466692,160958.65467665982,-5300.0,176000.0,-5880.403597002054,1330.0,-34932566.71840942,-2837800.0,0.5,0.5,-2275.201798501027,0.0,1
2026-04-28,178620.0,179000.0,180500.0,173400.0,263957,453086,160814.3087875189,-1020.0,174500.0,-5341.707363744327,-970.0,-3110079.1558030434,-23289600.0,0.5,0.5,-3155.8536818721636,0.0,1
2026-04-29,183880.0,178700.0,184440.0,175260.0,238422,479107,159773.71344252658,-3240.0,174500.0,-7231.885967242025,2630.0,-112561181.36250296,-5464000.0,0.5,0.5,-2300.9429836210124,0.0,1
2026-04-30,189080.0,184000.0,189500.0,182460.0,264129,489790,161132.22827965088,-8000.0,177000.0,-8384.331516104736,2600.0,-148548606.48313975,18450200.0,0.0,1.0,2600.0,-1.0,1
2026-05-06,199400.0,191500.0,199560.0,191040.0,222232,511071,170766.1641578294,-10080.0,187500.0,-8590.150752651181,5160.0,-234041813.9434061,44913000.0,0.0,1.0,5160.0,-1.0,1
2026-05-07,199060.0,199000.0,200440.0,193400.0,274376,517613,174939.63630634188,-4300.0,190500.0,-7236.109108097435,-170.0,-235225898.52268457,43491400.0,0.0,1.0,-170.0,-1.0,1
2026-05-08,196560.0,197120.0,201480.0,195100.0,249199,513252,180254.56070473167,-2560.0,194000.0,-4891.631788580497,-1250.0,-208754262.0727483,45836400.0,0.0,1.0,-1250.0,-1.0,1
2026-05-11,205020.0,196560.0,205600.0,195200.0,236895,540666,179212.60639094296,-7870.0,195250.0,-7742.2180827171105,4230.0,-254802134.52762532,37121400.0,0.0,1.0,4230.0,-1.0,1
2026-05-12,205260.0,208000.0,208800.0,203300.0,194979,537448,184998.57639869457,-4580.0,200000.0,-6078.42708039163,120.0,-277109874.5771472,34379400.0,0.0,1.0,120.0,-1.0,1
2026-05-13,201960.0,206520.0,209880.0,195000.0,425885,519507,185626.1996715024,-4940.0,200500.0,-4900.14009854928,-1650.0,-245901613.0373408,46224600.0,0.0,1.0,-1650.0,-1.0,1
2026-05-14,191760.0,203000.0,204400.0,190080.0,460646,478280,183020.6363800939,-900.0,195000.0,-2621.80908597183,-5100.0,-162044827.88893443,45076600.0,0.0,1.0,-5100.0,-1.0,1
2026-05-15,188800.0,190000.0,194900.0,186800.0,391747,458573,180192.54703164945,-1360.0,192000.0,-2582.235890505166,-1480.0,-152056252.49107715,58659600.0,0.0,1.0,-1480.0,-1.0,1
2026-05-18,192180.0,189000.0,193900.0,187600.0,208152,466957,179373.10548854558,-1720.0,191500.0,-3842.068353436325,1690.0,-150719810.38477916,53347800.0,0.0,1.0,1690.0,-1.0,1
2026-05-19,184400.0,190980.0,192120.0,182060.0,344515,446424,176275.28627768825,3180.0,186500.0,-2437.4141166935237,-3890.0,-87299346.49826232,33520200.0,0.0,1.0,-3890.0,-1.0,1
2026-05-20,183100.0,182120.0,184800.0,175200.0,411021,447264,168561.38980604475,2180.0,179000.0,-4361.583058186574,-650.0,-73035448.17648536,32852000.0,0.0,1.0,-650.0,-1.0,1
2026-05-21,177600.0,184100.0,186200.0,177160.0,341878,448172,171703.78959779348,-1080.0,182000.0,-1768.8631206619552,-2750.0,-30170124.9285076,34367800.0,0.0,1.0,-2750.0,-1.0,1
2026-05-22,184460.0,178720.0,185300.0,176500.0,292399,452850,167239.23336099228,-1520.0,178000.0,-5166.2299917023165,3430.0,-84794071.6594464,23343600.0,0.0,1.0,3430.0,-1.0,1
2026-05-25,181200.0,185500.0,187900.0,179300.0,248810,449777,172614.31786442758,-1750.0,183250.0,-2575.7046406717272,-1630.0,-62825944.882944584,15072400.0,0.0,1.0,-1630.0,-1.0,1
2026-05-26,175960.0,182000.0,182720.0,175260.0,245595,441930,170372.69482785932,800.0,180000.0,-1676.1915516422043,-2620.0,-33777875.5034679,22280800.0,0.0,1.0,-2620.0,-1.0,1
2026-05-27,173000.0,175000.0,178920.0,172080.0,241623,428592,167215.80392680308,-380.0,177000.0,-1735.2588219590746,-1480.0,-29168488.580400053,30117600.0,0.0,1.0,-1480.0,-1.0,1
2026-05-28,178860.0,175000.0,180880.0,174000.0,260794,426476,166058.44619733805,-1800.0,175500.0,-3840.466140798584,2930.0,-23933334.98103304,21524600.0,0.0,1.0,2930.0,-1.0,1
2026-05-29,179740.0,180000.0,182500.0,177760.0,172932,427826,167631.34732135976,-2740.0,177500.0,-3632.5958035920717,440.0,-38720928.16311977,26683200.0,0.0,1.0,440.0,-1.0,1
2026-06-01,178900.0,181000.0,182100.0,178000.0,146724,433713,169434.53378802782,-1820.0,179000.0,-2839.6398635916526,-420.0,-7572166.954807291,31415800.0,0.0,1.0,-420.0,-1.0,1
2026-06-02,172980.0,179000.0,179220.0,171100.0,214856,432273,167811.4067137504,3030.0,175750.0,-1550.5779858748836,-2960.0,46844308.06731385,20226200.0,0.5,0.5,-2255.288992937442,0.0,1
2026-06-03,166760.0,173100.0,173100.0,166100.0,251082,427311,162599.42636491478,2080.0,170500.0,-1248.1720905255672,-3110.0,143015204.38565648,11805400.0,0.5,0.5,-2179.0860452627835,0.0,1
2026-06-04,160740.0,165660.0,167580.0,157560.0,281867,425107,161404.4495899713,1970.0,168250.0,199.33487699139224,-3010.0,147608549.114719,32282000.0,0.5,0.5,-1405.3325615043038,0.0,1
2026-06-05,164360.0,160040.0,165580.0,157180.0,276081,422004,155961.71562852527,780.0,163000.0,-2519.4853114424186,1810.0,130239868.59918426,20960800.0,0.5,0.5,-354.7426557212093,0.0,1
2026-06-08,163340.0,161500.0,165800.0,160260.0,187221,423382,156410.98660979304,-570.0,163750.0,-2078.7040170620894,-510.0,174192948.5482465,29689600.0,0.5,0.5,-1294.3520085310447,0.0,1
2026-06-09,168460.0,163600.0,169000.0,161600.0,238433,438866,155949.40032077,-1450.0,163750.0,-3753.179903769004,2560.0,165408116.3207407,26063200.0,0.5,0.5,-596.5899518845019,0.0,1
2026-06-10,167400.0,167980.0,169300.0,164800.0,206477,443549,157982.7965064371,-1510.0,165750.0,-2825.1610480688714,-530.0,149327677.6534435,23745600.0,0.5,0.5,-1677.5805240344357,0.0,1
2026-06-11,174600.0,166780.0,174960.0,166500.0,244951,448867,158949.56655941252,-2600.0,166500.0,-4695.130032176245,3600.0,79005089.10214499,3099600.0,0.5,0.5,-547.5650160881223,0.0,1
2026-06-12,175300.0,176000.0,178740.0,174600.0,196809,447123,161863.49623235018,-7080.0,170500.0,-4030.951130294945,350.0,67957943.18514498,-9476400.0,1.0,0.0,-4030.951130294945,1.0,1
2026-06-15,174440.0,177600.0,177920.0,172320.0,177039,450397,162728.6761514287,-4060.0,170500.0,-3513.3971545713925,-430.0,80152518.46710609,-4775000.0,1.0,0.0,-3513.3971545713925,1.0,1
2026-06-16,169980.0,173800.0,174200.0,168420.0,187954,449952,162383.12569721355,-460.0,169000.0,-2279.0622908359364,-2230.0,65930977.986759886,10291000.0,0.5,0.5,-2254.531145417968,0.0,1
2026-06-17,171300.0,170100.0,173600.0,169000.0,150191,455847,162189.6228862088,-2860.0,169500.0,-2733.1131341373634,660.0,59753977.411154896,2290400.0,0.5,0.5,-1036.5565670686817,0.0,1
2026-06-18,160500.0,172020.0,172500.0,160100.0,342652,450964,162015.1177987696,-1050.0,167250.0,454.5353396308841,-5400.0,65282892.43981226,-8412600.0,1.0,0.0,454.5353396308841,1.0,1
2026-06-22,161740.0,157220.0,161800.0,150860.0,328573,447324,152899.3471376544,3600.0,157000.0,-2652.195858703679,620.0,77980917.26869556,3756400.0,0.5,0.5,-1016.0979293518394,0.0,1
2026-06-23,157220.0,158000.0,159460.0,153700.0,258508,449841,154179.98514426616,2240.0,158500.0,-912.0044567201519,-2260.0,73126932.77708665,12135800.0,0.5,0.5,-1586.002228360076,0.0,1
2026-06-24,162740.0,156000.0,163940.0,154600.0,233010,452152,152687.70834730216,900.0,157500.0,-3015.687495809351,2760.0,54595975.85887155,-8880600.0,1.0,0.0,-3015.687495809351,1.0,1
2026-06-25,150840.0,160000.0,161200.0,150320.0,320656,454628,153298.45342431084,1260.0,157000.0,737.5360272932506,-5950.0,85521130.0661419,-49479800.0,1.0,0.0,737.5360272932506,1.0,1
2026-06-26,150220.0,149000.0,152880.0,145000.0,321674,443472,149700.55080334644,5040.0,152500.0,-155.8347589960671,-310.0,95232474.42590027,-37118000.0,1.0,0.0,-155.8347589960671,1.0,1
2026-06-29,153920.0,148000.0,154700.0,145300.0,301474,437057,147556.97260889199,-470.0,151750.0,-1908.9082173324043,1850.0,98035496.02151759,-40843400.0,1.0,0.0,-1908.9082173324043,1.0,1
2026-06-30,163360.0,148020.0,163900.0,148020.0,373078,424925,152103.3929971404,-260.0,156500.0,-3376.9821008578756,4720.0,76964021.97488233,-23009800.0,1.0,0.0,-3376.9821008578756,1.0,1
2026-07-01,164560.0,164000.0,166500.0,161500.0,278547,423487,155046.77096466764,-2300.0,160000.0,-2853.9687105997086,600.0,56100975.46139031,-19832200.0,1.0,0.0,-2853.9687105997086,1.0,1
2026-07-02,164040.0,163500.0,167800.0,162220.0,248836,419254,158986.65689333453,-2360.0,162500.0,-1516.0029319996422,-260.0,47940444.11876038,-38555400.0,1.0,0.0,-1516.0029319996422,1.0,1
2026-07-03,168780.0,170600.0,172000.0,166300.0,211420,412685,161553.4172773239,-2670.0,165250.0,-2167.974816802831,2370.0,33240594.236118164,-58510000.0,1.0,0.0,-2167.974816802831,1.0,1
2026-07-06,164560.0,166980.0,168720.0,163280.0,174787,416855,162159.88760301983,-670.0,165250.0,-720.033719094051,-2110.0,41667855.708317265,-57615200.0,1.0,0.0,-720.033719094051,1.0,1
2026-07-07,163360.0,165000.0,166380.0,160660.0,173063,413590,161679.9149443927,300.0,164500.0,-504.0255166821938,-600.0,39962021.15355885,-53237000.0,1.0,0.0,-504.0255166821938,1.0,1
2026-07-08,158440.0,164220.0,165200.0,158400.0,199757,412567,161908.25461508287,2900.0,164000.0,1040.4763845248613,-2460.0,53084791.26299315,-47673800.0,1.0,0.0,1040.4763845248613,1.0,1
2026-07-09,153020.0,159600.0,159940.0,151020.0,282269,416044,158929.8988157253,3220.0,158500.0,1772.9696447175868,-2710.0,43467038.560873255,-31627000.0,1.0,0.0,1772.9696447175868,1.0,1
2026-07-10,151600.0,153000.0,153920.0,150260.0,184064,411866,155421.17381696842,3200.0,155000.0,1146.3521450905275,-710.0,61290581.21147016,-23962800.0,1.0,0.0,1146.3521450905275,1.0,1
2026-07-13,152240.0,150500.0,153580.0,147840.0,182995,415469,154232.72779194728,2400.0,154000.0,597.8183375841851,320.0,65310837.606851466,-26937200.0,1.0,0.0,597.8183375841851,1.0,1
2026-07-14,153180.0,152000.0,154000.0,150720.0,147468,414398,153913.57210792424,1060.0,154000.0,220.07163237727073,470.0,62406168.87212692,-26335400.0,1.0,0.0,220.07163237727073,1.0,1
2026-07-15,149240.0,153880.0,156500.0,147540.0,247128,418746,154377.3221724881,3040.0,154000.0,1541.1966517464257,-1970.0,45869335.33117208,-30105000.0,1.0,0.0,1541.1966517464257,1.0,1
2026-07-16,151660.0,148980.0,153340.0,145860.0,291773,404234,155229.3115091139,4060.0,151000.0,1070.7934527341713,1210.0,52607393.45230187,-31928800.0,1.0,0.0,1070.7934527341713,1.0,1
2026-07-17,150140.0,153100.0,155300.0,149000.0,222081,385010,154976.90283759427,-1100.0,152000.0,1451.0708512782817,-760.0,21462165.555462405,-26640000.0,1.0,0.0,1451.0708512782817,1.0,1
2026-07-20,143900.0,151500.0,154800.0,141400.0,295098,379802,155342.0969048487,3300.0,151500.0,3432.6290714546108,-3120.0,11843859.622343626,-15201600.0,1.0,0.0,3432.6290714546108,1.0,1
2026-07-21,141620.0,143800.0,144300.0,136800.0,270848,375185,148360.74697275757,5920.0,144000.0,2022.2240918272698,-1140.0,-7970459.9419135135,-5285600.0,0.5,0.5,441.1120459136349,0.0,1
2026-07-22,143300.0,142980.0,145200.0,137220.0,282781,370958,146691.78689795965,2700.0,143000.0,1017.536069387896,840.0,461141.1334515386,5274400.0,0.5,0.5,928.768034693948,0.0,1
2026-07-23,145000.0,143380.0,148480.0,142240.0,259198,367838,152199.21149453428,180.0,146500.0,2159.763448360283,850.0,-33695728.74872031,39546400.0,0.0,1.0,850.0,-1.0,1
2026-07-24,144280.0,144200.0,145800.0,141320.0,171069,354629,151459.3568219408,1460.0,145500.0,2153.807046582241,-360.0,-34793486.09461789,35245400.0,0.0,1.0,-360.0,-1.0,1
2026-07-27,147220.0,145780.0,148220.0,143260.0,169766,354044,152599.18605903364,1540.0,146500.0,1613.755817710093,1470.0,-27884704.76938066,35334000.0,0.0,1.0,1470.0,-1.0,1
2026-07-28,143480.0,146560.0,147680.0,142000.0,217777,348395,151332.19235559375,1040.0,145500.0,2355.657706678126,-1870.0,-15900057.955998506,12372200.0,0.0,1.0,-1870.0,-1.0,1
2026-07-29,147900.0,143480.0,149400.0,142500.0,205654,335476,151706.93501592465,-280.0,146000.0,1142.0805047773958,2210.0,-1435672.3714517392,-1557200.0,0.5,0.5,1676.0402523886978,0.0,1
2026-07-30,141060.0,147980.0,148080.0,140620.0,197757,330683,153205.05691381264,160.0,146000.0,3643.5170741437933,-3420.0,-10731566.753640976,-16361600.0,0.5,0.5,111.75853707189663,0.0,1
2026-07-31,137760.0,143880.0,144400.0,137760.0,182183,327682,153036.4996487086,160.0,146000.0,4582.949894612576,-1650.0,-15569319.20063719,-3843200.0,0.5,0.5,1466.474947306288,0.0,1
2026-08-03,138900.0,137500.0,140840.0,135560.0,185279,324208,153094.72852210817,160.0,146000.0,4258.41855663245,570.0,-19493610.0476868,4277200.0,0.0,1.0,570.0,-1.0,1
2026-08-04,139380.0,138780.0,141360.0,137340.0,134684,315871,153119.24594248694,160.0,146000.0,4121.773782746083,240.0,-18313609.60341608,2018800.0,0.0,1.0,240.0,-1.0,1
2026-08-05,143220.0,139720.0,144300.0,138320.0,165291,306231,153315.38530551715,160.0,146000.0,3028.6155916551447,1920.0,-4965803.819747515,-11600.0,0.5,0.5,2474.3077958275726,0.0,1
2026-08-06,141460.0,143200.0,143860.0,139240.0,157675,299348,153225.48809746164,160.0,146000.0,3529.6464292384917,-880.0,-4656785.256935816,-16724000.0,0.5,0.5,1324.8232146192458,0.0,1
2026-08-07,140000.0,142920.0,144800.0,139600.0,199880,291475,153150.91427714287,160.0,146000.0,3945.2742831428623,-730.0,-7292452.148125049,-19287400.0,0.5,0.5,1607.6371415714311,0.0,1
2026-08-10,146360.0,140500.0,146380.0,139280.0,192564,271944,153475.77009716164,160.0,146000.0,2134.731029148493,3180.0,17065826.919805624,-23475800.0,1.0,0.0,2134.731029148493,1.0,1
2026-08-11,145860.0,146500.0,146680.0,143500.0,118649,254682,153450.2311176004,160.0,146000.0,2277.06933528012,-250.0,15436512.16790224,-25366600.0,1.0,0.0,2277.06933528012,1.0,1
2026-08-12,149700.0,146200.0,150880.0,146060.0,158164,233810,153646.3704806306,160.0,146000.0,1183.9111441891814,1920.0,25047540.64694435,-24474800.0,1.0,0.0,1183.9111441891814,1.0,1
2026-08-13,152120.0,148700.0,153800.0,147080.0,135057,267862,153769.97914170695,160.0,146000.0,494.99374251208496,1210.0,24182909.718655813,-15061000.0,1.0,0.0,494.99374251208496,1.0,1
2026-08-14,155240.0,152000.0,155780.0,151460.0,105989,284020,153929.34237416898,160.0,146000.0,-393.197287749307,1560.0,27354896.24344946,-9446600.0,1.0,0.0,-393.197287749307,1.0,1
2026-08-17,153500.0,155600.0,157540.0,151800.0,154204,302678,153840.46672529593,160.0,146000.0,102.14001758878003,-870.0,37093741.63610973,-16903400.0,1.0,0.0,102.14001758878003,1.0,1
2026-08-18,155400.0,155000.0,157840.0,152680.0,165827,311262,153937.51484762857,160.0,146000.0,-438.74554571142943,950.0,45114201.95244493,-25670000.0,1.0,0.0,-438.74554571142943,1.0,1
2026-08-19,150660.0,154400.0,154700.0,149120.0,175248,315609,153695.40532138816,160.0,146000.0,910.6215964164468,-2370.0,43796519.36484729,-28257800.0,1.0,0.0,910.6215964164468,1.0,1
2026-08-20,152160.0,152500.0,154000.0,150500.0,138160,321562,153772.02226007186,160.0,146000.0,483.60667802155655,750.0,43432640.44151253,-33240800.0,1.0,0.0,483.60667802155655,1.0,1
2026-08-21,158680.0,152400.0,159380.0,151180.0,225444,353437,154105.05055355022,160.0,146000.0,-1372.484833934935,3260.0,48140785.66503249,-27738800.0,1.0,0.0,-1372.484833934935,1.0,1
2026-08-24,158860.0,161500.0,162500.0,156000.0,219750,359138,154114.24458619225,160.0,146000.0,-1423.726624142326,90.0,41561545.67797241,-26093600.0,1.0,0.0,-1423.726624142326,1.0,1
2026-08-25,150280.0,159500.0,159880.0,150280.0,229133,354226,153675.99569692163,160.0,146000.0,1018.7987090764886,-4290.0,59812566.871349305,-21368000.0,1.0,0.0,1018.7987090764886,1.0,1
2026-08-26,152160.0,150980.0,154940.0,148320.0,217163,358778,153772.02226007186,160.0,146000.0,483.60667802155655,940.0,51315901.3808958,-21167800.0,1.0,0.0,483.60667802155655,1.0,1
2026-08-27,152020.0,153840.0,154520.0,150140.0,158944,363652,153764.8713457947,160.0,146000.0,523.4614037384105,-70.0,59060027.09865017,-6183000.0,1.0,0.0,523.4614037384105,1.0,1
2026-08-28,159600.0,153980.0,159620.0,152080.0,239379,391884,154152.04227594286,160.0,146000.0,-1634.3873172171413,3790.0,75051470.88366184,-17999600.0,1.0,0.0,-1634.3873172171413,1.0,1
2026-08-31,161000.0,160500.0,162000.0,158100.0,166812,403032,154223.55141871428,160.0,146000.0,-2032.9345743857148,700.0,67538765.7596995,-10812600.0,1.0,0.0,-2032.9345743857148,1.0,1
2026-09-01,157860.0,160820.0,162860.0,157180.0,212658,404917,154063.1666270698,160.0,146000.0,-1139.050011879063,-1570.0,71878139.41608708,-13284200.0,1.0,0.0,-1139.050011879063,1.0,1
2026-09-02,154780.0,157000.0,157820.0,153200.0,186331,395794,153905.84651297267,160.0,146000.0,-262.2460461081995,-1540.0,59558802.126929626,-9370200.0,1.0,0.0,-262.2460461081995,1.0,1
2026-09-03,149880.0,156000.0,158000.0,149540.0,247038,394277,153655.56451327266,160.0,146000.0,1132.669353981799,-2450.0,66174171.19417286,1555000.0,0.5,0.5,-658.6653230091005,0.0,1
2026-09-04,141940.0,150500.0,152340.0,140540.0,312373,392630,153250.0055178404,160.0,146000.0,3393.001655352124,-3970.0,62334060.310245566,19723200.0,0.5,0.5,-288.49917232393796,0.0,1
2026-09-07,142200.0,142000.0,143040.0,140140.0,147974,394996,153263.28578721225,160.0,146000.0,3318.9857361636764,130.0,38124296.29984851,23333800.0,0.5,0.5,1724.4928680818382,0.0,1
