date,basis,spot_avg
2006-12-25,,22500.0
2006-12-26,,22500.0
2006-12-27,,22500.0
2006-12-28,,22500.0
2006-12-29,,22500.0
2007-01-04,,22500.0
2007-01-05,,22500.0
2007-01-08,,22500.0
2007-01-09,,22500.0
2007-01-10,,22500.0
2007-01-11,,22500.0
2007-01-12,,22500.0
2007-01-15,,22500.0
2007-01-16,,22500.0
2007-01-17,,22500.0
2007-01-18,,22500.0
2007-01-19,,22500.0
2007-01-22,,22500.0
2007-01-23,,22500.0
2007-01-24,,22500.0
2007-01-25,,22500.0
2007-01-26,,22500.0
2007-01-29,,22500.0
2007-01-30,,22500.0
2007-01-31,,22500.0
2007-02-01,,22500.0
2007-02-02,,22500.0
2007-02-05,,22500.0
2007-02-06,,22500.0
2007-02-07,,22500.0
2007-02-08,,22500.0
2007-02-09,,22500.0
2007-02-12,,22500.0
2007-02-13,,22500.0
2007-02-14,,22500.0
2007-02-15,,22500.0
2007-02-16,,22500.0
2007-02-26,,22500.0
2007-02-27,,22500.0
2007-02-28,,22500.0
2007-03-01,,22500.0
2007-03-02,,22500.0
2007-03-05,,22500.0
2007-03-06,,22500.0
2007-03-07,,22500.0
2007-03-08,,22500.0
2007-03-09,,22500.0
2007-03-12,,22500.0
2007-03-13,,22500.0
2007-03-14,,22500.0
2007-03-15,,66000.0
2007-03-16,,66000.0
2007-03-19,,66000.0
2007-03-20,,66000.0
2007-03-21,,66000.0
2007-03-22,,66000.0
2007-03-23,,66000.0
2007-03-26,,66000.0
2007-03-27,,66000.0
2007-03-28,,66000.0
2007-03-29,,66000.0
2007-03-30,,66000.0
2007-04-02,,66000.0
2007-04-03,,66000.0
2007-04-04,,66000.0
2007-04-05,,66000.0
2007-04-06,,66000.0
2007-04-09,,66000.0
2007-04-10,,66000.0
2007-04-11,,66000.0
2007-04-12,,66000.0
2007-04-13,,66000.0
2007-04-16,,66000.0
2007-04-17,,66000.0
2007-04-18,,66000.0
2007-04-19,,66000.0
2007-04-20,,66000.0
2007-04-23,,66000.0
2007-04-24,,66000.0
2007-04-25,,66000.0
2007-04-26,,66000.0
2007-04-27,,66000.0
2007-04-30,,66000.0
2007-05-08,,66000.0
2007-05-09,,66000.0
2007-05-10,,66000.0
2007-05-11,,66000.0
2007-05-14,,66000.0
2007-05-15,,66000.0
2007-05-16,,66000.0
2007-05-17,,66000.0
2007-05-18,,66000.0
2007-05-21,,66000.0
2007-05-22,,66000.0
2007-05-23,,66000.0
2007-05-24,,66000.0
2007-05-25,,66000.0
2007-05-28,,66000.0
2007-05-29,,66000.0
2007-05-30,,60000.0
2007-05-31,,60000.0
2007-06-01,,60000.0
2007-06-04,,60000.0
2007-06-05,,60000.0
2007-06-06,,60000.0
2007-06-07,,60000.0
2007-06-08,,60000.0
2007-06-11,,60000.0
2007-06-12,,59000.0
2007-06-13,,59000.0
2007-06-14,,59000.0
2007-06-15,,59000.0
2007-06-18,,59000.0
2007-06-19,,59000.0
2007-06-20,,59000.0
2007-06-21,,59000.0
2007-06-22,,59000.0
2007-06-25,,59000.0
2007-06-26,,59000.0
2007-06-27,,59000.0
2007-06-28,,59000.0
2007-06-29,,59000.0
2007-07-02,,59000.0
2007-07-03,,59000.0
2007-07-04,,59000.0
2007-07-05,,59000.0
2007-07-06,,59000.0
2007-07-09,,59000.0
2007-07-10,,59000.0
2007-07-11,,59000.0
2007-07-12,,59000.0
2007-07-13,,59000.0
2007-07-16,,59000.0
2007-07-17,,59000.0
2007-07-18,,59000.0
2007-07-19,,59000.0
2007-07-20,,59000.0
2007-07-23,,59000.0
2007-07-24,,59000.0
2007-07-25,,59000.0
2007-07-26,,59000.0
2007-07-27,,59000.0
2007-07-30,,59000.0
2007-07-31,,59000.0
2007-08-01,,59000.0
2007-08-02,,59000.0
2007-08-03,,59000.0
2007-08-06,,59000.0
2007-08-07,,53000.0
2007-08-08,,53000.0
2007-08-09,,53000.0
2007-08-10,,53000.0
2007-08-13,,53000.0
2007-08-14,,53000.0
2007-08-15,,53000.0
2007-08-16,,53000.0
2007-08-17,,53000.0
2007-08-20,,53000.0
2007-08-21,,53000.0
2007-08-22,,53000.0
2007-08-23,,53000.0
2007-08-24,,53000.0
2007-08-27,,53000.0
2007-08-28,,53000.0
2007-08-29,,53000.0
2007-08-30,,53000.0
2007-08-31,,53000.0
2007-09-03,,53000.0
2007-09-04,,53000.0
2007-09-05,,53000.0
2007-09-06,,53000.0
2007-09-07,,53000.0
2007-09-10,,53000.0
2007-09-11,,53000.0
2007-09-12,,53000.0
2007-09-13,,53000.0
2007-09-14,,53000.0
2007-09-17,,53000.0
2007-09-18,,53000.0
2007-09-19,,53000.0
2007-09-20,,53000.0
2007-09-21,,53000.0
2007-09-24,,53000.0
2007-09-25,,53000.0
2007-09-26,,53000.0
2007-09-27,,53000.0
2007-09-28,,53000.0
2007-10-08,,53000.0
2007-10-09,,53000.0
2007-10-10,,53000.0
2007-10-11,,53000.0
2007-10-12,,53000.0
2007-10-15,,53000.0
2007-10-16,,53000.0
2007-10-17,,53000.0
2007-10-18,,53000.0
2007-10-19,,53000.0
2007-10-22,,53000.0
2007-10-23,,53000.0
2007-10-24,,53000.0
2007-10-25,,53000.0
2007-10-26,,53000.0
2007-10-29,,53000.0
2007-10-30,,53000.0
2007-10-31,,53000.0
2007-11-01,,53000.0
2007-11-02,,53000.0
2007-11-05,,53000.0
2007-11-06,,53000.0
2007-11-07,,53000.0
2007-11-08,,53000.0
2007-11-09,,53000.0
2007-11-12,,36000.0
2007-11-13,,36000.0
2007-11-14,,36000.0
2007-11-15,,36000.0
2007-11-16,,36000.0
2007-11-19,,36000.0
2007-11-20,,36000.0
2007-11-21,,36000.0
2007-11-22,,36000.0
2007-11-23,,36000.0
2007-11-26,,36000.0
2007-11-27,,36000.0
2007-11-28,,36000.0
2007-11-29,,36000.0
2007-11-30,,36000.0
2007-12-03,,36000.0
2007-12-04,,36000.0
2007-12-05,,36000.0
2007-12-06,,36000.0
2007-12-07,,36000.0
2007-12-10,,36000.0
2007-12-11,,36000.0
2007-12-12,,36000.0
2007-12-13,,36000.0
2007-12-14,,36000.0
2007-12-17,,36000.0
2007-12-18,,36000.0
2007-12-19,,36000.0
2007-12-20,,36000.0
2007-12-21,,36000.0
2007-12-24,,36000.0
2007-12-25,,36000.0
2007-12-26,,36000.0
2007-12-27,,36000.0
2007-12-28,,36000.0
2008-01-02,,36000.0
2008-01-03,,36000.0
2008-01-04,,36000.0
2008-01-07,,36000.0
2008-01-08,,36000.0
2008-01-09,,36000.0
2008-01-10,,36000.0
2008-01-11,,36000.0
2008-01-14,,36000.0
2008-01-15,,36000.0
2008-01-16,,36000.0
2008-01-17,,36000.0
2008-01-18,,36000.0
2008-01-21,,52500.0
2008-01-22,,52500.0
2008-01-23,,52500.0
2008-01-24,,52500.0
2008-01-25,,52500.0
2008-01-28,,52500.0
2008-01-29,,52500.0
2008-01-30,,52500.0
2008-01-31,,52500.0
2008-02-01,,52500.0
2008-02-04,,52500.0
2008-02-05,,52500.0
2008-02-13,,52500.0
2008-02-14,,52500.0
2008-02-15,,52500.0
2008-02-18,,52500.0
2008-02-19,,52500.0
2008-02-20,,52500.0
2008-02-21,,52500.0
2008-02-22,,52500.0
2008-02-25,,52500.0
2008-02-26,,52500.0
2008-02-27,,52500.0
2008-02-28,,52500.0
2008-02-29,,58500.0
2008-03-03,,58500.0
2008-03-04,,58500.0
2008-03-05,,58500.0
2008-03-06,,58500.0
2008-03-07,,58500.0
2008-03-10,,58500.0
2008-03-11,,58500.0
2008-03-12,,58500.0
2008-03-13,,58500.0
2008-03-14,,58500.0
2008-03-17,,58500.0
2008-03-18,,58500.0
2008-03-19,,58500.0
2008-03-20,,58500.0
2008-03-21,,58500.0
2008-03-24,,58500.0
2008-03-25,,58500.0
2008-03-26,,58500.0
2008-03-27,,58500.0
2008-03-28,,58500.0
2008-03-31,,58500.0
2008-04-01,,58500.0
2008-04-02,,58500.0
2008-04-03,,58500.0
2008-04-07,,58500.0
2008-04-08,,58500.0
2008-04-09,,58500.0
2008-04-10,,58500.0
2008-04-11,,58500.0
2008-04-14,,58500.0
2008-04-15,,58500.0
2008-04-16,,58500.0
2008-04-17,,58500.0
2008-04-18,,58500.0
2008-04-21,,58500.0
2008-04-22,,58500.0
2008-04-23,,58500.0
2008-04-24,,58500.0
2008-04-25,,58500.0
2008-04-28,,58500.0
2008-04-29,,58500.0
2008-04-30,,58500.0
2008-05-05,,58500.0
2008-05-06,,58500.0
2008-05-07,,58500.0
2008-05-08,,58500.0
2008-05-09,,58500.0
2008-05-12,,58500.0
2008-05-13,,58500.0
2008-05-14,,58500.0
2008-05-15,,58500.0
2008-05-16,,58500.0
2008-05-19,,58500.0
2008-05-20,,58500.0
2008-05-21,,58500.0
2008-05-22,,58500.0
2008-05-23,,58500.0
2008-05-26,,58500.0
2008-05-27,,58500.0
2008-05-28,,58500.0
2008-05-29,,58500.0
2008-05-30,,58500.0
2008-06-02,,58500.0
2008-06-03,,58500.0
2008-06-04,,58500.0
2008-06-05,,58500.0
2008-06-06,,58500.0
2008-06-10,,58500.0
2008-06-11,,58500.0
2008-06-12,,58500.0
2008-06-13,,58500.0
2008-06-16,,58500.0
2008-06-17,,58500.0
2008-06-18,,58500.0
2008-06-19,,60500.0
2008-06-20,,60500.0
2008-06-23,,60500.0
2008-06-24,,60500.0
2008-06-25,,60500.0
2008-06-26,,60500.0
2008-06-27,,60500.0
2008-06-30,,60500.0
2008-07-01,,60500.0
2008-07-02,,60500.0
2008-07-03,,60500.0
2008-07-04,,60500.0
2008-07-07,,60500.0
2008-07-08,,60500.0
2008-07-09,,60500.0
2008-07-10,,60500.0
2008-07-11,,60500.0
2008-07-14,,60500.0
2008-07-15,,60500.0
2008-07-16,,60500.0
2008-07-17,,60500.0
2008-07-18,,60500.0
2008-07-21,,60500.0
2008-07-22,,60500.0
2008-07-23,,60500.0
2008-07-24,,60500.0
2008-07-25,,60500.0
2008-07-28,,60500.0
2008-07-29,,60500.0
2008-07-30,,60500.0
2008-07-31,,60500.0
2008-08-01,,60500.0
2008-08-04,,60500.0
2008-08-05,,60500.0
2008-08-06,,60500.0
2008-08-07,,60500.0
2008-08-08,,60500.0
2008-08-11,,60500.0
2008-08-12,,60500.0
2008-08-13,,60500.0
2008-08-14,,60500.0
2008-08-15,,60500.0
2008-08-18,,60500.0
2008-08-19,,60500.0
2008-08-20,,60500.0
2008-08-21,,60500.0
2008-08-22,,60500.0
2008-08-25,,60500.0
2008-08-26,,60500.0
2008-08-27,,60500.0
2008-08-28,,60500.0
2008-08-29,,60500.0
2008-09-01,,60500.0
2008-09-02,,60500.0
2008-09-03,,60500.0
2008-09-04,,60500.0
2008-09-05,,60500.0
2008-09-08,,60500.0
2008-09-09,,60500.0
2008-09-10,,60500.0
2008-09-11,,60500.0
2008-09-12,,60500.0
2008-09-16,,60500.0
2008-09-17,,60500.0
2008-09-18,,60500.0
2008-09-19,,60500.0
2008-09-22,,60500.0
2008-09-23,,60500.0
2008-09-24,,60500.0
2008-09-25,,60500.0
2008-09-26,,60500.0
2008-10-06,,60500.0
2008-10-07,,60500.0
2008-10-08,,60500.0
2008-10-09,,60500.0
2008-10-10,,60500.0
2008-10-13,,60500.0
2008-10-14,,60500.0
2008-10-15,,60500.0
2008-10-16,,60500.0
2008-10-17,,60500.0
2008-10-20,,60500.0
2008-10-21,,60500.0
2008-10-22,,60500.0
2008-10-23,,60500.0
2008-10-24,,60500.0
2008-10-27,,60500.0
2008-10-28,,60500.0
2008-10-29,,60500.0
2008-10-30,,60500.0
2008-10-31,,60500.0
2008-11-03,,60500.0
2008-11-04,,60500.0
2008-11-05,,60500.0
2008-11-06,,60500.0
2008-11-07,,60500.0
2008-11-10,,60500.0
2008-11-11,,42000.0
2008-11-12,,42000.0
2008-11-13,,42000.0
2008-11-14,,42000.0
2008-11-17,,42000.0
2008-11-18,,42000.0
2008-11-19,,42000.0
2008-11-20,,42000.0
2008-11-21,,42000.0
2008-11-24,,42000.0
2008-11-25,,42000.0
2008-11-26,,42000.0
2008-11-27,,42000.0
2008-11-28,,42000.0
2008-12-01,,42000.0
2008-12-02,,42000.0
2008-12-03,,42000.0
2008-12-04,,42000.0
2008-12-05,,42000.0
2008-12-08,,42000.0
2008-12-09,,42000.0
2008-12-10,,42000.0
2008-12-11,,42000.0
2008-12-12,,42000.0
2008-12-15,,42000.0
2008-12-16,,42000.0
2008-12-17,,42000.0
2008-12-18,,42000.0
2008-12-19,,42000.0
2008-12-22,,42000.0
2008-12-23,,42000.0
2008-12-24,,42000.0
2008-12-25,,42000.0
2008-12-26,,39000.0
2008-12-29,,39000.0
2008-12-30,,39000.0
2008-12-31,,39000.0
2009-01-05,,39000.0
2009-01-06,,39000.0
2009-01-07,,39000.0
2009-01-08,,39000.0
2009-01-09,,39000.0
2009-01-12,,39000.0
2009-01-13,,39000.0
2009-01-14,,39000.0
2009-01-15,,39000.0
2009-01-16,,40500.0
2009-01-19,,40500.0
2009-01-20,,40500.0
2009-01-21,,40500.0
2009-01-22,,40500.0
2009-01-23,,40500.0
2009-02-02,,40500.0
2009-02-03,,40500.0
2009-02-04,,40500.0
2009-02-05,,40500.0
2009-02-06,,40500.0
2009-02-09,,40500.0
2009-02-10,,40500.0
2009-02-11,,40500.0
2009-02-12,,40500.0
2009-02-13,,40500.0
2009-02-16,,40500.0
2009-02-17,,40500.0
2009-02-18,,40500.0
2009-02-19,,40500.0
2009-02-20,,40500.0
2009-02-23,,40500.0
2009-02-24,,40500.0
2009-02-25,,40500.0
2009-02-26,,40500.0
2009-02-27,,40500.0
2009-03-02,,40500.0
2009-03-03,,40500.0
2009-03-04,,40500.0
2009-03-05,,40500.0
2009-03-06,,40500.0
2009-03-09,,40500.0
2009-03-10,,40500.0
2009-03-11,,40500.0
2009-03-12,,40500.0
2009-03-13,,40500.0
2009-03-16,,40500.0
2009-03-17,,40500.0
2009-03-18,,40500.0
2009-03-19,,40500.0
2009-03-20,,40500.0
2009-03-23,,40500.0
2009-03-24,,40500.0
2009-03-25,,40500.0
2009-03-26,,40500.0
2009-03-27,,40500.0
2009-03-30,,40500.0
2009-03-31,,40500.0
2009-04-01,,40500.0
2009-04-02,,40500.0
2009-04-03,,40500.0
2009-04-07,,40500.0
2009-04-08,,40500.0
2009-04-09,,40500.0
2009-04-10,,40500.0
2009-04-13,,40500.0
2009-04-14,,40500.0
2009-04-15,,40500.0
2009-04-16,,40500.0
2009-04-17,,40500.0
2009-04-20,,40500.0
2009-04-21,,40500.0
2009-04-22,,40500.0
2009-04-23,,40500.0
2009-04-24,,40500.0
2009-04-27,,40500.0
2009-04-28,,40500.0
2009-04-29,,40500.0
2009-04-30,,42000.0
2009-05-04,,42000.0
2009-05-05,,42000.0
2009-05-06,,42000.0
2009-05-07,,42000.0
2009-05-08,,42000.0
2009-05-11,,42000.0
2009-05-12,,42000.0
2009-05-13,,42000.0
2009-05-14,,42000.0
2009-05-15,,42000.0
2009-05-18,,42000.0
2009-05-19,,42000.0
2009-05-20,,42000.0
2009-05-21,,42000.0
2009-05-22,,42000.0
2009-05-25,,42000.0
2009-05-26,,42000.0
2009-05-27,,42000.0
2009-06-01,,42000.0
2009-06-02,,42000.0
2009-06-03,,42000.0
2009-06-04,,42000.0
2009-06-05,,42000.0
2009-06-08,,42000.0
2009-06-09,,42000.0
2009-06-10,,42000.0
2009-06-11,,42000.0
2009-06-12,,42000.0
2009-06-15,,42000.0
2009-06-16,,42000.0
2009-06-17,,42000.0
2009-06-18,,42000.0
2009-06-19,,42000.0
2009-06-22,,42000.0
2009-06-23,,42000.0
2009-06-24,,42000.0
2009-06-25,,42000.0
2009-06-26,,42500.0
2009-06-29,,42500.0
2009-06-30,,42500.0
2009-07-01,,42500.0
2009-07-02,,42500.0
2009-07-03,,42500.0
2009-07-06,,42500.0
2009-07-07,,42500.0
2009-07-08,,42500.0
2009-07-09,,42500.0
2009-07-10,,42500.0
2009-07-13,,42500.0
2009-07-14,,42500.0
2009-07-15,,42500.0
2009-07-16,,42500.0
2009-07-17,,42500.0
2009-07-20,,42500.0
2009-07-21,,42500.0
2009-07-22,,42500.0
2009-07-23,,42500.0
2009-07-24,,42500.0
2009-07-27,,42500.0
2009-07-28,,42500.0
2009-07-29,,42500.0
2009-07-30,,42500.0
2009-07-31,,42500.0
2009-08-03,,42500.0
2009-08-04,,42500.0
2009-08-05,,42500.0
2009-08-06,,42500.0
2009-08-07,,42500.0
2009-08-10,,42500.0
2009-08-11,,42500.0
2009-08-12,,42500.0
2009-08-13,,42500.0
2009-08-14,,42500.0
2009-08-17,,42500.0
2009-08-18,,42500.0
2009-08-19,,42500.0
2009-08-20,,42500.0
2009-08-21,,42500.0
2009-08-24,,42500.0
2009-08-25,,42500.0
2009-08-26,,42500.0
2009-08-27,,42500.0
2009-08-28,,42500.0
2009-08-31,,42500.0
2009-09-01,,42500.0
2009-09-02,,42500.0
2009-09-03,,42500.0
2009-09-04,,42500.0
2009-09-07,,42500.0
2009-09-08,,42500.0
2009-09-09,,42500.0
2009-09-10,,42500.0
2009-09-11,,42500.0
2009-09-14,,42500.0
2009-09-15,,42500.0
2009-09-16,,42500.0
2009-09-17,,42500.0
2009-09-18,,42500.0
2009-09-21,,42500.0
2009-09-22,,42500.0
2009-09-23,,42500.0
2009-09-24,,42500.0
2009-09-25,,42500.0
2009-09-28,,42500.0
2009-09-29,,42500.0
2009-09-30,,42500.0
2009-10-09,,42500.0
2009-10-12,,42500.0
2009-10-13,,42500.0
2009-10-14,,42500.0
2009-10-15,,42500.0
2009-10-16,,42500.0
2009-10-19,,42500.0
2009-10-20,,42500.0
2009-10-21,,42500.0
2009-10-22,,42500.0
2009-10-23,,42500.0
2009-10-26,,42500.0
2009-10-27,,42500.0
2009-10-28,,42500.0
2009-10-29,,42500.0
2009-10-30,,42500.0
2009-11-02,,42500.0
2009-11-03,,42500.0
2009-11-04,,42500.0
2009-11-05,,42500.0
2009-11-06,,42500.0
2009-11-09,,42500.0
2009-11-10,,42500.0
2009-11-11,,42500.0
2009-11-12,,42500.0
2009-11-13,,42500.0
2009-11-16,,42500.0
2009-11-17,,42500.0
2009-11-18,,42500.0
2009-11-19,,42500.0
2009-11-20,,42500.0
2009-11-23,,42500.0
2009-11-24,,42500.0
2009-11-25,,42500.0
2009-11-26,,42500.0
2009-11-27,,42500.0
2009-11-30,,42500.0
2009-12-01,,42500.0
2009-12-02,,42500.0
2009-12-03,,42500.0
2009-12-04,,42500.0
2009-12-07,,42500.0
2009-12-08,,42500.0
2009-12-09,,42500.0
2009-12-10,,42500.0
2009-12-11,,42500.0
2009-12-14,,42500.0
2009-12-15,,42500.0
2009-12-16,,42500.0
2009-12-17,,42500.0
2009-12-18,,42500.0
2009-12-21,,42500.0
2009-12-22,,42500.0
2009-12-23,,42500.0
2009-12-24,,42500.0
2009-12-25,,42500.0
2009-12-28,,42500.0
2009-12-29,,42500.0
2009-12-30,,42500.0
2009-12-31,,42500.0
2010-01-04,,42500.0
2010-01-05,,42500.0
2010-01-06,,42500.0
2010-01-07,,42500.0
2010-01-08,,42500.0
2010-01-11,,42500.0
2010-01-12,,42500.0
2010-01-13,,42500.0
2010-01-14,,42500.0
2010-01-15,,42500.0
2010-01-18,,42500.0
2010-01-19,,42500.0
2010-01-20,,42500.0
2010-01-21,,42500.0
2010-01-22,,42500.0
2010-01-25,,42500.0
2010-01-26,,42500.0
2010-01-27,,42500.0
2010-01-28,,42500.0
2010-01-29,,42500.0
2010-02-01,,42500.0
2010-02-02,,42500.0
2010-02-03,,42500.0
2010-02-04,,42500.0
2010-02-05,,42500.0
2010-02-08,,42500.0
2010-02-09,,42500.0
2010-02-10,,42500.0
2010-02-11,,42500.0
2010-02-12,,42500.0
2010-02-22,,42500.0
2010-02-23,,42500.0
2010-02-24,,42500.0
2010-02-25,,42500.0
2010-02-26,,42500.0
2010-03-01,,42500.0
2010-03-02,,42500.0
2010-03-03,,42500.0
2010-03-04,,42500.0
2010-03-05,,42500.0
2010-03-08,,42500.0
2010-03-09,,42500.0
2010-03-10,,42500.0
2010-03-11,,42500.0
2010-03-12,,42500.0
2010-03-15,,42500.0
2010-03-16,,42500.0
2010-03-17,,42500.0
2010-03-18,,42500.0
2010-03-19,,42500.0
2010-03-22,,42500.0
2010-03-23,,42500.0
2010-03-24,,42500.0
2010-03-25,,42500.0
2010-03-26,,42500.0
2010-03-29,,42500.0
2010-03-30,,42500.0
2010-03-31,,42500.0
2010-04-01,,42500.0
2010-04-02,,42500.0
2010-04-06,,42500.0
2010-04-07,,42500.0
2010-04-08,,42500.0
2010-04-09,,42500.0
2010-04-12,,42500.0
2010-04-13,,42500.0
2010-04-14,,42500.0
2010-04-15,,42500.0
2010-04-16,,42500.0
2010-04-19,,42500.0
2010-04-20,,42500.0
2010-04-21,,42500.0
2010-04-22,,42500.0
2010-04-23,,42500.0
2010-04-26,,42500.0
2010-04-27,,42500.0
2010-04-28,,42500.0
2010-04-29,,42500.0
2010-04-30,,40500.0
2010-05-04,,40500.0
2010-05-05,,40500.0
2010-05-06,,40500.0
2010-05-07,,40500.0
2010-05-10,,40500.0
2010-05-11,,40500.0
2010-05-12,,40500.0
2010-05-13,,40500.0
2010-05-14,,40500.0
2010-05-17,,40500.0
2010-05-18,,40500.0
2010-05-19,,40500.0
2010-05-20,,40500.0
2010-05-21,,40500.0
2010-05-24,,40500.0
2010-05-25,,40500.0
2010-05-26,,40500.0
2010-05-27,,40500.0
2010-05-28,,40500.0
2010-05-31,,40500.0
2010-06-01,,40500.0
2010-06-02,,40500.0
2010-06-03,,40500.0
2010-06-04,,40500.0
2010-06-07,,40500.0
2010-06-08,,40500.0
2010-06-09,,40500.0
2010-06-10,,40500.0
2010-06-11,,40500.0
2010-06-17,,40500.0
2010-06-18,,40500.0
2010-06-21,,40500.0
2010-06-22,,40500.0
2010-06-23,,40500.0
2010-06-24,,40500.0
2010-06-25,,40500.0
2010-06-28,,40500.0
2010-06-29,,40500.0
2010-06-30,,40500.0
2010-07-01,,40500.0
2010-07-02,,40500.0
2010-07-05,,40500.0
2010-07-06,,40500.0
2010-07-07,,40500.0
2010-07-08,,40500.0
2010-07-09,,40500.0
2010-07-12,,40500.0
2010-07-13,,40500.0
2010-07-14,,40500.0
2010-07-15,,40500.0
2010-07-16,,40500.0
2010-07-19,,40500.0
2010-07-20,,40500.0
2010-07-21,,39000.0
2010-07-22,,39000.0
2010-07-23,,39000.0
2010-07-26,,39000.0
2010-07-27,,39000.0
2010-07-28,,39000.0
2010-07-29,,39000.0
2010-07-30,,39000.0
2010-08-02,,39000.0
2010-08-03,,39000.0
2010-08-04,,39000.0
2010-08-05,,39000.0
2010-08-06,,39000.0
2010-08-09,,39000.0
2010-08-10,,39000.0
2010-08-11,,39000.0
2010-08-12,,39000.0
2010-08-13,,39000.0
2010-08-16,,38000.0
2010-08-17,,38000.0
2010-08-18,,38000.0
2010-08-19,,38000.0
2010-08-20,,38000.0
2010-08-23,,38000.0
2010-08-24,,38000.0
2010-08-25,,38000.0
2010-08-26,,38000.0
2010-08-27,,38000.0
2010-08-30,,38000.0
2010-08-31,,38000.0
2010-09-01,,38000.0
2010-09-02,,38000.0
2010-09-03,,38000.0
2010-09-06,,38000.0
2010-09-07,,38000.0
2010-09-08,,38000.0
2010-09-09,,38000.0
2010-09-10,,38000.0
2010-09-13,,38000.0
2010-09-14,,38000.0
2010-09-15,,38000.0
2010-09-16,,38000.0
2010-09-17,,38000.0
2010-09-20,,38000.0
2010-09-21,,38000.0
2010-09-27,,38000.0
2010-09-28,,38000.0
2010-09-29,,38000.0
2010-09-30,,38000.0
2010-10-08,,38000.0
2010-10-11,,38000.0
2010-10-12,,38000.0
2010-10-13,,38000.0
2010-10-14,,38000.0
2010-10-15,,38000.0
2010-10-18,,38000.0
2010-10-19,,38000.0
2010-10-20,,38000.0
2010-10-21,,38000.0
2010-10-22,,38000.0
2010-10-25,,38000.0
2010-10-26,,38000.0
2010-10-27,,38000.0
2010-10-28,,38000.0
2010-10-29,,38000.0
2010-11-01,,38000.0
2010-11-02,,38000.0
2010-11-03,,38000.0
2010-11-04,,38000.0
2010-11-05,,38000.0
2010-11-08,,38000.0
2010-11-09,,38000.0
2010-11-10,,38000.0
2010-11-11,,38000.0
2010-11-12,,38000.0
2010-11-15,,38000.0
2010-11-16,,38000.0
2010-11-17,,38000.0
2010-11-18,,38000.0
2010-11-19,,38000.0
2010-11-22,,38000.0
2010-11-23,,38000.0
2010-11-24,,38000.0
2010-11-25,,38000.0
2010-11-26,,38000.0
2010-11-29,,38000.0
2010-11-30,,38000.0
2010-12-01,,38000.0
2010-12-02,,38000.0
2010-12-03,,38000.0
2010-12-06,,38000.0
2010-12-07,,38000.0
2010-12-08,,38000.0
2010-12-09,,38000.0
2010-12-10,,38000.0
2010-12-13,,38000.0
2010-12-14,,38000.0
2010-12-15,,38000.0
2010-12-16,,38000.0
2010-12-17,,38000.0
2010-12-20,,38000.0
2010-12-21,,38000.0
2010-12-22,,38000.0
2010-12-23,,38000.0
2010-12-24,,38000.0
2010-12-27,,38000.0
2010-12-28,,38000.0
2010-12-29,,38000.0
2010-12-30,,38000.0
2010-12-31,,38000.0
2011-01-04,,38000.0
2011-01-05,,38000.0
2011-01-06,,38000.0
2011-01-07,,38000.0
2011-01-10,,38000.0
2011-01-11,,38000.0
2011-01-12,,38000.0
2011-01-13,,38000.0
2011-01-14,,38000.0
2011-01-17,,38000.0
2011-01-18,,38000.0
2011-01-19,,38000.0
2011-01-20,,38000.0
2011-01-21,,38000.0
2011-01-24,,38000.0
2011-01-25,,38000.0
2011-01-26,,38000.0
2011-01-27,,38000.0
2011-01-28,,38000.0
2011-01-31,,38000.0
2011-02-01,,38000.0
2011-02-09,,38000.0
2011-02-10,,38000.0
2011-02-11,,38000.0
2011-02-14,,38000.0
2011-02-15,,38000.0
2011-02-16,,38000.0
2011-02-17,,38000.0
2011-02-18,,38000.0
2011-02-21,,38000.0
2011-02-22,,38000.0
2011-02-23,,38000.0
2011-02-24,,38000.0
2011-02-25,,38000.0
2011-02-28,,38000.0
2011-03-01,,38000.0
2011-03-02,,38000.0
2011-03-03,,38000.0
2011-03-04,,38000.0
2011-03-07,,38000.0
2011-03-08,,38000.0
2011-03-09,,38000.0
2011-03-10,,38000.0
2011-03-11,,38000.0
2011-03-14,,38000.0
2011-03-15,,38000.0
2011-03-16,,38000.0
2011-03-17,,38000.0
2011-03-18,,38000.0
2011-03-21,,38000.0
2011-03-22,,38000.0
2011-03-23,,38000.0
2011-03-24,,38000.0
2011-03-25,,38000.0
2011-03-28,,38000.0
2011-03-29,,38000.0
2011-03-30,,38000.0
2011-03-31,,38000.0
2011-04-01,,38000.0
2011-04-06,,38000.0
2011-04-07,,38000.0
2011-04-08,,38000.0
2011-04-11,,38000.0
2011-04-12,,38000.0
2011-04-13,,38000.0
2011-04-14,,38000.0
2011-04-15,,38000.0
2011-04-18,,38000.0
2011-04-19,,38000.0
2011-04-20,,38000.0
2011-04-21,,38000.0
2011-04-22,,38000.0
2011-04-25,,38000.0
2011-04-26,,38000.0
2011-04-27,,38000.0
2011-04-28,,38000.0
2011-04-29,,38000.0
2011-05-03,,38000.0
2011-05-04,,38000.0
2011-05-05,,38000.0
2011-05-06,,38000.0
2011-05-09,,38000.0
2011-05-10,,38000.0
2011-05-11,,38000.0
2011-05-12,,38000.0
2011-05-13,,38000.0
2011-05-16,,38000.0
2011-05-17,,38000.0
2011-05-18,,38000.0
2011-05-19,,38000.0
2011-05-20,,38000.0
2011-05-23,,38000.0
2011-05-24,,38000.0
2011-05-25,,38000.0
2011-05-26,,38000.0
2011-05-27,,38000.0
2011-05-30,,38000.0
2011-05-31,,38000.0
2011-06-01,,38000.0
2011-06-02,,38000.0
2011-06-03,,38000.0
2011-06-07,,38000.0
2011-06-08,,38000.0
2011-06-09,,38000.0
2011-06-10,,38000.0
2011-06-13,,38000.0
2011-06-14,,38000.0
2011-06-15,,38000.0
2011-06-16,,38000.0
2011-06-17,,38000.0
2011-06-20,,38000.0
2011-06-21,,38000.0
2011-06-22,,38000.0
2011-06-23,,38000.0
2011-06-24,,38000.0
2011-06-27,,38000.0
2011-06-28,,38000.0
2011-06-29,,38000.0
2011-06-30,,38000.0
2011-07-01,,38000.0
2011-07-04,,38000.0
2011-07-05,,38000.0
2011-07-06,,38000.0
2011-07-07,,38000.0
2011-07-08,,40000.0
2011-07-11,,40000.0
2011-07-12,,40000.0
2011-07-13,,40000.0
2011-07-14,,40000.0
2011-07-15,,40000.0
2011-07-18,,40000.0
2011-07-19,,40000.0
2011-07-20,,40000.0
2011-07-21,,40000.0
2011-07-22,,40000.0
2011-07-25,,40000.0
2011-07-26,,40000.0
2011-07-27,,40000.0
2011-07-28,,40000.0
2011-07-29,,40000.0
2011-08-01,,40000.0
2011-08-02,,40000.0
2011-08-03,,40000.0
2011-08-04,,40000.0
2011-08-05,,40000.0
2011-08-08,,40000.0
2011-08-09,,40000.0
2011-08-10,,40000.0
2011-08-11,,40000.0
2011-08-12,,40000.0
2011-08-15,,40000.0
2011-08-16,,40000.0
2011-08-17,,40000.0
2011-08-18,,40000.0
2011-08-19,,40000.0
2011-08-22,,40000.0
2011-08-23,,40000.0
2011-08-24,,40000.0
2011-08-25,,40000.0
2011-08-26,,40000.0
2011-08-29,,40000.0
2011-08-30,,40000.0
2011-08-31,,40000.0
2011-09-01,,40000.0
2011-09-02,,40000.0
2011-09-05,,40000.0
2011-09-06,,40000.0
2011-09-07,,40000.0
2011-09-08,,40000.0
2011-09-09,,40000.0
2011-09-13,,40000.0
2011-09-14,,40000.0
2011-09-15,,40000.0
2011-09-16,,40000.0
2011-09-19,,40000.0
2011-09-20,,40000.0
2011-09-21,,40000.0
2011-09-22,,40000.0
2011-09-23,,40000.0
2011-09-26,,40000.0
2011-09-27,,40000.0
2011-09-28,,40000.0
2011-09-29,,40000.0
2011-09-30,,40000.0
2011-10-10,,40000.0
2011-10-11,,40000.0
2011-10-12,,40000.0
2011-10-13,,40000.0
2011-10-14,,40000.0
2011-10-17,,40000.0
2011-10-18,,40000.0
2011-10-19,,40000.0
2011-10-20,,40000.0
2011-10-21,,40000.0
2011-10-24,,40000.0
2011-10-25,,40000.0
2011-10-26,,40000.0
2011-10-27,,40000.0
2011-10-28,,40000.0
2011-10-31,,40000.0
2011-11-01,,40000.0
2011-11-02,,40000.0
2011-11-03,,40000.0
2011-11-04,,40000.0
2011-11-07,,40000.0
2011-11-08,,40000.0
2011-11-09,,40000.0
2011-11-10,,40000.0
2011-11-11,,40000.0
2011-11-14,,40000.0
2011-11-15,,40000.0
2011-11-16,,40000.0
2011-11-17,,40000.0
2011-11-18,,40000.0
2011-11-21,,40000.0
2011-11-22,,40000.0
2011-11-23,,40000.0
2011-11-24,,40000.0
2011-11-25,,40000.0
2011-11-28,,40000.0
2011-11-29,,40000.0
2011-11-30,,40000.0
2011-12-01,,40000.0
2011-12-02,,40000.0
2011-12-05,,40000.0
2011-12-06,,40000.0
2011-12-07,,40000.0
2011-12-08,,40000.0
2011-12-09,,40000.0
2011-12-12,,40000.0
2011-12-13,,40000.0
2011-12-14,,40000.0
2011-12-15,,40000.0
2011-12-16,,40000.0
2011-12-19,,40000.0
2011-12-20,,40000.0
2011-12-21,,40000.0
2011-12-22,,40000.0
2011-12-23,,40000.0
2011-12-26,,40000.0
2011-12-27,,40000.0
2011-12-28,,40000.0
2011-12-29,,40000.0
2011-12-30,,40000.0
2012-01-04,,40000.0
2012-01-05,,40000.0
2012-01-06,,40000.0
2012-01-09,,40000.0
2012-01-10,,40000.0
2012-01-11,,40000.0
2012-01-12,,40000.0
2012-01-13,,40000.0
2012-01-16,,40000.0
2012-01-17,,40000.0
2012-01-18,,40000.0
2012-01-19,,40000.0
2012-01-20,,40000.0
2012-01-30,,40000.0
2012-01-31,,40000.0
2012-02-01,,40000.0
2012-02-02,,40000.0
2012-02-03,,40000.0
2012-02-06,,40000.0
2012-02-07,,40000.0
2012-02-08,,40000.0
2012-02-09,,40000.0
2012-02-10,,40000.0
2012-02-13,,40000.0
2012-02-14,,40000.0
2012-02-15,,40000.0
2012-02-16,,40000.0
2012-02-17,,40000.0
2012-02-20,,40000.0
2012-02-21,,40000.0
2012-02-22,,40000.0
2012-02-23,,40000.0
2012-02-24,,40000.0
2012-02-27,,40000.0
2012-02-28,,40000.0
2012-02-29,,40000.0
2012-03-01,,40000.0
2012-03-02,,40000.0
2012-03-05,,40000.0
2012-03-06,,40000.0
2012-03-07,,40000.0
2012-03-08,,40000.0
2012-03-09,,40000.0
2012-03-12,,40000.0
2012-03-13,,40000.0
2012-03-14,,40000.0
2012-03-15,,40000.0
2012-03-16,,40000.0
2012-03-19,,40000.0
2012-03-20,,40000.0
2012-03-21,,40000.0
2012-03-22,,40000.0
2012-03-23,,40000.0
2012-03-26,,40000.0
2012-03-27,,40000.0
2012-03-28,,40000.0
2012-03-29,,40000.0
2012-03-30,,40000.0
2012-04-05,,40000.0
2012-04-06,,40000.0
2012-04-09,,40000.0
2012-04-10,,40000.0
2012-04-11,,40000.0
2012-04-12,,40000.0
2012-04-13,,40000.0
2012-04-16,,40000.0
2012-04-17,,40000.0
2012-04-18,,40000.0
2012-04-19,,40000.0
2012-04-20,,40000.0
2012-04-23,,40000.0
2012-04-24,,40000.0
2012-04-25,,40000.0
2012-04-26,,40000.0
2012-04-27,,40000.0
2012-05-02,,40000.0
2012-05-03,,40000.0
2012-05-04,,40000.0
2012-05-07,,40000.0
2012-05-08,,40000.0
2012-05-09,,40000.0
2012-05-10,,40000.0
2012-05-11,,40000.0
2012-05-14,,40000.0
2012-05-15,,40000.0
2012-05-16,,40000.0
2012-05-17,,40000.0
2012-05-18,,40000.0
2012-05-21,,40000.0
2012-05-22,,40000.0
2012-05-23,,40000.0
2012-05-24,,40000.0
2012-05-25,,40000.0
2012-05-28,,40000.0
2012-05-29,,40000.0
2012-05-30,,40000.0
2012-05-31,,40000.0
2012-06-01,,40000.0
2012-06-04,,40000.0
2012-06-05,,40000.0
2012-06-06,,40000.0
2012-06-07,,40000.0
2012-06-08,,40000.0
2012-06-11,,40000.0
2012-06-12,,40000.0
2012-06-13,,40000.0
2012-06-14,,40000.0
2012-06-15,,40000.0
2012-06-18,,40000.0
2012-06-19,,40000.0
2012-06-20,,40000.0
2012-06-21,,40000.0
2012-06-25,,40000.0
2012-06-26,,40000.0
2012-06-27,,40000.0
2012-06-28,,40000.0
2012-06-29,,40000.0
2012-07-02,,40000.0
2012-07-03,,40000.0
2012-07-04,,40000.0
2012-07-05,,40000.0
2012-07-06,,40000.0
2012-07-09,,40000.0
2012-07-10,,40000.0
2012-07-11,,40000.0
2012-07-12,,40000.0
2012-07-13,,40000.0
2012-07-16,,40000.0
2012-07-17,,40000.0
2012-07-18,,40000.0
2012-07-19,,40000.0
2012-07-20,,40000.0
2012-07-23,,40000.0
2012-07-24,,40000.0
2012-07-25,,40000.0
2012-07-26,,40000.0
2012-07-27,,40000.0
2012-07-30,,40000.0
2012-07-31,,40000.0
2012-08-01,,40000.0
2012-08-02,,40000.0
2012-08-03,,40000.0
2012-08-06,,40000.0
2012-08-07,,40000.0
2012-08-08,,40000.0
2012-08-09,,40000.0
2012-08-10,,40000.0
2012-08-13,,40000.0
2012-08-14,,40000.0
2012-08-15,,40000.0
2012-08-16,,40000.0
2012-08-17,,40000.0
2012-08-20,,40000.0
2012-08-21,,40000.0
2012-08-22,,40000.0
2012-08-23,,40000.0
2012-08-24,,40000.0
2012-08-27,,40000.0
2012-08-28,,40000.0
2012-08-29,,40000.0
2012-08-30,,40000.0
2012-08-31,,40000.0
2012-09-03,,40000.0
2012-09-04,,40000.0
2012-09-05,,40000.0
2012-09-06,,40000.0
2012-09-07,,40000.0
2012-09-10,,40000.0
2012-09-11,,40000.0
2012-09-12,,40000.0
2012-09-13,,40000.0
2012-09-14,,40000.0
2012-09-17,,40000.0
2012-09-18,,40000.0
2012-09-19,,40000.0
2012-09-20,,40000.0
2012-09-21,,40000.0
2012-09-24,,40000.0
2012-09-25,,40000.0
2012-09-26,,40000.0
2012-09-27,,40000.0
2012-09-28,,40000.0
2012-10-08,,40000.0
2012-10-09,,40000.0
2012-10-10,,40000.0
2012-10-11,,40000.0
2012-10-12,,40000.0
2012-10-15,,40000.0
2012-10-16,,40000.0
2012-10-17,,40000.0
2012-10-18,,40000.0
2012-10-19,,40000.0
2012-10-22,,40000.0
2012-10-23,,40000.0
2012-10-24,,40000.0
2012-10-25,,40000.0
2012-10-26,,40000.0
2012-10-29,,40000.0
2012-10-30,,40000.0
2012-10-31,,40000.0
2012-11-01,,40000.0
2012-11-02,,40000.0
2012-11-05,,40000.0
2012-11-06,,40000.0
2012-11-07,,40000.0
2012-11-08,,40000.0
2012-11-09,,40000.0
2012-11-12,,40000.0
2012-11-13,,40000.0
2012-11-14,,40000.0
2012-11-15,,40000.0
2012-11-16,,40000.0
2012-11-19,,40000.0
2012-11-20,,40000.0
2012-11-21,,40000.0
2012-11-22,,40000.0
2012-11-23,,40000.0
2012-11-26,,40000.0
2012-11-27,,40000.0
2012-11-28,,40000.0
2012-11-29,,40000.0
2012-11-30,,40000.0
2012-12-03,,40000.0
2012-12-04,,40000.0
2012-12-05,,40000.0
2012-12-06,,40000.0
2012-12-07,,40000.0
2012-12-10,,40000.0
2012-12-11,,40000.0
2012-12-12,,40000.0
2012-12-13,,40000.0
2012-12-14,,40000.0
2012-12-17,,40000.0
2012-12-18,,40000.0
2012-12-19,,40000.0
2012-12-20,,40000.0
2012-12-21,,40000.0
2012-12-24,,40000.0
2012-12-25,,40000.0
2012-12-26,,40000.0
2012-12-27,,40000.0
2012-12-28,,40000.0
2012-12-31,,40000.0
2013-01-04,,40000.0
2013-01-07,,40000.0
2013-01-08,,40000.0
2013-01-09,,40000.0
2013-01-10,,40000.0
2013-01-11,,40000.0
2013-01-14,,40000.0
2013-01-15,,40000.0
2013-01-16,,40000.0
2013-01-17,,40000.0
2013-01-18,,40000.0
2013-01-21,,40000.0
2013-01-22,,40000.0
2013-01-23,,40000.0
2013-01-24,,40000.0
2013-01-25,,40000.0
2013-01-28,,40000.0
2013-01-29,,40000.0
2013-01-30,,40000.0
2013-01-31,,40000.0
2013-02-01,,40000.0
2013-02-04,,40000.0
2013-02-05,,40000.0
2013-02-06,,40000.0
2013-02-07,,40000.0
2013-02-08,,40000.0
2013-02-18,,40000.0
2013-02-19,,40000.0
2013-02-20,,40000.0
2013-02-21,,40000.0
2013-02-22,,40000.0
2013-02-25,,40000.0
2013-02-26,,40000.0
2013-02-27,,40000.0
2013-02-28,,40000.0
2013-03-01,,40000.0
2013-03-04,,40000.0
2013-03-05,,40000.0
2013-03-06,,40000.0
2013-03-07,,40000.0
2013-03-08,,40000.0
2013-03-11,,40000.0
2013-03-12,,40000.0
2013-03-13,,40000.0
2013-03-14,,40000.0
2013-03-15,,40000.0
2013-03-18,,40000.0
2013-03-19,,41000.0
2013-03-20,,41000.0
2013-03-21,,41000.0
2013-03-22,,41000.0
2013-03-25,,41000.0
2013-03-26,,41000.0
2013-03-27,,41000.0
2013-03-28,,41000.0
2013-03-29,,41000.0
2013-04-01,,41000.0
2013-04-02,,41000.0
2013-04-03,,41000.0
2013-04-08,,41000.0
2013-04-09,,41000.0
2013-04-10,,41000.0
2013-04-11,,41000.0
2013-04-12,,41000.0
2013-04-15,,41000.0
2013-04-16,,41000.0
2013-04-17,,41000.0
2013-04-18,,41000.0
2013-04-19,,41000.0
2013-04-22,,41000.0
2013-04-23,,41000.0
2013-04-24,,41000.0
2013-04-25,,41000.0
2013-04-26,,41000.0
2013-05-02,,41000.0
2013-05-03,,41000.0
2013-05-06,,41000.0
2013-05-07,,41000.0
2013-05-08,,41000.0
2013-05-09,,41000.0
2013-05-10,,41000.0
2013-05-13,,41000.0
2013-05-14,,41000.0
2013-05-15,,41000.0
2013-05-16,,41000.0
2013-05-17,,41000.0
2013-05-20,,41000.0
2013-05-21,,41000.0
2013-05-22,,41000.0
2013-05-23,,41000.0
2013-05-24,,41000.0
2013-05-27,,41000.0
2013-05-28,,41000.0
2013-05-29,,41000.0
2013-05-30,,41000.0
2013-05-31,,41000.0
2013-06-03,,41000.0
2013-06-04,,41000.0
2013-06-05,,41000.0
2013-06-06,,41000.0
2013-06-07,,41000.0
2013-06-13,,41000.0
2013-06-14,,41000.0
2013-06-17,,41000.0
2013-06-18,,41000.0
2013-06-19,,41000.0
2013-06-20,,41000.0
2013-06-21,,41000.0
2013-06-24,,41000.0
2013-06-25,,41000.0
2013-06-26,,41000.0
2013-06-27,,41000.0
2013-06-28,,41000.0
2013-07-01,,41000.0
2013-07-02,,41000.0
2013-07-03,,41000.0
2013-07-04,,41000.0
2013-07-05,,41000.0
2013-07-08,,41000.0
2013-07-09,,41000.0
2013-07-10,,41000.0
2013-07-11,,41000.0
2013-07-12,,41000.0
2013-07-15,,41000.0
2013-07-16,,41000.0
2013-07-17,,41000.0
2013-07-18,,41000.0
2013-07-19,,41000.0
2013-07-22,,41000.0
2013-07-23,,41000.0
2013-07-24,,41000.0
2013-07-25,,41000.0
2013-07-26,,41000.0
2013-07-29,,41000.0
2013-07-30,,41000.0
2013-07-31,,41000.0
2013-08-01,,41000.0
2013-08-02,,41000.0
2013-08-05,,41000.0
2013-08-06,,41000.0
2013-08-07,,41000.0
2013-08-08,,41000.0
2013-08-09,,41000.0
2013-08-12,,41000.0
2013-08-13,,41000.0
2013-08-14,,41000.0
2013-08-15,,41000.0
2013-08-16,,41000.0
2013-08-19,,41000.0
2013-08-20,,41000.0
2013-08-21,,41000.0
2013-08-22,,41000.0
2013-08-23,,41000.0
2013-08-26,,41000.0
2013-08-27,,41000.0
2013-08-28,,41000.0
2013-08-29,,41000.0
2013-08-30,,41000.0
2013-09-02,,41000.0
2013-09-03,,41000.0
2013-09-04,,41000.0
2013-09-05,,41000.0
2013-09-06,,41000.0
2013-09-09,,39000.0
2013-09-10,,38500.0
2013-09-11,,38500.0
2013-09-12,,38500.0
2013-09-13,,38500.0
2013-09-16,,38500.0
2013-09-17,,38500.0
2013-09-18,,38500.0
2013-09-23,,38500.0
2013-09-24,,38500.0
2013-09-25,,38500.0
2013-09-26,,38500.0
2013-09-27,,38500.0
2013-09-30,,38500.0
2013-10-08,,38500.0
2013-10-09,,38500.0
2013-10-10,,38500.0
2013-10-11,,38500.0
2013-10-14,,38500.0
2013-10-15,,38500.0
2013-10-16,,38500.0
2013-10-17,,38500.0
2013-10-18,,38500.0
2013-10-21,,38500.0
2013-10-22,,38500.0
2013-10-23,,38500.0
2013-10-24,,38500.0
2013-10-25,,38500.0
2013-10-28,,38500.0
2013-10-29,,38500.0
2013-10-30,,38500.0
2013-10-31,,37000.0
2013-11-01,,37000.0
2013-11-04,,37000.0
2013-11-05,,37000.0
2013-11-06,,37000.0
2013-11-07,,37000.0
2013-11-08,,37000.0
2013-11-11,,37000.0
2013-11-12,,37000.0
2013-11-13,,37000.0
2013-11-14,,37000.0
2013-11-15,,37000.0
2013-11-18,,37000.0
2013-11-19,,37000.0
2013-11-20,,37000.0
2013-11-21,,37000.0
2013-11-22,,37000.0
2013-11-25,,37000.0
2013-11-26,,37000.0
2013-11-27,,37000.0
2013-11-28,,37000.0
2013-11-29,,37000.0
2013-12-02,,37000.0
2013-12-03,,37000.0
2013-12-04,,37000.0
2013-12-05,,37000.0
2013-12-06,,37000.0
2013-12-09,,37000.0
2013-12-10,,37000.0
2013-12-11,,37000.0
2013-12-12,,37000.0
2013-12-13,,37000.0
2013-12-16,,37000.0
2013-12-17,,37000.0
2013-12-18,,37000.0
2013-12-19,,37000.0
2013-12-20,,37000.0
2013-12-23,,37000.0
2013-12-24,,37000.0
2013-12-25,,37000.0
2013-12-26,,37000.0
2013-12-27,,37000.0
2013-12-30,,37000.0
2013-12-31,,37000.0
2014-01-02,,37000.0
2014-01-03,,37000.0
2014-01-06,,37000.0
2014-01-07,,37000.0
2014-01-08,,37000.0
2014-01-09,,37000.0
2014-01-10,,37000.0
2014-01-13,,37000.0
2014-01-14,,37000.0
2014-01-15,,37000.0
2014-01-16,,37000.0
2014-01-17,,37000.0
2014-01-20,,37000.0
2014-01-21,,37000.0
2014-01-22,,37000.0
2014-01-23,,37000.0
2014-01-24,,37000.0
2014-01-27,,37000.0
2014-01-28,,37000.0
2014-01-29,,37000.0
2014-01-30,,37000.0
2014-02-07,,37000.0
2014-02-10,,37000.0
2014-02-11,,37000.0
2014-02-12,,37000.0
2014-02-13,,37000.0
2014-02-14,,37000.0
2014-02-17,,37000.0
2014-02-18,,37000.0
2014-02-19,,37000.0
2014-02-20,,37000.0
2014-02-21,,37000.0
2014-02-24,,37000.0
2014-02-25,,37000.0
2014-02-26,,37000.0
2014-02-27,,37000.0
2014-02-28,,37000.0
2014-03-03,,37000.0
2014-03-04,,37000.0
2014-03-05,,37000.0
2014-03-06,,37000.0
2014-03-07,,37000.0
2014-03-10,,37000.0
2014-03-11,,37000.0
2014-03-12,,37000.0
2014-03-13,,37000.0
2014-03-14,,37000.0
2014-03-17,,37000.0
2014-03-18,,37000.0
2014-03-19,,37000.0
2014-03-20,,37000.0
2014-03-21,,37000.0
2014-03-24,,37000.0
2014-03-25,,37000.0
2014-03-26,,37000.0
2014-03-27,,37000.0
2014-03-28,,37000.0
2014-03-31,,37000.0
2014-04-01,,37000.0
2014-04-02,,37000.0
2014-04-03,,37000.0
2014-04-04,,37000.0
2014-04-08,,37000.0
2014-04-09,,37000.0
2014-04-10,,37000.0
2014-04-11,,37000.0
2014-04-14,,37000.0
2014-04-15,,37000.0
2014-04-16,,37000.0
2014-04-17,,37000.0
2014-04-18,,37000.0
2014-04-21,,37000.0
2014-04-22,,37000.0
2014-04-23,,37000.0
2014-04-24,,37000.0
2014-04-25,,37000.0
2014-04-28,,37000.0
2014-04-29,,37000.0
2014-04-30,,37000.0
2014-05-05,,37000.0
2014-05-06,,37000.0
2014-05-07,,37000.0
2014-05-08,,37000.0
2014-05-09,,37000.0
2014-05-12,,37000.0
2014-05-13,,37000.0
2014-05-14,,37000.0
2014-05-15,,37000.0
2014-05-16,,37000.0
2014-05-19,,37000.0
2014-05-20,,37000.0
2014-05-21,,37000.0
2014-05-22,,37000.0
2014-05-23,,37000.0
2014-05-26,,37000.0
2014-05-27,,37000.0
2014-05-28,,37000.0
2014-05-29,,37000.0
2014-05-30,,37000.0
2014-06-03,,37000.0
2014-06-04,,37000.0
2014-06-05,,37000.0
2014-06-06,,37000.0
2014-06-09,,37000.0
2014-06-10,,37000.0
2014-06-11,,37000.0
2014-06-12,,37000.0
2014-06-13,,37000.0
2014-06-16,,37000.0
2014-06-17,,37000.0
2014-06-18,,37000.0
2014-06-19,,37000.0
2014-06-20,,37000.0
2014-06-23,,37000.0
2014-06-24,,37000.0
2014-06-25,,37000.0
2014-06-26,,37000.0
2014-06-27,,37000.0
2014-06-30,,37000.0
2014-07-01,,37000.0
2014-07-02,,37000.0
2014-07-03,,37000.0
2014-07-04,,37000.0
2014-07-07,,37000.0
2014-07-08,,37000.0
2014-07-09,,37000.0
2014-07-10,,37000.0
2014-07-11,,37000.0
2014-07-14,,37000.0
2014-07-15,,37000.0
2014-07-16,,37000.0
2014-07-17,,37000.0
2014-07-18,,37000.0
2014-07-21,,37000.0
2014-07-22,,37000.0
2014-07-23,,37000.0
2014-07-24,,37000.0
2014-07-25,,37000.0
2014-07-28,,37000.0
2014-07-29,,37000.0
2014-07-30,,37000.0
2014-07-31,,37000.0
2014-08-01,,37000.0
2014-08-04,,37000.0
2014-08-05,,37000.0
2014-08-06,,37000.0
2014-08-07,,37000.0
2014-08-08,,37000.0
2014-08-11,,39000.0
2014-08-12,,39000.0
2014-08-13,,39000.0
2014-08-14,,39000.0
2014-08-15,,39000.0
2014-08-18,,39000.0
2014-08-19,,39000.0
2014-08-20,,39000.0
2014-08-21,,39000.0
2014-08-22,,39000.0
2014-08-25,,39000.0
2014-08-26,,39000.0
2014-08-27,,39000.0
2014-08-28,,39000.0
2014-08-29,,39000.0
2014-09-01,,39000.0
2014-09-02,,39000.0
2014-09-03,,39000.0
2014-09-04,,39000.0
2014-09-05,,39000.0
2014-09-09,,39000.0
2014-09-10,,39000.0
2014-09-11,,39000.0
2014-09-12,,39000.0
2014-09-15,,39000.0
2014-09-16,,39000.0
2014-09-17,,39750.0
2014-09-18,,39750.0
2014-09-19,,39750.0
2014-09-22,,39750.0
2014-09-23,,39750.0
2014-09-24,,39750.0
2014-09-25,,39750.0
2014-09-26,,39750.0
2014-09-29,,39750.0
2014-09-30,,39750.0
2014-10-08,,39750.0
2014-10-09,,39750.0
2014-10-10,,39750.0
2014-10-13,,39750.0
2014-10-14,,39750.0
2014-10-15,,39750.0
2014-10-16,,39750.0
2014-10-17,,39750.0
2014-10-20,,39750.0
2014-10-21,,39750.0
2014-10-22,,40250.0
2014-10-23,,40250.0
2014-10-24,,40250.0
2014-10-27,,40250.0
2014-10-28,,40250.0
2014-10-29,,40250.0
2014-10-30,,40250.0
2014-10-31,,40250.0
2014-11-03,,40250.0
2014-11-04,,40250.0
2014-11-05,,40250.0
2014-11-06,,40250.0
2014-11-07,,40250.0
2014-11-10,,40250.0
2014-11-11,,40250.0
2014-11-12,,40250.0
2014-11-13,,40250.0
2014-11-14,,40750.0
2014-11-17,,40750.0
2014-11-18,,40750.0
2014-11-19,,40750.0
2014-11-20,,40750.0
2014-11-21,,40750.0
2014-11-24,,40750.0
2014-11-25,,40750.0
2014-11-26,,40750.0
2014-11-27,,40750.0
2014-11-28,,42000.0
2014-12-01,,42000.0
2014-12-02,,42000.0
2014-12-03,,42000.0
2014-12-04,,42000.0
2014-12-05,,42000.0
2014-12-08,,42000.0
2014-12-09,,42000.0
2014-12-10,,42000.0
2014-12-11,,42000.0
2014-12-12,,42000.0
2014-12-15,,42000.0
2014-12-16,,42000.0
2014-12-17,,42000.0
2014-12-18,,42000.0
2014-12-19,,42000.0
2014-12-22,,42000.0
2014-12-23,,42000.0
2014-12-24,,42000.0
2014-12-25,,42000.0
2014-12-26,,42000.0
2014-12-29,,42000.0
2014-12-30,,42000.0
2014-12-31,,42000.0
2015-01-05,,42000.0
2015-01-06,,42500.0
2015-01-07,,42500.0
2015-01-08,,42500.0
2015-01-09,,42500.0
2015-01-12,,42500.0
2015-01-13,,42500.0
2015-01-14,,42500.0
2015-01-15,,42500.0
2015-01-16,,42500.0
2015-01-19,,42500.0
2015-01-20,,42500.0
2015-01-21,,42500.0
2015-01-22,,42500.0
2015-01-23,,42500.0
2015-01-26,,42500.0
2015-01-27,,43500.0
2015-01-28,,43500.0
2015-01-29,,43500.0
2015-01-30,,43500.0
2015-02-02,,43500.0
2015-02-03,,43500.0
2015-02-04,,43500.0
2015-02-05,,43500.0
2015-02-06,,43500.0
2015-02-09,,43500.0
2015-02-10,,43500.0
2015-02-11,,43500.0
2015-02-12,,43500.0
2015-02-13,,43500.0
2015-02-16,,43500.0
2015-02-17,,43500.0
2015-02-25,,43500.0
2015-02-26,,43500.0
2015-02-27,,43500.0
2015-03-02,,43500.0
2015-03-03,,43500.0
2015-03-04,,43500.0
2015-03-05,,43500.0
2015-03-06,,43500.0
2015-03-09,,43500.0
2015-03-10,,43500.0
2015-03-11,,43500.0
2015-03-12,,43500.0
2015-03-13,,43500.0
2015-03-16,,43500.0
2015-03-17,,43500.0
2015-03-18,,44000.0
2015-03-19,,44000.0
2015-03-20,,44000.0
2015-03-23,,44000.0
2015-03-24,,44000.0
2015-03-25,,44000.0
2015-03-26,,44000.0
2015-03-27,,44000.0
2015-03-30,,44000.0
2015-03-31,,44000.0
2015-04-01,,45000.0
2015-04-02,,45000.0
2015-04-03,,45000.0
2015-04-07,,45000.0
2015-04-08,,45000.0
2015-04-09,,45000.0
2015-04-10,,46000.0
2015-04-13,,46000.0
2015-04-14,,46000.0
2015-04-15,,46000.0
2015-04-16,,46000.0
2015-04-17,,46000.0
2015-04-20,,46000.0
2015-04-21,,46000.0
2015-04-22,,46000.0
2015-04-23,,47000.0
2015-04-24,,47000.0
2015-04-27,,47000.0
2015-04-28,,47000.0
2015-04-29,,47000.0
2015-04-30,,47000.0
2015-05-04,,47000.0
2015-05-05,,47000.0
2015-05-06,,47000.0
2015-05-07,,47000.0
2015-05-08,,47000.0
2015-05-11,,47000.0
2015-05-12,,47000.0
2015-05-13,,47000.0
2015-05-14,,47000.0
2015-05-15,,47000.0
2015-05-18,,47000.0
2015-05-19,,47000.0
2015-05-20,,47000.0
2015-05-21,,47000.0
2015-05-22,,47000.0
2015-05-25,,47000.0
2015-05-26,,47000.0
2015-05-27,,47000.0
2015-05-28,,48000.0
2015-05-29,,48000.0
2015-06-01,,48000.0
2015-06-02,,48000.0
2015-06-03,,48000.0
2015-06-04,,48000.0
2015-06-05,,48000.0
2015-06-08,,48000.0
2015-06-09,,48000.0
2015-06-10,,48000.0
2015-06-11,,49000.0
2015-06-12,,49000.0
2015-06-15,,49000.0
2015-06-16,,49000.0
2015-06-17,,49000.0
2015-06-18,,49000.0
2015-06-19,,49000.0
2015-06-23,,49000.0
2015-06-24,,49000.0
2015-06-25,,49000.0
2015-06-26,,49000.0
2015-06-29,,49000.0
2015-06-30,,49000.0
2015-07-01,,49000.0
2015-07-02,,49000.0
2015-07-03,,49000.0
2015-07-06,,49000.0
2015-07-07,,49000.0
2015-07-08,,49000.0
2015-07-09,,49000.0
2015-07-10,,49000.0
2015-07-13,,49000.0
2015-07-14,,49000.0
2015-07-15,,49000.0
2015-07-16,,49000.0
2015-07-17,,49000.0
2015-07-20,,49000.0
2015-07-21,,49000.0
2015-07-22,,49000.0
2015-07-23,,49000.0
2015-07-24,,49000.0
2015-07-27,,49000.0
2015-07-28,,49000.0
2015-07-29,,49000.0
2015-07-30,,49000.0
2015-07-31,,49000.0
2015-08-03,,49000.0
2015-08-04,,49000.0
2015-08-05,,49000.0
2015-08-06,,49000.0
2015-08-07,,49000.0
2015-08-10,,49000.0
2015-08-11,,49000.0
2015-08-12,,49000.0
2015-08-13,,49000.0
2015-08-14,,49000.0
2015-08-17,,49000.0
2015-08-18,,49000.0
2015-08-19,,49000.0
2015-08-20,,49000.0
2015-08-21,,49000.0
2015-08-24,,49000.0
2015-08-25,,49000.0
2015-08-26,,50000.0
2015-08-27,,50000.0
2015-08-28,,50000.0
2015-08-31,,50000.0
2015-09-01,,50000.0
2015-09-02,,50000.0
2015-09-07,,50000.0
2015-09-08,,50000.0
2015-09-09,,50000.0
2015-09-10,,50000.0
2015-09-11,,50000.0
2015-09-14,,50000.0
2015-09-15,,50000.0
2015-09-16,,50000.0
2015-09-17,,50000.0
2015-09-18,,50000.0
2015-09-21,,50000.0
2015-09-22,,50000.0
2015-09-23,,50000.0
2015-09-24,,50000.0
2015-09-25,,50000.0
2015-09-28,,50000.0
2015-09-29,,50000.0
2015-09-30,,50000.0
2015-10-08,,50000.0
2015-10-09,,50000.0
2015-10-12,,50000.0
2015-10-13,,54000.0
2015-10-14,,54000.0
2015-10-15,,54000.0
2015-10-16,,54000.0
2015-10-19,,54000.0
2015-10-20,,54000.0
2015-10-21,,54000.0
2015-10-22,,54000.0
2015-10-23,,54000.0
2015-10-26,,59000.0
2015-10-27,,59000.0
2015-10-28,,59000.0
2015-10-29,,59000.0
2015-10-30,,59000.0
2015-11-02,,59000.0
2015-11-03,,59000.0
2015-11-04,,59000.0
2015-11-05,,59000.0
2015-11-06,,59000.0
2015-11-09,,59000.0
2015-11-10,,59000.0
2015-11-11,,59000.0
2015-11-12,,61500.0
2015-11-13,,61500.0
2015-11-16,,63500.0
2015-11-17,,63500.0
2015-11-18,,63500.0
2015-11-19,,68500.0
2015-11-20,,68500.0
2015-11-23,,68500.0
2015-11-24,,68500.0
2015-11-25,,68500.0
2015-11-26,,73500.0
2015-11-27,,73500.0
2015-11-30,,73500.0
2015-12-01,,73500.0
2015-12-02,,78500.0
2015-12-03,,78500.0
2015-12-04,,83500.0
2015-12-07,,83500.0
2015-12-08,,83500.0
2015-12-09,,88500.0
2015-12-10,,88500.0
2015-12-11,,88500.0
2015-12-14,,88500.0
2015-12-15,,98500.0
2015-12-16,,98500.0
2015-12-17,,98500.0
2015-12-18,,98500.0
2015-12-21,,98500.0
2015-12-22,,98500.0
2015-12-23,,98500.0
2015-12-24,,103500.0
2015-12-25,,103500.0
2015-12-28,,103500.0
2015-12-29,,106500.0
2015-12-30,,106500.0
2015-12-31,,106500.0
2016-01-04,,106500.0
2016-01-05,,106500.0
2016-01-06,,106500.0
2016-01-07,,106500.0
2016-01-08,,106500.0
2016-01-11,,106500.0
2016-01-12,,116500.0
2016-01-13,,116500.0
2016-01-14,,116500.0
2016-01-15,,116500.0
2016-01-18,,116500.0
2016-01-19,,121500.0
2016-01-20,,121500.0
2016-01-21,,121500.0
2016-01-22,,121500.0
2016-01-25,,126500.0
2016-01-26,,126500.0
2016-01-27,,126500.0
2016-01-28,,131500.0
2016-01-29,,131500.0
2016-02-01,,131500.0
2016-02-02,,131500.0
2016-02-03,,131500.0
2016-02-04,,131500.0
2016-02-05,,131500.0
2016-02-15,,131500.0
2016-02-16,,131500.0
2016-02-17,,136500.0
2016-02-18,,136500.0
2016-02-19,,136500.0
2016-02-22,,136500.0
2016-02-23,,136500.0
2016-02-24,,136500.0
2016-02-25,,136500.0
2016-02-26,,136500.0
2016-02-29,,136500.0
2016-03-01,,136500.0
2016-03-02,,146500.0
2016-03-03,,146500.0
2016-03-04,,151500.0
2016-03-07,,151500.0
2016-03-08,,151500.0
2016-03-09,,151500.0
2016-03-10,,156500.0
2016-03-11,,161500.0
2016-03-14,,161500.0
2016-03-15,,161500.0
2016-03-16,,161500.0
2016-03-17,,161500.0
2016-03-18,,161500.0
2016-03-21,,161500.0
2016-03-22,,161500.0
2016-03-23,,161500.0
2016-03-24,,161500.0
2016-03-25,,161500.0
2016-03-28,,161500.0
2016-03-29,,161500.0
2016-03-30,,161500.0
2016-03-31,,161500.0
2016-04-01,,161500.0
2016-04-05,,161500.0
2016-04-06,,161500.0
2016-04-07,,161500.0
2016-04-08,,161500.0
2016-04-11,,161500.0
2016-04-12,,166500.0
2016-04-13,,166500.0
2016-04-14,,166500.0
2016-04-15,,166500.0
2016-04-18,,166500.0
2016-04-19,,166500.0
2016-04-20,,171500.0
2016-04-21,,171500.0
2016-04-22,,171500.0
2016-04-25,,171500.0
2016-04-26,,171500.0
2016-04-27,,171500.0
2016-04-28,,171500.0
2016-04-29,,171500.0
2016-05-03,,171500.0
2016-05-04,,171500.0
2016-05-05,,167500.0
2016-05-06,,167500.0
2016-05-09,,167500.0
2016-05-10,,167500.0
2016-05-11,,167500.0
2016-05-12,,165000.0
2016-05-13,,165000.0
2016-05-16,,165000.0
2016-05-17,,165000.0
2016-05-18,,165000.0
2016-05-19,,165000.0
2016-05-20,,165000.0
2016-05-23,,165000.0
2016-05-24,,165000.0
2016-05-25,,163000.0
2016-05-26,,163000.0
2016-05-27,,163000.0
2016-05-30,,163000.0
2016-05-31,,163000.0
2016-06-01,,163000.0
2016-06-02,,163000.0
2016-06-03,,163000.0
2016-06-06,,163000.0
2016-06-07,,163000.0
2016-06-08,,163000.0
2016-06-13,,163000.0
2016-06-14,,163000.0
2016-06-15,,163000.0
2016-06-16,,163000.0
2016-06-17,,163000.0
2016-06-20,,163000.0
2016-06-21,,163000.0
2016-06-22,,163000.0
2016-06-23,,163000.0
2016-06-24,,157500.0
2016-06-27,,157500.0
2016-06-28,,157500.0
2016-06-29,,157500.0
2016-06-30,,157500.0
2016-07-01,,157500.0
2016-07-04,,157500.0
2016-07-05,,157500.0
2016-07-06,,152500.0
2016-07-07,,152500.0
2016-07-08,,152500.0
2016-07-11,,152500.0
2016-07-12,,152500.0
2016-07-13,,152500.0
2016-07-14,,152500.0
2016-07-15,,147500.0
2016-07-18,,147500.0
2016-07-19,,147500.0
2016-07-20,,147500.0
2016-07-21,,147500.0
2016-07-22,,147500.0
2016-07-25,,147500.0
2016-07-26,,142500.0
2016-07-27,,142500.0
2016-07-28,,142500.0
2016-07-29,,142500.0
2016-08-01,,142500.0
2016-08-02,,142500.0
2016-08-03,,142500.0
2016-08-04,,137500.0
2016-08-05,,137500.0
2016-08-08,,137500.0
2016-08-09,,137500.0
2016-08-10,,137500.0
2016-08-11,,137500.0
2016-08-12,,132500.0
2016-08-15,,132500.0
2016-08-16,,132500.0
2016-08-17,,132500.0
2016-08-18,,132500.0
2016-08-19,,129500.0
2016-08-22,,129500.0
2016-08-23,,129500.0
2016-08-24,,129500.0
2016-08-25,,129500.0
2016-08-26,,129500.0
2016-08-29,,129500.0
2016-08-30,,129500.0
2016-08-31,,127500.0
2016-09-01,,127500.0
2016-09-02,,127500.0
2016-09-05,,127500.0
2016-09-06,,127500.0
2016-09-07,,127500.0
2016-09-08,,127500.0
2016-09-09,,124500.0
2016-09-12,,124500.0
2016-09-13,,124500.0
2016-09-14,,124500.0
2016-09-19,,122500.0
2016-09-20,,122500.0
2016-09-21,,122500.0
2016-09-22,,122500.0
2016-09-23,,122500.0
2016-09-26,,122500.0
2016-09-27,,122500.0
2016-09-28,,122500.0
2016-09-29,,122500.0
2016-09-30,,122500.0
2016-10-10,,122500.0
2016-10-11,,122500.0
2016-10-12,,122500.0
2016-10-13,,122500.0
2016-10-14,,122500.0
2016-10-17,,122500.0
2016-10-18,,122500.0
2016-10-19,,122500.0
2016-10-20,,122500.0
2016-10-21,,122500.0
2016-10-24,,122500.0
2016-10-25,,122500.0
2016-10-26,,122500.0
2016-10-27,,122500.0
2016-10-28,,122500.0
2016-10-31,,122500.0
2016-11-01,,122500.0
2016-11-02,,122500.0
2016-11-04,,122500.0
2016-11-07,,122500.0
2016-11-08,,122500.0
2016-11-09,,124500.0
2016-11-10,,124500.0
2016-11-11,,124500.0
2016-11-14,,124500.0
2016-11-15,,124500.0
2016-11-16,,124500.0
2016-11-17,,124500.0
2016-11-18,,124500.0
2016-11-21,,124500.0
2016-11-22,,124500.0
2016-11-23,,124500.0
2016-11-24,,124500.0
2016-11-25,,124500.0
2016-11-28,,124500.0
2016-11-29,,124500.0
2016-11-30,,124500.0
2016-12-01,,124500.0
2016-12-02,,124500.0
2016-12-05,,124500.0
2016-12-06,,124500.0
2016-12-07,,124500.0
2016-12-08,,124500.0
2016-12-09,,124500.0
2016-12-12,,124500.0
2016-12-13,,124500.0
2016-12-14,,124500.0
2016-12-15,,124500.0
2016-12-16,,124500.0
2016-12-19,,124500.0
2016-12-20,,124500.0
2016-12-21,,124500.0
2016-12-22,,124500.0
2016-12-23,,124500.0
2016-12-26,,124500.0
2016-12-27,,124500.0
2016-12-28,,124500.0
2016-12-29,,124500.0
2016-12-30,,124500.0
2017-01-03,,124500.0
2017-01-04,,124500.0
2017-01-05,,124500.0
2017-01-06,,124500.0
2017-01-09,,124500.0
2017-01-10,,124500.0
2017-01-11,,124500.0
2017-01-12,,124500.0
2017-01-13,,124500.0
2017-01-16,,124500.0
2017-01-17,,124500.0
2017-01-18,,124500.0
2017-01-19,,124500.0
2017-01-20,,124500.0
2017-01-23,,124500.0
2017-01-24,,124500.0
2017-01-25,,124500.0
2017-01-26,,124500.0
2017-02-03,,124500.0
2017-02-06,,124500.0
2017-02-07,,124500.0
2017-02-08,,124500.0
2017-02-09,,124500.0
2017-02-10,,124500.0
2017-02-13,,124500.0
2017-02-14,,124500.0
2017-02-15,,124500.0
2017-02-16,,124500.0
2017-02-17,,124500.0
2017-02-20,,124500.0
2017-02-21,,124500.0
2017-02-22,,124500.0
2017-02-23,,124500.0
2017-02-24,,124500.0
2017-02-27,,124500.0
2017-02-28,,124500.0
2017-03-01,,124500.0
2017-03-02,,124500.0
2017-03-03,,124500.0
2017-03-06,,124500.0
2017-03-07,,124500.0
2017-03-08,,124500.0
2017-03-09,,124500.0
2017-03-10,,124500.0
2017-03-13,,124500.0
2017-03-14,,124500.0
2017-03-15,,124500.0
2017-03-16,,124500.0
2017-03-17,,124500.0
2017-03-20,,124500.0
2017-03-21,,124500.0
2017-03-22,,124500.0
2017-03-23,,124500.0
2017-03-24,,124500.0
2017-03-27,,124500.0
2017-03-28,,124500.0
2017-03-29,,124500.0
2017-03-30,,124500.0
2017-03-31,,124500.0
2017-04-05,,124500.0
2017-04-06,,124500.0
2017-04-07,,124500.0
2017-04-10,,124500.0
2017-04-11,,124500.0
2017-04-12,,126500.0
2017-04-13,,126500.0
2017-04-14,,126500.0
2017-04-17,,126500.0
2017-04-18,,126500.0
2017-04-19,,126500.0
2017-04-20,,126500.0
2017-04-21,,126500.0
2017-04-24,,126500.0
2017-04-25,,126500.0
2017-04-26,,126500.0
2017-04-27,,126500.0
2017-04-28,,126500.0
2017-05-02,,130000.0
2017-05-03,,130000.0
2017-05-04,,132000.0
2017-05-05,,132000.0
2017-05-08,,132000.0
2017-05-09,,135000.0
2017-05-10,,135500.0
2017-05-11,,135500.0
2017-05-12,,135500.0
2017-05-15,,135500.0
2017-05-16,,135500.0
2017-05-17,,135500.0
2017-05-18,,136500.0
2017-05-19,,136500.0
2017-05-22,,136500.0
2017-05-23,,136500.0
2017-05-24,,136500.0
2017-05-25,,136500.0
2017-05-26,,136500.0
2017-05-31,,136500.0
2017-06-01,,141500.0
2017-06-02,,141500.0
2017-06-05,,141500.0
2017-06-06,,141500.0
2017-06-07,,141500.0
2017-06-08,,141500.0
2017-06-09,,141500.0
2017-06-12,,142500.0
2017-06-13,,144500.0
2017-06-14,,144500.0
2017-06-15,,144500.0
2017-06-16,,144500.0
2017-06-19,,144500.0
2017-06-20,,144500.0
2017-06-21,,144500.0
2017-06-22,,144500.0
2017-06-23,,144500.0
2017-06-26,,144500.0
2017-06-27,,144500.0
2017-06-28,,144500.0
2017-06-29,,144500.0
2017-06-30,,144500.0
2017-07-03,,144500.0
2017-07-04,,144500.0
2017-07-05,,144500.0
2017-07-06,,144500.0
2017-07-07,,144500.0
2017-07-10,,144500.0
2017-07-11,,144500.0
2017-07-12,,144500.0
2017-07-13,,144500.0
2017-07-14,,144500.0
2017-07-17,,144500.0
2017-07-18,,144500.0
2017-07-19,,144500.0
2017-07-20,,144500.0
2017-07-21,,144500.0
2017-07-24,,144500.0
2017-07-25,,144500.0
2017-07-26,,144500.0
2017-07-27,,144500.0
2017-07-28,,144500.0
2017-07-31,,147500.0
2017-08-01,,149500.0
2017-08-02,,149500.0
2017-08-03,,149500.0
2017-08-04,,149500.0
2017-08-07,,149500.0
2017-08-08,,149500.0
2017-08-09,,149500.0
2017-08-10,,149500.0
2017-08-11,,149500.0
2017-08-14,,150500.0
2017-08-15,,150500.0
2017-08-16,,150500.0
2017-08-17,,150500.0
2017-08-18,,150500.0
2017-08-21,,151000.0
2017-08-22,,151000.0
2017-08-23,,152000.0
2017-08-24,,152500.0
2017-08-25,,152500.0
2017-08-28,,152500.0
2017-08-29,,152500.0
2017-08-30,,152500.0
2017-08-31,,152500.0
2017-09-01,,153500.0
2017-09-04,,153500.0
2017-09-05,,153500.0
2017-09-06,,153500.0
2017-09-07,,153500.0
2017-09-08,,153500.0
2017-09-11,,153500.0
2017-09-12,,154500.0
2017-09-13,,155500.0
2017-09-14,,156500.0
2017-09-15,,157500.0
2017-09-18,,157500.0
2017-09-19,,157500.0
2017-09-20,,157500.0
2017-09-21,,157500.0
2017-09-22,,157500.0
2017-09-25,,157500.0
2017-09-26,,157500.0
2017-09-27,,157500.0
2017-09-28,,157500.0
2017-09-29,,157500.0
2017-10-09,,159500.0
2017-10-10,,159500.0
2017-10-11,,159500.0
2017-10-12,,162500.0
2017-10-13,,163500.0
2017-10-16,,163500.0
2017-10-17,,163500.0
2017-10-18,,163500.0
2017-10-19,,166500.0
2017-10-20,,167500.0
2017-10-23,,167500.0
2017-10-24,,167500.0
2017-10-25,,167500.0
2017-10-26,,167500.0
2017-10-27,,167500.0
2017-10-30,,167500.0
2017-10-31,,167500.0
2017-11-01,,167500.0
2017-11-02,,167500.0
2017-11-03,,167500.0
2017-11-06,,167500.0
2017-11-07,,167500.0
2017-11-08,,167500.0
2017-11-09,,167500.0
2017-11-10,,167500.0
2017-11-13,,167500.0
2017-11-14,,168000.0
2017-11-15,,168000.0
2017-11-16,,168000.0
2017-11-17,,168000.0
2017-11-20,,168000.0
2017-11-21,,168000.0
2017-11-22,,168000.0
2017-11-23,,168000.0
2017-11-24,,168000.0
2017-11-27,,168000.0
2017-11-28,,168000.0
2017-11-29,,168000.0
2017-11-30,,168000.0
2017-12-01,,168000.0
2017-12-04,,167500.0
2017-12-05,,167500.0
2017-12-06,,167500.0
2017-12-07,,167500.0
2017-12-08,,167500.0
2017-12-11,,167500.0
2017-12-12,,167500.0
2017-12-13,,167500.0
2017-12-14,,167500.0
2017-12-15,,167500.0
2017-12-18,,167500.0
2017-12-19,,167500.0
2017-12-20,,167500.0
2017-12-21,,167500.0
2017-12-22,,164500.0
2017-12-25,,164500.0
2017-12-26,,164000.0
2017-12-27,,164000.0
2017-12-28,,164000.0
2017-12-29,,164000.0
2018-01-02,,164000.0
2018-01-03,,164000.0
2018-01-04,,164000.0
2018-01-05,,164000.0
2018-01-08,,164000.0
2018-01-09,,162500.0
2018-01-10,,161500.0
2018-01-11,,161500.0
2018-01-12,,161500.0
2018-01-15,,158500.0
2018-01-16,,158500.0
2018-01-17,,158500.0
2018-01-18,,155500.0
2018-01-19,,155500.0
2018-01-22,,155500.0
2018-01-23,,155500.0
2018-01-24,,155500.0
2018-01-25,,155500.0
2018-01-26,,155500.0
2018-01-29,,155500.0
2018-01-30,,155500.0
2018-01-31,,155500.0
2018-02-01,,153500.0
2018-02-02,,153500.0
2018-02-05,,153500.0
2018-02-06,,153500.0
2018-02-07,,153500.0
2018-02-08,,153500.0
2018-02-09,,153500.0
2018-02-12,,153500.0
2018-02-13,,153500.0
2018-02-14,,153500.0
2018-02-22,,153500.0
2018-02-23,,153500.0
2018-02-26,,153500.0
2018-02-27,,153500.0
2018-02-28,,153500.0
2018-03-01,,153500.0
2018-03-02,,153500.0
2018-03-05,,153500.0
2018-03-06,,153500.0
2018-03-07,,153500.0
2018-03-08,,153500.0
2018-03-09,,153500.0
2018-03-12,,153500.0
2018-03-13,,153500.0
2018-03-14,,153500.0
2018-03-15,,153500.0
2018-03-16,,153500.0
2018-03-19,,153500.0
2018-03-20,,153500.0
2018-03-21,,153500.0
2018-03-22,,153500.0
2018-03-23,,153500.0
2018-03-26,,153500.0
2018-03-27,,153500.0
2018-03-28,,153500.0
2018-03-29,,153500.0
2018-03-30,,153500.0
2018-04-02,,150000.0
2018-04-03,,150000.0
2018-04-04,,150000.0
2018-04-09,,149000.0
2018-04-10,,149000.0
2018-04-11,,149000.0
2018-04-12,,149000.0
2018-04-13,,149000.0
2018-04-16,,149000.0
2018-04-17,,148000.0
2018-04-18,,148000.0
2018-04-19,,148000.0
2018-04-20,,148000.0
2018-04-23,,143500.0
2018-04-24,,143500.0
2018-04-25,,143500.0
2018-04-26,,143500.0
2018-04-27,,142500.0
2018-05-02,,142500.0
2018-05-03,,142500.0
2018-05-04,,140500.0
2018-05-07,,140500.0
2018-05-08,,140500.0
2018-05-09,,138500.0
2018-05-10,,138500.0
2018-05-11,,138500.0
2018-05-14,,138500.0
2018-05-15,,138500.0
2018-05-16,,138500.0
2018-05-17,,138500.0
2018-05-18,,138500.0
2018-05-21,,138500.0
2018-05-22,,138500.0
2018-05-23,,137500.0
2018-05-24,,137500.0
2018-05-25,,137500.0
2018-05-28,,135500.0
2018-05-29,,134500.0
2018-05-30,,134500.0
2018-05-31,,133500.0
2018-06-01,,133500.0
2018-06-04,,133500.0
2018-06-05,,130000.0
2018-06-06,,130000.0
2018-06-07,,130000.0
2018-06-08,,129000.0
2018-06-11,,127500.0
2018-06-12,,127500.0
2018-06-13,,124500.0
2018-06-14,,124500.0
2018-06-15,,124500.0
2018-06-19,,124500.0
2018-06-20,,124500.0
2018-06-21,,124500.0
2018-06-22,,124500.0
2018-06-25,,122500.0
2018-06-26,,122500.0
2018-06-27,,122500.0
2018-06-28,,122500.0
2018-06-29,,119500.0
2018-07-02,,119500.0
2018-07-03,,119500.0
2018-07-04,,119500.0
2018-07-05,,117500.0
2018-07-06,,115500.0
2018-07-09,,115500.0
2018-07-10,,115500.0
2018-07-11,,115500.0
2018-07-12,,114500.0
2018-07-13,,114500.0
2018-07-16,,114500.0
2018-07-17,,114500.0
2018-07-18,,112500.0
2018-07-19,,109500.0
2018-07-20,,107500.0
2018-07-23,,105500.0
2018-07-24,,103500.0
2018-07-25,,103500.0
2018-07-26,,103500.0
2018-07-27,,103500.0
2018-07-30,,103500.0
2018-07-31,,103500.0
2018-08-01,,103500.0
2018-08-02,,103500.0
2018-08-03,,100500.0
2018-08-06,,98500.0
2018-08-07,,98500.0
2018-08-08,,98500.0
2018-08-09,,97500.0
2018-08-10,,97500.0
2018-08-13,,97500.0
2018-08-14,,96500.0
2018-08-15,,95500.0
2018-08-16,,94000.0
2018-08-17,,93000.0
2018-08-20,,92500.0
2018-08-21,,91500.0
2018-08-22,,91500.0
2018-08-23,,91500.0
2018-08-24,,89500.0
2018-08-27,,89000.0
2018-08-28,,88500.0
2018-08-29,,88500.0
2018-08-30,,88500.0
2018-08-31,,88000.0
2018-09-03,,87500.0
2018-09-04,,87000.0
2018-09-05,,86500.0
2018-09-06,,85500.0
2018-09-07,,84500.0
2018-09-10,,84000.0
2018-09-11,,84000.0
2018-09-12,,84000.0
2018-09-13,,83000.0
2018-09-14,,83000.0
2018-09-17,,82500.0
2018-09-18,,82500.0
2018-09-19,,82000.0
2018-09-20,,81500.0
2018-09-21,,81500.0
2018-09-25,,81000.0
2018-09-26,,81000.0
2018-09-27,,80500.0
2018-09-28,,80000.0
2018-10-08,,79000.0
2018-10-09,,79000.0
2018-10-10,,79000.0
2018-10-11,,78000.0
2018-10-12,,78000.0
2018-10-15,,78000.0
2018-10-16,,78000.0
2018-10-17,,78000.0
2018-10-18,,78000.0
2018-10-19,,78000.0
2018-10-22,,78000.0
2018-10-23,,78000.0
2018-10-24,,78500.0
2018-10-25,,78500.0
2018-10-26,,78500.0
2018-10-29,,78500.0
2018-10-30,,78500.0
2018-10-31,,78500.0
2018-11-01,,78500.0
2018-11-02,,78500.0
2018-11-05,,78500.0
2018-11-06,,78500.0
2018-11-07,,78500.0
2018-11-08,,78500.0
2018-11-09,,78500.0
2018-11-12,,78500.0
2018-11-13,,78500.0
2018-11-14,,79000.0
2018-11-15,,79000.0
2018-11-16,,79000.0
2018-11-19,,79000.0
2018-11-20,,79500.0
2018-11-21,,79500.0
2018-11-22,,79500.0
2018-11-23,,79500.0
2018-11-26,,79500.0
2018-11-27,,79500.0
2018-11-28,,79500.0
2018-11-29,,79500.0
2018-11-30,,79500.0
2018-12-03,,79500.0
2018-12-04,,79500.0
2018-12-05,,79500.0
2018-12-06,,79500.0
2018-12-07,,79500.0
2018-12-10,,79500.0
2018-12-11,,79500.0
2018-12-12,,79500.0
2018-12-13,,79500.0
2018-12-14,,79500.0
2018-12-17,,79500.0
2018-12-18,,79500.0
2018-12-19,,79500.0
2018-12-20,,79500.0
2018-12-21,,79500.0
2018-12-24,,79500.0
2018-12-25,,79500.0
2018-12-26,,79500.0
2018-12-27,,79500.0
2018-12-28,,79500.0
2019-01-02,,79500.0
2019-01-03,,79500.0
2019-01-04,,79500.0
2019-01-07,,79500.0
2019-01-08,,79500.0
2019-01-09,,79500.0
2019-01-10,,79500.0
2019-01-11,,79500.0
2019-01-14,,79500.0
2019-01-15,,79500.0
2019-01-16,,79500.0
2019-01-17,,79500.0
2019-01-18,,79500.0
2019-01-21,,79500.0
2019-01-22,,79500.0
2019-01-23,,79500.0
2019-01-24,,79000.0
2019-01-25,,78500.0
2019-01-28,,78500.0
2019-01-29,,78500.0
2019-01-30,,78500.0
2019-01-31,,78500.0
2019-02-01,,78500.0
2019-02-11,,78500.0
2019-02-12,,78500.0
2019-02-13,,78500.0
2019-02-14,,78500.0
2019-02-15,,78500.0
2019-02-18,,78500.0
2019-02-19,,78500.0
2019-02-20,,78500.0
2019-02-21,,78500.0
2019-02-22,,78500.0
2019-02-25,,78500.0
2019-02-26,,78500.0
2019-02-27,,78500.0
2019-02-28,,78500.0
2019-03-01,,78500.0
2019-03-04,,78500.0
2019-03-05,,78500.0
2019-03-06,,78500.0
2019-03-07,,78500.0
2019-03-08,,78500.0
2019-03-11,,77500.0
2019-03-12,,77500.0
2019-03-13,,77500.0
2019-03-14,,77500.0
2019-03-15,,77500.0
2019-03-18,,77500.0
2019-03-19,,77500.0
2019-03-20,,77500.0
2019-03-21,,77500.0
2019-03-22,,77500.0
2019-03-25,,77500.0
2019-03-26,,77500.0
2019-03-27,,77500.0
2019-03-28,,77500.0
2019-03-29,,77500.0
2019-04-01,,77500.0
2019-04-02,,77500.0
2019-04-03,,77500.0
2019-04-04,,77000.0
2019-04-08,,76500.0
2019-04-09,,76500.0
2019-04-10,,76500.0
2019-04-11,,76500.0
2019-04-12,,76500.0
2019-04-15,,76500.0
2019-04-16,,76500.0
2019-04-17,,76500.0
2019-04-18,,76500.0
2019-04-19,,76500.0
2019-04-22,,76500.0
2019-04-23,,76500.0
2019-04-24,,76500.0
2019-04-25,,76500.0
2019-04-26,,76500.0
2019-04-29,,76500.0
2019-04-30,,76500.0
2019-05-06,,76500.0
2019-05-07,,76500.0
2019-05-08,,76500.0
2019-05-09,,76500.0
2019-05-10,,77000.0
2019-05-13,,77500.0
2019-05-14,,77500.0
2019-05-15,,77500.0
2019-05-16,,77500.0
2019-05-17,,77500.0
2019-05-20,,77500.0
2019-05-21,,77500.0
2019-05-22,,77500.0
2019-05-23,,77500.0
2019-05-24,,77500.0
2019-05-27,,77500.0
2019-05-28,,77500.0
2019-05-29,,77500.0
2019-05-30,,77500.0
2019-05-31,,77000.0
2019-06-03,,77000.0
2019-06-04,,77000.0
2019-06-05,,76500.0
2019-06-06,,76500.0
2019-06-10,,76500.0
2019-06-11,,76500.0
2019-06-12,,76500.0
2019-06-13,,76500.0
2019-06-14,,76500.0
2019-06-17,,76500.0
2019-06-18,,75000.0
2019-06-19,,74500.0
2019-06-20,,74500.0
2019-06-21,,74500.0
2019-06-24,,74500.0
2019-06-25,,74000.0
2019-06-26,,73500.0
2019-06-27,,73500.0
2019-06-28,,73500.0
2019-07-01,,73500.0
2019-07-02,,73500.0
2019-07-03,,73000.0
2019-07-04,,73000.0
2019-07-05,,72500.0
2019-07-08,,72500.0
2019-07-09,,72500.0
2019-07-10,,72500.0
2019-07-11,,72500.0
2019-07-12,,71500.0
2019-07-15,,71500.0
2019-07-16,,71500.0
2019-07-17,,71500.0
2019-07-18,,71500.0
2019-07-19,,71000.0
2019-07-22,,70500.0
2019-07-23,,70500.0
2019-07-24,,70000.0
2019-07-25,,69000.0
2019-07-26,,68500.0
2019-07-29,,68500.0
2019-07-30,,68500.0
2019-07-31,,67500.0
2019-08-01,,66500.0
2019-08-02,,66000.0
2019-08-05,,66000.0
2019-08-06,,66000.0
2019-08-07,,65500.0
2019-08-08,,65500.0
2019-08-09,,65500.0
2019-08-12,,65500.0
2019-08-13,,65500.0
2019-08-14,,65000.0
2019-08-15,,65000.0
2019-08-16,,63500.0
2019-08-19,,63500.0
2019-08-20,,63500.0
2019-08-21,,63500.0
2019-08-22,,63000.0
2019-08-23,,63000.0
2019-08-26,,63000.0
2019-08-27,,63000.0
2019-08-28,,62500.0
2019-08-29,,62500.0
2019-08-30,,62500.0
2019-09-02,,62000.0
2019-09-03,,61750.0
2019-09-04,,61750.0
2019-09-05,,61750.0
2019-09-06,,61750.0
2019-09-09,,61750.0
2019-09-10,,61750.0
2019-09-11,,61750.0
2019-09-12,,61750.0
2019-09-16,,61750.0
2019-09-17,,61750.0
2019-09-18,,61750.0
2019-09-19,,61750.0
2019-09-20,,61750.0
2019-09-23,,60500.0
2019-09-24,,60500.0
2019-09-25,,60500.0
2019-09-26,,60500.0
2019-09-27,,60500.0
2019-09-30,,60500.0
2019-10-08,,60500.0
2019-10-09,,60500.0
2019-10-10,,60500.0
2019-10-11,,60500.0
2019-10-14,,60500.0
2019-10-15,,60500.0
2019-10-16,,59500.0
2019-10-17,,59500.0
2019-10-18,,59500.0
2019-10-21,,59500.0
2019-10-22,,59500.0
2019-10-23,,59500.0
2019-10-24,,59500.0
2019-10-25,,59500.0
2019-10-28,,58500.0
2019-10-29,,58500.0
2019-10-30,,58000.0
2019-10-31,,58000.0
2019-11-01,,58000.0
2019-11-04,,58000.0
2019-11-05,,58000.0
2019-11-06,,58000.0
2019-11-07,,58000.0
2019-11-08,,58000.0
2019-11-11,,58000.0
2019-11-12,,58000.0
2019-11-13,,57500.0
2019-11-14,,57500.0
2019-11-15,,57500.0
2019-11-18,,57500.0
2019-11-19,,56500.0
2019-11-20,,56500.0
2019-11-21,,56500.0
2019-11-22,,55500.0
2019-11-25,,55500.0
2019-11-26,,55000.0
2019-11-27,,55000.0
2019-11-28,,54500.0
2019-11-29,,53500.0
2019-12-02,,52500.0
2019-12-03,,52500.0
2019-12-04,,52500.0
2019-12-05,,52500.0
2019-12-06,,52500.0
2019-12-09,,52500.0
2019-12-10,,52500.0
2019-12-11,,52000.0
2019-12-12,,51750.0
2019-12-13,,51750.0
2019-12-16,,51500.0
2019-12-17,,51250.0
2019-12-18,,50750.0
2019-12-19,,50750.0
2019-12-20,,50750.0
2019-12-23,,50750.0
2019-12-24,,50500.0
2019-12-25,,50500.0
2019-12-26,,50250.0
2019-12-27,,50250.0
2019-12-30,,50250.0
2019-12-31,,50250.0
2020-01-02,,50250.0
2020-01-03,,49750.0
2020-01-06,,49250.0
2020-01-07,,49250.0
2020-01-08,,49250.0
2020-01-09,,49250.0
2020-01-10,,48750.0
2020-01-13,,48750.0
2020-01-14,,48750.0
2020-01-15,,48750.0
2020-01-16,,48750.0
2020-01-17,,48750.0
2020-01-20,,48750.0
2020-01-21,,48750.0
2020-01-22,,48750.0
2020-01-23,,48750.0
2020-02-03,,48750.0
2020-02-04,,48750.0
2020-02-05,,48750.0
2020-02-06,,48750.0
2020-02-07,,48750.0
2020-02-10,,48750.0
2020-02-11,,48750.0
2020-02-12,,48750.0
2020-02-13,,49000.0
2020-02-14,,49000.0
2020-02-17,,49000.0
2020-02-18,,49000.0
2020-02-19,,49000.0
2020-02-20,,49000.0
2020-02-21,,49000.0
2020-02-24,,49000.0
2020-02-25,,49000.0
2020-02-26,,49000.0
2020-02-27,,49000.0
2020-02-28,,49000.0
2020-03-02,,49000.0
2020-03-03,,49000.0
2020-03-04,,49000.0
2020-03-05,,49000.0
2020-03-06,,49000.0
2020-03-09,,49000.0
2020-03-10,,49000.0
2020-03-11,,49000.0
2020-03-12,,49000.0
2020-03-13,,49000.0
2020-03-16,,49000.0
2020-03-17,,49000.0
2020-03-18,,49000.0
2020-03-19,,48500.0
2020-03-20,,48500.0
2020-03-23,,48500.0
2020-03-24,,47750.0
2020-03-25,,47750.0
2020-03-26,,47750.0
2020-03-27,,47750.0
2020-03-30,,47000.0
2020-03-31,,47000.0
2020-04-01,,47000.0
2020-04-02,,46750.0
2020-04-03,,46750.0
2020-04-07,,46750.0
2020-04-08,,46750.0
2020-04-09,,46750.0
2020-04-10,,46750.0
2020-04-13,,46500.0
2020-04-14,,46500.0
2020-04-15,,46500.0
2020-04-16,,46500.0
2020-04-17,,46500.0
2020-04-20,,46500.0
2020-04-21,,46500.0
2020-04-22,,46000.0
2020-04-23,,46000.0
2020-04-24,,45500.0
2020-04-27,,45500.0
2020-04-28,,45500.0
2020-04-29,,44750.0
2020-04-30,,44750.0
2020-05-06,,44750.0
2020-05-07,,44750.0
2020-05-08,,44250.0
2020-05-11,,43750.0
2020-05-12,,43750.0
2020-05-13,,43500.0
2020-05-14,,43500.0
2020-05-15,,43500.0
2020-05-18,,43500.0
2020-05-19,,43500.0
2020-05-20,,43500.0
2020-05-21,,43500.0
2020-05-22,,43500.0
2020-05-25,,43250.0
2020-05-26,,43250.0
2020-05-27,,43250.0
2020-05-28,,43000.0
2020-05-29,,43000.0
2020-06-01,,42750.0
2020-06-02,,42750.0
2020-06-03,,42250.0
2020-06-04,,42250.0
2020-06-05,,42250.0
2020-06-08,,42250.0
2020-06-09,,42250.0
2020-06-10,,42250.0
2020-06-11,,42250.0
2020-06-12,,42250.0
2020-06-15,,42250.0
2020-06-16,,42000.0
2020-06-17,,42000.0
2020-06-18,,41000.0
2020-06-19,,40750.0
2020-06-22,,40750.0
2020-06-23,,40750.0
2020-06-24,,40500.0
2020-06-29,,40500.0
2020-06-30,,40500.0
2020-07-01,,40500.0
2020-07-02,,40000.0
2020-07-03,,40000.0
2020-07-06,,40000.0
2020-07-07,,40000.0
2020-07-08,,40000.0
2020-07-09,,40000.0
2020-07-10,,40000.0
2020-07-13,,40000.0
2020-07-14,,40000.0
2020-07-15,,40000.0
2020-07-16,,40000.0
2020-07-17,,40000.0
2020-07-20,,40000.0
2020-07-21,,40000.0
2020-07-22,,40000.0
2020-07-23,,40000.0
2020-07-24,,40000.0
2020-07-27,,39750.0
2020-07-28,,39750.0
2020-07-29,,39750.0
2020-07-30,,39750.0
2020-07-31,,39750.0
2020-08-03,,39750.0
2020-08-04,,39750.0
2020-08-05,,39750.0
2020-08-06,,39750.0
2020-08-07,,39750.0
2020-08-10,,39750.0
2020-08-11,,39750.0
2020-08-12,,39750.0
2020-08-13,,39750.0
2020-08-14,,39750.0
2020-08-17,,39750.0
2020-08-18,,39750.0
2020-08-19,,39750.0
2020-08-20,,39750.0
2020-08-21,,39750.0
2020-08-24,,40000.0
2020-08-25,,40000.0
2020-08-26,,40000.0
2020-08-27,,40000.0
2020-08-28,,40000.0
2020-08-31,,40000.0
2020-09-01,,40000.0
2020-09-02,,40000.0
2020-09-03,,40000.0
2020-09-04,,40000.0
2020-09-07,,40000.0
2020-09-08,,40000.0
2020-09-09,,40000.0
2020-09-10,,40000.0
2020-09-11,,40000.0
2020-09-14,,40000.0
2020-09-15,,40000.0
2020-09-16,,40000.0
2020-09-17,,40000.0
2020-09-18,,40250.0
2020-09-21,,40250.0
2020-09-22,,40250.0
2020-09-23,,40250.0
2020-09-24,,40250.0
2020-09-25,,40250.0
2020-09-28,,40250.0
2020-09-29,,40250.0
2020-09-30,,40250.0
2020-10-09,,40250.0
2020-10-12,,40250.0
2020-10-13,,40250.0
2020-10-14,,40750.0
2020-10-15,,40750.0
2020-10-16,,40750.0
2020-10-19,,40750.0
2020-10-20,,40750.0
2020-10-21,,40750.0
2020-10-22,,40750.0
2020-10-23,,40750.0
2020-10-26,,40750.0
2020-10-27,,40750.0
2020-10-28,,40750.0
2020-10-29,,40750.0
2020-10-30,,40750.0
2020-11-02,,41500.0
2020-11-03,,41500.0
2020-11-04,,41500.0
2020-11-05,,41500.0
2020-11-06,,41500.0
2020-11-09,,41500.0
2020-11-10,,42000.0
2020-11-11,,42500.0
2020-11-12,,42500.0
2020-11-13,,43000.0
2020-11-16,,43000.0
2020-11-17,,43000.0
2020-11-18,,43000.0
2020-11-19,,43000.0
2020-11-20,,43000.0
2020-11-23,,43500.0
2020-11-24,,43500.0
2020-11-25,,43500.0
2020-11-26,,43500.0
2020-11-27,,44000.0
2020-11-30,,44000.0
2020-12-01,,44000.0
2020-12-02,,44000.0
2020-12-03,,44000.0
2020-12-04,,44500.0
2020-12-07,,44500.0
2020-12-08,,45500.0
2020-12-09,,45750.0
2020-12-10,,45750.0
2020-12-11,,46750.0
2020-12-14,,46750.0
2020-12-15,,46750.0
2020-12-16,,46750.0
2020-12-17,,46750.0
2020-12-18,,46750.0
2020-12-21,,47250.0
2020-12-22,,48750.0
2020-12-23,,49250.0
2020-12-24,,49250.0
2020-12-25,,50000.0
2020-12-28,,50750.0
2020-12-29,,50750.0
2020-12-30,,51500.0
2020-12-31,,51500.0
2021-01-04,,53000.0
2021-01-05,,54000.0
2021-01-06,,54750.0
2021-01-07,,56000.0
2021-01-08,,57500.0
2021-01-11,,59000.0
2021-01-12,,60000.0
2021-01-13,,61000.0
2021-01-14,,61750.0
2021-01-15,,63000.0
2021-01-18,,63000.0
2021-01-19,,64500.0
2021-01-20,,64500.0
2021-01-21,,66000.0
2021-01-22,,67500.0
2021-01-25,,68500.0
2021-01-26,,69000.0
2021-01-27,,69000.0
2021-01-28,,70500.0
2021-01-29,,70500.0
2021-02-01,,70500.0
2021-02-02,,72000.0
2021-02-03,,72000.0
2021-02-04,,72000.0
2021-02-05,,72000.0
2021-02-08,,72000.0
2021-02-09,,72000.0
2021-02-10,,72000.0
2021-02-18,,74000.0
2021-02-19,,76500.0
2021-02-22,,76500.0
2021-02-23,,78000.0
2021-02-24,,80000.0
2021-02-25,,80000.0
2021-02-26,,80500.0
2021-03-01,,80500.0
2021-03-02,,82500.0
2021-03-03,,82500.0
2021-03-04,,82500.0
2021-03-05,,82500.0
2021-03-08,,82500.0
2021-03-09,,83500.0
2021-03-10,,83500.0
2021-03-11,,83500.0
2021-03-12,,83500.0
2021-03-15,,83500.0
2021-03-16,,83500.0
2021-03-17,,83500.0
2021-03-18,,84500.0
2021-03-19,,84500.0
2021-03-22,,85500.0
2021-03-23,,87000.0
2021-03-24,,87000.0
2021-03-25,,87000.0
2021-03-26,,88500.0
2021-03-29,,88500.0
2021-03-30,,88500.0
2021-03-31,,88500.0
2021-04-01,,88500.0
2021-04-02,,89000.0
2021-04-06,,90000.0
2021-04-07,,90000.0
2021-04-08,,90000.0
2021-04-09,,90000.0
2021-04-12,,90000.0
2021-04-13,,90000.0
2021-04-14,,90000.0
2021-04-15,,90000.0
2021-04-16,,90000.0
2021-04-19,,90000.0
2021-04-20,,90000.0
2021-04-21,,90000.0
2021-04-22,,90000.0
2021-04-23,,90000.0
2021-04-26,,89000.0
2021-04-27,,89000.0
2021-04-28,,89000.0
2021-04-29,,89000.0
2021-04-30,,89000.0
2021-05-06,,89000.0
2021-05-07,,89000.0
2021-05-10,,89000.0
2021-05-11,,89000.0
2021-05-12,,89000.0
2021-05-13,,89000.0
2021-05-14,,89000.0
2021-05-17,,89000.0
2021-05-18,,89000.0
2021-05-19,,89000.0
2021-05-20,,89000.0
2021-05-21,,89000.0
2021-05-24,,89000.0
2021-05-25,,89000.0
2021-05-26,,89000.0
2021-05-27,,89000.0
2021-05-28,,89000.0
2021-05-31,,89000.0
2021-06-01,,89000.0
2021-06-02,,88000.0
2021-06-03,,88000.0
2021-06-04,,88000.0
2021-06-07,,88000.0
2021-06-08,,88000.0
2021-06-09,,88000.0
2021-06-10,,88000.0
2021-06-11,,88000.0
2021-06-15,,88000.0
2021-06-16,,88000.0
2021-06-17,,88000.0
2021-06-18,,88000.0
2021-06-21,,88000.0
2021-06-22,,87500.0
2021-06-23,,87500.0
2021-06-24,,87500.0
2021-06-25,,87500.0
2021-06-28,,87500.0
2021-06-29,,87500.0
2021-06-30,,87500.0
2021-07-01,,87500.0
2021-07-02,,87500.0
2021-07-05,,87500.0
2021-07-06,,87500.0
2021-07-07,,87500.0
2021-07-08,,87500.0
2021-07-09,,87500.0
2021-07-12,,87500.0
2021-07-13,,87500.0
2021-07-14,,87500.0
2021-07-15,,87500.0
2021-07-16,,87500.0
2021-07-19,,87500.0
2021-07-20,,88000.0
2021-07-21,,88000.0
2021-07-22,,88000.0
2021-07-23,,88000.0
2021-07-26,,88500.0
2021-07-27,,88500.0
2021-07-28,,88500.0
2021-07-29,,88500.0
2021-07-30,,89000.0
2021-08-02,,89000.0
2021-08-03,,90500.0
2021-08-04,,92000.0
2021-08-05,,92000.0
2021-08-06,,92000.0
2021-08-09,,92000.0
2021-08-10,,93500.0
2021-08-11,,94500.0
2021-08-12,,94500.0
2021-08-13,,95500.0
2021-08-16,,96500.0
2021-08-17,,96500.0
2021-08-18,,97500.0
2021-08-19,,99500.0
2021-08-20,,101000.0
2021-08-23,,102500.0
2021-08-24,,104000.0
2021-08-25,,106000.0
2021-08-26,,107500.0
2021-08-27,,109000.0
2021-08-30,,111000.0
2021-08-31,,113000.0
2021-09-01,,116500.0
2021-09-02,,121000.0
2021-09-03,,124000.0
2021-09-06,,124000.0
2021-09-07,,127000.0
2021-09-08,,131000.0
2021-09-09,,134000.0
2021-09-10,,137500.0
2021-09-13,,140500.0
2021-09-14,,143500.0
2021-09-15,,147000.0
2021-09-16,,151500.0
2021-09-17,,155000.0
2021-09-22,,158000.0
2021-09-23,,161000.0
2021-09-24,,165500.0
2021-09-27,,169500.0
2021-09-28,,171500.0
2021-09-29,,173500.0
2021-09-30,,176750.0
2021-10-08,,179750.0
2021-10-11,,181750.0
2021-10-12,,184750.0
2021-10-13,,186000.0
2021-10-14,,187000.0
2021-10-15,,189000.0
2021-10-18,,189000.0
2021-10-19,,189000.0
2021-10-20,,190000.0
2021-10-21,,190000.0
2021-10-22,,190000.0
2021-10-25,,192500.0
2021-10-26,,192500.0
2021-10-27,,192500.0
2021-10-28,,193500.0
2021-10-29,,193500.0
2021-11-01,,193500.0
2021-11-02,,193500.0
2021-11-03,,193500.0
2021-11-04,,193500.0
2021-11-05,,194500.0
2021-11-08,,194500.0
2021-11-09,,195500.0
2021-11-10,,195500.0
2021-11-11,,196500.0
2021-11-12,,196500.0
2021-11-15,,196500.0
2021-11-16,,196500.0
2021-11-17,,197500.0
2021-11-18,,198500.0
2021-11-19,,198500.0
2021-11-22,,198500.0
2021-11-23,,200000.0
2021-11-24,,200000.0
2021-11-25,,200000.0
2021-11-26,,200000.0
2021-11-29,,202500.0
2021-11-30,,203500.0
2021-12-01,,205500.0
2021-12-02,,207500.0
2021-12-03,,210000.0
2021-12-06,,211000.0
2021-12-07,,213500.0
2021-12-08,,213500.0
2021-12-09,,216000.0
2021-12-10,,219500.0
2021-12-13,,223000.0
2021-12-14,,229000.0
2021-12-15,,232000.0
2021-12-16,,236000.0
2021-12-17,,238000.0
2021-12-20,,241500.0
2021-12-21,,245500.0
2021-12-22,,250000.0
2021-12-23,,254000.0
2021-12-24,,254000.0
2021-12-27,,259000.0
2021-12-28,,264000.0
2021-12-29,,270000.0
2021-12-30,,271500.0
2021-12-31,,275000.0
2022-01-04,,278000.0
2022-01-05,,288000.0
2022-01-06,,296000.0
2022-01-07,,302000.0
2022-01-10,,308000.0
2022-01-11,,313000.0
2022-01-12,,316000.0
2022-01-13,,321000.0
2022-01-14,,326000.0
2022-01-17,,331000.0
2022-01-18,,334000.0
2022-01-19,,334000.0
2022-01-20,,342000.0
2022-01-21,,349000.0
2022-01-24,,355000.0
2022-01-25,,360000.0
2022-01-26,,364000.0
2022-01-27,,364000.0
2022-01-28,,364000.0
2022-02-07,,364000.0
2022-02-08,,372000.0
2022-02-09,,378000.0
2022-02-10,,384000.0
2022-02-11,,392000.0
2022-02-14,,402000.0
2022-02-15,,412000.0
2022-02-16,,422000.0
2022-02-17,,430000.0
2022-02-18,,438000.0
2022-02-21,,448000.0
2022-02-22,,458000.0
2022-02-23,,460000.0
2022-02-24,,462000.0
2022-02-25,,464000.0
2022-02-28,,468000.0
2022-03-01,,473000.0
2022-03-02,,483000.0
2022-03-03,,491000.0
2022-03-04,,495000.0
2022-03-07,,497000.0
2022-03-08,,498000.0
2022-03-09,,499000.0
2022-03-10,,501000.0
2022-03-11,,502000.0
2022-03-14,,502000.0
2022-03-15,,503000.0
2022-03-16,,503000.0
2022-03-17,,503000.0
2022-03-18,,503000.0
2022-03-21,,503000.0
2022-03-22,,503000.0
2022-03-23,,503000.0
2022-03-24,,503000.0
2022-03-25,,503000.0
2022-03-28,,503000.0
2022-03-29,,503000.0
2022-03-30,,502500.0
2022-03-31,,502500.0
2022-04-01,,502500.0
2022-04-06,,502500.0
2022-04-07,,502500.0
2022-04-08,,501500.0
2022-04-11,,500000.0
2022-04-12,,498000.0
2022-04-13,,496000.0
2022-04-14,,495000.0
2022-04-15,,494000.0
2022-04-18,,492500.0
2022-04-19,,488500.0
2022-04-20,,485500.0
2022-04-21,,475500.0
2022-04-22,,467000.0
2022-04-25,,465000.0
2022-04-26,,461500.0
2022-04-27,,461500.0
2022-04-28,,461500.0
2022-04-29,,461500.0
2022-05-05,,461500.0
2022-05-06,,461500.0
2022-05-09,,461500.0
2022-05-10,,461500.0
2022-05-11,,461500.0
2022-05-12,,461500.0
2022-05-13,,461500.0
2022-05-16,,461500.0
2022-05-17,,461500.0
2022-05-18,,461500.0
2022-05-19,,461500.0
2022-05-20,,461500.0
2022-05-23,,461500.0
2022-05-24,,461500.0
2022-05-25,,461500.0
2022-05-26,,461500.0
2022-05-27,,462500.0
2022-05-30,,462500.0
2022-05-31,,462500.0
2022-06-01,,463500.0
2022-06-02,,463500.0
2022-06-06,,463500.0
2022-06-07,,465500.0
2022-06-08,,465500.0
2022-06-09,,466500.0
2022-06-10,,467500.0
2022-06-13,,468000.0
2022-06-14,,468000.0
2022-06-15,,468000.0
2022-06-16,,468000.0
2022-06-17,,468000.0
2022-06-20,,468000.0
2022-06-21,,468000.0
2022-06-22,,469000.0
2022-06-23,,469000.0
2022-06-24,,469000.0
2022-06-27,,469000.0
2022-06-28,,469000.0
2022-06-29,,469000.0
2022-06-30,,469000.0
2022-07-01,,469000.0
2022-07-04,,469000.0
2022-07-05,,469000.0
2022-07-06,,469000.0
2022-07-07,,469000.0
2022-07-08,,469000.0
2022-07-11,,469000.0
2022-07-12,,469000.0
2022-07-13,,469000.0
2022-07-14,,469000.0
2022-07-15,,469000.0
2022-07-18,,469000.0
2022-07-19,,470000.0
2022-07-20,,470000.0
2022-07-21,,470000.0
2022-07-22,,470000.0
2022-07-25,,470000.0
2022-07-26,,470500.0
2022-07-27,,470500.0
2022-07-28,,470500.0
2022-07-29,,470500.0
2022-08-01,,470500.0
2022-08-02,,471500.0
2022-08-03,,471500.0
2022-08-04,,471500.0
2022-08-05,,471500.0
2022-08-08,,473000.0
2022-08-09,,473000.0
2022-08-10,,475000.0
2022-08-11,,476000.0
2022-08-12,,476000.0
2022-08-15,,476000.0
2022-08-16,,477000.0
2022-08-17,,477000.0
2022-08-18,,479000.0
2022-08-19,,479000.0
2022-08-22,,482000.0
2022-08-23,,484000.0
2022-08-24,,484000.0
2022-08-25,,486000.0
2022-08-26,,486000.0
2022-08-29,,488000.0
2022-08-30,,488000.0
2022-08-31,,490000.0
2022-09-01,,490000.0
2022-09-02,,493000.0
2022-09-05,,493000.0
2022-09-06,,493000.0
2022-09-07,,494000.0
2022-09-08,,494000.0
2022-09-09,,494000.0
2022-09-13,,496500.0
2022-09-14,,496500.0
2022-09-15,,496500.0
2022-09-16,,496500.0
2022-09-19,,497500.0
2022-09-20,,497500.0
2022-09-21,,500000.0
2022-09-22,,502500.0
2022-09-23,,504500.0
2022-09-26,,504500.0
2022-09-27,,507000.0
2022-09-28,,507000.0
2022-09-29,,510000.0
2022-09-30,,513000.0
2022-10-10,,517500.0
2022-10-11,,520500.0
2022-10-12,,523500.0
2022-10-13,,523500.0
2022-10-14,,526000.0
2022-10-17,,530000.0
2022-10-18,,532000.0
2022-10-19,,534000.0
2022-10-20,,535000.0
2022-10-21,,538000.0
2022-10-24,,541000.0
2022-10-25,,544000.0
2022-10-26,,548000.0
2022-10-27,,551000.0
2022-10-28,,556000.0
2022-10-31,,558000.0
2022-11-01,,559000.0
2022-11-02,,559000.0
2022-11-03,,561500.0
2022-11-04,,561500.0
2022-11-07,,563500.0
2022-11-08,,565500.0
2022-11-09,,567500.0
2022-11-10,,567500.0
2022-11-11,,567500.0
2022-11-14,,567500.0
2022-11-15,,567500.0
2022-11-16,,567500.0
2022-11-17,,567500.0
2022-11-18,,567500.0
2022-11-21,,567500.0
2022-11-22,,567000.0
2022-11-23,,567000.0
2022-11-24,,567000.0
2022-11-25,,567000.0
2022-11-28,,567000.0
2022-11-29,,566500.0
2022-11-30,,566500.0
2022-12-01,,566500.0
2022-12-02,,566500.0
2022-12-05,,565500.0
2022-12-06,,565500.0
2022-12-07,,564500.0
2022-12-08,,564500.0
2022-12-09,,564000.0
2022-12-12,,563000.0
2022-12-13,,561000.0
2022-12-14,,560000.0
2022-12-15,,556500.0
2022-12-16,,555000.0
2022-12-19,,552000.0
2022-12-20,,551000.0
2022-12-21,,550000.0
2022-12-22,,549000.0
2022-12-23,,546000.0
2022-12-26,,531000.0
2022-12-27,,525000.0
2022-12-28,,522000.0
2022-12-29,,516500.0
2022-12-30,,512000.0
2023-01-03,,510000.0
2023-01-04,,505500.0
2023-01-05,,502000.0
2023-01-06,,501500.0
2023-01-09,,491000.0
2023-01-10,,486000.0
2023-01-11,,485000.0
2023-01-12,,483500.0
2023-01-13,,483500.0
2023-01-16,,476500.0
2023-01-17,,475000.0
2023-01-18,,475000.0
2023-01-19,,475000.0
2023-01-20,,475000.0
2023-01-30,,471500.0
2023-01-31,,469000.0
2023-02-01,,467500.0
2023-02-02,,466000.0
2023-02-03,,464000.0
2023-02-06,,463000.0
2023-02-07,,460500.0
2023-02-08,,458500.0
2023-02-09,,457500.0
2023-02-10,,455500.0
2023-02-13,,454500.0
2023-02-14,,450000.0
2023-02-15,,447000.0
2023-02-16,,443500.0
2023-02-17,,431000.0
2023-02-20,,422500.0
2023-02-21,,417500.0
2023-02-22,,410000.0
2023-02-23,,400000.0
2023-02-24,,399750.0
2023-02-27,,392500.0
2023-02-28,,390500.0
2023-03-01,,380500.0
2023-03-02,,374000.0
2023-03-03,,370000.0
2023-03-06,,367500.0
2023-03-07,,366000.0
2023-03-08,,361500.0
2023-03-09,,346500.0
2023-03-10,,341500.0
2023-03-13,,337000.0
2023-03-14,,331500.0
2023-03-15,,326000.0
2023-03-16,,320500.0
2023-03-17,,313000.0
2023-03-20,,301500.0
2023-03-21,,295000.0
2023-03-22,,288000.0
2023-03-23,,278500.0
2023-03-24,,275000.0
2023-03-27,,270000.0
2023-03-28,,263000.0
2023-03-29,,257000.0
2023-03-30,,250000.0
2023-03-31,,238000.0
2023-04-03,,225500.0
2023-04-04,,219000.0
2023-04-06,,215000.0
2023-04-07,,210000.0
2023-04-10,,207000.0
2023-04-11,,200000.0
2023-04-12,,198000.0
2023-04-13,,195500.0
2023-04-14,,193000.0
2023-04-17,,187000.0
2023-04-18,,186000.0
2023-04-19,,180000.0
2023-04-20,,178500.0
2023-04-21,,178500.0
2023-04-24,,178500.0
2023-04-25,,176500.0
2023-04-26,,179000.0
2023-04-27,,179000.0
2023-04-28,,179000.0
2023-05-04,,179500.0
2023-05-05,,180500.0
2023-05-08,,190000.0
2023-05-09,,195500.0
2023-05-10,,208500.0
2023-05-11,,225000.0
2023-05-12,,242000.0
2023-05-15,,258000.0
2023-05-16,,265000.0
2023-05-17,,274000.0
2023-05-18,,290000.0
2023-05-19,,292000.0
2023-05-22,,292000.0
2023-05-23,,292000.0
2023-05-24,,295000.0
2023-05-25,,295000.0
2023-05-26,,295000.0
2023-05-29,,295000.0
2023-05-30,,297500.0
2023-05-31,,300000.0
2023-06-01,,300500.0
2023-06-02,,300500.0
2023-06-05,,303000.0
2023-06-06,,306500.0
2023-06-07,,310000.0
2023-06-08,,311500.0
2023-06-09,,313000.0
2023-06-12,,313000.0
2023-06-13,,313000.0
2023-06-14,,313000.0
2023-06-15,,313000.0
2023-06-16,,314000.0
2023-06-19,,314000.0
2023-06-20,,313500.0
2023-06-21,,313000.0
2023-06-26,,311500.0
2023-06-27,,310000.0
2023-06-28,,307500.0
2023-06-29,,307000.0
2023-06-30,,307000.0
2023-07-03,,307000.0
2023-07-04,,307500.0
2023-07-05,,307500.0
2023-07-06,,307500.0
2023-07-07,,307500.0
2023-07-10,,307500.0
2023-07-11,,307500.0
2023-07-12,,306000.0
2023-07-13,,304500.0
2023-07-14,,303500.0
2023-07-17,,300500.0
2023-07-18,,299000.0
2023-07-19,,296000.0
2023-07-20,,293500.0
2023-07-21,67500.0,288000.0
2023-07-24,73550.0,285500.0
2023-07-25,60450.0,284000.0
2023-07-26,50800.0,282000.0
2023-07-27,51250.0,280500.0
2023-07-28,53050.0,278500.0
2023-07-31,45900.0,277500.0
2023-08-01,46000.0,274000.0
2023-08-02,40250.0,269000.0
2023-08-03,37450.0,266000.0
2023-08-04,33400.0,262500.0
2023-08-07,31200.0,256500.0
2023-08-08,34600.0,253000.0
2023-08-09,32150.0,249000.0
2023-08-10,31000.0,247000.0
2023-08-11,36400.0,244000.0
2023-08-14,37150.0,239500.0
2023-08-15,39050.0,234000.0
2023-08-16,31700.0,230000.0
2023-08-17,32200.0,226500.0
2023-08-18,27900.0,225000.0
2023-08-21,26250.0,225000.0
2023-08-22,23350.0,225000.0
2023-08-23,26850.0,225000.0
2023-08-24,24850.0,225000.0
2023-08-25,24200.0,223000.0
2023-08-28,26300.0,220000.0
2023-08-29,29600.0,214500.0
2023-08-30,24550.0,210500.0
2023-08-31,21800.0,208000.0
2023-09-01,16700.0,205500.0
2023-09-04,16450.0,205500.0
2023-09-05,12700.0,203000.0
2023-09-06,8900.0,200500.0
2023-09-07,13000.0,199000.0
2023-09-08,18700.0,197500.0
2023-09-11,16650.0,194000.0
2023-09-12,9800.0,191000.0
2023-09-13,11600.0,189000.0
2023-09-14,16400.0,188500.0
2023-09-15,18050.0,185500.0
2023-09-18,13400.0,183000.0
2023-09-19,15650.0,180000.0
2023-09-20,18800.0,176500.0
2023-09-21,19600.0,173500.0
2023-09-22,12800.0,172000.0
2023-09-25,11650.0,171000.0
2023-09-26,12900.0,170000.0
2023-09-27,19400.0,169000.0
2023-09-28,19200.0,169000.0
2023-10-09,19150.0,169000.0
2023-10-10,14950.0,169000.0
2023-10-11,14100.0,169000.0
2023-10-12,9550.0,169500.0
2023-10-13,1550.0,170500.0
2023-10-16,1950.0,173000.0
2023-10-17,4700.0,173000.0
2023-10-18,4900.0,173500.0
2023-10-19,7450.0,173500.0
2023-10-20,14350.0,172500.0
2023-10-23,21000.0,171000.0
2023-10-24,16650.0,170000.0
2023-10-25,15350.0,169000.0
2023-10-26,17000.0,168000.0
2023-10-27,15400.0,167000.0
2023-10-30,12950.0,166000.0
2023-10-31,12050.0,165000.0
2023-11-01,9550.0,164000.0
2023-11-02,8850.0,163000.0
2023-11-03,7600.0,161500.0
2023-11-06,10050.0,160000.0
2023-11-07,13450.0,158500.0
2023-11-08,12150.0,156500.0
2023-11-09,9950.0,155000.0
2023-11-10,4050.0,153000.0
2023-11-13,2200.0,152000.0
2023-11-14,7250.0,150000.0
2023-11-15,5400.0,148500.0
2023-11-16,6500.0,147500.0
2023-11-17,7550.0,147000.0
2023-11-20,7000.0,146500.0
2023-11-21,7450.0,144000.0
2023-11-22,14000.0,142000.0
2023-11-23,15550.0,139500.0
2023-11-24,10200.0,138000.0
2023-11-27,16300.0,135500.0
2023-11-28,19950.0,133500.0
2023-11-29,18550.0,132000.0
2023-11-30,20650.0,131000.0
2023-12-01,26050.0,130000.0
2023-12-04,25650.0,128000.0
2023-12-05,31150.0,126000.0
2023-12-06,32400.0,122500.0
2023-12-07,24900.0,120500.0
2023-12-08,16200.0,118500.0
2023-12-11,13950.0,115000.0
2023-12-12,16000.0,112000.0
2023-12-13,13800.0,109000.0
2023-12-14,4350.0,106500.0
2023-12-15,-1950.0,104500.0
2023-12-18,-4050.0,103000.0
2023-12-19,-600.0,102000.0
2023-12-20,-950.0,101000.0
2023-12-21,3400.0,100000.0
2023-12-22,350.0,99500.0
2023-12-25,-2500.0,99000.0
2023-12-26,-7350.0,98500.0
2023-12-27,-10350.0,97000.0
2023-12-28,-9250.0,97000.0
2023-12-29,-8400.0,96900.0
2024-01-02,-10400.0,96900.0
2024-01-03,-11200.0,96900.0
2024-01-04,-8300.0,96900.0
2024-01-05,-2450.0,96500.0
2024-01-08,-3000.0,96300.0
2024-01-09,-1550.0,96000.0
2024-01-10,-3250.0,96000.0
2024-01-11,-3450.0,96000.0
2024-01-12,-7700.0,96200.0
2024-01-15,-5950.0,96200.0
2024-01-16,-7700.0,96500.0
2024-01-17,-8350.0,96500.0
2024-01-18,-5600.0,96500.0
2024-01-19,-5000.0,96500.0
2024-01-22,-4400.0,96500.0
2024-01-23,-4450.0,96500.0
2024-01-24,-5800.0,96500.0
2024-01-25,-4900.0,96500.0
2024-01-26,-5600.0,96500.0
2024-01-29,-4250.0,96750.0
2024-01-30,-4950.0,96750.0
2024-01-31,-4100.0,96750.0
2024-02-01,-2100.0,97050.0
2024-02-02,-3800.0,97050.0
2024-02-05,-3800.0,97050.0
2024-02-06,-1200.0,97050.0
2024-02-07,-950.0,97050.0
2024-02-08,-1000.0,97050.0
2024-02-19,100.0,96900.0
2024-02-20,3100.0,96750.0
2024-02-21,1550.0,96150.0
2024-02-22,-1250.0,96150.0
2024-02-23,-4250.0,96250.0
2024-02-26,-6050.0,96650.0
2024-02-27,-5250.0,97100.0
2024-02-28,-11700.0,98000.0
2024-02-29,-13800.0,99500.0
2024-03-01,-16850.0,102500.0
2024-03-04,-18300.0,106000.0
2024-03-05,-9250.0,107500.0
2024-03-06,-4250.0,107500.0
2024-03-07,-4900.0,108500.0
2024-03-08,-3850.0,108900.0
2024-03-11,-6050.0,109250.0
2024-03-12,-7900.0,110000.0
2024-03-13,-9150.0,111000.0
2024-03-14,-6800.0,112250.0
2024-03-15,-1700.0,112250.0
2024-03-18,-5700.0,112550.0
2024-03-19,-4850.0,112550.0
2024-03-20,-2900.0,112550.0
2024-03-21,-4750.0,112550.0
2024-03-22,-1900.0,112550.0
2024-03-25,-850.0,112450.0
2024-03-26,3400.0,110500.0
2024-03-27,3200.0,109750.0
2024-03-28,1300.0,109750.0
2024-03-29,1350.0,109750.0
2024-04-01,1000.0,109750.0
2024-04-02,-550.0,110750.0
2024-04-03,-2000.0,111050.0
2024-04-08,-2650.0,111850.0
2024-04-09,-1500.0,112000.0
2024-04-10,-2850.0,113250.0
2024-04-11,150.0,113250.0
2024-04-12,450.0,112750.0
2024-04-15,450.0,112750.0
2024-04-16,2150.0,111500.0
2024-04-17,1750.0,111500.0
2024-04-18,1050.0,111500.0
2024-04-19,2150.0,111400.0
2024-04-22,1650.0,111400.0
2024-04-23,2000.0,111250.0
2024-04-24,650.0,111250.0
2024-04-25,-300.0,111750.0
2024-04-26,1300.0,111250.0
2024-04-29,300.0,111250.0
2024-04-30,-2850.0,111750.0
2024-05-06,-50.0,111750.0
2024-05-07,-2150.0,111850.0
2024-05-08,-850.0,111850.0
2024-05-09,0.0,111500.0
2024-05-10,550.0,111100.0
2024-05-13,2200.0,109750.0
2024-05-14,1450.0,109250.0
2024-05-15,2900.0,107750.0
2024-05-16,3700.0,107000.0
2024-05-17,900.0,107000.0
2024-05-20,550.0,107100.0
2024-05-21,650.0,106900.0
2024-05-22,-350.0,106900.0
2024-05-23,700.0,106500.0
2024-05-24,-900.0,106500.0
2024-05-27,-400.0,106500.0
2024-05-28,-500.0,106300.0
2024-05-29,600.0,106200.0
2024-05-30,-400.0,106000.0
2024-05-31,-400.0,105900.0
2024-06-03,900.0,104900.0
2024-06-04,950.0,103800.0
2024-06-05,1350.0,102000.0
2024-06-06,1300.0,101400.0
2024-06-07,625.0,101175.0
2024-06-11,2100.0,100350.0
2024-06-12,3950.0,99450.0
2024-06-13,1000.0,99300.0
2024-06-14,1500.0,98450.0
2024-06-17,1500.0,97600.0
2024-06-18,2950.0,97150.0
2024-06-19,2550.0,95400.0
2024-06-20,1150.0,94850.0
2024-06-21,0.0,94850.0
2024-06-24,3700.0,93150.0
2024-06-25,4900.0,91800.0
2024-06-26,1700.0,91700.0
2024-06-27,-3750.0,91700.0
2024-06-28,-2800.0,91500.0
2024-07-01,-1800.0,90700.0
2024-07-02,-4050.0,90700.0
2024-07-03,-3550.0,90450.0
2024-07-04,-4350.0,90750.0
2024-07-05,-3100.0,90550.0
2024-07-08,-3800.0,90550.0
2024-07-09,-3100.0,90450.0
2024-07-10,-3750.0,90350.0
2024-07-11,-2200.0,89850.0
2024-07-12,-2200.0,89750.0
2024-07-15,-800.0,89450.0
2024-07-16,-300.0,87950.0
2024-07-17,-750.0,87350.0
2024-07-18,-650.0,86450.0
2024-07-19,-1200.0,86400.0
2024-07-22,-2100.0,86350.0
2024-07-23,-3150.0,86350.0
2024-07-24,-900.0,85900.0
2024-07-25,-1100.0,84850.0
2024-07-26,-2050.0,84850.0
2024-07-29,-1150.0,84250.0
2024-07-30,350.0,82400.0
2024-07-31,-200.0,82000.0
2024-08-01,-50.0,81700.0
2024-08-02,400.0,80800.0
2024-08-05,0.0,80500.0
2024-08-06,-1200.0,80500.0
2024-08-07,-500.0,80400.0
2024-08-08,700.0,80250.0
2024-08-09,1050.0,80250.0
2024-08-12,850.0,78150.0
2024-08-13,1100.0,78050.0
2024-08-14,1550.0,77450.0
2024-08-15,2050.0,75350.0
2024-08-16,1350.0,75200.0
2024-08-19,1750.0,74700.0
2024-08-20,800.0,74700.0
2024-08-21,-150.0,74850.0
2024-08-22,-1270.0,74880.0
2024-08-23,-250.0,74250.0
2024-08-26,100.0,74200.0
2024-08-27,-650.0,74300.0
2024-08-28,-700.0,74250.0
2024-08-29,-1350.0,74250.0
2024-08-30,-3400.0,74600.0
2024-09-02,-2900.0,74650.0
2024-09-03,-800.0,74050.0
2024-09-04,350.0,73850.0
2024-09-05,1250.0,73500.0
2024-09-06,2100.0,72600.0
2024-09-09,850.0,72250.0
2024-09-10,-300.0,72450.0
2024-09-11,-3300.0,73400.0
2024-09-12,-2500.0,73800.0
2024-09-13,-2650.0,74300.0
2024-09-18,-1400.0,74300.0
2024-09-19,-1200.0,74050.0
2024-09-20,-1200.0,74200.0
2024-09-23,-350.0,74000.0
2024-09-24,-1250.0,74200.0
2024-09-25,-3050.0,75100.0
2024-09-26,-1350.0,75050.0
2024-09-27,-2600.0,75550.0
2024-09-30,-2900.0,75650.0
2024-10-08,-3650.0,77250.0
2024-10-09,400.0,77000.0
2024-10-10,600.0,76950.0
2024-10-11,2550.0,76450.0
2024-10-14,2500.0,75850.0
2024-10-15,1900.0,75600.0
2024-10-16,2950.0,75400.0
2024-10-17,3650.0,74700.0
2024-10-18,4850.0,73650.0
2024-10-21,-50.0,73500.0
2024-10-22,600.0,73350.0
2024-10-23,-1000.0,73650.0
2024-10-24,-300.0,73300.0
2024-10-25,-1900.0,73300.0
2024-10-28,-2750.0,73600.0
2024-10-29,-2250.0,74050.0
2024-10-30,-250.0,73850.0
2024-10-31,-450.0,73700.0
2024-11-01,-1650.0,73850.0
2024-11-04,-2250.0,74600.0
2024-11-05,-3150.0,74950.0
2024-11-06,-1850.0,74950.0
2024-11-07,-1400.0,74950.0
2024-11-08,-2350.0,75400.0
2024-11-11,-2500.0,75500.0
2024-11-12,-4400.0,76700.0
2024-11-13,-5450.0,78200.0
2024-11-14,-6350.0,78950.0
2024-11-15,-1500.0,78700.0
2024-11-18,-1050.0,78450.0
2024-11-19,-2250.0,78750.0
2024-11-20,-3750.0,79050.0
2024-11-21,-3650.0,79400.0
2024-11-22,-1700.0,79100.0
2024-11-25,-1750.0,79100.0
2024-11-26,-1100.0,78900.0
2024-11-27,-100.0,78600.0
2024-11-28,500.0,78200.0
2024-11-29,-800.0,78200.0
2024-12-02,-500.0,78400.0
2024-12-03,-350.0,78250.0
2024-12-04,1000.0,78100.0
2024-12-05,950.0,77100.0
2024-12-06,550.0,76900.0
2024-12-09,500.0,76500.0
2024-12-10,-850.0,76650.0
2024-12-11,-100.0,76550.0
2024-12-12,-650.0,76550.0
2024-12-13,400.0,76400.0
2024-12-16,850.0,76000.0
2024-12-17,750.0,75900.0
2024-12-18,870.0,75850.0
2024-12-19,1420.0,75500.0
2024-12-20,-2030.0,75550.0
2024-12-23,-1870.0,75550.0
2024-12-24,-2240.0,75600.0
2024-12-25,-1740.0,75600.0
2024-12-26,-2040.0,75600.0
2024-12-27,-1950.0,75550.0
2024-12-30,-1310.0,75050.0
2024-12-31,1410.0,75050.0
2025-01-02,-2640.0,75100.0
2025-01-03,-1280.0,74900.0
2025-01-06,-2800.0,75600.0
2025-01-07,-2090.0,75450.0
2025-01-08,-3060.0,75500.0
2025-01-09,-2300.0,75500.0
2025-01-10,-1880.0,75700.0
2025-01-13,-2690.0,75950.0
2025-01-14,-2750.0,76350.0
2025-01-15,-3890.0,77050.0
2025-01-16,-2050.0,77350.0
2025-01-17,-2990.0,77850.0
2025-01-20,-1950.0,77850.0
2025-01-21,-2400.0,77900.0
2025-01-22,-1250.0,77850.0
2025-01-23,-1700.0,77900.0
2025-01-24,-1640.0,77900.0
2025-01-27,-1040.0,77800.0
2025-02-05,-590.0,77650.0
2025-02-06,-140.0,77300.0
2025-02-07,-760.0,77300.0
2025-02-10,-750.0,77150.0
2025-02-11,-790.0,76650.0
2025-02-12,-930.0,76550.0
2025-02-13,-910.0,76450.0
2025-02-14,-730.0,76250.0
2025-02-17,-740.0,76100.0
2025-02-18,-970.0,76150.0
2025-02-19,-1350.0,76250.0
2025-02-20,-1060.0,76220.0
2025-02-21,-930.0,76150.0
2025-02-24,-590.0,75850.0
2025-02-25,-1040.0,75900.0
2025-02-26,-570.0,75750.0
2025-02-27,-550.0,75350.0
2025-02-28,-640.0,75200.0
2025-03-03,-560.0,75100.0
2025-03-04,-290.0,74950.0
2025-03-05,-590.0,74850.0
2025-03-06,-1010.0,74850.0
2025-03-07,-1770.0,75050.0
2025-03-10,-1190.0,75050.0
2025-03-11,-800.0,74900.0
2025-03-12,-880.0,74900.0
2025-03-13,-710.0,74750.0
2025-03-14,-910.0,74850.0
2025-03-17,-940.0,74900.0
2025-03-18,-1130.0,75050.0
2025-03-19,-580.0,74900.0
2025-03-20,570.0,74450.0
2025-03-21,1080.0,74300.0
2025-03-24,460.0,74100.0
2025-03-25,180.0,74100.0
2025-03-26,180.0,74100.0
2025-03-27,-400.0,74300.0
2025-03-28,-90.0,74150.0
2025-03-31,220.0,74000.0
2025-04-01,-360.0,74100.0
2025-04-02,-260.0,74100.0
2025-04-03,760.0,73900.0
2025-04-07,1200.0,72600.0
2025-04-08,1280.0,72400.0
2025-04-09,1940.0,71400.0
2025-04-10,910.0,71750.0
2025-04-11,1600.0,71600.0
2025-04-14,520.0,71600.0
2025-04-15,1030.0,71550.0
2025-04-16,670.0,71550.0
2025-04-17,1110.0,71550.0
2025-04-18,1430.0,71450.0
2025-04-21,1870.0,70850.0
2025-04-22,1880.0,70400.0
2025-04-23,2030.0,69950.0
2025-04-24,1520.0,69900.0
2025-04-25,1360.0,69800.0
2025-04-28,1490.0,68850.0
2025-04-29,1510.0,68250.0
2025-04-30,1510.0,67950.0
2025-05-06,1720.0,67100.0
2025-05-07,2190.0,66650.0
2025-05-08,1870.0,65250.0
2025-05-09,1110.0,65250.0
2025-05-12,800.0,64600.0
2025-05-13,1260.0,64600.0
2025-05-14,120.0,64700.0
2025-05-15,-160.0,64800.0
2025-05-16,1620.0,64500.0
2025-05-19,2220.0,63700.0
2025-05-20,2070.0,63250.0
2025-05-21,1670.0,63050.0
2025-05-22,1450.0,63050.0
2025-05-23,1050.0,63050.0
2025-05-26,2100.0,62500.0
2025-05-27,1220.0,62000.0
2025-05-28,1380.0,61500.0
2025-05-29,2040.0,60900.0
2025-05-30,1060.0,60700.0
2025-06-03,880.0,60300.0
2025-06-04,430.0,60250.0
2025-06-05,-140.0,60200.0
2025-06-06,-700.0,60200.0
2025-06-09,-430.0,60250.0
2025-06-10,-550.0,60350.0
2025-06-11,-400.0,60500.0
2025-06-12,-310.0,60650.0
2025-06-13,110.0,60650.0
2025-06-16,1180.0,60500.0
2025-06-17,770.0,60450.0
2025-06-18,330.0,60450.0
2025-06-19,310.0,60450.0
2025-06-20,400.0,60400.0
2025-06-23,1170.0,59950.0
2025-06-24,640.0,59900.0
2025-06-25,-420.0,60200.0
2025-06-26,-640.0,60600.0
2025-06-27,-1590.0,61150.0
2025-06-30,-1140.0,61300.0
2025-07-01,-400.0,61300.0
2025-07-02,-1170.0,61650.0
2025-07-03,-1480.0,62100.0
2025-07-04,-1500.0,62300.0
2025-07-07,-1010.0,62550.0
2025-07-08,-1700.0,62900.0
2025-07-09,-1060.0,63300.0
2025-07-10,-830.0,63650.0
2025-07-11,-550.0,63750.0
2025-07-14,-2030.0,64650.0
2025-07-15,-1200.0,64900.0
2025-07-16,-1270.0,64950.0
2025-07-17,-1310.0,64950.0
2025-07-18,-3090.0,66650.0
2025-07-21,-2960.0,68000.0
2025-07-22,-2180.0,69100.0
2025-07-23,-2470.0,70450.0
2025-07-24,-690.0,70550.0
2025-07-25,-7520.0,72900.0
2025-07-28,-3720.0,73900.0
2025-07-29,3370.0,73150.0
2025-07-30,30.0,72950.0
2025-07-31,4120.0,72000.0
2025-08-01,2950.0,71350.0
2025-08-04,1910.0,71350.0
2025-08-05,1400.0,71200.0
2025-08-06,2450.0,70950.0
2025-08-07,1200.0,71100.0
2025-08-08,-2060.0,71900.0
2025-08-11,-6500.0,74500.0
2025-08-12,-6860.0,78000.0
2025-08-13,-3360.0,81000.0
2025-08-14,-4100.0,82000.0
2025-08-15,-2920.0,82700.0
2025-08-18,-4160.0,84600.0
2025-08-19,-2220.0,85700.0
2025-08-20,4720.0,85700.0
2025-08-21,2740.0,85200.0
2025-08-22,4800.0,83900.0
2025-08-25,3340.0,82500.0
2025-08-26,2080.0,81700.0
2025-08-27,1400.0,81600.0
2025-08-28,3900.0,80000.0
2025-08-29,1810.0,79650.0
2025-09-01,2530.0,78350.0
2025-09-02,3040.0,77500.0
2025-09-03,3020.0,75900.0
2025-09-04,2000.0,75000.0
2025-09-05,850.0,74750.0
2025-09-08,740.0,74600.0
2025-09-09,-300.0,74600.0
2025-09-10,3330.0,73450.0
2025-09-11,2130.0,72850.0
2025-09-12,1350.0,72450.0
2025-09-15,50.0,72450.0
2025-09-16,-610.0,72850.0
2025-09-17,170.0,73150.0
2025-09-18,-150.0,73450.0
2025-09-19,60.0,73500.0
2025-09-22,430.0,73850.0
2025-09-23,1310.0,73850.0
2025-09-24,830.0,73850.0
2025-09-25,350.0,73750.0
2025-09-26,-360.0,73600.0
2025-09-29,690.0,73550.0
2025-09-30,210.0,73550.0
2025-10-09,170.0,73550.0
2025-10-10,430.0,73550.0
2025-10-13,900.0,73100.0
2025-10-14,200.0,73000.0
2025-10-15,-20.0,73000.0
2025-10-16,-700.0,73000.0
2025-10-17,-2090.0,73350.0
2025-10-20,-1960.0,74000.0
2025-10-21,-1580.0,74100.0
2025-10-22,-1950.0,74350.0
2025-10-23,-3520.0,74800.0
2025-10-24,-4660.0,75400.0
2025-10-27,-4870.0,76550.0
2025-10-28,-4740.0,78500.0
2025-10-29,-2390.0,79150.0
2025-10-30,-3780.0,80000.0
2025-10-31,-2830.0,80550.0
2025-11-03,-960.0,81000.0
2025-11-04,1040.0,80900.0
2025-11-05,1800.0,80500.0
2025-11-06,1300.0,80400.0
2025-11-07,-360.0,80400.0
2025-11-10,-4210.0,80750.0
2025-11-11,-4800.0,82300.0
2025-11-12,-4400.0,83300.0
2025-11-13,-3370.0,84350.0
2025-11-14,-2210.0,85150.0
2025-11-17,-5390.0,86150.0
2025-11-18,-7160.0,87400.0
2025-11-19,-10880.0,88900.0
2025-11-20,-9200.0,91300.0
2025-11-21,-2020.0,92300.0
2025-11-24,1690.0,92150.0
2025-11-25,810.0,92050.0
2025-11-26,-5540.0,92800.0
2025-11-27,-3980.0,93300.0
2025-11-28,-3610.0,93750.0
2025-12-01,-2990.0,94350.0
2025-12-02,-2240.0,94400.0
2025-12-03,-1970.0,94350.0
2025-12-04,760.0,94000.0
2025-12-05,-30.0,93250.0
2025-12-08,-610.0,92750.0
2025-12-09,-1910.0,92750.0
2025-12-10,-680.0,92700.0
2025-12-11,-5120.0,93500.0
2025-12-12,-5080.0,94500.0
2025-12-15,-3190.0,95150.0
2025-12-16,-5170.0,95850.0
2025-12-17,-11010.0,97050.0
2025-12-18,-10850.0,97550.0
2025-12-19,-9370.0,97650.0
2025-12-22,-15700.0,99000.0
2025-12-23,-18060.0,99500.0
2025-12-24,-21900.0,101500.0
2025-12-25,-16560.0,104900.0
2025-12-26,-16660.0,111900.0
2025-12-29,-12460.0,118000.0
2025-12-30,-1960.0,118000.0
2025-12-31,-3820.0,118500.0
2026-01-05,-4360.0,119500.0
2026-01-06,-9600.0,127500.0
2026-01-07,-7500.0,133500.0
2026-01-08,-9720.0,138500.0
2026-01-09,-5680.0,140000.0
2026-01-12,-4060.0,152000.0
2026-01-13,-9420.0,159500.0
2026-01-14,-6940.0,163000.0
2026-01-15,-3980.0,159000.0
2026-01-16,6820.0,158000.0
2026-01-19,3100.0,151000.0
2026-01-20,-320.0,152500.0
2026-01-21,-5880.0,158500.0
2026-01-22,-4780.0,164500.0
2026-01-23,-5520.0,171000.0
2026-01-26,-4700.0,181500.0
2026-01-27,1360.0,172500.0
2026-01-28,5960.0,172000.0
2026-01-29,2460.0,168000.0
2026-01-30,5580.0,160500.0
2026-02-02,7220.0,155500.0
2026-02-03,7520.0,153500.0
2026-02-04,4100.0,153000.0
2026-02-05,8540.0,144000.0
2026-02-06,720.0,134500.0
2026-02-09,-3000.0,135500.0
2026-02-10,-4000.0,136000.0
2026-02-11,-5120.0,138000.0
2026-02-12,-5480.0,142500.0
2026-02-13,-5130.0,143750.0
2026-02-24,-7720.0,152000.0
2026-02-25,-7230.0,161750.0
2026-02-26,-3540.0,173000.0
2026-02-27,-2020.0,172000.0
2026-03-02,1440.0,172500.0
2026-03-03,9520.0,161000.0
2026-03-04,-600.0,154000.0
2026-03-05,-520.0,156000.0
2026-03-06,-2750.0,155250.0
2026-03-09,-2150.0,154750.0
2026-03-10,-5660.0,158500.0
2026-03-11,-980.0,159000.0
2026-03-12,1620.0,158000.0
2026-03-13,-1700.0,159000.0
2026-03-16,3400.0,156500.0
2026-03-17,-80.0,158000.0
2026-03-18,4020.0,155500.0
2026-03-19,4140.0,152500.0
2026-03-20,940.0,149000.0
2026-03-23,1220.0,146500.0
2026-03-24,-3780.0,147500.0
2026-03-25,-5480.0,152500.0
2026-03-26,-5800.0,156500.0
2026-03-27,-3500.0,158000.0
2026-03-30,-5440.0,164500.0
2026-03-31,-940.0,163000.0
2026-04-01,-200.0,161500.0
2026-04-02,-2800.0,159500.0
2026-04-03,1080.0,158500.0
2026-04-07,-1060.0,159000.0
2026-04-08,820.0,158500.0
2026-04-09,-510.0,155750.0
2026-04-10,1890.0,155550.0
2026-04-13,-2360.0,157000.0
2026-04-14,-5140.0,161500.0
2026-04-15,-2600.0,166000.0
2026-04-16,-5000.0,167500.0
2026-04-17,-6140.0,169500.0
2026-04-20,-6620.0,172500.0
2026-04-21,-5020.0,172000.0
2026-04-22,-3400.0,171000.0
2026-04-23,-1800.0,173000.0
2026-04-24,-3800.0,173000.0
2026-04-27,-5300.0,176000.0
2026-04-28,-1020.0,174500.0
2026-04-29,-3240.0,174500.0
2026-04-30,-8000.0,177000.0
2026-05-06,-10080.0,187500.0
2026-05-07,-4300.0,190500.0
2026-05-08,-2560.0,194000.0
2026-05-11,-7870.0,195250.0
2026-05-12,-4580.0,200000.0
2026-05-13,-4940.0,200500.0
2026-05-14,-900.0,195000.0
2026-05-15,-1360.0,192000.0
2026-05-18,-1720.0,191500.0
2026-05-19,3180.0,186500.0
2026-05-20,2180.0,179000.0
2026-05-21,-1080.0,182000.0
2026-05-22,-1520.0,178000.0
2026-05-25,-1750.0,183250.0
2026-05-26,800.0,180000.0
2026-05-27,-380.0,177000.0
2026-05-28,-1800.0,175500.0
2026-05-29,-2740.0,177500.0
2026-06-01,-1820.0,179000.0
2026-06-02,3030.0,175750.0
2026-06-03,2080.0,170500.0
2026-06-04,1970.0,168250.0
2026-06-05,780.0,163000.0
2026-06-08,-570.0,163750.0
2026-06-09,-1450.0,163750.0
2026-06-10,-1510.0,165750.0
2026-06-11,-2600.0,166500.0
2026-06-12,-7080.0,170500.0
2026-06-15,-4060.0,170500.0
2026-06-16,-460.0,169000.0
2026-06-17,-2860.0,169500.0
2026-06-18,-1050.0,167250.0
2026-06-22,3600.0,157000.0
2026-06-23,2240.0,158500.0
2026-06-24,900.0,157500.0
2026-06-25,1260.0,157000.0
2026-06-26,5040.0,152500.0
2026-06-29,-470.0,151750.0
2026-06-30,-260.0,156500.0
2026-07-01,-2300.0,160000.0
2026-07-02,-2360.0,162500.0
2026-07-03,-2670.0,165250.0
2026-07-06,-670.0,165250.0
2026-07-07,300.0,164500.0
2026-07-08,2900.0,164000.0
2026-07-09,3220.0,158500.0
2026-07-10,3200.0,155000.0
2026-07-13,2400.0,154000.0
2026-07-14,1060.0,154000.0
2026-07-15,3040.0,154000.0
2026-07-16,4060.0,151000.0
2026-07-17,-1100.0,152000.0
2026-07-20,3300.0,151500.0
2026-07-21,5920.0,144000.0
2026-07-22,2700.0,143000.0
2026-07-23,180.0,146500.0
2026-07-24,1460.0,145500.0
2026-07-27,1540.0,146500.0
2026-07-28,1040.0,145500.0
2026-07-29,-280.0,146000.0
2026-07-30,160.0,146000.0
