close,adx,pdi,mdi,continuation,cum_mom,mom_direction,position,dist_hi,dist_lo,atr,flag_adx,flag_cont,flag_bo,alert
99600.0,,,,,,-1,,,,,False,False,False,False
100150.0,,,,,,-1,,,,,False,False,False,False
100450.0,,,,,,-1,,,,,False,False,False,False
97150.0,,,,,,-1,,,,,False,False,False,False
97650.0,,,,,,-1,,,,,False,False,False,False
96300.0,,,,,,-1,,,,,False,False,False,False
94750.0,,,,,,-1,,,,,False,False,False,False
92800.0,,,,,,-1,,,,,False,False,False,False
96900.0,,,,,,-1,,,,,False,False,False,False
97650.0,,,,,,-1,,,,,False,False,False,False
101800.0,,,,,,-1,,,,,False,False,False,False
102300.0,,,,,,-1,,,,,False,False,False,False
106650.0,,,,,,-1,,,,,False,False,False,False
108000.0,,,,,,-1,,,,,False,False,False,False
119200.0,,77.23538928482776,13.762074036101392,,,-1,,,,2164.772303277485,False,False,False,False
119450.0,,77.43583816734191,13.640895053683076,,,-1,,,,2028.0028530433792,False,False,False,False
117600.0,,72.35835492186298,19.303478669190604,,,-1,,,,2015.2883635402807,False,False,False,False
111550.0,,58.78362521695486,34.44248323023965,,,-1,,,,2303.482051858832,False,False,False,False
114000.0,,61.90075091417878,31.837655655803193,,,-1,,,,2313.9476195832012,False,False,False,False
113000.0,,59.90917678550441,34.0306882045344,0.6,,1,0.7579737335834896,-2.9052821034211904,-9.098712944047758,2220.094218184401,False,False,True,False
113350.0,,60.38953281999665,33.6229428621773,0.65,0.006902610441767066,1,0.7711069418386491,-2.923533692212437,-9.848953668027145,2086.5160597426584,False,False,True,False
116400.0,,64.39328065376132,30.224402167428952,0.65,0.008112830753869194,1,0.8855534709193246,-1.4150923648030684,-10.949567150607349,2155.336341189611,False,False,True,False
119850.0,,68.29685966527293,26.910888760338686,0.65,0.009656545545047291,1,1.0,0.0,-12.03392284916421,2247.812316818925,False,False,True,False
118800.0,,65.92791328895566,29.44605928015519,0.65,0.011142563046834798,1,0.9611829944547134,-0.4856043078845285,-12.024487623807373,2162.254294189002,False,False,True,False
112100.0,,53.23828881716708,43.02608886209626,0.6,0.00739887352790578,1,0.7134935304990758,-3.1169825835414353,-7.76229211127093,2486.378987461216,False,False,True,False
115050.0,,57.14913660779249,39.42766441805332,0.65,0.009735202492211836,1,0.822550831792976,-1.905143860347808,-8.831135602653902,2519.4947740711295,False,False,True,False
116900.0,,59.44006824519273,37.31974694210011,0.7,0.011688654353562,1,0.8909426987060998,-1.1935232298604928,-9.750477911741651,2471.6737187803346,False,False,True,False
114950.0,45.06223950726762,56.03918346959721,40.90602005127215,0.7,0.011934267241379314,1,0.7864923747276689,-2.0128069481422837,-7.414523553871065,2434.411310296025,True,False,True,False
117200.0,43.370365885026274,58.957165136263846,38.19080623163438,0.7,0.010474716202270385,1,0.8806306306306306,-1.094480932768976,-8.074378202125843,2421.239073846309,True,False,True,False
117350.0,41.82675475416206,59.15182788886518,38.00967041365797,0.7,0.010087045570916543,1,0.8614958448753463,-1.1066805957996788,-6.883553305874003,2259.0077114287155,True,False,True,False
114350.0,39.56598386954561,53.66923963400853,43.75535004917686,0.65,0.006164047151277019,1,0.6866096866096866,-2.37895886281608,-5.2120825994425015,2311.9357320409504,True,False,True,False
107400.0,37.5225875932147,43.58953264365808,54.318749030515875,0.6,0.0024926686217008774,1,0.056818181818181816,-4.710153360408114,-0.2837441783378382,2643.2260368951684,True,False,True,False
108400.0,35.39637006868313,45.18476383803463,52.7826695233985,0.6,0.0008204406938584152,1,0.08032128514056225,-4.533122529250117,-0.39590589775110197,2525.852748545514,True,False,True,False
108400.0,33.42202522447525,45.18476383803462,52.782669523398496,0.55,0.00018518518518518824,1,0.08032128514056225,-4.881824262269356,-0.4263601975781098,2345.4346950779773,True,False,True,False
108500.0,31.56302402700259,45.36395334301584,52.6101244230629,0.55,0.004488255033557048,1,0.08835341365461848,-5.19439745865266,-0.5034217801337381,2185.046502572408,True,False,True,False
107050.0,30.164373021927453,43.160757883560464,54.91171304136037,0.5,0.005190456257848475,1,0.0,-6.002223126960227,0.0,2132.543180960093,True,False,True,False
112600.0,28.50989867806728,52.641634632604045,45.752351233589,0.55,0.002125850340136054,1,0.43359375,-3.050515818930831,-2.3352224544918774,2376.6472394629436,True,False,True,False
111000.0,26.591454577124136,50.049760491683834,48.42329941034449,0.55,0.0002465262214253694,1,0.30859375,-3.8127283696315555,-1.7017262214739712,2321.1724366441617,False,False,True,False
111800.0,24.994213883569692,51.33982925124841,47.172667052637244,0.55,0.0009649122807017518,1,0.37109375,-3.6383896912726983,-2.146875904788238,2212.5172625981504,False,False,True,False
113500.0,23.898251798841642,54.055354269603896,44.54015352888892,0.6,0.00022123893805309214,1,0.50390625,-2.918320725108793,-2.9642785318034197,2175.908886698283,False,False,True,False
114150.0,23.02755436072556,55.08739664126059,43.53965989244552,0.6,0.000352889280988089,1,0.5546875,-2.757732616615225,-3.435070452275105,2066.9153947912628,False,False,True,False
115950.0,22.62015801142174,57.90717228305609,40.806082605995734,0.6,0.00019329896907216426,1,0.6953125,-1.9044363512976656,-4.346021417063904,2047.8500094490296,False,False,True,False
112500.0,21.2693595209563,51.26380265709147,47.59707338231883,0.55,0.003066332916145181,1,0.46382978723404256,-2.9329560053180064,-2.537239718886212,2148.0035802026705,False,False,True,False
112200.0,19.93541004665805,50.718907694071326,48.154076360667695,0.55,0.002777777777777779,1,0.5,-2.5545592794813134,-2.5545592794813134,2016.0033244739084,False,False,True,False
111750.0,18.571654214091378,49.86274926280344,49.02925933815666,0.55,0.0001561106155218539,1,0.4563106796116505,-2.940951042745326,-2.468298196589827,1904.1459441543436,False,False,True,False
108150.0,18.1083868737148,43.531841888364475,55.50084469410894,0.5,0.0029986962190352018,1,0.10679611650485436,-4.542585407406333,-0.543135211755105,2025.2783767147478,False,False,True,False
109400.0,17.31194987828553,46.09125930888209,52.98527072262014,0.5,0.003207869974337041,1,0.22815533980582525,-4.035735089364098,-1.1929531396233497,1969.9013498065515,False,False,True,False
108400.0,16.824402615842022,44.359072884390606,54.75216268926524,0.5,0.0028490648107872994,1,0.13106796116504854,-4.708983053256631,-0.7102935331727879,1900.6226819632263,False,False,True,False
107700.0,16.549367829851686,43.13696822902704,55.99875304895782,0.5,0.004052901023890787,-1,0.06310679611650485,-5.3172030691418275,-0.3581535746054081,1814.8639189658531,False,False,True,False
108550.0,16.011003010020694,45.1143490880062,54.05142701028122,0.5,0.0037494674051981257,-1,0.16853932584269662,-4.23839222509153,-0.8591335591401749,1745.9450676111494,False,False,True,False
109150.0,15.308913219713936,46.527878145352666,52.659382616153835,0.5,0.0022737210319195454,1,0.23595505617977527,-4.0863129076352,-1.261949574416753,1664.0918484960673,False,False,True,False
110400.0,14.239464553837024,49.448805714702054,49.78285112397643,0.55,0.0013966480446927388,1,0.37640449438202245,-3.3955050110841474,-2.049539060744485,1634.5138593177767,False,False,True,False
109600.0,13.50662627975483,47.65463734431781,51.60489755891086,0.5,0.0005535055350553541,1,0.28651685393258425,-4.031987371126143,-1.6191445348616798,1574.905726509364,False,False,True,False
109900.0,12.718087901760613,48.410571651709425,50.85965651911121,0.55,0.0006918819188191927,1,0.3202247191011236,-4.077256168627005,-1.9206909224110686,1483.8410317586952,False,False,True,False
115900.0,13.37959272334764,60.65008865780427,38.79327682040243,0.55,0.003410138248847927,1,0.9943820224719101,-0.027678997353309122,-4.899182531535715,1806.4238152045027,False,False,True,False
111450.0,12.599312959531549,50.9881128296809,48.54392835228298,0.55,0.0020551144325081762,1,0.45454545454545453,-2.255355696703462,-1.879463080586218,1995.2506855470383,False,False,True,False
112400.0,12.122053643860644,52.7197717282357,46.82880309685426,0.55,8.880994671403019e-05,1,0.5696969696969697,-1.8483904131707547,-2.4471647723669148,1920.5899222936785,False,False,True,False
113900.0,12.061364420314513,55.399280166811444,44.17487823961413,0.6,0.001306306306306304,1,0.7515151515151515,-1.0843418062633685,-3.27947277991848,1890.5477849869872,False,False,True,False
112050.0,11.446405339181611,51.5211177474456,48.08285120633421,0.55,0.00011180679785330883,1,0.5272727272727272,-2.066059317502173,-2.304450777213962,1887.6515146307738,False,False,True,False
111700.0,10.771053230483279,50.79661893585758,48.812919074551495,0.5,0.0007929515418502175,-1,0.48484848484848486,-2.390569214233899,-2.2499474957495518,1777.8192635857185,False,False,True,False
108350.0,10.784882007655204,44.365853254516246,55.293116580591644,0.55,0.0025405168637757324,-1,0.07878787878787878,-4.020913219115995,-0.34389389374018375,1890.11788761531,False,False,True,False
107100.0,11.106591837590324,42.21813733237312,57.457341503719576,0.6,0.003816300129366107,-1,0.0,-4.771211771180791,0.0,1844.3951813570736,False,False,True,False
105000.0,11.894053402797224,38.81829757304454,60.88331505353514,0.6,0.0033333333333333327,-1,0.0,-5.851869317829101,0.0,1862.652668402997,False,False,True,False
103000.0,13.050791260677164,35.856706068712626,63.867671634271,0.6,0.004099821746880572,-1,0.0,-6.889321004815946,0.0,1872.4631920884974,False,False,True,False
104000.0,13.76291900053471,38.38781014572953,61.34744365476857,0.55,0.003467561521252799,-1,0.07751937984496124,-6.574061189977801,-0.5524421168048572,1810.1443926536047,False,False,True,False
106450.0,13.59358817080491,44.19762382993161,55.562594609809864,0.5,0.0007859454461396187,-1,0.26744186046511625,-5.092010845402003,-1.8589880864166042,1855.8483646069187,False,False,True,False
106000.0,13.55251539318218,43.38834211342763,56.3762668526783,0.55,0.0015539305301645323,-1,0.23255813953488372,-5.639641842338628,-1.7089823764662508,1755.4306242778532,False,False,True,False
106700.0,13.273571968691765,45.07317003854306,54.698444434944776,0.5,0.000784132841328411,-1,0.2868217054263566,-5.476051219739492,-2.2023249470691435,1680.0427225437209,False,False,True,False
106400.0,13.102197709650302,44.46243779757153,55.31227125311807,0.5,0.000603528319405755,-1,0.26356589147286824,-6.007076048401153,-2.1499009015330444,1581.4682423620266,False,False,True,False
106150.0,13.01971752776002,43.92826686691562,55.84914882520038,0.55,0.0011054813450023016,-1,0.2441860465116279,-6.559634212275699,-2.119266437812149,1486.3633679075963,False,False,True,False
107600.0,12.383808013104286,47.84224627053613,51.95070649075801,0.55,0.0007100320659642667,-1,0.35658914728682173,-5.593874025139717,-3.10021933923406,1483.7659844856253,False,False,True,False
106200.0,12.257667162320923,44.60481181725441,55.20215161277491,0.6,0.0019021739130434755,-1,0.24806201550387597,-6.563887911795752,-2.165406321417155,1477.7826998795092,False,False,True,False
105000.0,12.516569272143629,41.98243589217536,57.8358764133032,0.6,0.0020985401459854003,-1,0.15503875968992248,-7.476296649461927,-1.3717975503599866,1457.9410784595443,False,False,True,False
105200.0,12.67039022390475,42.58826114390383,57.23194836279238,0.6,0.00213830755232029,-1,0.17054263565891473,-7.821133488150362,-1.6080835209281117,1368.0881442838624,False,False,True,False
106000.0,12.460045772098278,45.059556843818335,54.76839176783865,0.6,0.004270923209663502,-1,0.27522935779816515,-5.950989071582553,-2.259869267689577,1327.510419692158,False,False,True,False
104850.0,12.668220460694647,42.244502705319185,57.59419465769521,0.6,0.0029609690444145353,-1,0.16972477064220184,-6.883013318188857,-1.4070248219502082,1314.831103999861,False,False,True,False
102700.0,13.53786705973211,37.52452119144983,62.332198527515146,0.65,0.0043149466192170804,-1,0.0,-8.148500454078448,0.0,1374.486025142728,False,False,True,False
101850.0,14.58950647084965,35.82053034912235,64.04269573632027,0.7,0.0052897278314310795,-1,0.0,-7.62889045407047,0.0,1337.0227376325333,False,False,True,False
99800.0,16.107296519517824,32.041467502874056,67.8361882186963,0.7,0.005466309683177151,-1,0.0,-8.573797832214565,0.0,1387.9496849444952,False,False,True,False
101150.0,16.840479931863996,36.77216324377146,63.11400904717766,0.65,0.004722470904207699,-1,0.15789473684210525,-5.1976590577782735,-0.9745610733334263,1385.2389931627454,False,False,True,False
100050.0,17.824372857493884,34.655293176197254,65.23743185598042,0.65,0.0038301799723119536,-1,0.03205128205128205,-5.531683514839009,-0.18316832830592744,1364.8647793654065,False,False,True,False
97000.0,19.46562180857236,29.57197603317198,70.33648433502422,0.65,0.004715219421101774,-1,0.0,-7.136934156766265,0.0,1485.2315808393062,False,False,True,False
98450.0,20.2865136532491,34.49155320081239,65.42330144422405,0.6,0.003119047619047621,-1,0.13679245283018868,-6.171111614276457,-0.9779357202951762,1482.7150393507845,False,False,True,False
97800.0,21.2097797182165,33.36637492842387,66.55125731560449,0.6,0.002524271844660192,-1,0.07547169811320754,-6.885719708417861,-0.5620995680341111,1423.2353936828713,False,False,True,False
96900.0,22.28856304064687,31.81861467754662,68.10283834530236,0.65,0.0034134615384615375,-1,0.0,-7.720829596954615,0.0,1385.8614369912375,False,False,True,False
95800.0,23.552251780273398,29.987681826848764,69.93829101065104,0.7,0.005002348520432126,-1,0.0,-8.641885489774713,0.0,1365.442762920435,False,False,True,False
92800.0,25.34587295905381,25.652271308012786,74.28440386189257,0.7,0.006226415094339621,-1,0.0,-9.985178410807181,0.0,1482.196851283261,False,False,True,False
94000.0,26.388464970800324,30.011018503637693,69.9293691794869,0.7,0.005951265229615743,-1,0.08108108108108109,-9.30207150291897,-0.8207710149634385,1462.0399333344567,False,False,True,False
94400.0,27.150434615556346,31.45360552329737,68.48801086687078,0.65,0.0056390977443609045,-1,0.10810810810810811,-9.522573251296869,-1.1542513031874995,1386.1799380962814,False,False,True,False
91900.0,28.406007718192004,27.621601916532473,72.32712736895337,0.65,0.006712199717381062,-1,0.0,-10.711323916656362,0.0,1465.7385139465468,True,False,True,False
88550.0,30.162465907097715,23.491540964471195,76.46485446494937,0.7,0.008852230483271373,-1,0.0,-11.028984783745138,0.0,1600.328620093222,True,False,True,False
90250.0,30.9675916495534,29.27108273354608,70.68860663801061,0.65,0.007509416195856872,-1,0.09742120343839542,-9.798139633232188,-1.057576976285379,1607.4480043722776,True,False,True,False
92550.0,30.713171940627056,36.2839612773603,63.679724953645454,0.6,0.005928571428571427,-1,0.22922636103151864,-8.11749054692164,-2.4141235827276253,1656.916004059972,True,False,True,False
94600.0,29.68582300583401,41.820984952449216,58.14585700202404,0.6,0.0050380228136882145,-1,0.3467048710601719,-6.765605005450375,-3.5905184458749795,1684.9934323414025,True,False,True,False
94500.0,28.759024529468608,41.63093202257506,58.33606061662522,0.65,0.005424528301886794,-1,0.36503067484662577,-6.5848926250964155,-3.78551798254335,1571.779615745588,True,False,True,False
95650.0,27.454100200564824,44.740972716822874,55.22777863189348,0.6,0.004387219837863615,-1,0.5017667844522968,-4.573014994278656,-4.605447724734533,1541.652500335189,False,False,True,False
94050.0,26.715211226143488,41.43317916189876,58.537882464870115,0.6,0.0042112950340798426,-1,0.41353383458646614,-5.045865040808219,-3.557981759544257,1545.8201788826755,False,False,True,False
94550.0,25.825966536396447,42.85500332838016,57.11676083401913,0.55,0.0035837015218458503,-1,0.47619047619047616,-4.486381575877286,-4.078528705342987,1471.118737533913,False,False,True,False
93950.0,25.186572136283942,41.5513989188592,58.42122414820802,0.55,0.0029308617234468926,-1,0.42857142857142855,-5.110384407658831,-3.832788305744123,1408.895970567205,False,False,True,False
93900.0,24.609017977252382,41.4382763114115,58.534421288646605,0.6,0.003583786455758775,-1,0.4652173913043478,-4.688100403197898,-4.078266204407927,1311.8319726695477,False,False,True,False
93650.0,24.15829078089617,40.83958933447162,59.133502721937944,0.6,0.0031984007996001982,-1,0.5151515151515151,-3.8835365204879966,-4.126257553018497,1235.98683176458,False,False,True,False
94150.0,23.484682034297837,42.62498956202961,57.34891454838818,0.55,0.0014690721649484539,-1,0.5656565656565656,-3.633547924697505,-4.732062413559541,1183.4163437813959,False,False,True,False
91800.0,23.666477090344053,36.97672094050225,63.00064115537883,0.6,0.003377348908075167,-1,0.35135135135135137,-4.736553869268807,-2.565633345853937,1266.7437477970104,False,False,True,False
92500.0,23.46815136340818,39.54645222188211,60.431832919121774,0.55,0.0027096114519427395,-1,0.47305389221556887,-3.588140067227256,-3.2211711967153773,1226.2620515257954,False,False,True,False
91350.0,23.664279047004552,36.88555830403804,63.09418792722763,0.55,0.0028637770897832816,-1,0.38620689655172413,-3.645106643559854,-2.2935502476331666,1220.8147621310957,False,False,True,False
87950.0,24.77643969622406,30.377667999766132,69.60565169795177,0.55,0.004097077244258873,-1,0.0,-5.594016027961359,0.0,1376.470850550303,False,False,True,False
88800.0,25.358092402033233,33.53487030441153,66.44920580417764,0.5,0.002155172413793105,-1,0.11038961038961038,-5.116270840739076,-0.634865724763243,1338.86578979671,False,False,True,False
86850.0,26.380996699880676,30.156304835224038,69.82937557089686,0.55,0.0038031914893617014,-1,0.0,-6.365196340643342,0.0,1382.5182333826592,False,False,True,False
87950.0,26.755342692983135,34.18446631746953,65.80203995613114,0.55,0.0034163135593220316,-1,0.125,-5.652046678354246,-0.8074352397648923,1362.3383595696123,False,False,True,False
89800.0,26.21365230538983,40.40922376436167,59.578558730355674,0.5,0.0011425462459194792,-1,0.3352272727272727,-4.1870312238148415,-2.1114089077356892,1397.1713338860686,False,False,True,False
88950.0,25.968790522577997,38.60270035912635,61.38562832794982,0.5,0.00022586109542631626,-1,0.23863636363636365,-4.933407586207302,-1.5462919300052738,1358.087667179921,False,False,True,False
87900.0,26.05105135715017,36.43576463531268,63.55321921279325,0.55,0.0013019390581717472,-1,0.11931818181818182,-5.800544764423678,-0.7858802584057886,1336.081405238498,False,False,True,False
86900.0,26.410860038503248,34.45222448298018,65.53735907751893,0.6,0.0030524041058887065,-1,0.005681818181818182,-6.668823094362562,-0.03810756053921464,1312.0755905786052,False,False,True,False
87050.0,26.663334768235693,35.0236300868457,64.96604427783183,0.6,0.003990486257928116,-1,0.022727272727272728,-6.997159365847625,-0.16272463641506105,1229.0701912515622,False,False,True,False
85850.0,27.247366824551808,32.576979125164144,67.41341655896339,0.6,0.004576719576719579,-1,0.0,-7.9870007551650435,0.0,1226.9937490193079,False,False,True,False
83400.0,28.40943328005161,28.23950011140834,71.75217434440573,0.65,0.006403554626241504,-1,0.0,-8.483272070757511,0.0,1314.3513383750717,True,False,True,False
81150.0,29.957989167365366,24.95355623419452,75.03908698065686,0.65,0.00685805422647528,-1,0.0,-9.701825361770544,0.0,1381.1833856339952,True,False,True,False
82700.0,30.543956552556203,30.917139814914034,69.07608800862656,0.65,0.006266525647805393,-1,0.11923076923076924,-8.218243736763887,-1.1125133442780808,1393.241715231567,True,False,True,False
80850.0,31.497444720651345,28.051880775893366,71.94197466197151,0.65,0.0069717935071846706,-1,0.0,-9.327656181398856,0.0,1425.8673070007408,True,False,True,False
81000.0,32.30031670335318,28.62942862257808,71.36447613942019,0.6,0.006869009584664537,-1,0.011278195488721804,-9.852150848072956,-0.1123819488373341,1334.7339279292594,True,False,True,False
81500.0,32.76025888115027,30.628431709348742,69.3656437728686,0.55,0.006486919380672718,-1,0.04887218045112782,-9.920712132033744,-0.5097599119226824,1275.1100759343124,True,False,True,False
81250.0,33.25236487742891,30.173367415964925,69.82079609023366,0.6,0.006850770047796067,-1,0.034334763948497854,-9.36027373364657,-0.33280973275187803,1201.88792765329,True,False,True,False
80300.0,33.956411501622675,28.443926131081383,71.55057190434621,0.6,0.006263616557734203,-1,0.0,-10.304959804136342,0.0,1183.8959328209123,True,False,True,False
78500.0,35.035686232902144,25.46561666671519,74.5294574689696,0.65,0.007567567567567568,-1,0.0,-10.464992892610727,0.0,1227.903366190847,True,False,True,False
77550.0,36.24223526903431,24.03519614027712,75.96015468446332,0.65,0.007553366174055831,-1,0.0,-10.140282524751171,0.0,1208.0531257486437,True,False,True,False
76000.0,37.67107208020002,21.87609895296279,78.11966951019288,0.65,0.006793632745878342,-1,0.0,-11.196955314348157,0.0,1232.4779024808836,True,False,True,False
77000.0,38.34218409181193,26.465625724592083,73.53039132768129,0.65,0.006644144144144143,-1,0.07246376811594203,-10.527421012690965,-0.8224547666164818,1215.8723380179633,True,False,True,False
73450.0,39.65881831273597,21.611765469567242,78.38498206502568,0.65,0.007714450201496836,-1,0.0,-11.825582488112884,0.0,1382.5957424452517,True,False,True,False
72400.0,41.05182425281734,20.418921780881984,79.57800527087437,0.7,0.008840250142126211,-1,0.0,-12.805049923601718,0.0,1358.8389036991623,True,False,True,False
72950.0,42.00204300474675,22.821876461287438,77.17514337829651,0.7,0.00938195991091314,-1,0.03323262839879154,-12.297620591503714,-0.42273070783294014,1301.0646962920794,True,False,True,False
73400.0,42.598648576150225,24.822018911844268,75.17507816135308,0.65,0.008740865654862285,-1,0.06451612903225806,-11.690961659603015,-0.8062732179036562,1240.2743608426451,True,False,True,False
75000.0,42.18309264916516,31.608732435056226,68.38862670067996,0.6,0.007337883959044366,-1,0.17747440273037543,-9.518400158479375,-2.05376268979638,1265.9690493538847,True,False,True,False
77900.0,40.33351413309651,41.85456353509444,58.143191233741824,0.55,0.005178365937859608,-1,0.37542662116040953,-6.6175567015974295,-3.9777663233645755,1382.6855458286072,True,False,True,False
75450.0,39.33329579365235,36.83404348682415,63.16398060098523,0.6,0.006662837449741527,-1,0.22676579925650558,-7.128549651390679,-2.090584272763613,1458.9222925551353,True,False,True,False
73350.0,38.92909360108201,33.16217750545359,66.83604355461482,0.6,0.007280139778683753,-1,0.08636363636363636,-6.679012062301256,-0.6313493989239993,1504.7135573726257,True,False,True,False
74350.0,38.08937850888463,36.41284257582128,63.585465003192276,0.55,0.005425659472422062,-1,0.18932038834951456,-5.685444745854623,-1.3277385933432952,1468.6625889888667,True,False,True,False
76150.0,36.527018257930095,41.89118459867136,58.10726879061876,0.5,0.0030807147258163914,-1,0.3640776699029126,-4.389110979894632,-2.5128497976495985,1492.3295469182335,True,False,True,False
75750.0,35.19715521457137,41.04491018430277,58.95357444919982,0.55,0.004201934703748489,-1,0.36813186813186816,-4.065598228441581,-2.3686528809181384,1414.3060078526455,True,False,True,False
76850.0,33.48684277086208,44.372975034705625,55.625595142521696,0.5,0.002473716759431044,-1,0.489010989010989,-3.340863859075995,-3.197170789868425,1391.8555787203138,True,False,True,False
78900.0,31.099867427997868,50.03395138384122,49.96476430166928,0.5,0.0012962962962962954,-1,0.7142857142857143,-1.8069786836225608,-4.517446709056402,1438.8658945260056,True,False,True,False
75200.0,30.053905233186786,41.77135376280193,58.22757401416952,0.55,0.003865030674846626,-1,0.3163841807909605,-3.7803628587311793,-1.7495894222226946,1600.3754734884337,True,False,True,False
74900.0,29.167480450504204,41.17758561804911,58.82135740027367,0.55,0.0039076923076923065,-1,0.31645569620253167,-3.582109723505219,-1.6583841312524161,1507.4915110964027,True,False,True,False
73600.0,28.710322814516502,38.6159804503824,61.383028321424604,0.55,0.004171855541718556,-1,0.18461538461538463,-3.550682705502643,-0.8039281597364475,1492.6706888752312,True,False,True,False
70750.0,28.992299227843816,33.67071268473425,66.32842302645832,0.55,0.004936305732484075,-1,0.0,-5.12700251253575,0.0,1589.6227825270003,True,False,True,False
71200.0,29.052191605809583,35.08430697043053,64.91484716028333,0.5,0.004094132817537071,-1,0.05521472392638037,-5.105352072163668,-0.29836473149008447,1508.221155203643,True,False,True,False
73150.0,28.268922130379554,40.956475422677535,59.042755224001965,0.55,0.0018749999999999988,1,0.294478527607362,-3.7343074974503185,-1.5586674771966547,1539.7767869748113,True,False,True,False
72150.0,27.819993470836664,39.00775372127228,60.99151353147491,0.5,0.003149350649350652,-1,0.17177914110429449,-4.496339074158478,-0.9325740301958326,1501.2213021908963,False,False,True,False
78450.0,26.38890081782417,53.89204963810226,46.107396431258664,0.55,0.003403675970047648,1,0.9447852760736196,-0.2440358705401735,-4.175724895909635,1843.9912091772608,False,False,True,False
76950.0,24.606649972471647,50.718430089554715,49.2810485999258,0.55,0.003142265193370164,1,0.7607361963190185,-1.0717698838963514,-3.407678605208912,1819.4204085217423,False,False,True,False
77550.0,23.125876119149883,51.93764395368593,48.06184763288806,0.55,0.003152844413982181,1,0.8343558282208589,-0.7793022176428825,-3.9253741333122973,1732.3189507701893,False,False,True,False
75300.0,21.87115661676216,47.21988019091523,52.779657577469386,0.5,0.0012942779291553186,-1,0.558282208588957,-2.0347073960516817,-2.5716440700097642,1769.2961685723187,False,False,True,False
75700.0,20.577175384692353,48.12207168186184,51.87747398763082,0.5,0.0004666666666666708,-1,0.6073619631901841,-1.9144603565039486,-2.9614308639670455,1671.489299388582,False,False,True,False
75300.0,19.49988423237353,47.25223957208507,52.747314309673804,0.55,0.0016688061617458282,-1,0.558282208588957,-2.277517197439836,-2.878528680097571,1580.6686351465405,False,False,True,False
74850.0,18.644202446331924,46.23962852243999,53.75993491959081,0.55,0.0003976143141153077,-1,0.5030674846625767,-2.7001681488691402,-2.7335035581144385,1499.9065897789305,False,False,True,False
76800.0,17.47353293247668,51.12721171750711,48.8723914138587,0.5,0.0023517382413087984,-1,0.7423312883435583,-1.3707069694421203,-3.948941507202299,1532.0561190804356,False,False,True,False
76250.0,16.260642243029018,49.753276210194265,50.24633758617538,0.55,0.001277740416946871,-1,0.6748466257668712,-1.8126980137646187,-3.7622034247944915,1461.909253431833,False,False,True,False
77050.0,15.353902747842016,51.78295274519301,48.21667665156581,0.55,0.0005909389363099149,-1,0.7730061349693251,-1.307762434332405,-4.453461262861704,1414.6300210438449,False,False,True,False
76950.0,14.471922013127221,51.502896391099064,48.49673500998332,0.55,0.0007920792079207928,-1,0.7607361963190185,-1.4764585759305475,-4.694381113215075,1320.7278766835702,False,False,True,False
79750.0,14.624364500544882,58.302873646675806,41.696809437168426,0.55,0.0018867924528301883,-1,1.0,0.0,-6.309634055028221,1426.3901712061725,False,False,True,False
76650.0,13.586607092358197,49.95198397537295,50.04774450129134,0.6,0.001425855513307983,-1,0.6555555555555556,-2.0052606001334885,-3.8164637228347043,1545.9337304057315,False,False,True,False
76400.0,12.710653834897908,49.33823693685234,50.66149487594857,0.6,0.0007978723404255317,-1,0.6277777777777778,-2.3049924199853566,-3.8875245292290344,1453.3670353767507,False,False,True,False
73700.0,12.77856717257918,43.16917842028453,56.8305869255858,0.6,0.0008010680907877155,-1,0.3277777777777778,-3.9224273609312816,-1.9125885478921125,1542.4122471355543,False,False,True,False
73900.0,12.761450315244527,43.7304328129665,56.269334850319936,0.55,0.00020380434782608648,-1,0.35,-4.0441729930101395,-2.1776316116208445,1446.5256580544433,False,False,True,False
73100.0,13.000482330355055,41.94595725734658,58.053819886732974,0.55,0.001660777385159007,-1,0.2222222222222222,-4.74882889162013,-1.3568082547486087,1400.3452539076973,False,False,True,False
73400.0,13.087985042278174,42.8871458241249,57.1126349329579,0.55,0.0015449438202247202,-1,0.16447368421052633,-4.804239844673592,-0.9457165048570064,1321.7491643428616,False,False,True,False
71150.0,13.878618305269908,37.92150112387534,62.07830501802636,0.6,0.0013670539986329444,-1,0.0,-6.1957297504252,0.0,1388.0527954612287,False,False,True,False
68600.0,15.283548424668119,33.22612357527968,66.77370656981113,0.6,0.0024601524601524593,-1,0.0,-7.579625026347981,0.0,1471.0490243568552,False,False,True,False
70650.0,15.664561874848687,39.6910707463123,60.308775843877605,0.6,0.00497131931166348,-1,0.18385650224215247,-6.016916134663544,-1.3554591292373916,1512.4026654742227,False,False,True,False
72450.0,15.295754097637955,44.74931061093936,55.25054884606193,0.55,0.0029239766081871343,-1,0.3452914798206278,-4.762074580571845,-2.511505087013918,1532.9453322260638,False,False,True,False
73750.0,14.469932642046729,48.132809635596956,51.86705842812226,0.55,0.002450032237266281,-1,0.4618834080717489,-3.9569839443001817,-3.396411218857656,1516.3063799242022,False,False,True,False
75250.0,13.693601506739665,51.80058486294298,48.1992925306169,0.5,3.320053120849931e-05,-1,0.5964125560538116,-2.9700193603364538,-4.389028610274981,1515.141638501045,False,False,True,False
74200.0,12.832771597520889,49.178951366149256,50.820932232536535,0.55,0.000990752972258918,-1,0.5022421524663677,-3.7451484240194457,-3.778888499911513,1481.9172357509703,False,False,True,False
74700.0,11.982523048763273,50.46458870194998,49.53529784137938,0.5,0.00039840637450199167,-1,0.547085201793722,-3.577043846378629,-4.32078563621973,1411.7802903401869,False,False,True,False
76600.0,11.856870103115009,55.11163424285782,44.888262944136386,0.55,0.0011690046760187034,1,0.7174887892376681,-2.17743973435342,-5.530005674548368,1446.6531267444593,False,False,True,False
74900.0,11.08750729166013,50.54284771460477,49.45705799564741,0.5,0.0012369791666666686,-1,0.5650224215246636,-3.3111467567313175,-4.301077230393258,1464.7493319769978,False,False,True,False
73850.0,10.595327168771847,47.901464408576295,52.09844622928438,0.5,0.001573770491803278,-1,0.47085201793721976,-4.11114192155416,-3.6582195064676846,1435.1243796929266,False,False,True,False
74850.0,9.917366620320994,50.55189686910753,49.44801831491384,0.5,0.0014276443867618448,-1,0.5605381165919282,-3.489918953161001,-4.451427236174746,1404.0440668577176,False,False,True,False
76500.0,9.873465820784546,54.651335203155234,45.34858701243767,0.55,0.0002923976608187162,1,0.7085201793721974,-2.2861365864172547,-5.557070471598865,1421.612347796452,False,False,True,False
77250.0,10.085355078209034,56.419915537968336,43.58000971118627,0.55,0.0015673981191222596,1,1.0,0.0,-6.297137361679449,1373.6400372395626,False,False,True,False
77350.0,10.316778953993014,56.662602549655766,43.33732311576833,0.6,0.00045662100456621556,1,1.0,0.0,-6.8217304529574925,1282.6657488653082,False,False,True,False
75900.0,9.88408669221531,52.12950799435845,47.87042361794497,0.6,0.000327225130890052,1,0.8342857142857143,-1.1200213353868946,-5.638728102292642,1294.6181953749292,False,False,True,False
76850.0,9.847694476426526,54.6872624344785,45.31267283182821,0.65,0.0021370420624151954,1,0.9428571428571428,-0.3936999783044076,-6.496049642022725,1270.0026099910058,False,False,True,False
76400.0,9.60661354507921,53.236247171345404,46.76368981253815,0.6,0.001691474966170503,1,0.8914285714285715,-0.7841965443574848,-6.438666364198296,1211.4309949916483,False,False,True,False
80950.0,10.880216938824706,63.71849937623176,36.28145173292587,0.65,0.005369357045143641,1,1.0,0.0,-8.517827584222598,1449.900209635102,False,False,True,False
81150.0,12.117267796051417,64.09943346026955,35.90051816221273,0.65,0.005279291553133514,1,1.0,0.0,-9.223725233899659,1360.6216232325949,False,False,True,False
86500.0,14.456954493786478,72.43641387704072,27.563548979872003,0.7,0.010787069571328179,1,1.0,0.0,-10.877642060995546,1645.5772215731238,False,False,True,False
81000.0,14.513155372117552,57.62186636986942,42.37810408347169,0.7,0.009037900874635574,1,0.6529968454258676,-2.8632514228611794,-5.3881185866569465,1920.8931343179008,False,False,True,False
78300.0,13.762150872555976,51.999532324122164,48.00044101217287,0.65,0.005414012738853502,1,0.41637010676156583,-4.1486562185775195,-2.959712058375426,1976.543624723765,False,False,True,False
80950.0,13.70587481288405,56.48712936512552,43.5128464639778,0.65,0.005866114561766733,1,0.5647058823529412,-2.7412177105523035,-3.556174327202988,2024.6476515292104,False,False,True,False
82650.0,14.030750960254515,59.12705701356069,40.87292028199193,0.65,0.00603389830508475,1,0.6956521739130435,-1.9235971844725328,-4.396793564508647,2001.4585335628383,False,False,True,False
82700.0,14.343620793944586,59.20545089946639,40.79452643963312,0.65,0.004950166112956811,1,0.6996047430830039,-2.040741099346488,-4.752778612951689,1862.06863830835,False,False,True,False
81950.0,14.379966744592931,57.426219429282774,42.573758590818,0.65,0.005222371967654982,1,0.6403162055335968,-2.5524011258838897,-4.543834971353737,1782.635164143468,False,False,True,False
79500.0,13.629335369425954,51.935553422196826,48.064426699457684,0.6,0.0032128514056224853,1,0.44664031620553357,-3.8245011157994875,-3.0869187577524437,1830.3040809903632,False,False,True,False
80350.0,13.16914928543822,53.59335481077587,46.406625996507,0.6,0.0024477806788511746,1,0.5138339920948617,-3.493757670097347,-3.6925894074199603,1760.2823609196232,False,False,True,False
78650.0,12.244596073262189,49.88728892989284,50.11269320459701,0.6,0.002503337783711612,1,0.3794466403162055,-4.470447126350594,-2.7335218097430385,1755.976477996793,False,False,True,False
78500.0,11.432606353146344,49.56162120754417,50.43836104357298,0.6,0.003148273527420442,1,0.3133047210300429,-4.874292387961327,-2.223895902007355,1641.2638724255935,False,False,True,False
78500.0,10.67861589875306,49.56162120754417,50.438361043572975,0.55,0.0024382097528390157,1,0.24528301886792453,-5.249237956266043,-1.7060023357864642,1524.0307386809084,False,False,True,False
78550.0,9.96034340538857,49.688590707204256,50.311391588592485,0.55,0.0013398692810457468,1,0.25,-5.603552552835546,-1.867850850945182,1418.7428287751293,False,False,True,False
78300.0,9.388306320779874,49.02407932631556,50.97590320624872,0.5,0.0006796116504854344,1,0.22641509433962265,-6.141120562307436,-1.7974011401875423,1335.2611981483344,False,False,True,False
78000.0,8.976111111541904,48.19120502951686,51.80877779980319,0.5,0.00042016806722688926,-1,0.19811320754716982,-6.739004089489249,-1.6649304221091088,1261.3139697091676,False,False,True,False
76300.0,9.240069442229478,43.664229336263396,56.33575510603254,0.5,0.0002635046113307005,-1,0.0,-7.890775049106585,0.0,1292.6486861585126,False,False,True,False
76500.0,9.39051631863197,44.326830328940744,55.67315429633931,0.5,0.00022771633051398842,-1,0.0196078431372549,-8.233147242142818,-0.16466294484285637,1214.6023514329045,False,False,True,False
76650.0,9.455373249960822,44.850736490596866,55.14924827936526,0.5,0.000163612565445026,1,0.03431372549019608,-8.651283927158557,-0.3074060278685782,1138.5593263305543,False,False,True,False
76800.0,9.436556106325522,45.40402653479109,54.59595838796778,0.5,0.0025633106856084,1,0.049019607843137254,-9.08283969966522,-0.46818761338480513,1067.947945878372,False,False,True,False
76600.0,9.511196124657442,44.75923516589116,55.24074997098254,0.5,0.002803450400492913,-1,0.029411764705882353,-9.841427132134626,-0.2982250646101402,1005.9516640299169,False,False,True,False
76650.0,9.550447142284277,44.96963815584619,55.03034703763872,0.5,0.005693641618497109,-1,0.0546875,-6.452167453766698,-0.3732658857550982,937.6694023134943,False,False,True,False
77050.0,9.337119571301201,46.71806272819841,53.28192293571906,0.5,0.0024382716049382693,1,0.1171875,-6.282912697572682,-0.8340149598547808,899.2644450053875,False,False,True,False
75800.0,9.78371525151761,42.20526498671675,57.794722062015,0.5,0.0015964240102171122,1,0.0,-7.464971556947766,0.0,924.31698464786,False,False,True,False
76000.0,10.06323918163083,43.15146936628192,56.84851789448553,0.5,0.0030574428659666474,1,0.028985507246376812,-7.678378556698485,-0.22920533005070104,872.5800571730128,False,False,True,False
75200.0,10.72890583069177,40.30870906902541,59.691279030985406,0.5,0.004506957047791893,-1,0.0,-8.646572051761062,0.0,867.3957673749405,False,False,True,False
74360.0,11.746248064493168,37.514147293361425,62.48584163166353,0.55,0.005042321644498188,-1,0.0,-8.770116254929752,0.0,865.4389268481591,False,False,True,False
73920.0,12.89262446867132,36.102237290675646,63.89775205117521,0.55,0.004899328859060403,-1,0.0,-7.7001337320853604,0.0,835.0504320732906,False,False,True,False
77880.0,12.426171880550891,53.181139964371,46.81885222624143,0.5,0.0010188679245282995,-1,0.6158631415241057,-2.334017534832,-3.7419876266942187,1058.261115496627,False,False,True,False
77180.0,11.62518994627952,50.60620863969073,49.39378392903763,0.55,0.001972619788425639,-1,0.6892177589852009,-1.4234930089185278,-3.1568620469893878,1032.6710358182968,False,False,True,False
78200.0,11.379691603701785,54.09410283907552,45.90589025440483,0.5,0.00028607755880483143,-1,0.9244060475161987,-0.3392242164868349,-4.148227561610438,1031.7659618312755,False,False,True,False
77500.0,10.76843492227335,51.41104565725239,48.588947778790015,0.5,0.0006369426751592355,-1,0.7732181425485961,-1.041595994038463,-3.551346341578759,1008.0683931290415,False,False,True,False
77520.0,10.2114167090384,51.48508659418224,48.51490685186248,0.5,0.0006242038216560497,-1,0.7775377969762419,-1.0986759490614548,-3.8400324433215896,937.49207933411,False,False,True,False
76500.0,9.837897718346829,47.50892170707851,52.49107224512456,0.55,0.001304901336728198,-1,0.589041095890411,-1.9080216896785984,-2.7348310885393246,943.3855022388166,False,False,True,False
78320.0,9.748342216136166,54.29205748453059,45.7079372491963,0.5,1.2771392081734057e-05,-1,1.0,0.0,-4.373753874931412,1006.0008235074725,False,False,True,False
77100.0,9.100674109889901,49.65950324359704,50.340491939482796,0.5,0.0005769230769230749,-1,0.7227272727272728,-1.194571773072866,-3.1137198675177986,1021.2864789712245,False,False,True,False
77800.0,8.762157692146541,52.18071974312218,47.81927568120474,0.55,0.0009829619921362998,1,0.8818181818181818,-0.520865968445701,-3.8864614568640765,998.3374447589941,False,False,True,False
76380.0,8.559925512777093,47.034544469615184,52.9654514059745,0.5,7.843137254902044e-05,-1,0.5590909090909091,-1.8863224339968996,-2.3919346328001923,1028.4561987047803,False,False,True,False
77660.0,8.18596895410017,51.66226490105625,48.3377313348932,0.5,0.0006588388780169651,-1,0.85,-0.6307197121206819,-3.574078368683864,1046.4236130830102,False,False,True,False
78820.0,8.381294744831774,55.4602630886423,44.53973344305655,0.5,0.0013151041666666697,-1,1.0,0.0,-4.646592448462962,1054.5362121485095,False,False,True,False
77180.0,7.849134962704845,49.534469568032584,50.46552733424577,0.5,0.0003785900783289775,-1,0.6653061224489796,-1.495865772507049,-2.9734892794957193,1096.3550541379018,False,False,True,False
78240.0,7.72103893629992,53.027893767572564,46.97210334914237,0.5,0.0010371819960861006,-1,0.8816326530612245,-0.5302817073890771,-3.9496844412427814,1093.758264556623,False,False,True,False
77920.0,7.4353578991530584,51.86075074573998,48.139246434436004,0.55,0.0005645684620376401,-1,0.8163265306122449,-0.8666430668751387,-3.851746963889505,1038.489817088293,False,False,True,False
78760.0,7.572911227756675,54.68055079822441,45.31944654712532,0.5,0.0019525065963060695,-1,0.9877551020408163,-0.05857590419806757,-4.725122938644117,1024.3119730105577,False,False,True,False
79100.0,7.861830106985076,55.80888632383259,44.191111087610984,0.5,0.002039473684210524,-1,1.0,0.0,-5.310464592649899,975.4325463669466,False,False,True,False
80260.0,8.659213736073044,59.512599045703745,40.48739858268999,0.55,0.0033643617021276604,1,1.0,0.0,-6.413006072120699,988.6159359121647,False,False,True,False
79860.0,9.143022144357412,57.71626439854061,42.28373330143795,0.55,0.0036982248520710083,1,0.9369085173501577,-0.4225774955815753,-6.275275809386393,946.5719404898672,False,False,True,False
80740.0,9.995419878245016,60.53829390992694,39.46170394355575,0.6,0.004613095238095233,1,1.0,0.0,-4.629350412182983,941.8168018834482,False,False,True,False
80720.0,10.77282801998572,60.439565636077425,39.56043222090589,0.55,0.001823317925012835,1,0.9954128440366973,-0.02283176060345846,-4.954492050950486,875.9727446060591,False,False,True,False
78520.0,10.096724366805963,50.65368752797557,49.346310675987404,0.55,0.0008681005441824263,1,0.4908256880733945,-2.2873719798290546,-2.2049441607361158,970.5461199913406,False,False,True,False
79200.0,9.829416643223862,53.17720721208785,46.82279108372261,0.55,0.0006393861892583175,1,0.6467889908256881,-1.6214062249363594,-2.96906854176658,949.7928257062448,False,False,True,False
79580.0,9.780915339026533,54.575198289934804,45.42480005675777,0.6,0.0013419354838709707,1,0.7339449541284404,-1.2759965905736308,-3.519990594685878,909.0933381557987,False,False,True,False
79580.0,9.73587841370044,54.5751982899348,45.424800056757775,0.55,0.0013286893704850366,1,0.7339449541284404,-1.37415017446391,-3.790759101969407,844.1580997160988,False,False,True,False
79620.0,9.717625598049876,54.740168595559766,45.25982975713713,0.6,0.002039215686274509,1,0.7431192660550459,-1.4236354892147882,-4.118374093799923,786.7182354506633,False,False,True,False
78120.0,9.346572595424368,47.73855753354021,52.261441029857096,0.55,0.0001276813074565897,1,0.39908256880733944,-3.127734779826858,-2.077197907213257,837.6669329184731,False,False,True,False
77500.0,9.36939032405175,45.166988987979124,54.83300965280473,0.55,0.00025940337224383825,1,0.25688073394495414,-3.941033886791153,-1.3623327016068183,822.1192948528679,False,False,True,False
77800.0,9.176701052785647,46.66412911988822,53.33586955800716,0.55,0.0,1,0.3256880733944954,-3.7460577543862756,-1.8093204119824868,784.8250595062345,False,False,True,False
78600.0,8.59867114976376,50.54214058560542,49.457858188419216,0.6,0.0014532600157109222,1,0.398876404494382,-2.7229616202866556,-1.8068250003771267,785.9089838272178,False,False,True,False
77300.0,8.722048287170487,44.83702397562838,55.1629749367824,0.55,0.0002317795518928689,1,0.033707865168539325,-4.181711047348301,-0.14587364118656865,822.6297706967023,False,False,True,False
77500.0,8.691940661044283,45.849728749796014,54.150270182581174,0.55,0.0008373509261608736,1,0.0898876404494382,-4.163688389106231,-0.4112284828746895,778.1562156469379,False,False,True,False
77300.0,8.79096965623021,44.96082623247047,55.03917272060504,0.55,7.774034724021828e-05,1,0.0,-4.668462213594752,0.0,736.8593431007281,False,False,True,False
76780.0,9.213640119103035,42.645821508294,57.354177498686994,0.5,0.0009330265848670749,1,0.0,-5.489559239377561,0.0,721.3693900221047,False,False,True,False
77160.0,9.287040544948617,44.879376531224125,55.120622514428206,0.55,0.0004876796714579079,1,0.09595959595959595,-5.13640260777743,-0.5452047460769339,696.9858621633829,False,False,True,False
77060.0,9.425184637712208,44.38947065917504,55.61052839689502,0.5,0.0010792280345352956,1,0.0707070707070707,-5.6239530222548435,-0.4279094690846077,654.3440148659984,False,False,True,False
77300.0,9.335470923701594,45.91540325770155,54.084595824269606,0.5,0.0011378002528445008,1,0.13131313131313133,-5.5062199862846475,-0.8323355793220979,624.7480138041414,False,False,True,False
77180.0,9.347669767346678,45.246872223302226,54.75312687203549,0.5,0.0019187640169449293,-1,0.10101010101010101,-6.047278326087199,-0.6794694748412584,588.6945842467027,False,False,True,False
76620.0,9.799729859386037,42.16174411663672,57.8382550403848,0.5,0.0020285499624342618,-1,0.0,-7.02298699053273,0.0,586.6449710862239,False,False,True,False
76720.0,10.112559785859851,42.91032522794716,57.08967393998475,0.5,0.0024894723804805563,-1,0.024390243902439025,-7.247891830957295,-0.18119729577393237,551.8846160086365,False,False,True,False
76640.0,10.47064465203428,42.4371256946372,57.562873482470444,0.5,0.0025272547076313156,-1,0.006666666666666667,-5.750913219842444,-0.03859673301907681,518.1785720080196,False,False,True,False
76000.0,11.329154842651825,38.755106048417446,61.24489320008773,0.5,0.001604686704024455,-1,0.0,-6.8706333419719074,0.0,526.8801025788754,False,False,True,False
76140.0,11.951093121662158,39.981854331158495,60.018144932399274,0.5,0.0019318181818181845,-1,0.03867403314917127,-6.970514190642228,-0.2804229846810092,499.2458095375272,False,False,True,False
75200.0,13.251198174298205,34.92371784606128,65.07628151066439,0.55,0.002751947725559184,-1,0.0,-8.328179224924144,0.0,530.7282517134181,False,False,True,False
75400.0,14.196542542044002,36.756990108843056,63.24300926600438,0.55,0.0026262880120633326,-1,0.04524886877828054,-8.321751158812331,-0.3943957895171721,507.1048051624597,False,False,True,False
75260.0,15.183557236589193,35.99262564683192,64.00737374101561,0.6,0.002738005526249687,-1,0.01764705882352941,-6.9455559216286415,-0.12477046565799955,480.88303336514116,False,False,True,False
75340.0,15.984535032547727,36.80137658756162,63.19862280802064,0.55,0.0017793138760880678,-1,0.041176470588235294,-7.2084258470048,-0.3095643001781202,452.2485309819168,False,False,True,False
76800.0,14.932277172037622,49.373537268239886,50.62646224757974,0.5,0.0004516129032258065,-1,0.47058823529411764,-3.433602285289371,-3.0520909202572186,524.2307787689228,False,False,True,False
76120.0,14.595112067261649,44.89401694976616,55.10598260998176,0.55,0.0010796915167095133,-1,0.27058823529411763,-4.632421537771617,-1.718478957560439,535.3571517139998,False,False,True,False
75760.0,14.597460210827599,42.68600678272421,57.31399279867651,0.6,0.0018066157760814271,-1,0.24347826086956523,-3.3280311747781113,-1.0710904930320357,522.8316408772855,False,False,True,False
75960.0,14.365599351999268,44.32429572614693,55.67570386721922,0.55,0.0008667529107373895,-1,0.33043478260869563,-3.0814036535799394,-1.5206927121563338,499.77223795747943,False,False,True,False
75600.0,14.482737234174778,41.99723498696264,58.00276462775211,0.6,0.001225806451612904,-1,0.19047619047619047,-3.470885855491754,-0.8166790248215892,489.78850667480236,False,False,True,False
75340.0,14.82688436275158,40.34960133351298,59.65039829631726,0.6,0.0012677878395860264,-1,0.06666666666666667,-4.140480224901785,-0.29574858749298466,473.3750419123165,False,False,True,False
75540.0,14.87822001483442,42.227208102652185,57.77279153882984,0.55,0.0008075019536337602,-1,0.1619047619047619,-3.8779481634531243,-0.7491490770307172,453.8482532042939,False,False,True,False
76240.0,14.050547121960992,48.35460008772345,51.645399591783054,0.55,0.0005961638154484194,-1,0.49523809523809526,-2.248475550815022,-2.2060514838185123,471.4305208325586,False,False,True,False
75400.0,14.114665238572856,42.525899502872534,57.47410021526649,0.55,0.0010770827926291193,-1,0.09523809523809523,-3.817124289838556,-0.4018025568251112,497.7569122016616,False,False,True,False
75200.0,14.3563433300593,41.25092062752415,58.749079099065405,0.6,0.0013583441138421749,-1,0.0,-4.155398808468443,0.0,476.48856133011435,False,False,True,False
73260.0,15.98620550769463,31.412793026120518,68.587206765676,0.6,0.002539518009847108,-1,0.0,-6.092680066141489,0.0,581.0250926636776,False,False,True,False
73240.0,17.511499872362048,31.329836628423227,68.67016316392314,0.6,0.002205690420255807,-1,0.0,-6.580992110117273,0.0,540.9518717591292,False,False,True,False
73720.0,18.30103732156425,35.71748784997385,64.28251195564044,0.6,0.0019551616266944736,-1,0.1348314606741573,-5.739863069833764,-0.894524114779288,536.5981666334771,False,False,True,False
73800.0,18.930057840123666,36.44633763925877,63.55366216855951,0.55,0.0018528183716075175,-1,0.15730337078651685,-5.952569782611205,-1.1111463594207582,503.9840118739431,False,False,True,False
74480.0,18.66044785351826,42.4222409123142,57.57775891357478,0.5,0.0010000000000000009,-1,0.34831460674157305,-4.491279520583617,-2.4005114678981396,516.5565824543758,False,False,True,False
74380.0,18.499018843764958,41.799779069803826,58.20022075863989,0.55,0.0011557656947727868,-1,0.3202247191011236,-4.971214808723107,-2.3418119346877444,486.8025408504918,False,False,True,False
74000.0,18.68737098418149,39.4320255313856,60.56797430677594,0.55,0.0007978723404255317,-1,0.21348314606741572,-5.8433914177163775,-1.586063384808731,479.17378793259957,False,False,True,False
74160.0,18.645591567525564,40.94877035988943,59.051229482324864,0.55,0.0008222811671087515,-1,0.25842696629213485,-5.7847081474705915,-2.015883142300358,456.3756602231282,False,False,True,False
74360.0,18.33169285387573,42.87449514634236,57.12550470101749,0.5,0.0005979271857560475,-1,0.3146067415730337,-5.569973657292768,-2.556709219740943,438.0631130643333,False,False,True,False
73340.0,18.970609145859495,36.36173948210416,63.638260388442156,0.55,0.0013273161667109123,-1,0.028089887640449437,-7.213893538568526,-0.20849403290660481,479.6300335597381,False,False,True,False
73160.0,19.70963889567401,35.34148713390145,64.65851274027712,0.6,0.002369791666666665,-1,0.0,-6.721546371587846,0.0,458.2278883054711,False,False,True,False
71060.0,21.711816693995953,26.12993593960155,73.87006396737165,0.6,0.0033236994219653206,-1,0.0,-9.000910649418588,0.0,575.4973248550803,False,False,True,False
70280.0,23.923415817129218,23.66289777113465,76.33710214462161,0.6,0.003616684266103487,-1,0.0,-10.099903315761738,0.0,590.1046587940031,False,False,True,False
69900.0,26.13658894549823,22.54608017475511,77.45391974497721,0.65,0.003988941548183256,-1,0.0,-11.024223706154935,0.0,575.09718316586,False,False,True,False
70540.0,27.319170708420174,28.65363316561127,71.3463667604505,0.6,0.0033465608465608476,-1,0.10094637223974763,-9.832110695825191,-1.1039562886540566,579.7330986540128,False,False,True,False
70260.0,28.56391330402421,27.62721645686631,72.37278347184403,0.6,0.003371383063445715,-1,0.056782334384858045,-10.710634638928335,-0.6447873695675921,558.3235916072977,True,False,True,False
70760.0,29.053421040653173,32.29148917004831,67.70851076325653,0.6,0.0031638866825522915,-1,0.13564668769716087,-9.888883224784355,-1.5519050316267418,554.1576207782049,True,False,True,False
70720.0,29.533436267164188,32.11318287279663,67.88681706087645,0.65,0.003620146904512067,-1,0.14909090909090908,-9.044665402707551,-1.5847490662863657,517.4320764369046,True,False,True,False
70380.0,30.199890276813495,30.568103779573363,69.43189615729095,0.65,0.0033289124668435034,-1,0.09056603773584905,-9.549123726438374,-0.9509500806411658,504.7583566914114,True,False,True,False
70460.0,30.69926974594685,31.404398558071204,68.59560137955359,0.6,0.003151595744680852,-1,0.1222707423580786,-8.473531744047978,-1.1803924817579272,474.4184740705963,True,False,True,False
70180.0,31.35781253754538,30.040565567912733,69.95943437242089,0.6,0.0021021021021021048,-1,0.0611353711790393,-9.337038961018731,-0.6079932346709871,460.53144020841086,True,False,True,False
69000.0,32.67589470160564,25.094518570297772,74.90548137985967,0.6,0.0028945931185144712,-1,0.0,-10.704754723176825,0.0,511.9220516220958,True,False,True,False
67840.0,34.43194935740386,21.36967004953944,78.63032990801625,0.65,0.003988062940857295,-1,0.0,-11.895093864193003,0.0,558.213333649089,True,False,True,False
68980.0,34.53752014408512,32.04502980277456,67.95497016054364,0.65,0.00326558265582656,-1,0.1716867469879518,-9.170189179298792,-1.9007301208001133,599.7695241027255,True,False,True,False
68300.0,35.00277256846651,29.47447294734326,70.52552701891744,0.7,0.004148764769065521,-1,0.07033639143730887,-10.041283674556704,-0.7597023832723823,605.5002723811023,True,False,True,False
68180.0,35.498019412171054,29.031885800186867,70.96811416658046,0.7,0.004167787039526754,-1,0.05214723926380368,-10.826498362493117,-0.595632595994767,570.8216814967378,True,False,True,False
66960.0,36.54347523954851,24.93279949515638,75.06720047630317,0.7,0.004756756756756758,-1,0.0,-11.989794519121824,0.0,617.1915613898279,True,False,True,False
66260.0,37.8000678503537,22.93211409856973,77.06788587517998,0.75,0.005326321467098166,-1,0.0,-12.999383976516587,0.0,623.1064498619832,True,True,True,True
65960.0,39.0838990820578,22.113147447296967,77.88685252739022,0.8,0.005648197955890266,-1,0.0,-12.29943796223882,0.0,600.0274177289843,True,True,True,True
65260.0,40.53617185029484,20.29214107659827,79.70785890017342,0.8,0.005508590128170165,-1,0.0,-13.01121910646708,0.0,607.1683164626284,True,True,True,True
64160.0,42.239286444509965,17.810111911715737,82.18988806789712,0.8,0.006150902132312741,-1,0.0,-10.741463291473611,0.0,642.3705795724406,True,True,True,True
64280.0,43.65441782059952,18.974437141304584,81.02556283859707,0.75,0.004770616380523502,-1,0.01818181818181818,-10.709710087738175,-0.198327964587744,605.0583953172663,True,True,True,True
63020.0,45.34272751528536,16.354623224066184,83.64537675861047,0.75,0.005165054069436542,-1,0.0,-11.874080648856156,0.0,651.8399385088902,True,True,True,True
64040.0,45.6266401989848,25.341247452542934,74.65875253199489,0.7,0.00419170243204578,-1,0.13178294573643412,-9.909500809096835,-1.5041206585236266,678.1370857582552,True,False,True,False
63220.0,46.19834867053836,23.184720596352918,76.81527938950072,0.75,0.005188545506095832,-1,0.025839793281653745,-10.955000719374722,-0.29058357345821545,688.270151061237,True,True,True,True
65200.0,44.74086788989004,37.10319112497136,62.89680886344551,0.7,0.003600910902362653,-1,0.28165374677002586,-7.123304944244541,-2.79295049972178,780.5365688425773,True,False,True,False
64120.0,43.8973801948718,33.53397991667201,66.46602007285912,0.75,0.00469191633691351,-1,0.14285714285714285,-8.230177474294061,-1.371696245715677,801.9268139252503,True,True,True,True
61800.0,43.98617588502132,27.429740069168638,72.57025992226816,0.75,0.006306561085972851,-1,0.0,-9.512713837785821,0.0,910.3606129305895,True,True,True,True
61180.0,44.26369543539815,26.064275202730705,73.93572478913238,0.75,0.0065359477124183,-1,0.0,-10.431413483243134,0.0,889.6205691498332,True,True,True,True
60860.0,44.62164482939092,25.3625065223434,74.63749346973877,0.8,0.006812375816065852,-1,0.0,-10.97848212552427,0.0,848.9333856391308,True,True,True,True
61100.0,44.72708694840625,26.951082750108668,73.04891724214202,0.75,0.00646907950983186,-1,0.029484029484029485,-9.80832613992206,-0.29797446501029046,805.4381438077644,True,True,True,True
62140.0,43.88213685465881,33.55110717966392,66.44889281328693,0.7,0.004971014492753623,-1,0.15763546798029557,-8.319219019045441,-1.556812915844761,822.1925621072098,True,False,True,False
60960.0,43.57407541019915,30.215361681970055,69.78463831168165,0.7,0.005070754716981129,-1,0.012315270935960592,-9.460333547706295,-0.11795927116840768,847.7502362424091,True,False,True,False
60100.0,43.60047102365346,28.02819299906971,71.97180699504152,0.75,0.006436648303856191,-1,0.0,-9.662687147227711,0.0,848.6252193679513,True,True,True,True
60920.0,42.91363360207416,33.007626437419155,66.99237355709951,0.7,0.005402635431918007,-1,0.10148514851485149,-8.575675294011145,-0.9686024436761899,846.5805608416691,True,False,True,False
60380.0,42.49640012012948,31.46381757093167,68.53618242384337,0.7,0.005720152537400996,-1,0.04081632653061224,-7.978833543237459,-0.33952483162712593,824.6819493529784,True,False,True,False
58860.0,42.667111207938895,27.556822324008305,72.44317767141554,0.7,0.006048387096774193,-1,0.0,-8.463453939650474,0.0,874.3475243991943,True,False,True,False
59800.0,42.03514639939872,33.090198054413214,66.90980194136017,0.65,0.004874735888922427,-1,0.1323943661971831,-7.007668723279423,-1.0693520454354963,879.036986942109,True,False,True,False
59940.0,41.33263589528421,33.900000327686726,66.09999966813781,0.6,0.004563371740448757,-1,0.16875,-6.438739868515255,-1.3071126048865556,826.2486307319584,True,False,True,False
61080.0,39.77426593602979,40.242271765619755,59.7577282306054,0.55,0.003202574318112167,-1,0.3501577287066246,-4.854715321728356,-2.615890294717706,848.6594428225329,True,False,True,False
60100.0,38.796209900245614,36.95925928119302,63.0407407153401,0.55,0.003163965087281795,-1,0.19558359621451105,-5.943772532842205,-1.4451525373969283,858.040911192352,True,False,True,False
60440.0,37.62162931656314,38.823959134348364,61.1760408622873,0.55,0.0029869321717486018,-1,0.24921135646687698,-5.797539290483203,-1.924393293899887,821.0379889643269,True,False,True,False
60700.0,36.32312238389083,40.27873386910167,59.721266127614,0.5,0.0018406854966677266,-1,0.2902208201892745,-5.762110522642989,-2.3560629692584665,780.9638468954464,True,False,True,False
60760.0,35.06724158287184,40.62960441386101,59.37039558287394,0.5,0.002560899437851344,-1,0.2996845425867508,-6.086640621013587,-2.6046435089923006,729.4664292600575,True,False,True,False
61740.0,33.106666775672906,46.19040285758976,53.809597139451014,0.55,0.00117051565960139,1,0.45425867507886436,-4.629619195933175,-3.853555862510851,747.3616843129105,True,False,True,False
60480.0,32.04364927370776,40.887789124848545,59.11221087253194,0.5,0.003619631901840492,-1,0.30798479087452474,-4.642983244493636,-2.066382652769146,783.9787068619884,True,False,True,False
59800.0,31.4219090721719,38.33035677295586,61.66964322458847,0.5,0.0033686837180286976,-1,0.2865853658536585,-3.0133217549657862,-1.2104796793452304,776.5516563718463,True,False,True,False
59780.0,30.85540572120675,38.25456891973254,61.74543107781664,0.5,0.0016343042071197411,-1,0.2804878048780488,-3.2663805940167845,-1.2733348078370517,722.5122523452859,True,False,True,False
59860.0,30.254872284177566,38.77603119765865,61.223968799911255,0.55,0.00107878391631252,1,0.3048780487804878,-3.3696978910396505,-1.4779376715086185,676.6185200349083,True,False,True,False
59880.0,29.6773923485043,38.91492340668057,61.085076590894836,0.6,0.0008051265198816937,1,0.31097560975609756,-3.5889126263943587,-1.6197747251868344,629.7171971752721,True,False,True,False
60060.0,28.953413147474002,40.22915823200553,59.77084176562203,0.6,0.0008510638297872352,1,0.36585365853658536,-3.480620822246642,-2.0080504743730625,597.5945402341813,True,False,True,False
58900.0,29.027786744706702,35.00267824491156,64.99732175302421,0.55,0.002607016414547797,1,0.013888888888888888,-4.453041401232193,-0.06271889297510132,637.7663587888827,True,False,True,False
59120.0,28.856831265992632,36.68279497790752,63.31720502008162,0.6,0.0015091863517060378,1,0.09027777777777778,-4.309735742826068,-0.4276836996697625,607.9259045896767,True,False,True,False
60700.0,27.191017156986224,47.23228312925702,52.76771686906716,0.65,0.0004991680532445919,1,0.6388888888888888,-1.5353731477587487,-2.716429415265478,677.359768547557,False,False,True,False
60880.0,25.493184548135986,48.28931968266552,51.71068031569222,0.65,3.282994090610392e-05,1,0.7013888888888888,-1.339910171698889,-3.1472308684090184,641.8340707941601,False,False,True,False
61500.0,23.938811374730868,51.865980059439295,48.13401993903202,0.7,0.0009274594236502121,1,0.9166666666666666,-0.37483923244368067,-4.123231556880487,640.274494308863,False,False,True,False
63300.0,23.718089023501246,60.424349227998626,39.57565077074451,0.75,0.003771661569826712,1,1.0,0.0,-6.084810948845104,723.1120304296585,False,True,True,False
62260.0,22.653272454007773,54.405328524680606,45.594671474187734,0.7,0.0020568561872909676,1,0.7636363636363637,-1.3945750500099086,-4.505550161570474,745.7468853989685,False,False,True,False
62780.0,21.996098064052926,56.726415496710715,43.27358450221525,0.7,0.0023690357023690377,1,0.8818181818181818,-0.7126977025377023,-5.317821318935162,729.6221078704707,False,False,True,False
63960.0,22.06984315275295,61.51426465233902,38.48573534670577,0.7,0.002357563850687627,1,1.0,0.0,-6.642233422729924,761.7919573082943,False,False,True,False
64080.0,22.20414294565855,61.97502012613078,38.02497987292546,0.75,0.003311148086522464,1,1.0,0.0,-7.2351454068052155,715.9496746434161,False,True,True,False
63280.0,21.628086352150348,57.06967531777591,42.93032468135503,0.7,0.0023494374586366606,1,0.8455598455598455,-1.1081049619217882,-6.06687466652179,721.9532693117435,False,False,True,False
63660.0,21.331825881917638,58.740219883955575,41.25978011520918,0.7,0.002438220757825371,1,0.918918918918919,-0.6021263353588873,-6.824098467400722,697.5280357894761,False,False,True,False
63880.0,21.196343031180596,59.71753298531258,40.28246701387199,0.7,0.0025674786043449636,1,0.9613899613899614,-0.30146865412087565,-7.506569487609804,663.418890375942,False,False,True,False
64400.0,21.397775718771143,62.00820032824722,37.9917996709837,0.7,0.002154195011337867,1,1.0,0.0,-8.420412081784349,653.1746839205176,False,False,True,False
64180.0,21.361106828235457,60.44220562518266,39.55779437406769,0.7,0.0030588624338624302,1,0.96,-0.3535649434566256,-8.485558642959015,622.2336350690521,False,False,True,False
64280.0,21.39606542078696,60.92526356152711,39.0747364377324,0.75,0.0037458193979933107,1,0.9781818181818182,-0.20515232102407127,-9.197662392579195,584.9312325641198,False,True,True,False
66480.0,22.681127812211177,69.69346944996272,30.306530549462945,0.8,0.005603880896620938,1,1.0,0.0,-10.824036352466683,700.2932873809684,False,True,True,False
66660.0,23.958342999758866,70.28107021854359,29.718929780893202,0.8,0.005679919812896761,1,1.0,0.0,-11.702088688118364,663.1294811394707,False,True,True,False
66420.0,24.872381478671485,68.37744085189311,31.622559147558942,0.75,0.005460921843687372,1,0.9690721649484536,-0.3792032627026646,-11.881702231350157,632.9059467723656,False,True,True,False
67960.0,26.433367533069582,73.36309311978381,26.636906879754648,0.75,0.006576756576756581,1,1.0,0.0,-12.98555403137481,697.6983791457681,False,True,True,False
69960.0,28.570342439064863,78.17550810820612,21.824491891415704,0.8,0.00938879456706282,1,1.0,0.0,-13.709026012802664,790.719923492499,True,True,True,True
71280.0,30.909478266552707,80.65912201167698,19.340877987987845,0.8,0.010284167794316646,1,1.0,0.0,-12.76967114570831,828.5256432430349,True,True,True,True
72880.0,33.43888739405606,83.16060302555714,16.83939697415106,0.8,0.010032948929159801,1,1.0,0.0,-13.58033004582271,883.630954439961,True,True,True,True
69380.0,33.01323730846721,63.73989309776355,36.26010690201281,0.75,0.006980946123521681,1,0.6924428822495606,-3.2694560777241164,-7.360946826418868,1070.5144576942494,True,True,True,True
76680.0,34.40027235033702,76.21586394721042,23.78413605264286,0.75,0.012341463414634147,1,1.0,0.0,-9.515151491859493,1515.4777107160887,True,True,True,True
80520.0,36.24246569251119,80.09548957028936,19.90451042958786,0.75,0.013601895734597158,1,1.0,0.0,-10.859254787722506,1681.515017093511,True,True,True,True
73120.0,35.05925094354269,59.8387296034212,40.161270396487055,0.75,0.008721490523610664,1,0.5828635851183765,-3.5407067371412984,-4.9474199543298685,2089.9782301582604,True,True,True,True
70840.0,33.29873433954563,55.20600924374521,44.79399075617016,0.7,0.006419241796750552,1,0.4385150812064965,-4.601742014585398,-3.593922482465456,2103.5512137183846,True,False,True,False
70600.0,31.595355636360505,54.725716247430995,45.27428375248509,0.65,0.005190744215134458,1,0.4245939675174014,-5.034407503961652,-3.7149055371975095,1970.4404127385,True,False,True,False
68280.0,29.364382655744766,50.18086695383146,49.819133046091586,0.6,0.003277153558052437,1,0.2900232018561485,-6.134080921736484,-2.5057520105132696,1995.4089546857501,True,False,True,False
68920.0,27.464128241791833,51.38041043016326,48.61958956976164,0.65,0.00445638432364096,1,0.31198102016607354,-6.1097843038961415,-2.7704711584908366,1898.594029351054,False,False,True,False
68920.0,25.699606285978394,51.380410430163266,48.61958956976164,0.6,0.004131322651586555,1,0.30288461538461536,-6.579767711888152,-2.8587956265445076,1762.980170111693,False,False,True,False
67840.0,23.997038582505915,49.06817078128297,50.931829218645305,0.55,0.003099561678146523,1,0.22399020807833536,-7.397054330426069,-2.1351118966371776,1714.1958722465722,False,False,True,False
69620.0,22.688033377552205,52.83548285654188,47.1645171433917,0.55,0.004052795031055901,1,0.3329253365973072,-6.341278902540014,-3.164821764203457,1718.8961670861029,False,False,True,False
72300.0,22.194079119634118,57.886336883315145,42.11366311662556,0.6,0.00632595824244313,1,0.4938423645320197,-4.598481925884536,-4.48659672087518,1787.546440865667,False,False,True,False
76960.0,22.740338232711267,64.92085335132501,35.079146648625596,0.6,0.00986309894212819,1,0.7475177304964539,-1.7865013507769445,-5.289248381232864,1992.721695089548,False,False,True,False
81000.0,23.923665684708105,69.65346128030372,30.34653871965355,0.6,0.010920577617328519,1,1.0,0.0,-6.816409947733861,2138.955859726009,False,False,True,False
82520.0,25.24716586545828,71.22633410757642,28.773665892383068,0.6,0.011896189618961894,1,1.0,0.0,-7.685900717800191,2094.7447268884366,False,False,True,False
85100.0,26.831868426610804,73.71650086076954,26.28349913919345,0.65,0.014062029509183982,1,1.0,0.0,-8.105547498517568,2129.405817824977,False,False,True,False
85300.0,28.330311083562094,73.90503281193729,26.09496718802596,0.65,0.012757504414361387,1,1.0,0.0,-8.766859750926283,1991.5911165517643,True,False,True,False
86900.0,29.9386888523044,75.42379992295106,24.576200077014327,0.65,0.012106918238993713,1,1.0,0.0,-9.706560775259087,1963.6203225123527,True,False,True,False
89240.0,31.726991899113848,77.48746575379378,22.512534246174507,0.65,0.012598204264870927,1,1.0,0.0,-10.751042805539106,1990.5045851900418,True,False,True,False
87540.0,32.705153927656646,72.71063014933486,27.2893698506354,0.6,0.010057628979143796,1,0.9205607476635514,-0.8630518215025101,-10.001247578587911,1969.7542576764674,True,False,True,False
80980.0,31.495106703975956,57.88224639804977,42.11775360192655,0.6,0.008359757855289706,1,0.6140186915887851,-3.5950104072346214,-5.718939073978563,2297.62895355672,True,False,True,False
82760.0,30.70988705715657,60.25101582423883,39.748984175738826,0.6,0.003964527908189885,1,0.697196261682243,-2.8664253016955388,-6.599855787237259,2260.655456874097,True,False,True,False
78960.0,28.995242267135794,53.35242999842226,46.64757000155794,0.55,0.0009687034277198192,1,0.5196261682242991,-4.336439103837965,-4.690778485863635,2370.6086385259478,True,False,True,False
79380.0,27.492670096450798,53.97961593876237,46.02038406121809,0.6,0.004280634573304154,1,0.5392523364485982,-4.418989293221745,-5.171920531823423,2231.279450059809,False,False,True,False
79020.0,26.00289223705855,53.317890032469364,46.682109967511316,0.6,0.005773574251835123,1,0.5224299065420561,-4.872196302757665,-5.329858577772083,2097.616632198394,False,False,True,False
78860.0,24.575096227385703,53.00687405080917,46.993125949171635,0.6,0.005849858356940507,1,0.5149532710280373,-5.298039085396256,-5.624700454823385,1959.215444184223,False,False,True,False
78140.0,23.04110782753997,51.54962931476308,48.450370685218246,0.6,0.007220269478617458,1,0.48130841121495327,-5.933607564969742,-5.505960172899851,1870.7000553139214,False,False,True,False
77180.0,21.45360315192046,49.59197881555768,50.408021184424356,0.55,0.005992455020313403,1,0.43644859813084114,-6.679035060474183,-5.172652360267734,1805.6500513629271,False,False,True,False
75560.0,20.4368620372227,46.39038622691633,53.60961377306686,0.55,0.0048171793383633196,1,0.36074766355140186,-7.6322703695105805,-4.3070999453670815,1792.3893334084325,False,False,True,False
72620.0,20.23524430370007,41.1928931160409,58.80710688394419,0.55,0.0035229952830188706,1,0.1529051987767584,-8.867019402747095,-1.600545018546407,1874.3615238792588,False,False,True,False
71880.0,20.221474658030814,39.978765367828984,60.02123463215654,0.5,0.0016230968112611265,-1,0.0,-9.680284618651118,0.0,1793.335700745026,False,False,True,False
73420.0,19.677385369069412,43.697887693708495,56.30211230627793,0.5,0.0007745504840940498,-1,0.08870967741935484,-8.911469651454121,-0.8674881961592508,1775.2402935489529,False,False,True,False
74260.0,18.88968537623569,45.67520726529538,54.32479273469152,0.5,0.0017541580041580019,-1,0.13709677419354838,-8.768246272665927,-1.393085856404867,1708.4374154383133,False,False,True,False
74800.0,17.974037471063046,46.96469264808468,53.03530735190254,0.5,0.0038271604938271584,-1,0.16820276497695852,-8.88627633978272,-1.7969478471028768,1624.9776000498625,False,False,True,False
72900.0,17.677439921659477,43.089164110288415,56.910835889699854,0.55,0.005828889966068835,-1,0.0587557603686636,-9.935413384839844,-0.6202032835089744,1644.622057189158,False,False,True,False
70720.0,17.971601231370048,39.102150871192094,60.89784912879724,0.6,0.00844888366627497,-1,0.0,-11.005052860086918,0.0,1682.8633388185042,False,False,True,False
71000.0,18.134813328632028,39.87171470347692,60.12828529651255,0.6,0.008382180539273153,-1,0.01511879049676026,-11.524909747785367,-0.17691747419845957,1582.6588146171825,False,False,True,False
71160.0,18.220083856501482,40.3356996405936,59.66430035939596,0.6,0.009056386651323361,-1,0.023758099352051837,-12.207635173674735,-0.2970884666159781,1481.0403278588124,False,False,True,False
72680.0,17.675600719627994,44.70134002985936,55.29865997013096,0.6,0.009278350515463918,-1,0.11652794292508918,-10.014670470667774,-1.3209121212993833,1483.823161583183,False,False,True,False
73180.0,16.97041530198296,46.09849756369689,53.90150243629367,0.55,0.008201964816084078,-1,0.20431893687707642,-6.777262542689936,-1.7402991497930316,1413.5500786129558,False,False,True,False
73640.0,16.127552366653205,47.414832896312426,52.58516710367835,0.5,0.0045319832057298115,-1,0.2425249169435216,-6.778454889806734,-2.1702947673504016,1345.4393587120305,False,False,True,False
72880.0,15.626959428478155,45.44037438389474,54.55962561609644,0.55,0.005969067182213628,-1,0.24942263279445728,-4.986106935391869,-1.6569216892994518,1303.6222616611713,False,False,True,False
73960.0,14.695171940905885,48.709032698762776,51.29096730122893,0.5,0.0031661600810536984,-1,0.3741339491916859,-4.209220818158551,-2.5162131828106467,1287.6492429710877,False,False,True,False
73420.0,14.047398786536256,47.18682611013067,52.81317388986129,0.55,0.003754094230284705,-1,0.3253012048192771,-4.537184033758796,-2.187570873419419,1234.24572561601,False,False,True,False
73660.0,13.33470596470587,47.96515035954077,52.03484964045131,0.5,0.0033915464439382426,-1,0.36117936117936117,-4.470318134639102,-2.5274490991998,1163.228173786295,False,False,True,False
72880.0,13.009022120086833,45.61243392997688,54.38756607001558,0.5,0.0037915292924169397,-1,0.29110512129380056,-4.630873868022128,-1.9016516264121288,1135.8547328015597,False,False,True,False
74040.0,12.140688211900443,49.57382629725785,50.42617370273516,0.55,0.002623496288712568,1,0.5139318885448917,-2.7602469018927507,-2.918477616013991,1137.5793947443055,False,False,True,False
72880.0,11.849478299387318,45.96812528163868,54.03187471835484,0.55,0.0027856957761077995,1,0.4462809917355372,-2.3525676024742195,-1.8960992616956398,1139.1808665482838,False,False,True,False
73920.0,11.07257563148676,49.51357952560726,50.48642047438669,0.6,0.0010852302805717307,1,0.7843137254901961,-0.7773188816318878,-2.826614115025046,1132.096518937692,False,False,True,False
72800.0,10.851389872755481,46.01201249537299,53.98798750462139,0.6,0.000123932800881299,1,0.5098039215686274,-1.7679831794545087,-1.8387025066326892,1131.232481870714,False,False,True,False
73340.0,10.372831017195455,47.92421705253984,52.075782947454734,0.65,0.001015581524763498,1,0.6421568627450981,-1.340677564654771,-2.4058734379421236,1089.0015903085205,False,False,True,False
72740.0,10.20681668252431,45.97568483409789,54.02431516589691,0.6,0.00046308907654590283,1,0.4950980392156863,-1.9543240222459932,-1.9163759829790807,1054.0729052864833,False,False,True,False
72280.0,10.265981875283682,44.48243530942002,55.51756469057495,0.55,0.0013331537840021556,1,0.38235294117647056,-2.491006856489863,-1.5420518635413438,1011.6391263374488,False,False,True,False
72680.0,10.08681574978306,46.12117194086026,53.87882805913486,0.55,0.0014171122994652396,1,0.5903614457831325,-1.4050303555514343,-2.0248966888829494,967.9506173133453,False,False,True,False
72940.0,9.76463019718257,47.211890993309645,52.78810900668558,0.6,2.743484224965176e-05,1,0.6686746987951807,-1.199063357880026,-2.4199278677215075,917.3827160766779,False,False,True,False
75080.0,9.816168517627544,55.24308334170387,44.75691665829208,0.65,0.0030825791855203623,1,1.0,0.0,-4.060863093045896,1004.712522071201,False,False,True,False
75780.0,10.189263971255468,57.51975243420702,42.48024756578913,0.65,0.0033661971830985958,1,1.0,0.0,-4.7001500517417325,982.947341923258,False,False,True,False
75940.0,10.610756388527557,58.04507890653015,41.95492109346605,0.65,0.003358628442945477,1,1.0,0.0,-3.9603300922603744,924.1653889287396,False,False,True,False
75980.0,11.022030990181928,58.18430040584217,41.81569959415403,0.65,0.0022702256466703317,1,1.0,0.0,-4.297275192281185,861.0107182909726,False,False,True,False
77120.0,11.956098495191577,62.049488030156354,37.950511969840186,0.65,0.0026919923476359632,1,1.0,0.0,-5.49414047341676,880.9385241273318,False,False,True,False
79940.0,13.894664641228061,69.54801226984925,30.45198773014797,0.65,0.004277566539923949,1,1.0,0.0,-7.513907728750231,1019.4429152610938,False,False,True,False
79520.0,15.389565066176973,67.41163529525458,32.588364704742716,0.65,0.004555433589462132,1,0.9451697127937336,-0.43005222821144,-7.41328126726387,976.6255641710158,False,False,True,False
81900.0,17.5126263123987,72.55621125663893,27.443788743358787,0.65,0.0053677663601947034,1,1.0,0.0,-8.933325670952952,1076.8665953016575,False,False,True,False
81640.0,19.29504427050758,71.23323886295992,28.766761137037836,0.65,0.0055979297194225005,1,0.972972972972973,-0.25527261127228973,-9.18981400580243,1018.5189813515392,False,False,True,False
82900.0,21.30723289106432,73.73284247914945,26.26715752084851,0.65,0.0062720608199837045,1,1.0,0.0,-10.253265054945027,1035.767625540715,False,False,True,False
83400.0,23.310045943547717,74.67330781291446,25.326692187083577,0.7,0.00721734357848518,1,1.0,0.0,-11.14788633252885,997.498509430664,False,False,True,False
80780.0,23.376749623499478,62.12194873143517,37.878051268563205,0.65,0.0045515937331172315,1,0.7643884892086331,-2.3531705275592496,-7.6343318642189395,1113.3914730427593,False,False,True,False
82280.0,23.946806945275405,65.67877606418027,34.32122393581826,0.7,0.006448957189901206,1,0.8992805755395683,-0.9815896138551319,-8.764192980849392,1141.0063678254194,False,False,True,False
78560.0,22.594864024088434,52.50980302432827,47.49019697567054,0.65,0.0031385281385281406,1,0.564748201438849,-3.652223234120664,-4.738835105429291,1325.2201986950324,False,False,True,False
79140.0,21.560452762555627,54.056553181313966,45.9434468186849,0.7,0.0043543956043956,1,0.6169064748201439,-3.349082447256515,-5.393123377506971,1271.9901845025302,False,False,True,False
80500.0,21.098710933614537,57.54803357868958,42.451966421309365,0.7,0.004881374420507223,1,0.7392086330935251,-2.2686795645306677,-6.430533110497272,1278.2765998952066,False,False,True,False
82300.0,21.2626566856823,61.696975731281,38.303024268718026,0.75,0.00657135001374759,1,0.9010791366906474,-0.8361569104008194,-7.616629311105646,1315.542557045549,False,True,True,False
87240.0,22.641229297568913,70.28133662604692,29.71866337395233,0.8,0.010348644161593801,1,1.0,0.0,-9.24777731755793,1574.4323743994385,False,True,True,False
86540.0,23.589309594048785,67.95717672414305,32.04282327585622,0.75,0.009534947716015407,1,0.951048951048951,-0.4629712550827494,-8.994870098750559,1511.9729190851929,False,True,True,False
86580.0,24.478966433129116,68.02225267058621,31.977747329413067,0.75,0.009350150808884017,1,0.9457236842105263,-0.4691391735039538,-8.174394689841618,1406.8319962933936,False,True,True,False
87840.0,25.59951846014173,70.08334740565235,29.916652594346953,0.75,0.008497602557272244,1,1.0,0.0,-8.636840226854341,1396.3439965581513,False,True,True,False
87360.0,26.382109549393757,68.27789685483461,31.72210314516472,0.7,0.007640538400633412,1,0.9596638655462185,-0.36066067970677285,-8.580718671356971,1330.8908539468548,False,False,True,False
95200.0,28.521948498423733,78.16992741790635,21.830072582093187,0.7,0.012681063997893071,1,1.0,0.0,-10.702588628604154,1795.8272215220795,True,False,True,False
93520.0,29.759282770175275,72.92231415147235,27.07768584852722,0.65,0.011542511187154514,1,0.9070796460176991,-0.9398318273639217,-9.174548790933521,1787.5538485562167,True,False,True,False
99300.0,31.678732883284386,78.31579217685116,21.684207823148512,0.65,0.014380186721991706,1,1.0,0.0,-10.00613407060053,2072.728573659344,True,False,True,False
98980.0,33.32977229809686,77.39664234532924,22.603357654670425,0.6,0.011908931698774083,1,0.9845708775313404,-0.16431038087756697,-10.485056179749742,1947.5336755408196,True,False,True,False
91020.0,32.21815397361177,58.88355787765262,41.11644212234713,0.6,0.007230885311871227,1,0.600771456123433,-3.4833889275012173,-5.241911357085165,2376.9955558593324,True,False,True,False
90480.0,31.041461456592884,57.87222936767353,42.12777063232622,0.55,0.005238095238095241,1,0.5747348119575699,-3.9273632167809436,-5.307728973245901,2245.781587583666,True,False,True,False
95400.0,30.816755238650927,63.9477872027026,36.052212797297194,0.6,0.008427241548260656,1,0.8119575699132112,-1.600461465752031,-6.910710534170308,2436.797188470547,True,False,True,False
96340.0,30.756521906533614,64.98674429450413,35.01325570549565,0.6,0.008106151990349818,1,0.8572806171648988,-1.2704500047457534,-7.6312841501282085,2329.883103579794,True,False,True,False
95820.0,30.543894270968963,63.88986750431412,36.11013249568567,0.55,0.00744604316546763,1,0.8322082931533269,-1.5813827703279046,-7.843295004557366,2200.6057390383803,True,False,True,False
96420.0,30.452424177868085,64.6316564837782,35.36834351622159,0.6,0.009680614013369648,1,0.8611378977820636,-1.380449640442105,-8.560705061908331,2086.276757678496,True,False,True,False
96940.0,30.46253870423208,65.29701377348186,34.70298622651792,0.6,0.00890860476421974,1,0.8862102217936355,-1.1952999309052106,-9.309157936456684,1974.3998464157462,True,False,True,False
96560.0,30.335843380557588,64.34440208639447,35.655597913605334,0.6,0.011456211812627293,1,0.8640873015873016,-1.4727111912377622,-9.363003266920371,1860.5141431003358,True,False,True,False
93660.0,29.234062244477602,57.45545373771879,42.54454626228104,0.55,0.00917361637604246,1,0.7,-2.915085523470674,-6.801866221431572,1934.7631328788832,True,False,True,False
93700.0,28.220630144347975,57.52300642133131,42.476993578668534,0.55,0.008198757763975151,1,0.6705882352941176,-3.112108872057894,-6.335364489546428,1799.42290910182,True,False,True,False
92160.0,26.772013103609396,53.96999578700384,46.030004212996005,0.5,0.005990279465370596,-1,0.44043887147335425,-4.009225258070065,-3.155720721338062,1780.892701308833,False,False,True,False
94840.0,26.109091738095756,58.74555699320913,41.25444300679075,0.5,0.004355800091701056,-1,0.6504702194357367,-2.4171939651892504,-4.498365450912731,1845.1146512153448,False,False,True,False
92800.0,24.83572542110507,54.140981650113005,45.85901834988688,0.5,0.0036168245897850726,-1,0.4889937106918239,-3.4964376053536674,-3.345821831584586,1859.0350332713917,False,False,True,False
95980.0,24.415106723708092,59.47353182877361,40.526468171226284,0.5,0.005428505428505426,-1,0.7219430485762144,-1.6996096808595558,-4.412842002713666,1953.3896737520067,False,False,True,False
98880.0,24.61792650020492,63.62729179733177,36.37270820266812,0.5,0.006284153005464477,-1,0.964824120603015,-0.20781742893123006,-5.700135193542311,2021.004697055435,False,False,True,False
97720.0,24.421907174343936,60.936827969075516,39.063172030924406,0.5,0.005929487179487181,-1,0.8208616780045351,-0.8063263501740842,-3.694811883076183,1959.5043615514753,False,False,True,False
101060.0,24.88676228611736,65.46493936958588,34.535060630414044,0.5,0.003077731092436975,-1,1.0,0.0,-5.140635761885318,2058.111192869227,False,False,True,False
100600.0,25.160342129053014,64.35844004360821,35.64155995639172,0.5,0.003785286569717705,-1,0.9565217391304348,-0.23663033545684967,-5.205867380050693,1943.9603933785681,False,False,True,False
108620.0,26.640971806646817,72.94457880768307,27.055421192316864,0.5,0.0046928499496475375,-1,1.0,0.0,-7.628377019858522,2377.9632224229563,False,False,True,False
106160.0,27.24772403471295,67.56775149978628,32.43224850021366,0.5,0.003626995352596485,-1,0.86438809261301,-1.0319558155105362,-6.5776695882948,2383.822992249888,False,False,True,False
111400.0,28.48124601918612,72.25851590866864,27.741484091331298,0.55,0.011195341683146565,1,1.0,0.0,-8.083975547643172,2587.8356356606105,True,False,True,False
114380.0,29.94914277526856,74.5159003021701,25.48409969782986,0.6,0.013207338638373122,1,1.0,0.0,-8.494379375538161,2615.8473759705666,True,False,True,False
120360.0,31.856647664903797,78.3271056150809,21.672894384919065,0.6,0.013081761006289305,1,1.0,0.0,-9.873451786484669,2856.143991972669,True,False,True,False
124720.0,33.953261538949725,80.60462095077337,19.395379049226587,0.6,0.014729084492422672,1,1.0,0.0,-10.986777716415428,2963.562278260336,True,False,True,False
123520.0,35.5522889720708,78.1698228013223,21.830177198677664,0.6,0.014454184930077229,1,0.9631449631449631,-0.4228935474199764,-11.051618039242049,2837.5935440988833,True,False,True,False
130520.0,37.53449856101182,81.65161160862255,18.348388391377426,0.6,0.01768305330844223,1,1.0,0.0,-12.236402612080274,3134.908290948963,True,False,True,False
118820.0,36.773311847596,63.43894228659513,36.56105771340486,0.55,0.011285331132659383,1,0.6949947862356621,-3.1227475549479284,-7.115594001274511,3746.70055588118,True,False,True,False
121580.0,36.34658718155617,65.39958326151917,34.60041673848082,0.6,0.012955675227837615,1,0.7669447340980188,-2.431844468143426,-8.002781236328815,3676.2219447468105,True,False,True,False
121580.0,35.9503428488049,65.39958326151918,34.60041673848081,0.6,0.01490497544309204,1,0.7669447340980188,-2.618909427231382,-8.618379792969492,3413.6346629791815,True,False,True,False
129980.0,36.36911375273571,70.90656775191809,29.093432248081907,0.6,0.019359658484525078,1,0.9859228362877998,-0.14324353601923212,-10.03235283749511,3769.8036156235257,True,False,True,False
137940.0,37.33871444157532,74.97176169824513,25.02823830175487,0.65,0.024837239583333337,1,1.0,0.0,-11.09335301554844,4069.1033573647023,True,False,True,False
142300.0,38.51131549955562,76.87756462664974,23.12243537335026,0.65,0.025021088148460567,1,1.0,0.0,-12.103039589961057,4089.8816889815093,True,False,True,False
145000.0,39.75979598081386,77.99502111858548,22.004978881414523,0.7,0.028125,1,1.0,0.0,-12.283853465147448,3990.60442548283,True,False,True,False
143420.0,40.58978211250877,75.68980091227128,24.31019908772873,0.65,0.024713481975411546,1,0.9665820642978004,-0.4137838855037947,-11.968306055394567,3818.418395091199,True,False,True,False
156060.0,42.06532727617315,80.62370720190508,19.37629279809493,0.65,0.02891383495145631,1,1.0,0.0,-13.114440517262883,4448.531366870399,True,False,True,False
166980.0,43.87513624988618,83.7013264540778,16.298673545922195,0.7,0.035437986082685224,1,1.0,0.0,-13.517203338146652,4910.779126379657,True,False,True,False
161940.0,44.680748030732374,77.57685059086643,22.423149409133554,0.65,0.030120720364140117,1,0.9240735161193131,-1.024388330715418,-12.46745639009598,4920.00918878111,True,False,True,False
163220.0,45.4916644502753,78.01678895216665,21.983211047833336,0.7,0.031123260437375743,1,0.9381782308451168,-0.8068654754225457,-12.244612773300654,4660.008532439603,True,False,True,False
146200.0,43.800174008589515,60.90539913333709,39.09460086666291,0.65,0.017298839992634873,1,0.6583360736599803,-3.7489637133829388,-7.223701014622371,5542.865065836774,True,False,True,False
147260.0,42.310470704326505,61.47216387445366,38.52783612554635,0.7,0.01935757347400151,1,0.6451961137099677,-3.775853381351143,-6.866232365884989,5222.660418277004,True,False,True,False
160500.0,41.82534477204577,67.75935382619808,32.24064617380194,0.7,0.022037701974865355,1,0.8768060836501901,-1.1181421524581634,-7.958135196199151,5795.327531257218,True,False,True,False
166740.0,41.727168983306065,70.22544186484497,29.774558135155058,0.7,0.02288861689106487,1,0.9950166112956811,-0.04118693999223934,-8.223659018450455,5827.089850453131,True,False,True,False
168780.0,41.747548559893225,71.0062415277632,28.993758472236856,0.7,0.020114656031904286,1,1.0,0.0,-8.991136479156607,5556.583432563621,True,False,True,False
181520.0,42.38745835860643,75.35314287093908,24.646857129060955,0.7,0.022771007055805002,1,1.0,0.0,-10.330026017367707,6069.684615951934,True,False,True,False
165680.0,41.18196874405937,62.75530187747379,37.24469812252625,0.7,0.017066062176165808,1,0.7473684210526316,-2.340576214725259,-6.924204635228891,6767.564286241081,True,False,True,False
179600.0,40.78942510087483,67.84317886973791,32.15682113026211,0.7,0.01880171621207478,1,0.969377990430622,-0.26379233585877887,-8.350676132029468,7278.452551509576,True,False,True,False
166280.0,39.22892235312896,59.47119331621628,40.52880668378374,0.7,0.01997138528867194,1,0.7457457457457457,-1.9766558359592696,-5.797671644841165,7709.991654973178,True,False,True,False
164820.0,37.65790547607864,58.61734303721224,41.38265696278778,0.65,0.0177825300213851,1,0.721388054721388,-2.299146911434304,-5.95300074553409,7263.5636796179515,True,False,True,False
148200.0,34.99030569695394,49.84424571583359,50.15575428416644,0.65,0.010947524263859188,1,0.35351183546759796,-4.200769256350258,-2.297059299240747,7931.88055964524,True,False,True,False
132440.0,33.45727635720346,43.23605252977637,56.76394747022365,0.6,0.0009462994306816408,1,0.0,-5.780216150306862,0.0,8491.03194824201,True,False,True,False
148100.0,31.108695221453598,50.288570228352675,49.71142977164734,0.6,0.0036827606205596664,1,0.31907090464547677,-3.712054285308089,-1.739400661517794,9003.101094796151,True,False,True,False
147220.0,28.899033649794163,49.91328339088926,50.08671660911075,0.55,0.001728742094167257,1,0.30114099429502855,-4.072241522811877,-1.7547443063311823,8422.879588024998,True,False,True,False
132780.0,27.677978844510278,44.09786681209013,55.90213318790988,0.5,0.004213793103448276,-1,0.0069274653626731865,-5.505681168552773,-0.03840647511916173,8852.673903166069,False,False,True,False
132920.0,26.534439093712543,44.16578883332903,55.834211166670976,0.55,0.0036605773253381656,1,0.009779951100244499,-5.904980801205148,-0.058320798036594054,8230.340052939922,False,False,True,False
137000.0,25.179593686162793,46.216698305991976,53.78330169400803,0.55,0.00610662565679867,1,0.09290953545232274,-5.611372952819799,-0.5747497903157746,7933.8871920156425,False,False,True,False
137340.0,23.896278281769217,46.39341098767362,53.60658901232636,0.55,0.008875314408911244,1,0.09983700081499593,-5.977162845055231,-0.6629266170387196,7391.46667830024,False,False,True,False
150260.0,22.581827632548137,52.74698459633704,47.25301540366295,0.6,0.0036062739286155387,1,0.363080684596577,-4.014711920532871,-2.2886169681348614,7786.361915564509,False,False,True,False
149420.0,21.299249164706612,52.31286454138338,47.687135458616616,0.55,0.004227423109913003,1,0.34596577017114916,-4.40317548344442,-2.3291563772238706,7290.1932073099015,False,False,True,False
152640.0,20.332138124191253,53.879847298745794,46.12015270125419,0.6,0.0022024623803009622,1,0.41157294213528933,-4.126029560894617,-2.885934803672828,6999.46512107348,False,False,True,False
164120.0,20.172222982245298,59.04666306847394,40.95333693152606,0.6,0.005724568789895424,1,0.6454767726161369,-2.377210477724919,-4.328162524961232,7319.503326711088,False,False,True,False
166480.0,20.165322221298997,60.037806164498534,39.96219383550146,0.6,0.0018629283489096538,1,0.6935615321923391,-2.1592898072232716,-4.887116026454798,6965.253089088868,False,False,True,False
173660.0,20.578340446317398,62.97378868577829,37.0262113142217,0.6,0.0020750869617368385,1,0.8398533007334963,-1.1259789751966442,-5.904943175267897,6980.59215415395,False,False,True,False
176040.0,21.097036399167806,63.920041893111524,36.07995810688846,0.6,0.002150728759331677,1,0.8883455582722086,-0.8238150587240288,-6.55444097816928,6651.97842885724,False,False,True,False
172020.0,21.17304614151675,61.08058639602649,38.91941360397349,0.55,0.0026167915381225203,1,0.8392705682782019,-1.1726521486122012,-6.123162538531784,6463.979969653152,False,False,True,False
150860.0,19.832995606051817,48.79383067749615,51.20616932250383,0.55,0.004472477064220182,1,0.3905852417302799,-3.825015172379533,-2.4515232941973206,7513.695686106498,False,False,True,False
153060.0,18.42753278290769,49.921741958982956,50.078258041017016,0.55,0.0073886414253897525,1,0.47293577981651375,-3.22112836190177,-2.8903249269980202,7134.145994241749,False,False,True,False
155860.0,17.309756216154202,51.38933042417942,48.61066957582056,0.6,0.0031332691845080583,1,0.5371559633027523,-2.9569653963809426,-3.4317209902498353,6824.564137510195,False,False,True,False
156160.0,16.29522377591844,51.553151026426754,48.44684897357323,0.65,0.0026271083606358436,1,0.5440366972477064,-3.126511827913354,-3.7304255813935994,6358.5238419737525,False,False,True,False
161060.0,15.740463564241805,54.264290406222756,45.73570959377723,0.7,0.004338731443994603,1,0.6564220183486239,-2.3951354507816287,-4.576019799824447,6254.343567547056,False,False,True,False
163000.0,15.377591703818196,55.33012875915563,44.669871240844365,0.75,0.011537299909392928,1,0.6985668053629218,-2.1930059970449522,-5.0822577630903725,5946.1761698651235,False,True,True,False
155040.0,14.30268422396401,50.164443492929784,49.835556507070216,0.7,0.0023430114787305833,1,0.5145631067961165,-3.448264124857078,-3.655159972348503,6090.020729160472,False,False,True,False
156980.0,13.474837228563581,51.356413144179,48.64358685582099,0.75,0.0033147670153511723,1,0.559408229311142,-3.289842355520756,-4.177029643420897,5793.590677077581,False,True,True,False
152080.0,12.766730343245305,48.219329582946145,51.78067041705384,0.75,0.0072676607922879995,1,0.44434137291280146,-4.181673998594927,-3.34394298051247,5729.76277157204,False,True,True,False
159620.0,12.28040146440046,52.979063019708725,47.020936980291246,0.75,0.010043635269334938,1,0.579405737704918,-2.802494731298953,-3.8606839721061097,5859.065430745466,False,True,True,False
155320.0,11.424372051828342,50.14799484419539,49.85200515580459,0.7,0.006686131386861316,1,0.46459948320413436,-3.604917962119815,-3.128205837785438,5747.703614263647,False,False,True,False
150120.0,11.053328577023816,46.885118297717504,53.11488170228248,0.65,0.0046526867627785014,1,0.02629601803155522,-4.540532189788982,-0.12262239710078268,5708.581927530529,False,False,True,False
142600.0,11.325049657641813,42.57128814716211,57.42871185283789,0.6,0.00254891521362971,1,0.0,-5.7280195193664225,0.0,5837.96893270692,False,False,True,False
143860.0,11.443380413446832,43.50915988054397,56.49084011945604,0.65,0.001860527372507026,1,0.037679425837320576,-5.8392611961856336,-0.2286348386325015,5510.971151799283,False,False,True,False
149040.0,11.009106495155,47.31822722131941,52.681772778680596,0.65,0.0011792452830188705,1,0.19258373205741627,-4.9204254623026635,-1.173612591749228,5487.330355242191,False,False,True,False
152940.0,10.229757732104249,50.04911190622225,49.95088809377777,0.65,0.003406044357786986,1,0.3092105263157895,-4.298514435829543,-1.924096937942748,5373.949615582034,False,False,True,False
159120.0,10.086017799434542,54.10869933736419,45.891300662635835,0.65,0.00221047573282076,1,0.49401913875598086,-3.1151474239705403,-3.041503276831757,5431.52464304046,False,False,True,False
157200.0,9.747922365831178,52.67634086449373,47.3236591355063,0.6,0.00473914545663941,1,0.4366028708133971,-3.6365731873118867,-2.818151196112184,5180.701454251856,False,False,True,False
168440.0,10.400882414197149,59.44468152147739,40.55531847852262,0.6,0.0021586003181095215,1,0.8783140720598233,-0.6377473204708042,-4.603181776806028,5613.508493233867,False,False,True,False
171620.0,11.24912425217682,61.138134072956284,38.86186592704374,0.65,0.0001162655505173804,1,1.0,0.0,-5.33486630599926,5439.686458002876,False,False,True,False
157200.0,10.557442338959495,50.782788733567145,49.21721126643288,0.65,0.002101285960493171,1,0.5031013094417643,-2.3712669179345442,-2.400866643678526,6081.137425288385,False,False,True,False
158620.0,10.039230760576984,51.65124012080218,48.34875987919784,0.65,0.0018162811969162473,1,0.5520330806340454,-2.2615779158976936,-2.7869598625139274,5748.199037767787,False,False,True,False
159140.0,9.605765657675756,51.9853596599799,48.01464034002013,0.65,0.0010522263569870405,1,0.5699517574086836,-2.3219657638419986,-3.0773488568867515,5374.756249355802,False,False,True,False
157860.0,9.069662211736375,51.05015870726224,48.949841292737794,0.6,0.0005443135245901676,1,0.5258442453480359,-2.707449641679795,-3.0025931345954704,5082.273660116101,False,False,True,False
160860.0,8.875581965892978,53.176269384964414,46.8237306150356,0.6,6.208866261020463e-05,1,0.6292212267401792,-2.1809897916637007,-3.7011964308344956,4933.539827250666,False,False,True,False
159620.0,8.551278175686003,52.167664451497664,47.83233554850236,0.55,0.0010368098159509176,1,0.5864920744314266,-2.569749669236412,-3.644761614200311,4669.715553875619,False,False,True,False
153560.0,8.307229689845222,47.432700313042474,52.56729968695755,0.55,0.00047729618163054876,1,0.37767057201929705,-3.7869402927417095,-2.298165316082455,4769.021585741646,False,False,True,False
157600.0,7.806518952691085,50.64863968484366,49.35136031515636,0.55,0.00019747738565422112,1,0.5168849069607168,-2.9722604894254525,-3.1800219216392147,4716.948615331528,False,False,True,False
166500.0,8.235142520244088,56.90362444921658,43.09637555078345,0.6,0.004740925828511311,1,0.8235699517574087,-1.020786970940332,-4.765001680756629,5015.737999950705,False,False,True,False
166840.0,8.66508642950949,57.12717862497987,42.87282137502015,0.6,0.002261621350707932,1,0.8352860096485183,-1.0209842782862348,-5.177543704112622,4681.75671423994,False,False,True,False
168660.0,9.242150771109511,58.371993605954906,41.62800639404512,0.65,0.004294360030903943,1,0.8980013783597519,-0.6611060027724331,-5.820412983868111,4477.345520365659,False,False,True,False
176000.0,10.443944978486266,63.03363483719207,36.96636516280796,0.7,0.008619770849986674,1,1.0,0.0,-7.133976531570509,4681.82084033954,False,False,True,False
177560.0,11.691869412461362,63.95744352706881,36.04255647293121,0.75,0.012258064516129031,1,1.0,0.0,-7.558030359529497,4458.833637458145,False,True,True,False
180200.0,13.074948594146765,65.52748897802853,34.472511021971506,0.75,0.012630335047963293,1,1.0,0.0,-7.1981052920654065,4328.916949068277,False,True,True,False
174260.0,13.465498040502347,59.271320421562464,40.72867957843756,0.7,0.008460815888352125,1,0.7820983125458547,-1.3366353748102973,-4.797485890733255,4443.994309849115,False,False,True,False
175240.0,13.925203492987372,59.95068718764636,40.04931281235366,0.7,0.007290440695697664,1,0.8138138138138138,-1.1819186994288626,-5.1661285087939,4196.566144859892,False,False,True,False
177960.0,14.623778139159246,61.85262426969681,38.14737573030322,0.7,0.005920060331825039,1,0.9159159159159159,-0.5475303876564594,-5.9641702941150045,4091.097134512757,False,False,True,False
177900.0,15.262497366684812,61.78292366225861,38.217076337741425,0.7,0.006583969465648853,1,0.9136636636636637,-0.60475999361653,-6.3999383672288435,3803.161624904703,False,False,True,False
180560.0,16.134330492527145,63.734080564238766,36.26591943576128,0.7,0.0035977202564711486,1,1.0,0.0,-7.255124975230322,3721.5072231257955,False,False,True,False
178620.0,16.592864630183662,61.276904209859204,38.72309579014084,0.65,0.002039389348560772,1,0.9281481481481482,-0.5397499839452614,-6.972234328694975,3594.2567071882386,False,False,True,False
183880.0,17.578374170434834,65.19499909685005,34.80500090314998,0.7,0.008486005089058524,1,1.0,0.0,-8.16537937265716,3713.2383709605074,False,False,True,False
189080.0,18.977016050029473,68.57968024237991,31.420319757620117,0.7,0.00960156348505863,1,1.0,0.0,-9.299803279666275,3819.4356301776143,False,False,True,False
199400.0,21.048148993969697,73.98643863259632,26.01356136740371,0.7,0.012649239663189649,1,1.0,0.0,-10.700875462910918,4283.761656593499,False,False,True,False
199060.0,22.907205061392478,73.53746696894434,26.46253303105568,0.7,0.013049537564930946,1,0.9925828970331588,-0.08495615422632817,-11.369132403817446,4002.064395408249,False,False,True,False
196560.0,24.151811690615,70.1658489352539,29.83415106474611,0.65,0.011096605744125332,1,0.9380453752181501,-0.7291822171473188,-11.040434977934757,3894.774081450517,False,False,True,False
205020.0,25.917696281564666,74.43709798195516,25.56290201804486,0.7,0.014221275529382283,1,1.0,0.0,-12.191823448141069,4220.861647061194,False,False,True,False
205260.0,27.573349420708823,74.54842011479144,25.45157988520858,0.75,0.016833810888252154,1,1.0,0.0,-12.107157581529146,3936.5143865568234,False,True,True,False
201960.0,28.465593257650564,70.03238156894662,29.967618431053424,0.7,0.014073604060913703,1,0.9148606811145511,-0.8481003292152013,-9.11322353756698,3891.049073231336,True,False,True,False
191760.0,27.615245948685892,58.28036546607258,41.71963453392744,0.65,0.007585585585585586,1,0.648620510150963,-3.109389407544638,-5.739702521186103,4341.688425143384,False,False,True,False
188800.0,26.410764668917864,55.376254015966744,44.62374598403327,0.6,0.00658115559817789,1,0.5502732240437158,-3.87933395848878,-4.746645560386636,4242.996394776,False,False,True,False
192180.0,25.66039565862952,57.95279926244052,42.0472007375595,0.6,0.006972607612949133,1,0.5780645161290323,-3.1281734674483475,-4.2856933132014055,4181.353795149143,False,False,True,False
184400.0,23.927047586282274,50.69676132288405,49.303238677115964,0.55,0.002386363636363631,1,0.3270967741935484,-4.699891903071823,-2.284607089987933,4438.39995263849,False,False,True,False
183100.0,22.278015775657558,49.5796988812319,50.42030111876812,0.5,0.0015600360441540896,-1,0.28516129032258064,-5.258376439639528,-2.0976555833219055,4214.228527450026,False,False,True,False
177600.0,21.39296082974068,45.05637673358938,54.943623266410654,0.55,0.000721420643729187,-1,0.10774193548387097,-6.423491535220621,-0.7756493755472479,4306.069346917881,False,False,True,False
184460.0,20.015530005688383,51.05446464650429,48.94553535349574,0.5,0.0029266613106851856,-1,0.30712858094603596,-4.634072095515105,-2.054141573108138,4488.4929649951755,False,False,True,False
181200.0,18.821133183249426,48.35301275422852,51.6469872457715,0.55,0.0017005249942935396,-1,0.1301518438177874,-5.467258016221663,-0.8180435934496254,4400.74346749552,False,False,True,False
175960.0,18.29164814499275,44.29582867617203,55.704171323828,0.6,0.0005619240278714299,-1,0.0,-6.5684899909603125,0.0,4460.6903626744115,False,False,True,False
173000.0,18.10730295216735,42.14459227728145,57.85540772271858,0.6,0.001377178189994377,-1,0.0,-7.410132854795537,0.0,4353.498193911953,False,False,True,False
178860.0,17.160640975817604,47.572982358364555,52.427017641635466,0.6,0.0004707576428887916,-1,0.18164910105393675,-5.9178157079080425,-1.3135757594068609,4461.105465775386,False,False,True,False
179740.0,16.169650442703507,48.35661324388988,51.64338675611013,0.55,0.0003135147239950786,-1,0.20892746435213888,-6.0685149343802935,-1.6027347436411905,4205.312218220001,False,False,True,False
178900.0,15.3539827242204,47.62484880803001,52.375151191970005,0.6,0.0013541440069610611,-1,0.18288902665840048,-6.648284221222359,-1.4880454061157784,3964.93277406143,False,False,True,False
172980.0,15.297484103713675,42.71849898143688,57.28150101856314,0.65,0.004257457160990058,-1,0.0,-7.864384807769072,0.0,4104.580433057042,False,False,True,False
166760.0,15.882126287745812,38.258762659918204,61.7412373400818,0.7,0.008184553660982946,-1,0.0,-9.04672894536034,0.0,4255.681830695825,False,False,True,False
160740.0,16.961370615928672,34.50422655884708,65.49577344115295,0.7,0.009625238621521148,-1,0.0,-10.160429444773511,0.0,4381.704557074694,False,False,True,False
164360.0,17.404439496921576,38.41783252508533,61.582167474914684,0.65,0.00819088319088319,-1,0.08131176999101528,-9.451627462021946,-0.836549912286539,4327.2970887122165,False,False,True,False
163340.0,17.913600286395702,37.73365472522035,62.266345274779674,0.7,0.010164861964686373,-1,0.05840071877807727,-10.24672915719288,-0.635531865665589,4091.0615823756293,False,False,True,False
168460.0,17.605253250837183,43.2016291057118,56.79837089428823,0.7,0.008964240475494495,-1,0.18728772440562833,-8.044072520277826,-1.8537385031804423,4164.5571836345125,False,False,True,False
167400.0,17.43744641384327,42.37202123353882,57.627978766461226,0.7,0.008556149732620321,-1,0.21183206106870228,-6.284868753837674,-1.6891535875931765,3942.8030990891903,False,False,True,False
174600.0,16.267631561689413,49.46998075815537,50.53001924184468,0.65,0.004474342928660824,-1,0.44083969465648853,-4.210314531414468,-3.319394732958165,4175.460020582819,False,False,True,False
175300.0,15.121845388235476,50.11331256666716,49.886687433332874,0.6,0.0035752118644067797,-1,0.4631043256997455,-4.29821365224662,-3.707463908572914,3927.2128762554753,False,False,True,False
174440.0,14.144122320372073,49.2831387809261,50.71686121907393,0.65,0.004615464668539909,-1,0.5775716694772344,-2.702173374214634,-3.6945883459820843,3708.1262422372274,False,False,True,False
169980.0,13.832458347810013,45.10958664774841,54.89041335225162,0.65,0.00390997830802603,-1,0.38954468802698144,-3.849188874889944,-2.4562503593910967,3761.831510648854,False,False,True,False
171300.0,13.336963325291816,46.5522359837224,53.447764016277645,0.6,0.003222282905516111,-1,0.4451939291736931,-3.668379625646826,-2.9436237725555077,3587.4149741739357,False,False,True,False
160500.0,14.12734754233444,37.79882881805574,62.2011711819443,0.6,0.004814189189189189,-1,0.0,-5.840199440803723,0.0,4102.599618875797,False,False,True,False
161740.0,14.659374938338356,39.212134456805394,60.78786554319465,0.6,0.006158516751599263,-1,0.05990338164251208,-4.9921395382789475,-0.318101388872862,3898.128217527526,False,False,True,False
157220.0,15.612129057601624,36.00103369598796,63.998966304012086,0.6,0.0066169977924944836,-1,0.0,-5.712042595359584,0.0,3942.547630561274,False,False,True,False
162740.0,15.607891782333887,42.22359639807336,57.77640360192668,0.55,0.0037565355762673334,-1,0.24511545293072823,-4.192124783084547,-1.3612075766251,4055.2227998068975,False,False,True,False
150840.0,16.71479670288078,34.447719665004826,65.55228033499522,0.55,0.00640462427745665,-1,0.0,-6.261423267497737,0.0,4615.564028392119,False,False,True,False
150220.0,17.79296635534988,34.095414081275905,65.90458591872411,0.6,0.008006261880800624,-1,0.0,-6.817289666186959,0.0,4330.166597792683,False,False,True,False
153920.0,18.213460053422846,38.16006093581428,61.83993906418573,0.6,0.007182597084677866,-1,0.1290097629009763,-5.829427817844778,-0.8634460739001472,4285.154697950349,False,False,True,False
163360.0,17.323804885932372,47.12085614572189,52.87914385427812,0.55,0.004343208496366685,-1,0.5239234449760766,-2.5658890138763297,-2.823767306728222,4653.3579338110385,False,False,True,False
164560.0,16.35076088128551,48.14940558956186,51.85059441043815,0.5,0.0024338073765753252,-1,0.5717703349282297,-2.437203704891718,-3.2541434942408975,4406.689509967393,False,False,True,False
164040.0,15.509095142859135,47.71627972834189,52.28372027165814,0.5,0.0008155432957543784,-1,0.55103668261563,-2.7270070957220414,-3.3470016041632866,4129.0688306840075,False,False,True,False
168780.0,14.6810963106066,51.958555745661826,48.04144425433818,0.55,0.00250093318402389,1,0.7400318979266348,-1.5625349101373494,-4.4479521368327,4172.706771349436,False,False,True,False
164560.0,13.888417639624132,48.20820254157398,51.79179745842603,0.5,6.084205402774323e-05,-1,0.5717703349282297,-2.57178682003325,-3.4338382680890884,4176.08485911019,False,False,True,False
163360.0,13.301293760400418,47.16565833475395,52.83434166524607,0.5,6.122199093916425e-06,-1,0.5239234449760766,-3.0124833607888735,-3.3152455076018255,3963.5073691737484,False,False,True,False
158440.0,13.343411224283612,43.05453087261745,56.94546912738257,0.55,0.0029739997625549074,-1,0.3277511961722488,-4.181725724703924,-2.0387773106207745,4031.828271375624,False,False,True,False
153020.0,13.958939743049541,39.0195947564967,60.980405243503306,0.55,0.004295101553166069,-1,0.11164274322169059,-5.393388902938331,-0.6778047095254636,4130.983394848794,False,False,True,False
151600.0,14.674097797496644,38.01442374734551,61.98557625265449,0.6,0.006586483390607101,-1,0.05502392344497608,-6.019289577232309,-0.3504902791806154,3937.3417237881663,False,False,True,False
152240.0,15.228820421616401,38.77989273241338,61.22010726758663,0.6,0.006577296063890475,-1,0.08340214698596202,-5.997054449544849,-0.5456779273910177,3701.8173149461545,False,False,True,False
153180.0,15.576362348877625,39.95279629836324,60.04720370163677,0.55,0.00609378582893832,-1,0.14041745730550284,-5.170429203150571,-0.8446175740245967,3504.544649592858,False,False,True,False
149240.0,16.353385600902552,36.772656061386705,63.22734393861329,0.55,0.0061007177314978235,-1,0.0,-6.239307826031012,0.0,3535.6486031933687,False,False,True,False
151660.0,16.623128655172913,39.93510581965621,60.0648941803438,0.55,0.005732632807939286,-1,0.12384851586489252,-4.953761874211464,-0.7002397041817607,3455.959417250985,False,False,True,False
150140.0,17.06030176219868,38.62822392323317,61.37177607676684,0.55,0.0032274143302180704,-1,0.04605936540429888,-5.618389685800903,-0.2712741801084127,3317.6766017330574,False,False,True,False
143900.0,18.163725327854113,33.74588415931264,66.25411584068738,0.6,0.005515024112773587,-1,0.0,-7.055325917330314,0.0,3526.4139873235536,False,False,True,False
141620.0,19.416735753586924,32.147064355943286,67.85293564405674,0.6,0.0049612008650298965,-1,0.0,-7.90135658591274,0.0,3437.3844168004425,False,False,True,False
143300.0,20.22902459475732,34.6056102350138,65.39438976498623,0.6,0.005972717217647782,-1,0.061855670103092786,-7.693568991538486,-0.5072682851563837,3311.856958457554,False,False,True,False
145000.0,20.6284319022958,37.089636549851996,62.910363450148026,0.55,0.0019358260408379735,-1,0.12444771723122239,-7.438864797279257,-1.0573323387217783,3196.724318567729,False,False,True,False
144280.0,21.08954585914277,36.45798635092331,63.542013649076694,0.55,0.0019771002529623215,-1,0.0979381443298969,-8.113078596217163,-0.8808485333035777,3019.8154386700344,False,False,True,False
147220.0,20.88527848025355,40.88509872265316,59.11490127734684,0.55,0.002176455301455299,-1,0.20618556701030927,-7.153013322404658,-1.8579255382869242,3014.114335907889,False,False,True,False
143480.0,21.204514720621805,37.32270707729546,62.67729292270455,0.6,0.0060847208619001,-1,0.06848306332842416,-8.251892611266118,-0.6066608797215408,3065.9633119144682,False,False,True,False
147900.0,20.607126161919233,43.57946255060712,56.420537449392896,0.6,0.0050619834710743826,-1,0.23122238586156113,-6.601995320235712,-1.985657596316105,3162.680218206292,False,False,True,False
141060.0,20.940396956262653,37.36354135863646,62.63645864136356,0.6,0.007004389173372349,-1,0.0,-8.092613322113705,0.0,3425.3459169058424,False,False,True,False
137760.0,21.61813420121258,34.7856408072192,65.2143591927808,0.65,0.009189477426235337,-1,0.0,-7.844531600014946,0.0,3416.392637126854,False,False,True,False
138900.0,22.014313444192464,36.41767819853454,63.58232180146547,0.6,0.00779654837141468,-1,0.04453125,-7.517380108174829,-0.35036031575303783,3253.7931630463645,False,False,True,False
139380.0,22.280277366490257,37.13109582181923,62.86890417818078,0.55,0.007339618021547501,-1,0.07833655705996131,-6.237594599267076,-0.5301628148380201,3055.6650799716244,False,False,True,False
143220.0,21.73557265104866,42.67279432484606,57.327205675153955,0.5,0.004803080030295381,-1,0.3540856031128405,-3.200834013598113,-1.7546740676953512,3111.689002830794,False,False,True,False
141460.0,21.48394888813437,40.893580014875695,59.10641998512431,0.5,0.0037772840151614195,-1,0.23994811932555124,-3.8870502937581235,-1.2271404511011141,3015.1397883428804,False,False,True,False
140000.0,21.460084284096855,39.42507778419545,60.574922215804555,0.5,0.0038258575197889166,-1,0.14526588845654995,-4.538476262723218,-0.7713343572458276,2904.0583748898175,False,False,True,False
146360.0,20.190288802803106,48.158526227007826,51.84147377299218,0.5,0.0019311613242249059,-1,0.5577172503242542,-2.164453152287685,-2.7293690776648227,3150.9113481119734,False,False,True,False
145860.0,19.09415830144583,47.5777691080994,52.42223089190061,0.55,0.002389345867606735,-1,0.5827338129496403,-1.9584269598730968,-2.73504454740898,2961.5605375325467,False,False,True,False
149700.0,18.063452501370275,52.33213855019403,47.66786144980599,0.5,0.00015411417850442756,-1,0.8589928057553957,-0.6480825226297314,-3.948012918468874,3024.306213423079,False,False,True,False
152120.0,17.50121875174399,55.096090003301164,44.903909996698864,0.5,0.0001516550178029763,-1,1.0,0.0,-4.816946823083454,2981.141483892859,False,False,True,False
155240.0,17.457100161200646,58.4417792420686,41.55822075793142,0.55,0.0016984148128413533,1,1.0,0.0,-5.844082130122765,2991.0599493290833,False,False,True,False
153500.0,17.058535530951957,55.93859766885952,44.06140233114051,0.55,0.0033356497567755385,1,0.9004576659038902,-0.5996487868682284,-5.42440914098041,2901.698524377006,False,False,True,False
155400.0,16.99027966698278,58.05147671769173,41.948523282308294,0.6,0.004865132043496678,1,1.0,0.0,-6.2328882004262995,2830.1486297786487,False,False,True,False
150660.0,15.980419230789094,51.42611678013561,48.57388321986443,0.55,0.002568039078855544,1,0.7312925170068028,-1.597806711737237,-4.348461304095012,2966.5665847944592,False,False,True,False
152160.0,15.302484376782038,53.244665637345165,46.755334362654864,0.55,0.002468965517241384,1,0.8163265306122449,-1.1321499084826618,-5.031777371034052,2861.8118287377124,False,False,True,False
158680.0,15.66898704305096,60.21676085227348,39.78323914772655,0.6,0.004990296645411696,1,1.0,0.0,-6.698449113184947,3123.1109838278758,False,False,True,False
158860.0,16.034396442060604,60.39235931459299,39.607640685407034,0.6,0.003953267219127832,1,1.0,0.0,-7.243668282928941,2912.8887706973132,False,False,True,False
150280.0,14.99816634094653,49.23641248676824,50.76358751323178,0.6,0.0023696682464455,1,0.5933649289099526,-2.586142640594056,-3.773718631729322,3317.6824299332193,False,False,True,False
152160.0,14.120688349782831,51.35673723232739,48.643262767672645,0.6,0.0014401622718052786,1,0.6824644549763034,-2.083987282973033,-4.479017444001743,3214.990827795132,False,False,True,False
152020.0,13.281393792583735,51.18528227449775,48.814717725502284,0.6,0.003884871685807456,1,0.6758293838862559,-2.2835405338338095,-4.760714621706159,2995.3486258097655,False,False,True,False
159600.0,13.6383321095578,59.139265115110334,40.86073488488969,0.65,0.00792682926829268,1,1.0,0.0,-6.229641329059709,3322.823723966211,False,False,True,False
161000.0,14.153020351426632,60.421983747860736,39.578016252139285,0.65,0.007955363570914331,1,1.0,0.0,-6.787047985844997,3185.479172254339,False,False,True,False
157860.0,14.022576399162183,56.16340250986219,43.836597490137834,0.6,0.006629358588032719,1,0.8504761904761905,-0.9867292272424039,-5.612415286162208,3182.2306599504577,False,False,True,False
154780.0,13.3454891554143,52.27167749334592,47.728322506654095,0.55,0.0040357491970395174,1,0.7038095238095238,-1.9590992549479784,-4.655222988445518,3174.9284699539967,False,False,True,False
149880.0,12.860154446661051,46.72459838356561,53.2754016164344,0.55,0.0029761063198077142,1,0.4704761904761905,-3.3715892844434445,-2.9956206951709743,3298.1478649572828,False,False,True,False
141940.0,13.452447884042321,39.42386871500058,60.576131284999434,0.55,0.0006928571428571395,1,0.0,-5.251110050042861,0.0,3629.708731746048,False,False,True,False
142200.0,13.955013147820372,39.7558192115325,60.24418078846752,0.55,0.0014211533205793936,1,0.013641133263378805,-5.547334139310326,-0.07671845086280238,3389.015250907045,False,False,True,False
