date,f_stock_pct20,f_wh_basis,f_wh_basis_x_stockpct,f_oprate_pct20,f_prod_pct20,f_cell_pct20,close,target_fwd,combo_signal,combo_abs,q_med,q_strong,ret20,q_ret20,signal_dir,open_trigger,position_size,position
2023-07-21,,72900.0,,,,,215100.0,-0.0942647014027719,0.0,0.0,,,,,0.0,False,0.0,0.0
2023-07-24,,74100.0,,,,,211400.0,-0.0497011750403399,0.0,0.0,,,,,0.0,False,0.0,0.0
2023-07-25,,58100.0,,,,,225900.0,-0.1303113879482073,0.0,0.0,,,,,0.0,False,0.0,0.0
2023-07-26,,54200.0,,,,,227800.0,-0.1301506844650451,0.0,0.0,,,,,0.0,False,0.0,0.0
2023-07-27,,55600.0,,,,,224900.0,-0.1200922806138543,0.0,0.0,,,,,0.0,False,0.0,0.0
2023-07-28,,50600.0,,,,,227900.0,-0.1597609470038817,0.0,0.0,,,,,0.0,False,0.0,0.0
2023-07-31,,49450.0,,,,,228050.0,-0.2065100211102196,0.0,0.0,,,,,0.0,False,0.0,0.0
2023-08-01,,45600.0,,,,,228400.0,-0.2034718518565877,0.0,0.0,,,,,0.0,False,0.0,0.0
2023-08-02,,40450.0,,,,,228550.0,-0.2054708411295483,0.0,0.0,,,,,0.0,False,0.0,0.0
2023-08-03,,36350.0,,,,,229650.0,-0.2062502548403095,0.0,0.0,,,,,0.0,False,0.0,0.0
2023-08-04,,33550.0,,,,,228950.0,-0.2037328150901777,0.0,0.0,,,,,0.0,False,0.0,0.0
2023-08-07,,36700.0,,,,,219800.0,-0.1462204241512808,0.0,0.0,,,,,0.0,False,0.0,0.0
2023-08-08,,36000.0,,,,,217000.0,-0.1305076606158465,0.0,0.0,,,,,0.0,False,0.0,0.0
2023-08-09,,31200.0,,,,,217800.0,-0.1336625831789909,0.0,0.0,,,,,0.0,False,0.0,0.0
2023-08-10,,36500.0,,,,,210500.0,-0.1307527659172419,0.0,0.0,,,,,0.0,False,0.0,0.0
2023-08-11,,35200.0,,,,,208800.0,-0.1680559796351322,0.0,0.0,,,,,0.0,False,0.0,0.0
2023-08-14,,42750.0,,,,,196750.0,-0.0965053028280938,0.0,0.0,,,,,0.0,False,0.0,0.0
2023-08-15,,39500.0,,,,,194500.0,-0.0900540943751507,0.0,0.0,,,,,0.0,False,0.0,0.0
2023-08-16,,33750.0,,,,,196250.0,-0.1086213110614562,0.0,0.0,,,,,0.0,False,0.0,0.0
2023-08-17,,32500.0,,,,,194000.0,-0.1370722638366106,0.0,0.0,,,,,0.0,False,0.0,0.0
2023-08-18,,29250.0,,,,,195750.0,-0.1404518354690964,0.0,0.0,,,-0.09426470140277193,,0.0,False,0.0,0.0
2023-08-21,,23850.0,,,,,201150.0,-0.1851592855296896,0.0,0.0,,,-0.04970117504033999,,0.0,False,0.0,0.0
2023-08-22,,26700.0,,,,,198300.0,-0.2183642691696356,0.0,0.0,,,-0.1303113879482073,,0.0,False,0.0,0.0
2023-08-23,,25000.0,,,,,200000.0,-0.2603912122158772,0.0,0.0,,,-0.13015068446504513,,0.0,False,0.0,0.0
2023-08-24,,25550.0,,,,,199450.0,-0.2207023119558886,0.0,0.0,,,-0.12009228061385431,,0.0,False,0.0,0.0
2023-08-25,,28750.0,,-0.0913603226306809,-0.034124771700471,,194250.0,-0.2183289055186692,0.0,0.0,,,-0.15976094700388174,,0.0,False,0.0,0.0
2023-08-28,,34500.0,,-0.0913603226306809,-0.034124771700471,,185500.0,-0.1557242442746888,0.0,0.0,,,-0.2065100211102196,,0.0,False,0.0,0.0
2023-08-29,,28150.0,,-0.0913603226306809,-0.034124771700471,,186350.0,-0.2230094041545747,0.0,0.0,,,-0.20347185185658778,,0.0,False,0.0,0.0
2023-08-30,,24400.0,,-0.0913603226306809,-0.034124771700471,,186100.0,-0.2260359624384362,0.0,0.0,,,-0.20547084112954836,,0.0,False,0.0,0.0
2023-08-31,,21150.0,,-0.0913603226306809,-0.034124771700471,,186850.0,-0.2196708618352371,0.0,0.0,,,-0.2062502548403095,,0.0,False,0.0,0.0
2023-09-01,,18750.0,,-0.0517327143094015,-0.0517108061086409,,186750.0,-0.2065484144111995,0.0,0.0,,,-0.20373281509017777,,0.0,False,0.0,0.0
2023-09-04,,15600.0,,-0.0517327143094015,-0.0517108061086409,,189900.0,-0.223275208216513,0.0,0.0,,,-0.1462204241512808,,0.0,False,0.0,0.0
2023-09-05,,12550.0,,-0.0517327143094015,-0.0517108061086409,,190450.0,-0.2001749168608822,0.0,0.0,,,-0.13050766061584654,,0.0,False,0.0,0.0
2023-09-06,,9950.0,,-0.0517327143094015,-0.0517108061086409,,190550.0,-0.1442722296452787,0.0,0.0,,,-0.1336625831789909,,0.0,False,0.0,0.0
2023-09-07,,14300.0,,-0.0517327143094015,-0.0517108061086409,,184700.0,-0.0814649421755725,0.0,0.0,,,-0.1307527659172419,,0.0,False,0.0,0.0
2023-09-08,,21000.0,,-0.1455644502532266,-0.0898095238095237,,176500.0,-0.0440140525595971,0.0,0.0,,,-0.16805597963513222,,0.0,False,0.0,0.0
2023-09-11,,15350.0,,-0.1455644502532266,-0.0898095238095237,,178650.0,-0.0546426892427013,0.0,0.0,,,-0.0965053028280938,,0.0,False,0.0,0.0
2023-09-12,,13250.0,,-0.1455644502532266,-0.0898095238095237,,177750.0,-0.0689928714869514,0.0,0.0,,,-0.09005409437515074,,0.0,False,0.0,0.0
2023-09-13,,12950.0,,-0.1455644502532266,-0.0898095238095237,,176050.0,-0.0990376521449948,0.0,0.0,,,-0.10862131106145624,,0.0,False,0.0,0.0
2023-09-14,,19350.0,,-0.1455644502532266,-0.0898095238095237,,169150.0,-0.1072343758639153,0.0,0.0,,,-0.13707226383661064,,0.0,False,0.0,0.0
2023-09-15,,15400.0,,-0.2050467914438503,-0.1532391622016561,,170100.0,-0.1204320438279603,0.0,0.0,,,-0.14045183546909645,,0.0,False,0.0,0.0
2023-09-18,,15850.0,,-0.2050467914438503,-0.1532391622016561,,167150.0,-0.0754664959468609,0.0,0.0,,,-0.18515928552968966,,0.0,False,0.0,0.0
2023-09-19,,20600.0,,-0.2050467914438503,-0.1532391622016561,,159400.0,-0.0544681102032668,0.0,0.0,,,-0.21836426916963567,,0.0,False,0.0,0.0
2023-09-20,,22350.0,,-0.2050467914438503,-0.1532391622016561,,154150.0,-0.0196534331066923,0.0,0.0,,,-0.26039121221587724,,0.0,False,0.0,0.0
2023-09-21,,13550.0,,-0.2050467914438503,-0.1532391622016561,,159950.0,-0.03758404135285,0.0,0.0,,,-0.22070231195588863,,0.0,False,0.0,0.0
2023-09-22,,15850.0,,-0.1971662683509729,-0.1446058917197452,,156150.0,0.0044728509075995,0.0,0.0,,,-0.2183289055186692,,0.0,False,0.0,0.0
2023-09-25,,12250.0,,-0.1971662683509729,-0.1446058917197452,,158750.0,-0.0320027310861738,0.0,0.0,,,-0.1557242442746888,,0.0,False,0.0,0.0
2023-09-26,,20900.0,,-0.1971662683509729,-0.1446058917197452,,149100.0,0.0323353806429364,0.0,0.0,,,-0.22300940415457476,,0.0,False,0.0,0.0
2023-09-27,,20550.0,,-0.1971662683509729,-0.1446058917197452,,148450.0,0.026260442042777,0.0,0.0,,,-0.2260359624384362,,0.0,False,0.0,0.0
2023-09-28,,19000.0,,-0.1971662683509729,-0.1446058917197452,,150000.0,0.0092900469070927,0.0,0.0,,,-0.21967086183523712,,0.0,False,0.0,0.0
2023-10-09,,17100.0,,-0.1776534359153697,-0.1239425135052492,,151900.0,-0.0317699349222454,0.0,0.0,,,-0.20654841441119953,,0.0,False,0.0,0.0
2023-10-10,,17100.0,,-0.1776534359153697,-0.1239425135052492,,151900.0,-0.0635295942430461,0.0,0.0,,,-0.22327520821651303,,0.0,False,0.0,0.0
2023-10-11,,13100.0,,-0.1776534359153697,-0.1239425135052492,,155900.0,-0.0700701490588458,0.0,0.0,,,-0.20017491686088223,,0.0,False,0.0,0.0
2023-10-12,,4550.0,,-0.1776534359153697,-0.1239425135052492,,164950.0,-0.1347879735901792,0.0,0.0,,,-0.14427222964527875,,0.0,False,0.0,0.0
2023-10-13,,250.0,,-0.2650813079209652,-0.1596167567016614,,170250.0,-0.1339930053396584,0.0,0.0,,,-0.08146494217557254,,0.0,False,0.0,0.0
2023-10-16,,4100.0,,-0.1963671128107074,-0.1372815737156011,,168900.0,-0.1759475975372287,0.0,0.0,,,-0.044014052559597124,,0.0,False,0.0,0.0
2023-10-17,,3850.0,,-0.1963671128107074,-0.1372815737156011,,169150.0,-0.1710930798680365,0.0,0.0,,,-0.05464268924270133,,0.0,False,0.0,0.0
2023-10-18,,7600.0,,-0.1963671128107074,-0.1372815737156011,,165900.0,-0.1513416892162032,0.0,0.0,,,-0.06899287148695143,,0.0,False,0.0,0.0
2023-10-19,,14050.0,,-0.1963671128107074,-0.1372815737156011,,159450.0,-0.123679974551432,0.0,0.0,,,-0.09903765214499487,,0.0,False,0.0,0.0
2023-10-20,,20550.0,,-0.1782026768642447,-0.1179240347389347,,151950.0,-0.0962978342055973,0.0,0.0,0.0,0.0,-0.10723437586391539,,0.0,False,0.0,0.0
2023-10-23,,20200.0,,-0.0964893840655876,-0.0301426599171652,,150800.0,-0.0945147402820708,0.0,0.0,0.0,0.0,-0.12043204382796036,,0.0,False,0.0,0.0
2023-10-24,,15000.0,,-0.0964893840655876,-0.0301426599171652,,155000.0,-0.1583530457983366,0.0,0.0,0.0,0.0,-0.07546649594686099,,0.0,False,0.0,0.0
2023-10-25,,18050.0,,-0.0964893840655876,-0.0301426599171652,,150950.0,-0.1910378034668571,0.0,0.0,0.0,0.0,-0.05446811020326688,,0.0,False,0.0,0.0
2023-10-26,,16850.0,,-0.0964893840655876,-0.0301426599171652,,151150.0,-0.1915602652901397,0.0,0.0,0.0,0.0,-0.019653433106692316,,0.0,False,0.0,0.0
2023-10-27,,12950.0,,-0.0004204330460374,0.0730556833870226,,154050.0,-0.2165925149048668,0.0,0.0,0.0,0.0,-0.03758404135285003,,0.0,False,0.0,0.0
2023-10-30,,9150.0,,0.011056772273017,0.0851657940663175,,156850.0,-0.2961119361692482,0.0,0.0,0.0,0.0,0.004472850907599529,,0.0,False,0.0,0.0
2023-10-31,,11250.0,,0.011056772273017,0.0851657940663175,,153750.0,-0.3061717409175447,0.0,0.0,0.0,0.0,-0.03200273108617384,,0.0,False,0.0,0.0
2023-11-01,,10000.0,,0.011056772273017,0.0851657940663175,,154000.0,-0.3378368035830099,0.0,0.0,0.0,0.0,0.03233538064293645,,0.0,False,0.0,0.0
2023-11-02,,10600.0,,0.011056772273017,0.0851657940663175,,152400.0,-0.3611845344447074,0.0,0.0,0.0,0.0,0.026260442042777048,,0.0,False,0.0,0.0
2023-11-03,,10100.0,,0.011056772273017,0.0851657940663175,,151400.0,-0.397406516680644,0.0,0.0,0.0,0.0,0.009290046907092734,,0.0,False,0.0,0.0
2023-11-06,,12850.0,,0.011056772273017,0.0851657940663175,,147150.0,-0.4234650798191063,0.0,0.0,0.0,0.0,-0.031769934922245426,,0.0,False,0.0,0.0
2023-11-07,,15950.0,,0.011056772273017,0.0851657940663175,,142550.0,-0.4265558322704211,0.0,0.0,0.0,0.0,-0.06352959424304619,,0.0,False,0.0,0.0
2023-11-08,,11150.0,,0.011056772273017,0.0851657940663175,,145350.0,-0.4524766691717511,0.0,0.0,0.0,0.0,-0.07007014905884588,,0.0,False,0.0,0.0
2023-11-09,,10850.0,,0.0342334679991493,0.1697498545666085,,144150.0,-0.4106816040270556,0.0,0.0,0.0,0.0,-0.13478797359017924,,0.0,False,0.0,0.0
2023-11-10,,4100.0,,0.1572686176540565,0.2194057004244998,,148900.0,-0.3753652667323824,0.0,0.0,0.0,0.0,-0.13399300533965844,,0.0,False,0.0,0.0
2023-11-13,,10350.0,,0.1572686176540565,0.2194057004244998,,141650.0,-0.3807122319939943,0.0,0.0,0.0,0.0,-0.17594759753722877,,0.0,False,0.0,0.0
2023-11-14,,7450.0,,0.1572686176540565,0.2194057004244998,,142550.0,-0.4260186310756596,0.0,0.0,0.0,0.0,-0.1710930798680365,,0.0,False,0.0,0.0
2023-11-15,,5900.0,,0.1572686176540565,0.2194057004244998,,142600.0,-0.3199889201386024,0.0,0.0,0.0,0.0,-0.15134168921620328,,0.0,False,0.0,0.0
2023-11-16,,6600.0,,0.1572686176540565,0.2194057004244998,,140900.0,-0.3176999343862449,0.0,0.0,0.0,0.0,-0.12367997455143204,,0.0,False,0.0,0.0
2023-11-17,,9000.0,,0.0958585388552817,0.1548042704626333,,138000.0,-0.2771101335263822,0.0,0.0,0.0,0.0,-0.09629783420559736,-0.031979451469781,0.0,False,0.0,0.0
2023-11-20,,9300.0,,0.0958585388552817,0.1548042704626333,,137200.0,-0.2891408619154409,0.0,0.0,0.0,0.0,-0.09451474028207081,-0.03200273108617384,0.0,False,0.0,0.0
2023-11-21,,11700.0,,0.0958585388552817,0.1548042704626333,,132300.0,-0.2610801308922308,0.0,0.0,0.0,0.0,-0.15835304579833664,-0.03256086211284147,0.0,False,0.0,0.0
2023-11-22,,17300.0,,0.0958585388552817,0.1548042704626333,,124700.0,-0.2127724970487225,0.0,0.0,0.0,0.0,-0.1910378034668571,-0.033118993139509056,0.0,False,0.0,0.0
2023-11-23,,14700.0,,0.0958585388552817,0.1548042704626333,,124800.0,-0.2458349625162804,0.0,0.0,0.0,0.0,-0.19156026529013975,-0.03367712416617668,0.0,False,0.0,0.0
2023-11-24,,13950.0,,-0.0290220820189273,0.0230513562774739,,124050.0,-0.2075463545005417,0.0,0.0,0.0,0.0,-0.21659251490486686,-0.03423525519284431,0.0,False,0.0,0.0
2023-11-27,,18850.0,,-0.0290220820189273,0.0230513562774739,,116650.0,-0.1259063823684728,0.0,0.0,0.0,0.0,-0.29611193616924825,-0.03479338621951193,0.0,False,0.0,0.0
2023-11-28,,20300.0,,-0.0290220820189273,0.0230513562774739,,113200.0,-0.0553931883153795,0.0,0.0,0.0,0.0,-0.30617174091754473,-0.03535151724617956,0.0,False,0.0,0.0
2023-11-29,,22150.0,,-0.0290220820189273,0.0230513562774739,,109850.0,-0.0385109059544272,0.0,0.0,0.0,0.0,-0.3378368035830099,-0.03590964827284715,0.0,False,0.0,0.0
2023-11-30,,24800.0,,-0.0290220820189273,0.0230513562774739,,106200.0,0.0032902497367877,0.0,0.0,0.0,0.0,-0.36118453444470744,-0.03646777929951478,0.0,False,0.0,0.0
2023-12-01,,28250.0,,-0.0858044164037854,-0.0367749544333655,,101750.0,0.0568307598396385,0.0,0.0,0.0,0.0,-0.397406516680644,-0.0370259103261824,0.0,False,0.0,0.0
2023-12-04,,31650.0,,-0.0858044164037854,-0.0367749544333655,,96350.0,0.1173793331219927,0.0,0.0,0.0,0.0,-0.4234650798191063,-0.03758404135285003,0.0,False,0.0,0.0
2023-12-05,,32950.0,,-0.0858044164037854,-0.0367749544333655,,93050.0,0.1359465286434844,0.0,0.0,0.0,0.0,-0.42655583227042115,-0.03822704247352475,0.0,False,0.0,0.0
2023-12-06,,30050.0,,-0.0858044164037854,-0.0367749544333655,,92450.0,0.0829921334278094,0.0,0.0,0.0,0.0,-0.45247666917175117,-0.03887004359419947,0.0,False,0.0,0.0
2023-12-07,,24900.0,,-0.1062911184210526,-0.106425303361846,,95600.0,0.0314054124112688,0.0,0.0,0.0,0.0,-0.41068160402705567,-0.03951304471487414,0.0,False,0.0,0.0
2023-12-08,,16200.0,,-0.1326069078947369,-0.1103043564750347,,102300.0,-0.0511389614911873,0.0,0.0,0.0,0.0,-0.37536526673238246,-0.04015604583554881,0.0,False,0.0,0.0
2023-12-11,,18200.0,,-0.1326069078947369,-0.1103043564750347,,96800.0,0.0219676777660435,0.0,0.0,0.0,0.0,-0.3807122319939943,-0.04079904695622358,0.0,False,0.0,0.0
2023-12-12,,18900.0,,-0.1326069078947369,-0.1103043564750347,,93100.0,0.0502723652534434,0.0,0.0,0.0,0.0,-0.4260186310756596,-0.041442048076898254,0.0,False,0.0,0.0
2023-12-13,,5450.0,,-0.1326069078947369,-0.1103043564750347,,103550.0,0.011044530034898,0.0,0.0,0.0,0.0,-0.3199889201386024,-0.04208504919757301,0.0,False,0.0,0.0
2023-12-14,,3950.0,,-0.1326069078947369,-0.1103043564750347,,102550.0,0.0029211315805766,0.0,0.0,0.0,0.0,-0.31769993438624494,-0.04272805031824769,0.0,False,0.0,0.0
2023-12-15,,-100.0,,-0.1229299363057324,-0.100462249614792,,104600.0,-0.0256610546103583,0.0,0.0,0.0,0.0,-0.2771101335263822,-0.04337105143892236,0.0,False,0.0,0.0
2023-12-18,,250.0,,-0.1229299363057324,-0.100462249614792,,102750.0,0.013533314330637,0.0,0.0,0.0,0.0,-0.2891408619154409,-0.044014052559597124,0.0,False,0.0,0.0
2023-12-19,,100.0,,-0.1229299363057324,-0.100462249614792,,101900.0,-0.0014731159059747,0.0,0.0,0.0,0.0,-0.2610801308922308,-0.04458276480767138,0.0,False,0.0,0.0
2023-12-20,,200.0,,-0.1229299363057324,-0.100462249614792,,100800.0,0.0157483569681391,0.0,0.0,0.0,0.0,-0.21277249704872253,-0.04515147705574571,0.0,False,0.0,0.0
2023-12-21,,2400.0,,-0.1229299363057324,-0.100462249614792,,97600.0,0.0381955977380359,0.0,0.0,0.0,0.0,-0.24583496251628048,-0.045720189303819964,0.0,False,0.0,0.0
2023-12-22,,-1300.0,,-0.0944336149014511,-0.0710542863131419,,100800.0,-0.0094692957754439,0.0,0.0,0.0,0.0,-0.20754635450054174,-0.04628890155189422,0.0,False,0.0,0.0
2023-12-25,,-3850.0,,-0.0944336149014511,-0.0710542863131419,,102850.0,-0.008298802814695,0.0,0.0,0.0,0.0,-0.12590638236847285,-0.046857613799968556,0.0,False,0.0,0.0
2023-12-26,,-8600.0,,-0.0944336149014511,-0.0710542863131419,,107100.0,-0.0453646653464045,0.0,0.0,0.0,0.0,-0.05539318831537953,-0.04742632604804281,0.0,False,0.0,0.0
2023-12-27,,-8700.0,,-0.0944336149014511,-0.0710542863131419,,105700.0,-0.0420250199781829,0.0,0.0,0.0,0.0,-0.03851090595442727,-0.042363108578046184,0.0,False,0.0,0.0
2023-12-28,,-9550.0,,-0.0944336149014511,-0.0710542863131419,,106550.0,-0.0569652064588256,0.0,0.0,0.0,0.0,0.0032902497367877765,-0.03832553303411182,0.0,False,0.0,0.0
2023-12-29,,-10800.0,,-0.023924545663676,0.0103517364203027,,107700.0,-0.0548670871418787,0.0,0.0,0.0,0.0,0.05683075983963854,-0.03702591032618237,0.0,False,0.0,0.0
2024-01-02,,-11450.0,,-0.023924545663676,0.0103517364203027,,108350.0,-0.0702462111411085,0.0,0.0,0.0,0.0,0.11737933312199274,-0.03200273108617384,0.0,False,0.0,0.0
2024-01-03,,-9700.0,,-0.023924545663676,0.0103517364203027,,106600.0,-0.0724496567659392,0.0,0.0,0.0,0.0,0.1359465286434844,-0.031793214538638266,0.0,False,0.0,0.0
2024-01-04,241.95,-3550.0,-858922.5,0.0055210489993098,0.0409617097061443,,100450.0,-0.0084979266703908,0.0,0.0,0.0,0.0,0.08299213342780948,-0.022076733469802972,0.0,False,0.0,0.0
2024-01-05,267.5,-2150.0,-575125.0,0.0055210489993098,0.0409617097061443,,98650.0,0.0150908296432028,0.0,0.0,0.0,0.0,0.03140541241126885,-0.0035928551162561877,0.0,False,0.0,0.0
2024-01-08,108.75,-900.0,-97875.0,0.0360274946669827,0.0455002794857462,,97200.0,0.0328893797945499,0.0,0.0,0.0,0.0,-0.05113896149118736,-0.005887223400604066,0.0,False,0.0,0.0
2024-01-09,37.13333333333333,-2950.0,-109543.33333333331,0.0360274946669827,0.0455002794857462,,98950.0,-0.0183584962251256,0.0,0.0,0.0,0.0,0.021967677766043504,0.003881550322193653,0.0,False,0.0,0.0
2024-01-10,21.405882352941177,-1900.0,-40671.17647058824,0.0360274946669827,0.0455002794857462,,97900.0,-0.0025568922137767,0.0,0.0,0.0,0.0,0.0502723652534434,0.006399729307396839,0.0,False,0.0,0.0
2024-01-11,15.32112676056338,-8700.0,-133293.8028169014,-0.0244133680967053,0.0201229737283399,,104700.0,-0.0836307990724112,0.0,0.0,0.0,0.0,0.011044530034898041,0.00981639184543432,0.0,False,0.0,0.0
2024-01-12,12.106930693069309,-6650.0,-80511.08910891089,-0.0244133680967053,0.0201229737283399,,102850.0,-0.0820297721364304,0.0,0.0,0.0,0.0,0.0029211315805766323,0.0096409435326538,0.0,False,0.0,0.0
2024-01-15,9.7,-5750.0,-55774.99999999999,-0.0036310820624547,0.0420235240379125,,101950.0,-0.0940358572283093,0.0,0.0,0.0,0.0,-0.02566105461035834,0.00946549521987328,0.0,False,0.0,0.0
2024-01-16,7.615584415584415,-7650.0,-58259.22077922078,-0.0036310820624547,0.0420235240379125,,104150.0,-0.0721526488102604,0.0,0.0,0.0,0.0,0.01353331433063704,0.011044530034898041,0.0,False,0.0,0.0
2024-01-17,6.292391304347826,-5250.0,-33035.05434782609,-0.0036310820624547,0.0420235240379125,,101750.0,-0.0411291670000164,0.0,0.0,0.0,0.0,-0.001473115905974782,0.010869081722117521,0.0,False,0.0,0.0
2024-01-18,5.5125,-5900.0,-32523.75,-0.0614863229242313,-0.018271097407788,,102400.0,-0.005876608488985,0.0,0.0,0.0,0.0,0.015748356968139112,0.013035557471489233,0.0,False,0.0,0.0
2024-01-19,4.253488372093023,-4900.0,-20842.093023255813,-0.0614863229242313,-0.018271097407788,,101400.0,0.0088365818004979,0.0,0.0,0.0,0.0,0.03819559773803595,0.015083844176888496,0.0,False,0.0,0.0
2024-01-22,2.859154929577465,-3350.0,-9578.169014084508,-0.0727098780196124,-0.0301218411552346,,99850.0,0.0658833850555352,0.0,0.0,0.0,0.0,-0.009469295775443986,0.014862339913138302,0.0,False,0.0,0.0
2024-01-23,2.19954128440367,-5500.0,-12097.477064220184,-0.0727098780196124,-0.0301218411552346,,102000.0,0.0571584138399486,0.0,0.0,0.0,0.0,-0.008298802814695066,0.014640835649388076,0.0,False,0.0,0.0
2024-01-24,1.7391472868217055,-5850.0,-10174.011627906975,-0.0727098780196124,-0.0301218411552346,,102350.0,0.1524044425239508,0.0,0.0,0.0,0.0,-0.0453646653464045,0.014419331385637882,0.0,False,0.0,0.0
2024-01-25,1.3754621848739497,-4850.0,-6670.991596638656,-0.0739057641712509,-0.0315884476534296,,101350.0,0.1643180008738094,0.0,0.0,0.0,0.0,-0.04202501997818296,0.014197827121887656,0.0,False,0.0,0.0
2024-01-26,1.1540983606557376,-4150.0,-4789.508196721311,-0.0739057641712509,-0.0315884476534296,,100650.0,0.155639883378726,0.0,0.0,0.0,0.0,-0.056965206458825676,0.01397632285813746,0.0,False,0.0,0.0
2024-01-29,0.9779548472775564,-5200.0,-5085.365205843295,-0.087438133396182,-0.0543130990415335,,101950.0,0.0899904238580773,0.0,0.0,0.0,0.0,-0.05486708714187875,0.013754818594387265,0.0,False,0.0,0.0
2024-01-30,0.8188106796116505,-4250.0,-3479.945388349515,-0.087438133396182,-0.0543130990415335,,101000.0,0.1210779315532359,0.0,0.0,0.0,0.0,-0.07024621114110856,0.01353331433063704,0.0,False,0.0,0.0
2024-01-31,0.6578539823008849,-2400.0,-1578.8495575221236,-0.087438133396182,-0.0543130990415335,,99150.0,0.1307539637465356,0.0,0.0,0.0,0.0,-0.07244965676593922,0.013284435901063154,0.0,False,0.0,0.0
2024-02-01,0.5761473554229266,-2550.0,-1469.175756328463,-0.1336078700526196,-0.0746364414029084,,99600.0,0.1293182123629854,0.0,0.0,0.0,0.0,-0.008497926670390897,0.013035557471489233,0.0,False,0.0,0.0
2024-02-02,0.4513035381750465,-3100.0,-1399.0409683426442,-0.1336078700526196,-0.0746364414029084,,100150.0,0.1503634731855101,0.0,0.0,0.0,0.0,0.01509082964320282,0.01462357504943309,0.0,False,0.0,0.0
2024-02-05,0.4509339407744874,-3400.0,-1533.1753986332574,-0.1336078700526196,-0.0746364414029084,,100450.0,0.17658086961945,0.0,0.0,0.0,0.0,0.03288937979454992,0.0154853460381646,0.0,False,0.0,0.0
2024-02-06,0.4033216783216784,-100.0,-40.33216783216784,-0.1336078700526196,-0.0746364414029084,,97150.0,0.2011852311050955,0.0,0.0,0.0,0.0,-0.01835849622512567,0.015419593305670967,0.0,False,0.0,0.0
2024-02-07,0.4784282838890348,-600.0,-287.0569703334209,-0.1336078700526196,-0.0746364414029084,,97650.0,0.1380016727554261,0.0,0.0,0.0,0.0,-0.0025568922137767843,0.01535384057317734,0.0,False,0.0,0.0
2024-02-08,0.4596133931653434,750.0,344.7100448740076,-0.2368804664723031,-0.1720547945205479,,96300.0,0.177898497677295,0.0,0.0,0.0,0.0,-0.08363079907241125,0.015288087840683705,0.0,False,0.0,0.0
2024-02-19,0.268318477111346,2150.0,576.884725789394,-0.2368804664723031,-0.1720547945205479,,94750.0,0.2100770245154869,0.0,0.0,0.0,0.0,-0.08202977213643046,0.01522233510819008,0.0,False,0.0,0.0
2024-02-20,0.2239975881820921,3950.0,884.7904733192639,-0.2368804664723031,-0.1720547945205479,,92800.0,0.2140506114170357,0.0,0.0,0.0,0.0,-0.09403585722830933,0.015156582375696455,0.0,False,0.0,0.0
2024-02-21,0.2233946337051553,-750.0,-167.5459752788665,-0.2368804664723031,-0.1720547945205479,,96900.0,0.1902023582461917,0.0,0.0,0.0,0.0,-0.07215264881026041,0.01509082964320282,0.0,False,0.0,0.0
2024-02-22,0.203681621702191,-1500.0,-305.5224325532866,-0.2842565597667638,-0.2236712328767123,,97650.0,0.1837712649743446,0.0,0.0,0.0,0.0,-0.04112916700001645,0.01493507811194625,0.0,False,0.0,0.0
2024-02-23,0.1596781337664254,-5550.0,-886.2136424036614,-0.2401341243229301,-0.17599162498546,,101800.0,0.1162538163523678,0.6666666666666666,0.6666666666666666,0.0,0.0,-0.005876608488985042,0.014779326580689658,1.0,True,1.0,1.0
2024-02-26,0.1538291279327135,-5650.0,-869.1345728198314,-0.2401341243229301,-0.17599162498546,,102300.0,0.0486505091171834,0.6666666666666666,0.6666666666666666,0.0,0.0,0.008836581800497944,0.01462357504943309,1.0,True,1.0,1.0
2024-02-27,0.1451824817518248,-9550.0,-1386.4927007299268,-0.2401341243229301,-0.17599162498546,,106650.0,0.0162756440881862,0.6666666666666666,0.6666666666666666,0.0,0.0,0.06588338505553529,0.0154853460381646,1.0,True,1.0,1.0
2024-02-28,0.1007168458781362,-10000.0,-1007.1684587813623,-0.2401341243229301,-0.17599162498546,,108000.0,0.0036968618813262,0.6666666666666666,0.6666666666666666,0.0,0.0,0.05715841383994862,0.018858017367091306,1.0,True,1.0,1.0
2024-02-29,0.114687986415735,-19700.0,-2259.353332389981,-0.1854526695898891,-0.1165522856810515,,119200.0,-0.0940525816507351,0.6666666666666666,0.6666666666666666,0.0,0.0,0.15240444252395083,0.023684783476736946,1.0,True,1.0,1.0
2024-03-01,0.0980614121975378,-16950.0,-1662.1409367482663,-0.1844008264462809,-0.1152143522833177,,119450.0,-0.1096018587361268,0.6666666666666666,0.6666666666666666,0.0,0.0,0.16431800087380946,0.027803933153324575,1.0,True,1.0,1.0
2024-03-04,0.0606060606060605,-11600.0,-703.0303030303024,-0.1844008264462809,-0.1152143522833177,,117600.0,-0.0434473197589365,0.6666666666666666,0.6666666666666666,0.0,0.0,0.15563988337872603,0.03159140605760238,1.0,True,1.0,1.0
2024-03-05,0.0391432791728212,-4050.0,-158.530280649926,-0.1844008264462809,-0.1152143522833177,,111550.0,-0.0049427195662073,0.6666666666666666,0.6666666666666666,0.0,0.36666666666665526,0.08999042385807733,0.032390780558097805,1.0,True,1.0,1.0
2024-03-06,-0.1048909054513912,-6500.0,681.790885434043,-0.1844008264462809,-0.1152143522833177,,114000.0,-0.0194868876734966,0.6666666666666666,0.6666666666666666,0.0,0.6666666666666666,0.12107793155323592,0.03288937979454992,1.0,True,0.7,1.0
2024-03-07,-0.0977513845332621,-4500.0,439.8812303996797,-0.0994318181818182,0.0036113699906803,,113000.0,0.0044150182091166,0.6666666666666666,0.6666666666666666,0.0,0.6666666666666666,0.1307539637465356,0.037664975943687375,1.0,True,0.7,1.0
2024-03-08,-0.1208461186916498,-4450.0,537.7652281778419,-0.07921837866385,-0.0045065865495724,,113350.0,0.0070329960222665,0.6666666666666666,0.6666666666666666,0.0,0.6666666666666666,0.1293182123629854,0.047857011750361875,1.0,True,0.7,1.0
2024-03-11,-0.1178546224417783,-7150.0,842.6605504587152,-0.07921837866385,-0.0045065865495724,,116400.0,-0.0038734715957967,0.6666666666666666,0.6666666666666666,0.0,0.6666666666666666,0.15036347318551013,0.054863241463780014,1.0,True,0.7,1.0
2024-03-12,-0.0940718412459181,-9850.0,926.607636272294,-0.07921837866385,-0.0045065865495724,,119850.0,-0.0632877392359185,0.6666666666666666,0.6666666666666666,0.0,0.6666666666666666,0.17658086961945,0.057027352239824594,1.0,True,0.7,1.0
2024-03-13,-0.083032266101906,-7800.0,647.6516755948672,-0.07921837866385,-0.0045065865495724,,118800.0,-0.0571584138399486,0.6666666666666666,0.6666666666666666,0.0,0.6666666666666666,0.20118523110509554,0.06152089944774196,1.0,True,0.7,1.0
2024-03-14,-0.1354918906120515,150.0,-20.323783591807736,-0.044098230789543,0.0336260688698868,,112100.0,-0.0031270965844359,0.6666666666666666,0.6666666666666666,0.0,0.6666666666666666,0.13800167275542619,0.07272688440444507,1.0,True,0.7,1.0
2024-03-15,-0.1455007685940641,-2800.0,407.4021520633796,0.1524992040751354,0.1839841164791529,,115050.0,-0.0618476640823071,0.6666666666666666,0.6666666666666666,0.0,0.6666666666666666,0.177898497677295,0.08509162055688982,1.0,True,0.7,1.0
2024-03-18,-0.1445503275759381,-4350.0,628.7939249553308,0.1524992040751354,0.1839841164791529,,116900.0,-0.0663079784901419,0.6666666666666666,0.6666666666666666,0.0,0.6666666666666666,0.2100770245154869,0.0954682057108605,1.0,True,0.7,1.0
2024-03-19,-0.1503694581280787,-2400.0,360.8866995073891,0.1524992040751354,0.1839841164791529,,114950.0,-0.0586691622036447,0.6666666666666666,0.6666666666666666,0.0,0.6666666666666666,0.21405061141703574,0.11774919296511709,1.0,True,0.7,1.0
2024-03-20,-0.1688639724001971,-4650.0,785.2174716609167,0.1524992040751354,0.1839841164791529,,117200.0,-0.0845322929805694,0.6666666666666666,0.6666666666666666,0.0,0.6666666666666666,0.19020235824619172,0.12107793155323592,1.0,True,0.7,1.0
2024-03-21,-0.1639526964274658,-4800.0,786.9729428518358,0.3251866938221317,0.361518915866742,,117350.0,-0.0779500259727316,0.6666666666666666,0.6666666666666666,0.0,0.6666666666666666,0.18377126497434462,0.1284941842820105,1.0,True,0.7,1.0
2024-03-22,-0.1086638232860144,-1800.0,195.594881914826,0.3251866938221317,0.361518915866742,,114350.0,-0.0465408374728372,0.6666666666666666,0.6666666666666666,0.0,0.6666666666666666,0.11625381635236787,0.12767015620103547,1.0,True,0.7,1.0
2024-03-25,-0.162286591214272,5050.0,-819.5472856320737,0.3251866938221317,0.361518915866742,,107400.0,0.0275499517682306,0.6666666666666666,0.6666666666666666,0.0,0.6666666666666666,0.04865050911718347,0.12684612812006069,1.0,True,0.7,1.0
2024-03-26,-0.1345528714385875,2100.0,-282.5610300210338,0.3251866938221317,0.361518915866742,,108400.0,0.0110092855083693,0.6666666666666666,0.6666666666666666,0.0,0.6666666666666666,0.016275644088186256,0.12602210003908557,1.0,True,0.7,1.0
2024-03-27,-0.0692933897753175,1350.0,-93.54607619667864,0.3251866938221317,0.361518915866742,,108400.0,0.0137427724040299,0.6666666666666666,0.6666666666666666,0.0,0.6666666666666666,0.0036968618813262026,0.12519807195811067,1.0,True,0.7,1.0
2024-03-28,-0.1761345604569978,1250.0,-220.16820057124727,0.2875237492083597,0.3033574720210665,,108500.0,0.0659775773651918,0.6666666666666666,0.6666666666666666,0.0,0.6666666666666666,-0.09405258165073517,0.12437404387713576,1.0,True,0.7,0.7
2024-03-29,-1.0,2700.0,-2700.0,0.2875237492083597,0.3033574720210665,,107050.0,0.0402800447961861,0.0,0.0,0.0,0.6666666666666666,-0.1096018587361268,0.12355001579616086,0.0,False,0.0,0.7
2024-04-01,-0.3480104370515329,-2850.0,991.8297455968687,0.2875237492083597,0.3033574720210665,,112600.0,-0.0017777782459992,0.6666666666666666,0.6666666666666666,0.0,0.6666666666666666,-0.04344731975893653,0.12272598771518596,1.0,True,0.7,0.7
2024-04-02,-0.2607094398139175,-250.0,65.17735995347937,0.2875237492083597,0.3033574720210665,,111000.0,0.0257906691408022,0.6666666666666666,0.6666666666666666,0.0,0.6666666666666666,-0.004942719566207376,0.12190195963421081,1.0,True,0.7,0.7
2024-04-03,-0.0531494595601937,-750.0,39.86209467014534,0.3929702343255226,0.2267281105990783,,111800.0,0.0022336395259372,0.6666666666666666,0.6666666666666666,0.0,0.6666666666666666,-0.019486887673496624,0.12107793155323592,1.0,True,0.7,0.7
2024-04-08,0.0125721047182369,-1650.0,-20.74397278509105,0.2615428735302554,0.081485780615206,,113500.0,-0.0159861308463022,0.6666666666666666,0.6666666666666666,0.0,0.6666666666666666,0.004415018209116693,0.12070807171011162,1.0,True,0.7,0.7
2024-04-09,0.1311451061933759,-2150.0,-281.96197831575824,0.2615428735302554,0.081485780615206,,114150.0,-0.0521466449934364,0.6666666666666666,0.6666666666666666,0.0,0.6666666666666666,0.007032996022266515,0.12033821186698732,1.0,True,0.7,0.7
2024-04-10,0.1474909090909091,-2700.0,-398.2254545454546,0.2615428735302554,0.081485780615206,,115950.0,-0.0793960862478375,0.6666666666666666,0.6666666666666666,0.0,0.6666666666666666,-0.003873471595796775,0.11996835202386302,1.0,True,0.7,0.7
2024-04-11,0.1666435602384584,750.0,124.9826701788438,0.2887869228563235,0.5078351712130005,,112500.0,-0.0689928714869514,0.0,0.0,0.0,0.6666666666666666,-0.06328773923591854,0.11959849218073862,0.0,False,0.0,0.7
2024-04-12,0.1847021262142516,550.0,101.5861694178384,0.2887869228563235,0.5078351712130005,,112200.0,-0.0855540048589602,0.0,0.0,0.0,0.6666666666666666,-0.05715841383994864,0.11922863233761433,0.0,False,0.0,0.0
2024-04-15,0.2234851078397808,1000.0,223.4851078397808,0.2414364640883977,0.4522079373951928,,111750.0,-0.0718733343523056,0.0,0.0,0.0,0.6666666666666666,-0.003127096584435981,0.11885877249449003,0.0,False,0.0,0.0
2024-04-16,0.3064415692243825,3350.0,1026.5792569016812,0.2414364640883977,0.4522079373951928,,108150.0,-0.0158437610595792,0.0,0.0,0.0,0.6666666666666666,-0.0618476640823071,0.11848891265136573,0.0,False,0.0,0.0
2024-04-17,0.3522244656408828,2100.0,739.671377845854,0.2414364640883977,0.4522079373951928,,109400.0,-0.0315717958758136,0.0,0.0,0.0,0.6666666666666666,-0.06630797849014192,0.11811905280824143,0.0,False,0.0,0.0
2024-04-18,0.4235396434265834,3100.0,1312.9728946224086,0.2712707182320442,0.301173840134153,,108400.0,-0.0158069306978381,0.0,0.0,0.0,0.6666666666666666,-0.05866916220364474,0.11774919296511703,0.0,False,0.0,0.0
2024-04-19,0.4585279074938848,3700.0,1696.553257727374,0.2712707182320442,0.301173840134153,,107700.0,-0.0121440072547988,0.0,0.0,0.0,0.6666666666666666,-0.0845322929805694,0.11737933312199274,0.0,False,0.0,0.0
2024-04-22,0.4609346071243427,2850.0,1313.6636303043767,0.1787909836065575,0.2067392431311561,,108550.0,-0.0223577081750357,0.0,0.0,0.0,0.6666666666666666,-0.07795002597273168,0.11726678144503026,0.0,False,0.0,0.0
2024-04-23,0.3667333238108841,2100.0,770.1399800028565,0.1787909836065575,0.2067392431311561,,109150.0,-0.0143024352682688,0.0,0.0,0.0,0.6666666666666666,-0.04654083747283725,0.11715422976806777,0.0,False,0.0,0.0
2024-04-24,0.4902679184795053,850.0,416.7277307075796,0.1787909836065575,0.2067392431311561,,110400.0,-0.0387860250351564,0.0,0.0,0.0,0.6666666666666666,0.02754995176823065,0.1170416780911053,0.0,False,0.0,0.0
2024-04-25,0.4297392841361025,2150.0,923.9394608926204,0.2077356557377048,0.2363919129082425,,109600.0,-0.0428770243563917,0.0,0.0,0.0,0.6666666666666666,0.011009285508369396,0.11692912641414278,0.0,False,0.0,0.0
2024-04-26,0.3724022111818628,1350.0,502.7429850955148,0.2077356557377048,0.2363919129082425,,109900.0,-0.0437075611059661,0.0,0.0,0.0,0.6666666666666666,0.013742772404029933,0.1168165747371803,0.0,False,0.0,0.0
2024-04-29,0.506779661016949,-4650.0,-2356.525423728813,0.1596163305459912,0.2046671380947571,,115900.0,-0.0892886562336388,-0.6666666666666666,0.6666666666666666,0.0,0.6666666666666666,0.0659775773651918,0.11670402306021782,-1.0,True,0.7,-0.7
2024-04-30,,300.0,,0.1596163305459912,0.4630770784927771,,111450.0,-0.0610453024839489,0.0,0.0,0.0,0.6666666666666666,0.040280044796186104,0.11659147138325535,0.0,False,0.0,-0.7
2024-05-06,1.0383191595797898,-650.0,-674.9074537268634,0.1596163305459912,0.4630770784927771,,112400.0,-0.0902518205250781,-0.6666666666666666,0.6666666666666666,0.0,0.6666666666666666,-0.001777778245999272,0.11647891970629286,-1.0,True,0.7,-0.7
2024-05-07,0.8339451144904737,-2050.0,-1709.587484705471,0.1596163305459912,0.4630770784927771,,113900.0,-0.1118197277803216,-0.6666666666666666,0.6666666666666666,0.0,0.6666666666666666,0.025790669140802278,0.11636636802933034,-1.0,True,0.7,-0.7
2024-05-08,0.7976696583215241,-200.0,-159.53393166430482,0.0718345078426914,0.5544703230653645,,112050.0,-0.1157770169295176,0.0,0.0,0.0,0.6666666666666666,0.002233639525937206,0.11625381635236787,0.0,False,0.0,-0.7
2024-05-09,0.6920829681565879,-200.0,-138.41659363131757,0.1611729938622412,0.4700010733068585,,111700.0,-0.0992121424614005,0.0,0.0,0.0,0.6666666666666666,-0.015986130846302286,0.11362747710293897,0.0,False,0.0,0.0
2024-05-10,0.5181197478991597,2750.0,1424.8293067226891,0.1611729938622412,0.4700010733068585,,108350.0,-0.0796966669526256,0.0,0.0,0.0,0.6666666666666666,-0.05214664499343645,0.11100113785351005,0.0,False,0.0,0.0
2024-05-13,0.4769299023957409,2650.0,1263.8642413487134,0.1611729938622412,0.4700010733068585,,107100.0,-0.0990519989503202,0.0,0.0,0.0,0.6666666666666666,-0.07939608624783759,0.10837479860408115,0.0,False,0.0,0.0
2024-05-14,0.4131313131313132,4250.0,1755.8080808080813,0.1366266132621272,0.0543494996150886,,105000.0,-0.0644115450723888,0.0,0.0,0.0,0.6666666666666666,-0.06899287148695143,0.1057484593546515,0.0,False,0.0,0.0
2024-05-15,0.3605504587155963,4750.0,1712.6146788990825,0.1366266132621272,0.0543494996150886,,103000.0,-0.051804411188864,0.0,0.0,0.0,0.6666666666666666,-0.0855540048589602,0.10312212010522259,0.0,False,0.0,0.0
2024-05-16,0.334601824388606,3000.0,1003.805473165818,0.1804628393413441,0.0949961508852963,,104000.0,-0.0707113802446521,0.6666666666666666,0.6666666666666666,0.0,0.6666666666666666,-0.0718733343523056,0.10049578085579369,1.0,True,0.7,0.7
2024-05-17,0.2566465416799068,550.0,141.15559792394876,0.1804628393413441,0.0949961508852963,,106450.0,-0.1054127063626735,0.6666666666666666,0.6666666666666666,0.13333333333334468,0.6666666666666666,-0.015843761059579253,0.0978694416063648,1.0,True,0.7,0.7
2024-05-20,0.2284007826176501,1100.0,251.2408608794152,0.1804628393413441,0.0949961508852963,,106000.0,-0.1329924543199122,0.6666666666666666,0.6666666666666666,0.6666666666666666,0.6666666666666666,-0.03157179587581366,0.0952431023569359,1.0,False,0.0,0.7
2024-05-21,0.2146420934731696,200.0,42.92841869463393,0.152759669708822,0.2220981183950512,,106700.0,-0.1267263760377037,0.6666666666666666,0.6666666666666666,0.6666666666666666,0.6666666666666666,-0.015806930697838107,0.09261676310750623,1.0,False,0.0,0.7
2024-05-22,0.2386542664023987,500.0,119.32713320119936,0.152759669708822,0.2220981183950512,,106400.0,-0.119664503756089,0.6666666666666666,0.6666666666666666,0.6666666666666666,0.6666666666666666,-0.012144007254798837,0.09261676310750623,1.0,False,0.0,0.7
2024-05-23,0.219242662340954,350.0,76.73493181933391,0.1405910473707083,0.2092104132657444,,106150.0,-0.1441521587876237,0.6666666666666666,0.6666666666666666,0.6666666666666666,0.6666666666666666,-0.022357708175035716,0.09261676310750623,1.0,False,0.0,0.7
2024-05-24,0.2725087526780583,-1100.0,-299.7596279458641,0.1405910473707083,0.2092104132657444,,107600.0,-0.1948532834988414,0.0,0.0,0.6666666666666666,0.6666666666666666,-0.014302435268268807,0.09261676310750623,0.0,False,0.0,0.7
2024-05-27,0.2451854128252406,300.0,73.55562384757219,0.1405910473707083,0.2092104132657444,,106200.0,-0.1627405115948481,0.6666666666666666,0.6666666666666666,0.6666666666666666,0.6666666666666666,-0.03878602503515642,0.09261676310750623,1.0,False,0.0,0.0
2024-05-28,0.2595168186266934,1300.0,337.3718642147014,0.1132555673382822,0.18020964360587,,105000.0,-0.1262113111380168,0.6666666666666666,0.6666666666666666,0.6666666666666666,0.6666666666666666,-0.04287702435639176,0.09261676310750623,1.0,False,0.0,0.0
2024-05-29,0.2606944373629736,1000.0,260.6944373629736,0.1132555673382822,0.18020964360587,,105200.0,-0.1062058242457769,0.6666666666666666,0.6666666666666666,0.6666666666666666,0.6666666666666666,-0.043707561105966165,0.09261676310750623,1.0,False,0.0,0.0
2024-05-30,0.2703752939973411,0.0,0.0,0.1221633085896076,0.1896016771488469,,106000.0,-0.1148392596123701,0.0,0.0,0.6666666666666666,0.6666666666666666,-0.08928865623363885,0.09261676310750623,0.0,False,0.0,0.0
2024-05-31,0.2780447898558134,1050.0,291.9470293486041,0.1221633085896076,-0.0205068010771248,,104850.0,-0.091835061461667,0.0,0.0,0.6666666666666666,0.6666666666666666,-0.061045302483948904,0.09261676310750623,0.0,False,0.0,0.0
2024-06-03,0.2848377754871645,2200.0,626.6431060717618,0.1221633085896076,-0.0205068010771248,,102700.0,-0.0879855611874731,0.0,0.0,0.6666666666666666,0.6666666666666666,-0.09025182052507812,0.09261676310750623,0.0,False,0.0,0.0
2024-06-04,0.2668223408311094,1950.0,520.3035646206635,0.1221633085896076,-0.0205068010771248,,101850.0,-0.0743723475683482,0.6666666666666666,0.6666666666666666,0.6666666666666666,0.6666666666666666,-0.11181972778032162,0.09261676310750623,1.0,False,0.0,0.0
2024-06-05,0.2010160287290883,2200.0,442.2352632039943,0.1221633085896076,-0.0205068010771248,,99800.0,-0.0604054574579439,0.6666666666666666,0.6666666666666666,0.6666666666666666,0.6666666666666666,-0.11577701692951767,0.09261676310750623,1.0,False,0.0,0.0
2024-06-06,0.1931975138121546,250.0,48.29937845303866,0.0483555207517618,0.073671144859813,,101150.0,-0.0743741773995372,0.6666666666666666,0.6666666666666666,0.6666666666666666,0.6666666666666666,-0.09921214246140053,0.09261676310750623,1.0,False,0.0,0.0
2024-06-07,0.1963328143919738,1125.0,220.8744161909705,0.0483555207517618,0.073671144859813,,100050.0,-0.0661056321396448,0.6666666666666666,0.6666666666666666,0.6666666666666666,0.6666666666666666,-0.07969666695262567,0.09261676310750623,1.0,False,0.0,0.0
2024-06-11,0.1998455134532035,3350.0,669.4824700682319,0.0483555207517618,0.073671144859813,,97000.0,-0.0298217234002214,0.6666666666666666,0.6666666666666666,0.6666666666666666,0.6666666666666666,-0.09905199895032026,0.09261676310750623,1.0,False,0.0,0.0
2024-06-12,0.1743682462262961,1000.0,174.3682462262961,0.0483555207517618,0.073671144859813,,98450.0,-0.0699365074586898,0.6666666666666666,0.6666666666666666,0.6666666666666666,0.6666666666666666,-0.06441154507238887,0.09261676310750623,1.0,False,0.0,0.0
2024-06-13,0.1758260283209709,1500.0,263.7390424814564,0.0387627251370399,0.0638872663551402,,97800.0,-0.0557159325223921,0.6666666666666666,0.6666666666666666,0.6666666666666666,0.6666666666666666,-0.05180441118886407,0.09261676310750623,1.0,False,0.0,0.0
2024-06-14,0.1833277423683328,1550.0,284.1580006709159,0.0001885014137605,0.0243953880764904,,96900.0,-0.0589812360727048,0.6666666666666666,0.6666666666666666,0.6666666666666666,0.6666666666666666,-0.0707113802446521,0.09261676310750623,1.0,False,0.0,0.0
2024-06-17,0.1893122049898854,1800.0,340.76196898179376,0.0001885014137605,0.0243953880764904,,95800.0,-0.0854942137932477,0.6666666666666666,0.6666666666666666,0.6666666666666666,0.6666666666666666,-0.10541270636267358,0.09261676310750623,1.0,False,0.0,0.0
2024-06-18,0.1765445552854387,4350.0,767.9688154916587,0.0001885014137605,0.0243953880764904,,92800.0,-0.0440599897940305,0.6666666666666666,0.6666666666666666,0.6666666666666666,0.6666666666666666,-0.13299245431991222,0.09261676310750623,1.0,False,0.0,0.0
2024-06-19,0.1715147958755973,1400.0,240.1207142258363,0.0001885014137605,0.0243953880764904,,94000.0,-0.0791122895828899,0.6666666666666666,0.6666666666666666,0.6666666666666666,0.6666666666666666,-0.12672637603770373,0.09261676310750623,1.0,False,0.0,0.0
2024-06-20,0.1420424239937636,450.0,63.91909079719365,0.0169651272384543,0.0414791901012372,,94400.0,-0.0707726019678877,0.6666666666666666,0.6666666666666666,0.6666666666666666,0.6666666666666666,-0.11966450375608906,0.09261676310750623,1.0,False,0.0,0.0
2024-06-21,0.1722517877931149,2950.0,508.1427739896889,0.0278148218708325,0.0525792241011795,,91900.0,-0.0231160540534874,0.6666666666666666,0.6666666666666666,0.6666666666666666,0.6666666666666666,-0.1441521587876237,0.09261676310750623,1.0,False,0.0,0.0
2024-06-24,0.1487762812089357,4600.0,684.3708935611043,0.0278148218708325,0.0525792241011795,,88550.0,0.0045070498830016,0.6666666666666666,0.6666666666666666,0.6666666666666666,0.6666666666666666,-0.19485328349884143,0.09261676310750623,1.0,False,0.0,0.0
2024-06-25,0.1686068035045864,1550.0,261.340545432109,0.0278148218708325,0.0525792241011795,,90250.0,-0.026383792521859,0.6666666666666666,0.6666666666666666,0.6666666666666666,0.6666666666666666,-0.16274051159484812,0.09261676310750623,1.0,False,0.0,0.0
2024-06-26,0.159052799476504,-850.0,-135.19487955502848,0.0278148218708325,0.0525792241011795,,92550.0,-0.0629910067481601,0.0,0.0,0.6666666666666666,0.6666666666666666,-0.12621131113801684,0.09261676310750623,0.0,False,0.0,0.0
2024-06-27,0.1550594515894201,-2900.0,-449.6724096093184,0.0468660697275671,0.0721188006252664,,94600.0,-0.0831748098436345,0.0,0.0,0.6666666666666666,0.6666666666666666,-0.10620582424577693,0.09261676310750623,0.0,False,0.0,0.0
2024-06-28,0.1448120421798278,-3000.0,-434.4361265394834,0.0385560385560386,0.0636543070633017,,94500.0,-0.0959982471562125,0.0,0.0,0.6666666666666666,0.6666666666666666,-0.11483925961237011,0.09261676310750623,0.0,False,0.0,0.0
2024-07-01,0.1419027044327092,-4950.0,-702.4183869419107,0.0385560385560386,0.0636543070633017,,95650.0,-0.1370473865215607,0.0,0.0,0.6666666666666666,0.6666666666666666,-0.09183506146166709,0.09261676310750623,0.0,False,0.0,0.0
2024-07-02,0.0882105745721271,-3350.0,-295.5054248166258,0.0385560385560386,0.0636543070633017,,94050.0,-0.1475272617864391,0.0,0.0,0.6666666666666666,0.6666666666666666,-0.08798556118747312,0.09261676310750623,0.0,False,0.0,0.0
2024-07-03,0.0797502163036527,-4100.0,-326.9758868449763,0.0385560385560386,0.0636543070633017,,94550.0,-0.1339091930748208,0.0,0.0,0.6666666666666666,0.6666666666666666,-0.07437234756834829,0.09261676310750623,0.0,False,0.0,0.0
2024-07-04,-0.0041204784130688,-3200.0,13.185530921820288,0.0202230202230202,0.0449034259128717,,93950.0,-0.1501671398363584,0.0,0.0,0.6666666666666666,0.6666666666666666,-0.06040545745794394,0.09261676310750623,0.0,False,0.0,0.0
2024-07-05,-0.0125524526117782,-3350.0,42.05071624945726,0.0080298786181138,0.0080244814688881,,93900.0,-0.1477812315417784,0.6666666666666666,0.6666666666666666,0.6666666666666666,0.6666666666666666,-0.07437417739953726,0.09261676310750623,1.0,False,0.0,0.0
2024-07-08,0.0922498554077502,-3100.0,-285.97455176402565,0.0080298786181138,0.0080244814688881,,93650.0,-0.1389614086432805,0.0,0.0,0.6666666666666666,0.6666666666666666,-0.06610563213964486,0.09261676310750623,0.0,False,0.0,0.0
2024-07-09,0.0766452074391987,-3700.0,-283.5872675250355,0.0080298786181138,0.0080244814688881,,94150.0,-0.1473584338933145,0.0,0.0,0.6666666666666666,0.6666666666666666,-0.029821723400221413,0.09261676310750623,0.0,False,0.0,0.0
2024-07-10,0.0712853562477622,-1450.0,-103.36376655925524,0.0080298786181138,0.0080244814688881,,91800.0,-0.1338426766737287,0.0,0.0,0.6666666666666666,0.6666666666666666,-0.06993650745868982,0.09261676310750623,0.0,False,0.0,0.0
2024-07-11,0.0672401433691756,-2650.0,-178.18637992831538,-0.0531473803241613,0.0250497563653833,,92500.0,-0.1641100197300167,0.0,0.0,0.6666666666666666,0.6666666666666666,-0.055715932522392125,0.09261676310750623,0.0,False,0.0,0.0
2024-07-12,0.0543231750531538,-1600.0,-86.9170800850462,-0.0531473803241613,0.0250497563653833,,91350.0,-0.1637753932014679,0.0,0.0,0.6666666666666666,0.6666666666666666,-0.05898123607270482,0.09261676310750623,0.0,False,0.0,0.0
2024-07-15,0.0399007795889441,1500.0,59.85116938341617,-0.0531473803241613,0.0250497563653833,,87950.0,-0.1460351308972361,0.6666666666666666,0.6666666666666666,0.6666666666666666,0.6666666666666666,-0.0854942137932477,0.09261676310750623,1.0,False,0.0,0.0
2024-07-16,0.0618097613110082,-850.0,-52.538297114357,-0.0531473803241613,0.0250497563653833,,88800.0,-0.1425812281444405,0.0,0.0,0.6666666666666666,0.6666666666666666,-0.044059989794030543,0.09261676310750623,0.0,False,0.0,0.0
2024-07-17,0.1843291592128801,500.0,92.16457960644009,-0.0531473803241613,0.0250497563653833,,86850.0,-0.1675775900672277,0.6666666666666666,0.6666666666666666,0.6666666666666666,0.6666666666666666,-0.07911228958288993,0.09261676310750623,1.0,False,0.0,0.0
2024-07-18,0.1735584695527214,-1500.0,-260.3377043290822,-0.0828544949026878,-0.0070878898339408,,87950.0,-0.1945621717918965,0.0,0.0,0.6666666666666666,0.6666666666666666,-0.07077260196788779,0.09261676310750623,0.0,False,0.0,0.0
2024-07-19,0.2182656499379323,-3400.0,-742.1032097889698,-0.0828544949026878,-0.0070878898339408,,89800.0,-0.2078107003393592,-0.6666666666666666,0.6666666666666666,0.6666666666666666,0.6666666666666666,-0.023116054053487475,0.09261676310750623,-1.0,False,0.0,0.0
2024-07-22,0.2404647006255584,-2600.0,-625.208221626452,-0.0828544949026878,-0.0070878898339408,,88950.0,-0.1921504784913743,-0.6666666666666666,0.6666666666666666,0.6666666666666666,0.6666666666666666,0.004507049883001673,0.09261676310750623,-1.0,False,0.0,0.0
2024-07-23,0.2715593101020768,-1550.0,-420.91693065821903,-0.0828544949026878,-0.0070878898339408,,87900.0,-0.1587116911548208,-0.6666666666666666,0.6666666666666666,0.6666666666666666,0.6666666666666666,-0.026383792521859028,0.09261676310750623,-1.0,False,0.0,0.0
2024-07-24,0.2654199011997178,-1000.0,-265.4199011997178,-0.0828544949026878,-0.0070878898339408,,86900.0,-0.1093320793946437,-0.6666666666666666,0.6666666666666666,0.6666666666666666,0.6666666666666666,-0.0629910067481601,0.09261676310750623,-1.0,False,0.0,0.0
2024-07-25,0.2628501400560223,-2200.0,-578.2703081232492,-0.1079162875341219,-0.0341970972231426,,87050.0,-0.1430124810003401,-0.6666666666666666,0.6666666666666666,0.6666666666666666,0.6666666666666666,-0.0831748098436345,0.09261676310750623,-1.0,False,0.0,0.0
2024-07-26,0.2680002812543947,-1000.0,-268.0002812543947,-0.1079162875341219,-0.0341970972231426,,85850.0,-0.1573590827544938,-0.6666666666666666,0.6666666666666666,0.6666666666666666,0.6666666666666666,-0.09599824715621258,0.09261676310750623,-1.0,False,0.0,0.0
2024-07-29,0.1787478541148441,850.0,151.93567599761755,-0.1079162875341219,-0.0341970972231426,,83400.0,-0.1148646364585369,0.6666666666666666,0.6666666666666666,0.6666666666666666,0.6666666666666666,-0.13704738652156076,0.09261676310750623,1.0,False,0.0,0.0
2024-07-30,0.1296120765315078,1250.0,162.01509566438483,-0.1079162875341219,-0.0341970972231426,,81150.0,-0.0635942146194294,0.6666666666666666,0.6666666666666666,0.6666666666666666,0.6666666666666666,-0.14752726178643918,0.09261676310750623,1.0,False,0.0,0.0
2024-07-31,-1.0,-700.0,700.0,-0.1079162875341219,-0.0341970972231426,,82700.0,-0.0877811576401671,0.6666666666666666,0.6666666666666666,0.6666666666666666,0.6666666666666666,-0.13390919307482085,0.09261676310750623,1.0,False,0.0,0.0
2024-08-01,-0.5086595144813445,850.0,-432.3605873091428,-0.1167098925527972,-0.0438507724482223,,80850.0,-0.0507401160385109,0.0,0.0,0.6666666666666666,0.6666666666666666,-0.1501671398363584,0.09261676310750623,0.0,False,0.0,0.0
2024-08-02,-0.0137377733816902,-200.0,2.7475546763380487,-0.1167098925527972,-0.0438507724482223,,81000.0,-0.0262679268206101,0.6666666666666666,0.6666666666666666,0.6666666666666666,0.6666666666666666,-0.14778123154177847,0.09261676310750623,1.0,False,0.0,0.0
2024-08-05,-0.0411371458829759,-1000.0,41.1371458829759,-0.1167098925527972,-0.0438507724482223,,81500.0,-0.0804517892910228,0.6666666666666666,0.6666666666666666,0.6666666666666666,0.6666666666666666,-0.1389614086432805,0.09261676310750623,1.0,False,0.0,0.0
2024-08-06,0.0548118127761352,-750.0,-41.10885958210142,-0.1167098925527972,-0.0438507724482223,,81250.0,-0.081376930686673,0.0,0.0,0.6666666666666666,0.6666666666666666,-0.1473584338933145,0.09261676310750623,0.0,False,0.0,0.0
2024-08-07,0.1060124995822331,100.0,10.601249958223312,-0.1167098925527972,-0.0438507724482223,,80300.0,-0.0871245952178854,0.6666666666666666,0.6666666666666666,0.6666666666666666,0.6666666666666666,-0.13384267667372876,0.09261676310750623,1.0,False,0.0,0.0
2024-08-08,0.1146896829661472,1750.0,200.7069451907577,-0.0605095541401273,-0.0605918585966791,,78500.0,-0.1039460882650157,0.6666666666666666,0.6666666666666666,0.6666666666666666,0.6666666666666666,-0.16411001973001677,0.09261676310750623,1.0,False,0.0,0.0
2024-08-09,0.1155513729707928,2700.0,311.9887070211408,-0.0605095541401273,-0.0605918585966791,,77550.0,-0.0854300712046177,0.6666666666666666,0.6666666666666666,0.6666666666666666,0.6666666666666666,-0.16377539320146794,0.09261676310750623,1.0,False,0.0,0.0
2024-08-12,0.2294690928917058,2150.0,493.3585497171675,-0.0605095541401273,-0.0605918585966791,,76000.0,-0.0382212128201977,0.0,0.0,0.6666666666666666,0.6666666666666666,-0.14603513089723613,0.09261676310750623,0.0,False,0.0,0.0
2024-08-13,0.2189229994967287,1050.0,229.8691494715652,-0.0605095541401273,-0.0605918585966791,,77000.0,-0.065058136633804,0.0,0.0,0.6666666666666666,0.6666666666666666,-0.1425812281444405,0.09261676310750623,0.0,False,0.0,0.0
2024-08-14,0.100537731859102,4000.0,402.1509274364083,-0.0605095541401273,-0.0605918585966791,,73450.0,0.0658565765591552,0.6666666666666666,0.6666666666666666,0.6666666666666666,0.6666666666666666,-0.1675775900672277,0.09261676310750623,1.0,False,0.0,0.0
2024-08-15,0.1259413457417497,2950.0,371.52696993816176,-0.0808407437348424,-0.0809028485960976,,72400.0,0.0609495608932175,0.6666666666666666,0.6666666666666666,0.6666666666666666,0.6666666666666666,-0.19456217179189655,0.09261676310750623,1.0,False,0.0,0.0
2024-08-16,0.0661154618766193,2250.0,148.7597892223935,-0.0808407437348424,-0.0809028485960976,,72950.0,0.0611486146537532,0.6666666666666666,0.6666666666666666,0.6666666666666666,0.6666666666666666,-0.20781070033935925,0.09261676310750623,1.0,False,0.0,0.0
2024-08-19,0.0575759322229265,1300.0,74.84871188980453,-0.0808407437348424,-0.0809028485960976,,73400.0,0.0255561991853781,0.6666666666666666,0.6666666666666666,0.6666666666666666,0.6666666666666666,-0.19215047849137432,0.09261676310750623,1.0,False,0.0,0.0
2024-08-20,0.0192110726643599,-300.0,-5.7633217993079855,-0.0808407437348424,-0.0809028485960976,,75000.0,0.0092900469070927,0.0,0.0,0.6666666666666666,0.6666666666666666,-0.15871169115482084,0.09261676310750623,0.0,False,0.0,0.0
2024-08-21,0.0573029948134515,-3050.0,-174.7741341810273,-0.0808407437348424,-0.0809028485960976,,77900.0,-0.0339458180708546,0.0,0.0,0.6666666666666666,0.6666666666666666,-0.10933207939464376,0.09261676310750623,0.0,False,0.0,0.0
2024-08-22,0.0557296143288879,-570.0,-31.765880167466104,-0.0777233782129743,-0.0776778974816441,,75450.0,-0.0079840743482205,0.0,0.0,0.6666666666666666,0.6666666666666666,-0.1430124810003401,0.09261676310750623,0.0,False,0.0,0.0
2024-08-23,0.0795186735797266,900.0,71.56680622175398,-0.0777233782129743,-0.0776778974816441,,73350.0,0.0459621355646358,0.6666666666666666,0.6666666666666666,0.6666666666666666,0.6666666666666666,-0.15735908275449387,0.09261676310750623,1.0,False,0.0,0.0
2024-08-26,0.1554465745281616,-150.0,-23.31698617922425,-0.0777233782129743,-0.0776778974816441,,74350.0,0.0252337425813568,0.0,0.0,0.6666666666666666,0.6666666666666666,-0.11486463645853698,0.09261676310750623,0.0,False,0.0,0.0
2024-08-27,0.2450197345930322,-1850.0,-453.2865089971097,-0.0777233782129743,-0.0776778974816441,,76150.0,0.0117494824249539,-0.6666666666666666,0.6666666666666666,0.6666666666666666,0.6666666666666666,-0.06359421461942945,0.09261676310750623,-1.0,False,0.0,0.0
2024-08-28,,-1500.0,,-0.0777233782129743,-0.0776778974816441,,75750.0,0.0157174158954097,0.0,0.0,0.6666666666666666,0.6666666666666666,-0.08778115764016711,0.09261676310750623,0.0,False,0.0,0.0
2024-08-29,1.9853938445487744,-2600.0,-5162.023995826813,-0.0509647651006711,-0.0510124885345375,,76850.0,0.037041271680349,-0.6666666666666666,0.6666666666666666,0.6666666666666666,0.6666666666666666,-0.05074011603851096,0.09261676310750623,-1.0,False,0.0,0.0
2024-08-30,0.5566451229477751,-4300.0,-2393.574028675433,-0.0509647651006711,-0.0510124885345375,,78900.0,-0.0289316225340053,-0.6666666666666666,0.6666666666666666,0.6666666666666666,0.6666666666666666,-0.026267926820610188,0.09261676310750623,-1.0,False,0.0,0.0
2024-09-02,0.4650881855520656,-550.0,-255.7985020536361,-0.0509647651006711,-0.0510124885345375,,75200.0,0.0158314652166806,-0.6666666666666666,0.6666666666666666,0.6666666666666666,0.6666666666666666,-0.08045178929102288,0.09261676310750623,-1.0,False,0.0,0.0
2024-09-03,0.3506755267218846,-850.0,-298.0741977136019,-0.0509647651006711,-0.0510124885345375,,74900.0,-0.0161510913278828,-0.6666666666666666,0.6666666666666666,0.6666666666666666,0.6666666666666666,-0.08137693068667305,0.09261676310750623,-1.0,False,0.0,0.0
2024-09-04,0.3207324811893755,250.0,80.18312029734386,-0.0509647651006711,-0.0510124885345375,,73600.0,0.0040678022193255,0.0,0.0,0.6666666666666666,0.6666666666666666,-0.08712459521788543,0.09261676310750623,0.0,False,0.0,0.0
2024-09-05,0.3026724111958061,2750.0,832.3491307884668,-0.0341101694915254,-0.0341386928943054,,70750.0,0.0326758302323857,0.0,0.0,0.6666666666666666,0.6666666666666666,-0.10394608826501572,0.09261676310750623,0.0,False,0.0,0.0
2024-09-06,0.3089994275556627,1400.0,432.5991985779277,-0.0341101694915254,-0.0341386928943054,,71200.0,0.0304311172025398,0.0,0.0,0.6666666666666666,0.6666666666666666,-0.08543007120461772,0.09261676310750623,0.0,False,0.0,0.0
2024-09-09,0.2109756097560975,-900.0,-189.87804878048777,-0.0341101694915254,-0.0341386928943054,,73150.0,-0.0277218029302719,-0.6666666666666666,0.6666666666666666,0.6666666666666666,0.6666666666666666,-0.03822121282019774,0.09261676310750623,-1.0,False,0.0,0.0
2024-09-10,0.1996146435452794,300.0,59.88439306358384,-0.0341101694915254,-0.0341386928943054,,72150.0,-0.0504547504880403,0.0,0.0,0.6666666666666666,0.6666666666666666,-0.06505813663380403,0.09261676310750623,0.0,False,0.0,0.0
2024-09-11,0.1938512215207246,-5050.0,-978.9486686796596,-0.0341101694915254,-0.0341386928943054,,78450.0,-0.1047233700485051,0.0,0.0,0.6666666666666666,0.6666666666666666,0.06585657655915522,0.09261676310750623,0.0,False,0.0,0.0
2024-09-12,0.1558183795541055,-3150.0,-490.8278955954323,-0.0496921723834652,0.0099859457060433,,76950.0,-0.0602591915181968,0.0,0.0,0.6666666666666666,0.6666666666666666,0.060949560893217514,0.09261676310750623,0.0,False,0.0,0.0
2024-09-13,0.1521026761332604,-3250.0,-494.33369743309646,-0.0496921723834652,0.0099859457060433,,77550.0,-0.0502418944026186,0.0,0.0,0.6666666666666666,0.6666666666666666,0.0611486146537532,0.09261676310750623,0.0,False,0.0,0.0
2024-09-18,0.1453405994550409,-1000.0,-145.34059945504097,-0.0496921723834652,0.0099859457060433,,75300.0,-0.0006642311768627,0.0,0.0,0.6666666666666666,0.6666666666666666,0.0255561991853781,0.09261676310750623,0.0,False,0.0,0.0
2024-09-19,0.1379179228115918,-1650.0,-227.5645726391266,-0.0982849604221636,-0.0415711221244174,,75700.0,-0.0200140102700683,0.0,0.0,0.6666666666666666,0.6666666666666666,0.009290046907092734,0.09261676310750623,0.0,False,0.0,0.0
2024-09-20,0.1014057019278951,-1100.0,-111.54627212068462,-0.0982849604221636,-0.0415711221244174,,75300.0,-0.0080000426670762,0.0,0.0,0.6666666666666666,0.6666666666666666,-0.03394581807085469,0.09261676310750623,0.0,False,0.0,0.0
2024-09-23,0.1079654384536596,-850.0,-91.77062268561072,-0.092899800928998,-0.0360092255040547,,74850.0,0.0231109658809082,0.0,0.0,0.6666666666666666,0.6666666666666666,-0.007984074348220531,0.09261676310750623,0.0,False,0.0,0.0
2024-09-24,0.0847052780274817,-2600.0,-220.2337228714525,-0.092899800928998,-0.0360092255040547,,76800.0,-0.0250507496304527,0.0,0.0,0.6666666666666666,0.6666666666666666,0.04596213556463585,0.09261676310750623,0.0,False,0.0,0.0
2024-09-25,0.0889517684887459,-1150.0,-102.29453376205788,-0.092899800928998,-0.0360092255040547,,76250.0,-0.0319814065101321,0.0,0.0,0.6666666666666666,0.6666666666666666,0.025233742581356886,0.09261676310750623,0.0,False,0.0,0.0
2024-09-26,0.0699433364119717,-2000.0,-139.8866728239434,-0.1154611811546117,-0.0599657763559259,,77050.0,-0.0289684509004874,0.0,0.0,0.6666666666666666,0.6666666666666666,0.011749482424953944,0.09261676310750623,0.0,False,0.0,0.0
2024-09-27,0.0874166895484387,-1400.0,-122.38336536781422,-0.1154611811546117,-0.0599657763559259,,76950.0,-0.0058651194523981,0.0,0.0,0.6666666666666666,0.6666666666666666,0.015717415895409724,0.09261676310750623,0.0,False,0.0,0.0
2024-09-30,0.0874166895484387,-4100.0,-358.4084271485988,-0.1162430939226518,-0.0605947955390334,,79750.0,-0.0318498258870991,0.0,0.0,0.6666666666666666,0.6666666666666666,0.037041271680349076,0.08369196247083623,0.0,False,0.0,0.0
2024-10-08,0.0662164741815405,600.0,39.72988450892432,-0.1162430939226518,-0.0605947955390334,,76650.0,0.0090909717012521,0.6666666666666666,0.6666666666666666,0.6666666666666666,0.6666666666666666,-0.028931622534005393,0.06767903297145347,1.0,False,0.0,0.0
2024-10-09,0.0543017338861666,600.0,32.581040331699995,-0.1162430939226518,-0.0605947955390334,,76400.0,-0.0065660117708905,0.6666666666666666,0.6666666666666666,0.6666666666666666,0.6666666666666666,0.015831465216680662,0.06589280428650093,1.0,False,0.0,0.0
2024-10-10,0.0420863644842379,3250.0,136.7806845737734,-0.0786740331491713,-0.0207434944237918,,73700.0,0.0418526707893139,0.6666666666666666,0.6666666666666666,0.6666666666666666,0.6666666666666666,-0.016151091327882845,0.06589280428650093,1.0,False,0.0,0.0
2024-10-11,0.0086942595007664,2550.0,22.170361726954347,-0.0786740331491713,-0.0207434944237918,,73900.0,0.0332698682183187,0.6666666666666666,0.6666666666666666,0.6666666666666666,0.6666666666666666,0.004067802219325527,0.06589280428650093,1.0,False,0.0,0.0
2024-10-14,0.042718042417374,2750.0,117.47461664777876,-0.0855450756744901,-0.0281139315230224,,73100.0,0.1020033133679113,0.6666666666666666,0.6666666666666666,0.6666666666666666,0.6666666666666666,0.03267583023238574,0.06589280428650093,1.0,False,0.0,0.0
2024-10-15,0.0400948281814623,2200.0,88.20862199921721,-0.0855450756744901,-0.0281139315230224,,73400.0,0.1003753583401303,0.6666666666666666,0.6666666666666666,0.6666666666666666,0.6666666666666666,0.030431117202539833,0.06589280428650093,1.0,False,0.0,0.0
2024-10-16,0.031287192163325,4250.0,132.97056669413166,-0.0855450756744901,-0.0281139315230224,,71150.0,0.1953540894019722,0.6666666666666666,0.6666666666666666,0.6666666666666666,0.6666666666666666,-0.02772180293027191,0.06589280428650093,1.0,False,0.0,0.0
2024-10-17,0.03182506539397,6100.0,194.13289890321707,-0.0726036411493749,-0.0143890200708381,,68600.0,0.1661566199405993,0.6666666666666666,0.6666666666666666,0.6666666666666666,0.6666666666666666,-0.05045475048804032,0.06589280428650093,1.0,False,0.0,0.0
2024-10-18,0.0195208314172721,3000.0,58.56249425181637,-0.0726036411493749,-0.0143890200708381,,70650.0,0.1028094938662209,0.6666666666666666,0.6666666666666666,0.6666666666666666,0.6666666666666666,-0.10472337004850515,0.06589280428650093,1.0,False,0.0,0.0
2024-10-21,0.0218296440921172,1050.0,22.92112629672316,-0.0217491901897268,-0.0217518675845905,,72450.0,0.1109350113569527,0.6666666666666666,0.6666666666666666,0.6666666666666666,0.6666666666666666,-0.06025919151819684,0.06589280428650093,1.0,False,0.0,0.0
2024-10-22,0.0204313818440389,-400.0,-8.172552737615568,-0.0217491901897268,-0.0217518675845905,,73750.0,0.113933829047104,0.0,0.0,0.6666666666666666,0.6666666666666666,-0.05024189440261864,0.06589280428650093,0.0,False,0.0,0.0
2024-10-23,0.0348527382595043,-1600.0,-55.76438121520688,-0.0217491901897268,-0.0217518675845905,,75250.0,0.0944036984006605,0.0,0.0,0.6666666666666666,0.6666666666666666,-0.0006642311768627833,0.06589280428650093,0.0,False,0.0,0.0
2024-10-24,0.0344416067976227,-900.0,-30.997446117860484,0.0360887588393075,0.0359651153816469,,74200.0,0.0993451550165038,0.0,0.0,0.6666666666666666,0.6666666666666666,-0.020014010270068355,0.06589280428650093,0.0,False,0.0,0.0
2024-10-25,0.0396053828839615,-1400.0,-55.44753603754615,0.0360887588393075,0.0359651153816469,,74700.0,0.0622769295215145,0.0,0.0,0.6666666666666666,0.6666666666666666,-0.008000042667076265,0.06589280428650093,0.0,False,0.0,0.0
2024-10-28,0.0480468379634018,-3000.0,-144.14051389020543,0.0360887588393075,0.0359651153816469,,76600.0,0.0477950154369759,0.0,0.0,0.6666666666666666,0.6666666666666666,0.02311096588090824,0.06589280428650093,0.0,False,0.0,0.0
2024-10-29,0.050008287358227,-850.0,-42.50704425449299,0.0360887588393075,0.0359651153816469,,74900.0,0.0488537389811129,0.0,0.0,0.6666666666666666,0.6666666666666666,-0.025050749630452725,0.06589280428650093,0.0,False,0.0,0.0
2024-10-30,0.0489452672855692,0.0,0.0,0.0360887588393075,0.0359651153816469,,73850.0,0.0610626158109738,0.0,0.0,0.6666666666666666,0.6666666666666666,-0.03198140651013218,0.06589280428650093,0.0,False,0.0,0.0
2024-10-31,0.0464036581667173,-1150.0,-53.36420689172492,0.0577644411102773,0.0576968737633558,,74850.0,0.0476125139227254,0.0,0.0,0.6666666666666666,0.6666666666666666,-0.028968450900487434,0.06589280428650093,0.0,False,0.0,0.0
2024-11-01,0.0366825057962032,-2650.0,-97.2086403599386,0.0577644411102773,0.0576968737633558,,76500.0,0.0264446238691399,0.0,0.0,0.6666666666666666,0.6666666666666666,-0.005865119452398134,0.06589280428650093,0.0,False,0.0,0.0
2024-11-04,0.0679246149255101,-2650.0,-180.00022955260192,0.0577644411102773,0.0576968737633558,,77250.0,0.0135006872189025,0.0,0.0,0.6666666666666666,0.6666666666666666,-0.03184982588709916,0.06589280428650093,0.0,False,0.0,0.0
2024-11-05,0.0711232459772173,-2400.0,-170.69579034532154,0.0577644411102773,0.0576968737633558,,77350.0,0.0083682496705165,0.0,0.0,0.6666666666666666,0.6666666666666666,0.009090971701252105,0.06589280428650093,0.0,False,0.0,0.0
2024-11-06,0.0698947556588385,-950.0,-66.4000178758966,0.0577644411102773,0.0576968737633558,,75900.0,0.0052562538888271,0.0,0.0,0.6666666666666666,0.6666666666666666,-0.006566011770890558,0.06589280428650093,0.0,False,0.0,0.0
2024-11-07,0.0807285257199112,-1900.0,-153.38419886783146,0.0450947469417126,0.0450990813150102,,76850.0,-0.0045647291521147,0.0,0.0,0.6666666666666666,0.6666666666666666,0.04185267078931392,0.06589280428650093,0.0,False,0.0,0.0
2024-11-08,0.0878263433665251,-1000.0,-87.82634336652518,0.0450947469417126,0.0450990813150102,,76400.0,0.0032669091453483,0.0,0.0,0.6666666666666666,0.6666666666666666,0.03326986821831877,0.06589280428650093,0.0,False,0.0,0.0
2024-11-11,0.0892112501109041,-5450.0,-486.2013131044276,0.0450947469417126,0.0450990813150102,,80950.0,-0.0526270399700176,0.0,0.0,0.6666666666666666,0.6666666666666666,0.10200331336791137,0.06837886201448022,0.0,False,0.0,0.0
2024-11-12,0.0826971165549137,-4450.0,-368.0021686693661,0.0450947469417126,0.0450990813150102,,81150.0,-0.0577022172140545,0.0,0.0,0.6666666666666666,0.6666666666666666,0.1003753583401303,0.09102891730628257,0.0,False,0.0,0.0
2024-11-13,0.1140060809161322,-8300.0,-946.250471603898,0.0450947469417126,0.0450990813150102,,86500.0,-0.1208948086200104,0.0,0.0,0.6666666666666666,0.6666666666666666,0.19535408940197224,0.1005381538429084,0.0,False,0.0,0.0
2024-11-14,0.1155685027463364,-2050.0,-236.91543062998971,0.086092715231788,0.0860971775099199,,81000.0,-0.0499945929063139,0.0,0.0,0.6666666666666666,0.6666666666666666,0.16615661994059933,0.10342836366635694,0.0,False,0.0,0.0
2024-11-15,0.1212872961818631,400.0,48.51491847274527,0.086092715231788,0.0860971775099199,,78300.0,-0.0324493103484314,0.6666666666666666,0.6666666666666666,0.6666666666666666,0.6666666666666666,0.10280949386622094,0.10415392611483557,1.0,False,0.0,0.0
2024-11-18,0.2227491424756555,-2500.0,-556.8728561891389,0.086092715231788,0.0860971775099199,,80950.0,-0.063098339837313,-0.6666666666666666,0.6666666666666666,0.6666666666666666,0.6666666666666666,0.1109350113569527,0.1114668918564942,-1.0,False,0.0,0.0
2024-11-19,0.2388506921861934,-3900.0,-931.5176995261546,0.086092715231788,0.0860971775099199,,82650.0,-0.094463593311239,-0.6666666666666666,0.6666666666666666,0.6666666666666666,0.6666666666666666,0.11393382904710407,0.11416582777763044,-1.0,False,0.0,0.0
2024-11-20,0.2181429458148462,-3650.0,-796.2217522241889,0.086092715231788,0.0860971775099199,,82700.0,-0.1063014391764024,-0.6666666666666666,0.6666666666666666,0.6666666666666666,0.6666666666666666,0.09440369840066053,0.11416582777763044,-1.0,False,0.0,0.0
2024-11-21,0.2295108444854638,-2550.0,-585.2526534379328,0.1228524358672629,0.1228488415406392,,81950.0,-0.1031258778564099,-0.6666666666666666,0.6666666666666666,0.6666666666666666,0.6666666666666666,0.09934515501650384,0.11416582777763044,-1.0,False,0.0,0.0
2024-11-22,0.2280495669799151,-400.0,-91.21982679196609,0.1228524358672629,0.1228488415406392,,79500.0,-0.0205878411562872,-0.6666666666666666,0.6666666666666666,0.6666666666666666,0.6666666666666666,0.06227692952151451,0.11416582777763044,-1.0,False,0.0,0.0
2024-11-25,0.2054732556824607,-1250.0,-256.841569603076,0.1228524358672629,0.1228488415406392,,80350.0,-0.0402517360740489,-0.6666666666666666,0.6666666666666666,0.6666666666666666,0.6666666666666666,0.04779501543697597,0.11416582777763044,-1.0,False,0.0,0.0
2024-11-26,0.1851617995264405,250.0,46.29044988161013,0.1228524358672629,0.1228488415406392,,78650.0,-0.0057379819530214,0.0,0.0,0.6666666666666666,0.6666666666666666,0.048853738981112976,0.11123489312596782,0.0,False,0.0,0.0
2024-11-27,0.1346695191982885,100.0,13.466951919828851,0.1228524358672629,0.1228488415406392,,78500.0,-0.0128206884290614,-0.6666666666666666,0.6666666666666666,0.6666666666666666,0.6666666666666666,0.06106261581097385,0.10362204561529408,-1.0,False,0.0,0.0
2024-11-28,0.1109649513957014,-300.0,-33.28948541871042,0.164775413711584,0.164771026638731,,78500.0,-0.0125626572058519,0.0,0.0,0.6666666666666666,0.6666666666666666,0.04761251392272547,0.10208393141774232,0.0,False,0.0,0.0
2024-11-29,-0.5193640530546269,-350.0,181.7774185691194,0.164775413711584,0.164771026638731,,78550.0,-0.02644462386914,0.6666666666666666,0.6666666666666666,0.6666666666666666,0.6666666666666666,0.026444623869139917,0.10208393141774232,1.0,False,0.0,0.0
2024-12-02,-0.5063410859378359,100.0,-50.63410859378359,0.164775413711584,0.164771026638731,,78300.0,0.0002553952254974,0.0,0.0,0.6666666666666666,0.6666666666666666,0.013500687218902524,0.1005381538429084,0.0,False,0.0,0.0
2024-12-03,-0.5174359081506863,250.0,-129.35897703767156,0.164775413711584,0.164771026638731,,78000.0,-0.0116055461203078,0.0,0.0,0.6666666666666666,0.6666666666666666,0.00836824967051658,0.09944817534886648,0.0,False,0.0,0.0
2024-12-04,-0.421774816733151,1800.0,-759.1946701196717,0.164775413711584,0.164771026638731,,76300.0,0.0194684928939345,0.0,0.0,0.6666666666666666,0.6666666666666666,0.005256253888827123,0.09489784406224483,0.0,False,0.0,0.0
2024-12-05,-0.3903645887248711,600.0,-234.21875323492267,0.0589855405095249,0.1387577188521613,,76500.0,-0.00156985903512,0.0,0.0,0.6666666666666666,0.6666666666666666,-0.004564729152114717,0.06882018946873851,0.0,False,0.0,0.0
2024-12-06,-0.2765904209845909,250.0,-69.14760524614775,0.0589855405095249,0.1387577188521613,,76650.0,0.0130907189856982,0.0,0.0,0.6666666666666666,0.6666666666666666,0.003266909145348321,0.06586867663975889,0.0,False,0.0,0.0
2024-12-09,-0.2477294017024396,-300.0,74.31882051073188,0.0589855405095249,0.1387577188521613,,76800.0,0.0259621316132312,0.6666666666666666,0.6666666666666666,0.6666666666666666,0.6666666666666666,-0.05262703997001764,0.06263489422527856,1.0,False,0.0,0.0
2024-12-10,-0.207292646036872,50.0,-10.3646323018436,0.0589855405095249,0.1387577188521613,,76600.0,0.0075432793629269,0.0,0.0,0.6666666666666666,0.6666666666666666,-0.05770221721405457,0.06126144614052933,0.0,False,0.0,0.0
2024-12-11,-0.2065702446410072,-100.0,20.65702446410073,0.0589855405095249,0.1387577188521613,,76650.0,0.0205314204087386,0.6666666666666666,0.6666666666666666,0.6666666666666666,0.6666666666666666,-0.12089480862001047,0.061071215695251785,1.0,False,0.0,0.0
2024-12-12,-0.1700952836582545,-500.0,85.04764182912727,0.0348432055749128,0.11270421175984,,77050.0,0.0112280975681549,0.6666666666666666,0.6666666666666666,0.6666666666666666,0.6666666666666666,-0.04999459290631396,0.060960866384993144,1.0,False,0.0,0.0
2024-12-13,-0.1498622257084816,600.0,-89.91733542508898,0.0348432055749128,0.11270421175984,,75800.0,0.0383069611225988,0.0,0.0,0.6666666666666666,0.6666666666666666,-0.03244931034843142,0.05006332117232336,0.0,False,0.0,0.0
2024-12-16,-0.1926009601807399,0.0,-0.0,0.0348432055749128,0.11270421175984,,76000.0,0.039979534487277,0.0,0.0,0.6666666666666666,0.6666666666666666,-0.06309833983731308,0.04867083210357642,0.0,False,0.0,0.0
2024-12-17,-0.1702446798537545,700.0,-119.1712758976282,0.0348432055749128,0.11270421175984,,75200.0,0.0651201338829765,0.0,0.0,0.6666666666666666,0.6666666666666666,-0.09446359331123903,0.047880564804996716,0.0,False,0.0,0.0
2024-12-18,-0.1233298105231373,1490.0,-183.76141767947456,0.0348432055749128,0.11270421175984,,74360.0,0.071356938781832,0.0,0.0,0.6666666666666666,0.6666666666666666,-0.1063014391764024,0.04763076407415052,0.0,False,0.0,0.0
2024-12-19,-0.1301255465685814,1580.0,-205.5983635783587,0.0081743869209809,0.0841295116772824,,73920.0,0.0882506880913659,0.0,0.0,0.6666666666666666,0.6666666666666666,-0.10312587785640999,0.0461271734004448,0.0,False,0.0,0.0
2024-12-20,-0.104957143125082,-2330.0,244.55014348144127,0.0081743869209809,0.0841295116772824,,77880.0,0.0358171955413544,0.6666666666666666,0.6666666666666666,0.6666666666666666,0.6666666666666666,-0.02058784115628723,0.0461271734004448,1.0,False,0.0,0.0
2024-12-23,-0.0930393996247654,-1630.0,151.65422138836774,0.0081743869209809,0.0841295116772824,,77180.0,0.0172130132987875,0.6666666666666666,0.6666666666666666,0.6666666666666666,0.6666666666666666,-0.04025173607404892,0.0461271734004448,1.0,False,0.0,0.0
2024-12-24,-0.0560735215769845,-2600.0,145.79115610015978,0.0081743869209809,0.0841295116772824,,78200.0,0.0127066512691148,0.6666666666666666,0.6666666666666666,0.6666666666666666,0.6666666666666666,-0.005737981953021432,0.0461271734004448,1.0,False,0.0,0.0
2024-12-25,0.0007938870695642,-1900.0,-1.5083854321721546,0.0081743869209809,0.0841295116772824,,77500.0,0.0264848686394813,0.0,0.0,0.6666666666666666,0.6666666666666666,-0.012820688429061434,0.0461271734004448,0.0,False,0.0,0.0
2024-12-26,0.0348391498926328,-1920.0,-66.891167793855,-0.0560178607672012,0.0151612488757548,,77520.0,0.0262268374162717,0.0,0.0,0.6666666666666666,0.6666666666666666,-0.01256265720585193,0.0461271734004448,0.0,False,0.0,0.0
2024-12-27,1.3996130102275868,-950.0,-1329.6323597162077,-0.0560178607672012,0.0151612488757548,,76500.0,0.0399745767396809,-0.6666666666666666,0.6666666666666666,0.6666666666666666,0.6666666666666666,-0.02644462386914,0.0461271734004448,-1.0,False,0.0,0.0
2024-12-30,1.2818949751807018,-3270.0,-4191.796568840895,-0.0560178607672012,0.0151612488757548,,78320.0,-0.0025568922137767,-0.6666666666666666,0.6666666666666666,0.6666666666666666,0.6666666666666666,0.0002553952254974682,0.0461271734004448,-1.0,False,0.0,0.0
2024-12-31,1.3101835815725669,-2050.0,-2685.876342223762,-0.0560178607672012,0.0151612488757548,,77100.0,0.0051746557900174,-0.6666666666666666,0.6666666666666666,0.6666666666666666,0.6666666666666666,-0.01160554612030789,0.0461271734004448,-1.0,False,0.0,0.0
2025-01-02,0.9607743986130176,-2700.0,-2594.090876255147,-0.1392327988634059,-0.0180521649749454,,77800.0,0.0,-0.6666666666666666,0.6666666666666666,0.6666666666666666,0.6666666666666666,0.019468492893934514,0.0461271734004448,-1.0,False,0.0,0.0
2025-01-03,0.846294912721592,-1480.0,-1252.516470827956,-0.0808409189423494,-0.0248803827751196,,76380.0,0.0286508176377907,-0.6666666666666666,0.6666666666666666,0.6666666666666666,0.6666666666666666,-0.0015698590351200178,0.0461271734004448,-1.0,False,0.0,0.0
2025-01-06,0.5669568225053323,-2060.0,-1167.9310543609845,-0.0808409189423494,-0.0248803827751196,,77660.0,-0.004646368710145,-0.6666666666666666,0.6666666666666666,0.6666666666666666,0.6666666666666666,0.013090718985698219,0.0461271734004448,-1.0,False,0.0,0.0
2025-01-07,0.4561868926125443,-3370.0,-1537.3498281042744,-0.0808409189423494,-0.0248803827751196,,78820.0,-0.0168888354075563,-0.6666666666666666,0.6666666666666666,0.6666666666666666,0.6666666666666666,0.025962131613231205,0.0461271734004448,-1.0,False,0.0,0.0
2025-01-08,0.3606641914191419,-1680.0,-605.9158415841586,-0.0808409189423494,-0.0248803827751196,,77180.0,0.0015535994839035,-0.6666666666666666,0.6666666666666666,0.6666666666666666,0.6666666666666666,0.0075432793629269974,0.0461271734004448,-1.0,False,0.0,0.0
2025-01-09,0.3275667260903407,-2740.0,-897.5328294875337,-0.0979627221499783,-0.0430622009569378,,78240.0,-0.0188368361539102,-0.6666666666666666,0.6666666666666666,0.6666666666666666,0.6666666666666666,0.020531420408738663,0.0461271734004448,-1.0,False,0.0,0.0
2025-01-10,0.2409146590445079,-2220.0,-534.8305430788076,-0.1241582491582492,-0.0707471193160699,,77920.0,-0.0098014712967513,-0.6666666666666666,0.6666666666666666,0.6666666666666666,0.6666666666666666,0.011228097568154948,0.0461271734004448,-1.0,False,0.0,0.0
2025-01-13,0.2332260811961768,-2810.0,-655.3652881612569,-0.1241582491582492,-0.0707471193160699,,78760.0,-0.0218209145729132,-0.6666666666666666,0.6666666666666666,0.6666666666666666,0.6666666666666666,0.038306961122598834,0.0461271734004448,-1.0,False,0.0,0.0
2025-01-14,0.2279351754692782,-2750.0,-626.8217325405151,-0.1241582491582492,-0.0707471193160699,,79100.0,-0.0230189191802319,-0.6666666666666666,0.6666666666666666,0.6666666666666666,0.6666666666666666,0.03997953448727707,0.0461271734004448,-1.0,False,0.0,0.0
2025-01-15,0.1899220427070387,-3210.0,-609.6497570895942,-0.1241582491582492,-0.0707471193160699,,80260.0,-0.0391310087292979,-0.6666666666666666,0.6666666666666666,0.6666666666666666,0.6666666666666666,0.06512013388297655,0.04763076407415052,-1.0,False,0.0,0.0
2025-01-16,0.1021462553548748,-2510.0,-256.38710094073593,-0.1622474747474748,-0.111138644529798,,79860.0,-0.0414169623625723,0.0,0.0,0.6666666666666666,0.6666666666666666,0.07135693878183204,0.047900887791389665,0.0,False,0.0,0.0
2025-01-17,0.1077600155329752,-2890.0,-311.42644489029834,-0.1723492723492723,-0.1219094247246022,-0.1452687694358064,80740.0,-0.051071684849612,0.0,0.0,0.6666666666666666,0.6666666666666666,0.08825068809136594,0.05006332117232336,0.0,False,0.0,0.0
2025-01-20,0.0713941451352653,-2870.0,-204.90119653821148,-0.1723492723492723,-0.1219094247246022,-0.1452687694358064,80720.0,-0.0518672423827483,0.0,0.0,0.6666666666666666,0.6666666666666666,0.03581719554135448,0.05006332117232336,0.0,False,0.0,0.0
2025-01-21,0.0333050619556898,-620.0,-20.64913841252769,-0.1723492723492723,-0.1219094247246022,-0.1452687694358064,78520.0,-0.0326200291219292,0.6666666666666666,0.6666666666666666,0.6666666666666666,0.6666666666666666,0.017213013298787532,0.05006332117232336,1.0,False,0.0,0.0
2025-01-22,-0.0331189905057549,-1350.0,44.71063718276918,-0.1723492723492723,-0.1219094247246022,-0.1452687694358064,79200.0,-0.0394025478660289,0.6666666666666666,0.6666666666666666,0.6666666666666666,0.6666666666666666,0.012706651269114883,0.047900887791389665,1.0,False,0.0,0.0
2025-01-23,-0.0599702528507685,-1680.0,100.7500247892911,-0.1833679833679833,-0.1335985312117503,-0.1452687694358064,79580.0,-0.0566115740429884,0.6666666666666666,0.6666666666666666,0.6666666666666666,0.6666666666666666,0.026484868639481327,0.047900887791389665,1.0,False,0.0,0.0
2025-01-24,-0.0760981285755841,-1680.0,127.84485600698142,-0.1554504407654267,-0.1041007467409188,-0.0899571632555925,79580.0,-0.0539555299848721,0.6666666666666666,0.6666666666666666,0.6666666666666666,0.6666666666666666,0.026226837416271798,0.047900887791389665,1.0,False,0.0,0.0
2025-01-27,-0.0661406136005836,-1820.0,120.37591675306224,-0.1554504407654267,-0.1041007467409188,-0.0899571632555925,79620.0,-0.0563165324068799,0.6666666666666666,0.6666666666666666,0.6666666666666666,0.6666666666666666,0.039974576739680974,0.047900887791389665,1.0,False,0.0,0.0
2025-02-05,-0.0716330191199481,-470.0,33.66751898637562,-0.1554504407654267,-0.1041007467409188,-0.0899571632555925,78120.0,-0.0362349037445831,0.6666666666666666,0.6666666666666666,0.6666666666666666,0.6666666666666666,-0.0025568922137767843,0.047900887791389665,1.0,False,0.0,0.0
2025-02-06,-0.0932228802758827,-200.0,18.644576055176557,-0.2547839174371104,-0.2094671560561953,-0.0899571632555925,77500.0,-0.0090732962056748,0.6666666666666666,0.6666666666666666,0.6666666666666666,0.6666666666666666,0.005174655790017487,0.047900887791389665,1.0,False,0.0,0.0
2025-02-07,-0.1086652175514866,-500.0,54.33260877574331,-0.1827399198302287,-0.1827281648675172,-0.1042360780580676,77800.0,-0.0218303887563972,0.6666666666666666,0.6666666666666666,0.6666666666666666,0.6666666666666666,0.0,0.047900887791389665,1.0,False,0.0,0.0
2025-02-10,-0.1261634109553765,-1450.0,182.936945885296,-0.1827399198302287,-0.1827281648675172,-0.0696984676223431,78600.0,-0.0368012505573381,0.6666666666666666,0.6666666666666666,0.6666666666666666,0.6666666666666666,0.028650817637790767,0.047900887791389665,1.0,False,0.0,0.0
2025-02-11,-0.1263519976455006,-650.0,82.12879846957541,-0.1827399198302287,-0.1827281648675172,-0.0696984676223431,77300.0,-0.0174870696492912,0.6666666666666666,0.6666666666666666,0.6666666666666666,0.6666666666666666,-0.004646368710145027,0.047900887791389665,1.0,False,0.0,0.0
2025-02-12,-0.1307047385347536,-950.0,124.16950160801592,-0.1827399198302287,-0.1827281648675172,-0.0696984676223431,77500.0,-0.024821653173814,0.6666666666666666,0.6666666666666666,0.6666666666666666,0.6666666666666666,-0.016888835407556334,0.047900887791389665,1.0,False,0.0,0.0
2025-02-13,-0.1330061396194951,-850.0,113.05521867657087,-0.044093374204197,-0.044030094864246,-0.0696984676223431,77300.0,-0.0256827533294812,0.6666666666666666,0.6666666666666666,0.6666666666666666,0.6666666666666666,0.001553599483903593,0.047900887791389665,1.0,False,0.0,0.0
2025-02-14,-0.1312579199213208,-530.0,69.56669755830005,-0.0259490629505044,-0.0258666666666667,-0.0810677212061294,76780.0,-0.0162818722883408,0.6666666666666666,0.6666666666666666,0.6666666666666666,0.6666666666666666,-0.01883683615391023,0.047900887791389665,1.0,False,0.0,0.0
2025-02-17,-0.1221957687319745,-1060.0,129.52751485589306,-0.0259490629505044,-0.0258666666666667,-0.0544252288911495,77160.0,-0.0119949286915816,0.6666666666666666,0.6666666666666666,0.6666666666666666,0.6666666666666666,-0.00980147129675138,0.047900887791389665,1.0,False,0.0,0.0
2025-02-18,-0.1299927099719909,-910.0,118.29336607451178,-0.0259490629505044,-0.0258666666666667,-0.0544252288911495,77060.0,-0.0217770641841011,0.6666666666666666,0.6666666666666666,0.6666666666666666,0.6666666666666666,-0.02182091457291323,0.047900887791389665,1.0,False,0.0,0.0
2025-02-19,-0.1449867071781237,-1050.0,152.23604253703,-0.0259490629505044,-0.0258666666666667,-0.0544252288911495,77300.0,-0.0275427246375821,0.6666666666666666,0.6666666666666666,0.6666666666666666,0.6666666666666666,-0.023018919180231915,0.047900887791389665,1.0,False,0.0,0.0
2025-02-20,-0.1480250664641094,-960.0,142.10406380554502,0.1441614608361365,0.1442666666666667,-0.0544252288911495,77180.0,-0.0521255987588043,0.6666666666666666,0.6666666666666666,0.6666666666666666,0.6666666666666666,-0.03913100872929798,0.047900887791389665,1.0,False,0.0,0.0
2025-02-21,-0.129926950271495,-470.0,61.06566662760267,0.196181863853303,0.1962642877056035,-0.0630722278738554,76620.0,-0.0451164194661929,0.6666666666666666,0.6666666666666666,0.6666666666666666,0.6666666666666666,-0.041416962362572377,0.047900887791389665,1.0,False,0.0,0.0
2025-02-24,-0.1334229181272883,-870.0,116.07793877074086,0.196181863853303,0.1962642877056035,-0.0426195426195424,76720.0,-0.0398882977735602,0.6666666666666666,0.6666666666666666,0.6666666666666666,0.6666666666666666,-0.051071684849612005,0.047900887791389665,1.0,False,0.0,0.0
2025-02-25,-0.1158073853856986,-740.0,85.69746518541703,0.196181863853303,0.1962642877056035,-0.0426195426195424,76640.0,-0.0377604020561783,0.6666666666666666,0.6666666666666666,0.6666666666666666,0.6666666666666666,-0.05186724238274836,0.047900887791389665,1.0,False,0.0,0.0
2025-02-26,-0.10828612039799,-250.0,27.071530099497505,0.196181863853303,0.1962642877056035,-0.0426195426195424,76000.0,-0.0202027073175194,0.6666666666666666,0.6666666666666666,0.6666666666666666,0.6666666666666666,-0.032620029121929295,0.047900887791389665,1.0,False,0.0,0.0
2025-02-27,-0.0387774673727223,-790.0,30.63419922445067,0.2863602110022607,0.2863116810705324,-0.0426195426195424,76140.0,-0.0233866624574273,0.6666666666666666,0.6666666666666666,0.6666666666666666,0.6666666666666666,-0.03940254786602893,0.047900887791389665,1.0,False,0.0,0.0
2025-02-28,-0.0311174869728486,0.0,-0.0,0.3037169042769858,0.3036660309387582,-0.0597713097713097,75200.0,-0.0160861377516243,0.6666666666666666,0.6666666666666666,0.6666666666666666,0.6666666666666666,-0.0566115740429884,0.047900887791389665,1.0,False,0.0,0.0
2025-03-03,-0.0313595432505614,-300.0,9.407862975168436,0.3037169042769858,0.3036660309387582,-0.0538702928870293,75400.0,-0.0165823537563106,0.6666666666666666,0.6666666666666666,0.6666666666666666,0.6666666666666666,-0.05395552998487219,0.047900887791389665,1.0,False,0.0,0.0
2025-03-04,-0.0456199502477333,-310.0,14.14218457679734,0.3037169042769858,0.3036660309387582,-0.0538702928870293,75260.0,-0.0120306223120479,0.6666666666666666,0.6666666666666666,0.6666666666666666,0.6666666666666666,-0.05631653240687997,0.047900887791389665,1.0,False,0.0,0.0
2025-03-05,-0.0458562854558908,-490.0,22.469579873386504,0.3037169042769858,0.3036660309387582,-0.0538702928870293,75340.0,-0.026905039620715,0.6666666666666666,0.6666666666666666,0.6666666666666666,0.6666666666666666,-0.03623490374458314,0.047900887791389665,1.0,False,0.0,0.0
2025-03-06,-0.0814972510437765,-1950.0,158.91963953536435,0.4916330063473748,0.4916746717899456,-0.0538702928870293,76800.0,-0.0485558166309615,0.6666666666666666,0.6666666666666666,0.6666666666666666,0.6666666666666666,-0.00907329620567483,0.047900887791389665,1.0,False,0.0,0.0
2025-03-07,-0.122780912228491,-1070.0,131.37557608448546,0.4916330063473748,0.4916746717899456,0.0047821466524973,76120.0,-0.0687864518350677,0.6666666666666666,0.6666666666666666,0.6666666666666666,0.6666666666666666,-0.02183038875639721,0.047900887791389665,1.0,False,0.0,0.0
2025-03-10,-0.1881617445850085,-710.0,133.59483865535609,0.4916330063473748,0.4916746717899456,0.0047821466524973,75760.0,-0.0750831855589264,0.3333333333333333,0.3333333333333333,0.6666666666666666,0.6666666666666666,-0.03680125055733811,0.047900887791389665,1.0,False,0.0,0.0
2025-03-11,-0.1994525739551531,-1060.0,211.41972839246236,0.4916330063473748,0.4916746717899456,0.0047821466524973,75960.0,-0.0831412367043205,0.3333333333333333,0.3333333333333333,0.6666666666666666,0.6666666666666666,-0.0174870696492912,0.047900887791389665,1.0,False,0.0,0.0
2025-03-12,-0.1759976048928617,-700.0,123.19832342500322,0.4916330063473748,0.4916746717899456,0.0047821466524973,75600.0,-0.0692763583775814,0.3333333333333333,0.3333333333333333,0.6666666666666666,0.6666666666666666,-0.024821653173814014,0.047900887791389665,1.0,False,0.0,0.0
2025-03-13,-0.193014665704981,-590.0,113.87865276593882,0.2308830784410458,0.2592389816589104,0.0047821466524973,75340.0,-0.069808555426214,0.3333333333333333,0.3333333333333333,0.6666666666666666,0.6666666666666666,-0.025682753329481226,0.047900887791389665,1.0,False,0.0,0.0
2025-03-14,-0.2172294428842008,-690.0,149.8883155900986,0.2308830784410458,0.2592389816589104,0.0570199031737492,75540.0,-0.0653684479927263,0.3333333333333333,0.3333333333333333,0.6666666666666666,0.6666666666666666,-0.01628187228834088,0.047900887791389665,1.0,False,0.0,0.0
2025-03-17,-0.2087761852260198,-1340.0,279.76008820286654,0.2308830784410458,0.2592389816589104,0.0570199031737492,76240.0,-0.0751578410165586,0.3333333333333333,0.3333333333333333,0.6666666666666666,0.6666666666666666,-0.011994928691581669,0.047900887791389665,1.0,False,0.0,0.0
2025-03-18,-0.2067916207276736,-350.0,72.37706725468578,0.2308830784410458,0.2592389816589104,0.0570199031737492,75400.0,-0.0688981431204713,0.3333333333333333,0.3333333333333333,0.6666666666666666,0.6666666666666666,-0.021777064184101122,0.047900887791389665,1.0,False,0.0,0.0
2025-03-19,-0.1819655746807329,-300.0,54.58967240421988,0.2308830784410458,0.2592389816589104,0.0570199031737492,75200.0,-0.0651060580427025,0.3333333333333333,0.3333333333333333,0.6666666666666666,0.6666666666666666,-0.027542724637582165,0.047900887791389665,1.0,False,0.0,0.0
2025-03-20,-0.1512091831048702,1190.0,-179.93892789479554,0.0220495590088198,0.0455604754136564,0.0570199031737492,73260.0,-0.0429513871955993,-0.3333333333333333,0.3333333333333333,0.6666666666666666,0.6666666666666666,-0.052125598758804334,0.047900887791389665,-1.0,False,0.0,0.0
2025-03-21,-0.1562205360750684,1060.0,-165.59376823957257,0.0220495590088198,0.0455604754136564,0.0982627578718782,73240.0,-0.0596352152090505,-0.3333333333333333,0.3333333333333333,0.6666666666666666,0.6666666666666666,-0.04511641946619294,0.047900887791389665,-1.0,False,0.0,0.0
2025-03-24,-0.1738094703013686,380.0,-66.04759871452008,0.0220495590088198,0.0455604754136564,0.0982627578718782,73720.0,-0.0831221413179748,-0.3333333333333333,0.3333333333333333,0.6666666666666666,0.6666666666666666,-0.039888297773560254,0.047900887791389665,-1.0,False,0.0,0.0
2025-03-25,-0.2003229588338089,300.0,-60.09688765014267,0.0220495590088198,0.0455604754136564,0.0982627578718782,73800.0,-0.067542124097732,-0.3333333333333333,0.3333333333333333,0.6666666666666666,0.6666666666666666,-0.03776040205617833,0.047900887791389665,-1.0,False,0.0,0.0
2025-03-26,-0.1961070450361456,-380.0,74.52067711373533,0.0220495590088198,0.0455604754136564,0.0982627578718782,74480.0,-0.0866208663920672,0.3333333333333333,0.3333333333333333,0.6666666666666666,0.6666666666666666,-0.020202707317519466,0.047900887791389665,1.0,False,0.0,0.0
2025-03-27,-0.2162625254847525,-80.0,17.301002038780204,-0.082796328842023,-0.0616601647160814,0.0982627578718782,74380.0,-0.0870358217871669,0.3333333333333333,0.3333333333333333,0.6666666666666666,0.6666666666666666,-0.023386662457427303,0.047900887791389665,1.0,False,0.0,0.0
2025-03-28,-0.2208770631015111,150.0,-33.131559465226665,-0.082796328842023,-0.0616601647160814,0.1813156440022112,74000.0,-0.0999696670229499,-0.3333333333333333,0.3333333333333333,0.6666666666666666,0.6666666666666666,-0.01608613775162438,0.047900887791389665,-1.0,False,0.0,0.0
2025-03-31,-0.6152512622705701,-160.0,98.44020196329124,-0.082796328842023,-0.0616601647160814,0.1813156440022112,74160.0,-0.1126385243858499,0.3333333333333333,0.3333333333333333,0.6666666666666666,0.6666666666666666,-0.01658235375631064,0.047900887791389665,1.0,False,0.0,0.0
2025-04-01,-0.5878031967601568,-260.0,152.82883115764076,-0.082796328842023,-0.0616601647160814,0.1813156440022112,74360.0,-0.1198696651618451,0.3333333333333333,0.3333333333333333,0.6666666666666666,0.6666666666666666,-0.012030622312047967,0.047900887791389665,1.0,False,0.0,0.0
2025-04-02,-0.5310742982701795,760.0,-403.6164666853364,-0.082796328842023,-0.0616601647160814,0.1813156440022112,73340.0,-0.1167268714780053,-0.3333333333333333,0.3333333333333333,0.6666666666666666,0.6666666666666666,-0.026905039620715093,0.047900887791389665,-1.0,False,0.0,0.0
2025-04-03,-0.44636467967326,740.0,-330.3098629582124,-0.0922630560928433,-0.0541483310078351,0.1940298507462687,73160.0,-0.1312688599644059,-0.3333333333333333,0.3333333333333333,0.6666666666666666,0.6666666666666666,-0.04855581663096151,0.047900887791389665,-1.0,False,0.0,0.0
2025-04-07,-0.3633557932431795,1540.0,-559.5679215944965,-0.0922630560928433,-0.0541483310078351,0.1422527763088312,71060.0,-0.1002760497235692,-0.3333333333333333,0.3333333333333333,0.6666666666666666,0.6666666666666666,-0.06878645183506776,0.047900887791389665,-1.0,False,0.0,0.0
2025-04-08,-0.2635604646338934,2120.0,-558.7481850238539,-0.0922630560928433,-0.0541483310078351,0.1422527763088312,70280.0,-0.1090351269897679,-0.3333333333333333,0.3333333333333333,0.6666666666666666,0.6666666666666666,-0.07508318555892642,0.047900887791389665,-1.0,False,0.0,0.0
2025-04-09,-0.2429909000052601,1500.0,-364.4863500078902,-0.0922630560928433,-0.0541483310078351,0.1422527763088312,69900.0,-0.0875577611112506,-0.3333333333333333,0.3333333333333333,0.6666666666666666,0.6666666666666666,-0.08314123670432058,0.047900887791389665,-1.0,False,0.0,0.0
2025-04-10,-0.2514533374857262,1210.0,-304.2585383577287,-0.0748549323017409,-0.0360631104432757,0.1422527763088312,70540.0,-0.1095592180204342,-0.3333333333333333,0.3333333333333333,0.6666666666666666,0.6666666666666666,-0.0692763583775814,0.047900887791389665,-1.0,False,0.0,0.0
2025-04-11,-0.2166459021721467,1340.0,-290.3055089106766,-0.0414829659318637,-0.0238043478260869,0.1930195663670015,70260.0,-0.0747431779050737,-0.3333333333333333,0.3333333333333333,0.6666666666666666,0.6666666666666666,-0.06980855542621409,0.047900887791389665,-1.0,False,0.0,0.0
2025-04-14,-0.1925184258100403,840.0,-161.71547768043385,-0.0414829659318637,-0.0238043478260869,0.1480916030534351,70760.0,-0.0985375415502323,-0.3333333333333333,0.3333333333333333,0.6666666666666666,0.6666666666666666,-0.0653684479927263,0.047900887791389665,-1.0,False,0.0,0.0
2025-04-15,-0.1839083663117997,830.0,-152.6439440387938,-0.0414829659318637,-0.0238043478260869,0.1480916030534351,70720.0,-0.1348250538657429,-0.3333333333333333,0.3333333333333333,0.6666666666666666,0.6666666666666666,-0.07515784101655867,0.047900887791389665,-1.0,False,0.0,0.0
2025-04-16,-0.1865339708662292,1170.0,-218.24474591348823,-0.0414829659318637,-0.0238043478260869,0.1480916030534351,70380.0,-0.1400887931706816,-0.3333333333333333,0.3333333333333333,0.6666666666666666,0.6666666666666666,-0.06889814312047134,0.047900887791389665,-1.0,False,0.0,0.0
2025-04-17,-0.2055278019113814,1090.0,-224.02530408340576,-0.0721442885771543,-0.055,0.1480916030534351,70460.0,-0.1464690284442665,-0.3333333333333333,0.3333333333333333,0.6666666666666666,0.6666666666666666,-0.06510605804270257,0.047900887791389665,-1.0,False,0.0,0.0
2025-04-18,-0.223707360626034,1270.0,-284.1083479950632,-0.048695294842819,-0.0310932798395185,0.1786259541984733,70180.0,-0.1385515039775194,-0.3333333333333333,0.3333333333333333,0.6666666666666666,0.6666666666666666,-0.04295138719559931,0.047900887791389665,-1.0,False,0.0,0.0
2025-04-21,-0.1900125043233033,1850.0,-351.5231329981111,-0.048695294842819,-0.0310932798395185,0.1448344043499752,69000.0,-0.104716600632358,-0.3333333333333333,0.3333333333333333,0.6666666666666666,0.6666666666666666,-0.059635215209050546,0.047900887791389665,-1.0,False,0.0,0.0
2025-04-22,-0.146288387781193,2560.0,-374.4982727198541,-0.048695294842819,-0.0310932798395185,0.1448344043499752,67840.0,-0.1069340801052567,-0.3333333333333333,0.3333333333333333,0.6666666666666666,0.6666666666666666,-0.08312214131797485,0.047900887791389665,-1.0,False,0.0,0.0
2025-04-23,-0.122154297253188,970.0,-118.4896683355924,-0.048695294842819,-0.0310932798395185,0.1448344043499752,68980.0,-0.1378067659675329,-0.3333333333333333,0.3333333333333333,0.6666666666666666,0.6666666666666666,-0.067542124097732,0.047900887791389665,-1.0,False,0.0,0.0
2025-04-24,-0.1187477308906079,1600.0,-189.9963694249728,-0.0754057941236902,-0.0582859690181656,0.1448344043499752,68300.0,-0.1143482385497832,-0.3333333333333333,0.3333333333333333,0.6666666666666666,0.6666666666666666,-0.08662086639206727,0.047900887791389665,-1.0,False,0.0,0.0
2025-04-25,-0.1201051612010516,1620.0,-194.57036114570369,-0.0419416648924845,-0.0241367363436886,0.2347998022738506,68180.0,-0.1214933424310642,-0.3333333333333333,0.3333333333333333,0.6666666666666666,0.6666666666666666,-0.08703582178716696,0.047900887791389665,-1.0,False,0.0,0.0
2025-04-28,-0.0820244815829187,1890.0,-155.02627019171643,-0.0419416648924845,-0.0241367363436886,0.1689284043051004,66960.0,-0.1289336833758931,-0.3333333333333333,0.3333333333333333,0.6666666666666666,0.6666666666666666,-0.0999696670229499,0.047900887791389665,-1.0,False,0.0,0.0
2025-04-29,0.8854970430864546,1990.0,1762.1391157420446,-0.0419416648924845,-0.0241367363436886,0.1689284043051004,66260.0,-0.1025807359151637,-0.3333333333333333,0.3333333333333333,0.6666666666666666,0.6666666666666666,-0.11263852438584991,0.047900887791389665,-1.0,False,0.0,0.0
2025-04-30,0.7495165926313039,1990.0,1491.5380193362946,-0.0419416648924845,-0.0241367363436886,0.1689284043051004,65960.0,-0.095704435802881,-0.3333333333333333,0.3333333333333333,0.6666666666666666,0.6666666666666666,-0.11986966516184518,0.047900887791389665,-1.0,False,0.0,0.0
2025-05-06,0.6187063579566336,1840.0,1138.419698640206,-0.0419416648924845,-0.0241367363436886,0.1689284043051004,65260.0,-0.0661948108147428,-0.3333333333333333,0.3333333333333333,0.6666666666666666,0.6666666666666666,-0.11672687147800537,0.047900887791389665,-1.0,False,0.0,0.0
2025-05-07,0.4731536804454741,2490.0,1178.1526643092309,-0.0411250799062433,-0.0411347517730495,0.1564814814814814,64160.0,-0.0653701220170971,-0.3333333333333333,0.3333333333333333,0.6666666666666666,0.6666666666666666,-0.13126885996440593,0.047900887791389665,-1.0,False,0.0,0.0
2025-05-08,0.3411168264071347,970.0,330.88332161492065,-0.1033454080545493,-0.0890780141843972,0.1564814814814814,64280.0,-0.061597403464773,-0.3333333333333333,0.3333333333333333,0.6666666666666666,0.6666666666666666,-0.1002760497235692,0.047900887791389665,-1.0,False,0.0,0.0
2025-05-09,0.2798295954652676,2230.0,624.0199978875469,-0.1033454080545493,-0.0890780141843972,0.2527777777777775,63020.0,-0.037508438263676,-0.3333333333333333,0.3333333333333333,0.6666666666666666,0.6666666666666666,-0.10903512698976796,0.047900887791389665,-1.0,False,0.0,0.0
2025-05-12,0.257478372650523,560.0,144.18788868429286,-0.1033454080545493,-0.0890780141843972,0.2527777777777775,64040.0,-0.0525762104009418,-0.3333333333333333,0.3333333333333333,0.6666666666666666,0.6666666666666666,-0.08755776111125063,0.047900887791389665,-1.0,False,0.0,0.0
2025-05-13,0.2635301459626251,1380.0,363.6716014284227,-0.1202174367551746,-0.106168578109342,0.2527777777777775,63220.0,-0.0236886877134583,-0.3333333333333333,0.3333333333333333,0.6666666666666666,0.6666666666666666,-0.10955921802043427,0.047900887791389665,-1.0,False,0.0,0.0
2025-05-14,0.2694395463817722,-500.0,-134.71977319088612,-0.1202174367551746,-0.106168578109342,0.199468085106383,65200.0,-0.0751467370613297,-1.0,1.0,0.6666666666666666,0.6666666666666666,-0.0747431779050737,0.047900887791389665,-1.0,True,1.0,-1.0
2025-05-15,0.2628388385630145,680.0,178.73041022284986,-0.0888563662973029,-0.0741565527224139,0.199468085106383,64120.0,-0.0697506667847661,-0.3333333333333333,0.3333333333333333,0.6666666666666666,0.6666666666666666,-0.09853754155023231,0.047900887791389665,-1.0,False,0.0,-1.0
2025-05-16,0.2506915275074275,2700.0,676.8671242700543,-0.0888563662973029,-0.0741565527224139,0.2149822695035461,61800.0,-0.0332322076078532,-0.3333333333333333,0.3333333333333333,0.6666666666666666,0.6666666666666666,-0.1348250538657429,0.047900887791389665,-1.0,False,0.0,-1.0
2025-05-19,0.2536395324994873,2520.0,639.171621898708,-0.0888563662973029,-0.0741565527224139,0.2149822695035461,61180.0,-0.0218118362982045,-0.3333333333333333,0.3333333333333333,0.6666666666666666,0.6666666666666666,-0.14008879317068168,0.047900887791389665,-1.0,False,0.0,0.0
2025-05-20,0.2488893445424098,2390.0,594.8455334563596,-0.0587473002159827,-0.0435932827237175,0.2149822695035461,60860.0,-0.0162335849173973,-0.3333333333333333,0.3333333333333333,0.6666666666666666,0.6666666666666666,-0.14646902844426654,0.047900887791389665,-1.0,False,0.0,0.0
2025-05-21,0.2310736756647047,1950.0,450.5936675461742,-0.0587473002159827,-0.0435932827237175,0.1835060449050085,61100.0,-0.0171678036223654,-0.3333333333333333,0.3333333333333333,0.6666666666666666,0.6666666666666666,-0.1385515039775194,0.047900887791389665,-1.0,False,0.0,0.0
2025-05-22,0.1779602561997044,910.0,161.94383314173106,-0.0889848812095032,-0.074476650563607,0.1835060449050085,62140.0,-0.0535488133073603,-0.3333333333333333,0.3333333333333333,0.6666666666666666,0.6666666666666666,-0.10471660063235802,0.047900887791389665,-1.0,False,0.0,0.0
2025-05-23,0.1398120121076946,2090.0,292.2071053050819,-0.0889848812095032,-0.074476650563607,0.03713298791019,60960.0,-0.0306486347384445,0.3333333333333333,0.3333333333333333,0.6666666666666666,0.6666666666666666,-0.10693408010525675,0.047900887791389665,1.0,False,0.0,0.0
2025-05-26,0.1022215219788875,2400.0,245.33165274933012,-0.0889848812095032,-0.074476650563607,0.03713298791019,60100.0,0.0099338565242906,0.3333333333333333,0.3333333333333333,0.6666666666666666,0.6666666666666666,-0.13780676596753297,0.047900887791389665,1.0,False,0.0,0.0
2025-05-27,0.0823641261289811,1080.0,88.95325621929963,-0.0626666666666666,-0.0477514792899408,0.03713298791019,60920.0,-0.0006568144735306,0.3333333333333333,0.3333333333333333,0.6666666666666666,0.6666666666666666,-0.11434823854978328,0.047900887791389665,1.0,False,0.0,0.0
2025-05-28,0.0647586098443151,1120.0,72.52964302563296,-0.0626666666666666,-0.0477514792899408,-0.0384307445956765,60380.0,0.0183792505337793,0.3333333333333333,0.3333333333333333,0.6666666666666666,0.6666666666666666,-0.12149334243106427,0.047900887791389665,1.0,False,0.0,0.0
2025-05-29,0.0315706152768897,2040.0,64.40405516485511,-0.0344444444444443,-0.0189349112426036,-0.0384307445956765,58860.0,0.0727235863448038,1.0,1.0,0.6666666666666666,0.6666666666666666,-0.12893368337589317,0.047900887791389665,1.0,True,1.0,1.0
2025-05-30,-0.0005974250978283,900.0,-0.5376825880455072,-0.0344444444444443,-0.0189349112426036,-0.0404323458767014,59800.0,0.040313504056876,1.0,1.0,0.6666666666666666,0.6666666666666666,-0.10258073591516376,0.047900887791389665,1.0,True,1.0,1.0
2025-06-03,-0.0023897003913134,360.0,-0.8602921408728514,-0.0344444444444443,-0.0189349112426036,-0.0404323458767014,59940.0,0.0462924895252903,1.0,1.0,0.6666666666666666,0.6666666666666666,-0.09570443580288102,0.047900887791389665,1.0,True,1.0,1.0
2025-06-04,-0.0503746168691111,-830.0,41.81093200136226,-0.0344444444444443,-0.0189349112426036,-0.0404323458767014,61080.0,0.0460734076153218,1.0,1.0,0.6666666666666666,0.6666666666666666,-0.06619481081474288,0.047900887791389665,1.0,True,1.0,1.0
2025-06-05,-0.0806478313651914,100.0,-8.06478313651915,0.0128888888888889,0.0337869822485206,-0.0404323458767014,60100.0,0.0641224612189419,1.0,1.0,0.6666666666666666,0.6666666666666666,-0.06537012201709715,0.047900887791389665,1.0,True,1.0,1.0
2025-06-06,-0.0809028448442371,-240.0,19.416682762616915,0.0831749049429657,0.0881968234194954,-0.0612489991993595,60440.0,0.0459181860548595,1.0,1.0,0.6666666666666666,0.6666666666666666,-0.06159740346477306,0.047900887791389665,1.0,True,1.0,1.0
2025-06-09,-0.0889108965365464,-450.0,40.00990344144592,0.0831749049429657,0.0881968234194954,-0.1334072431633407,60700.0,0.0476127237884941,1.0,1.0,0.6666666666666666,0.6666666666666666,-0.03750843826367601,0.047900887791389665,1.0,True,1.0,1.0
2025-06-10,-0.0897110018235066,-410.0,36.78151074763773,0.0831749049429657,0.0881968234194954,-0.1334072431633407,60760.0,0.0500746456192395,1.0,1.0,0.6666666666666666,0.6833333333333276,-0.05257621040094185,0.047900887791389665,1.0,True,1.0,1.0
2025-06-11,-0.0989737679727801,-1240.0,122.72747228624736,0.0831749049429657,0.0881968234194954,-0.1334072431633407,61740.0,0.0421816140362946,1.0,1.0,0.6666666666666666,1.0,-0.023688687713458386,0.047900887791389665,1.0,True,0.7,1.0
2025-06-12,-0.1180139448741692,170.0,-20.06237062860877,0.1238117870722432,0.1290563687324821,-0.1334072431633407,60480.0,0.0593789038104331,0.3333333333333333,0.3333333333333333,0.6666666666666666,1.0,-0.07514673706132974,0.047900887791389665,1.0,False,0.0,1.0
2025-06-13,-0.1239908356971416,850.0,-105.3922103425704,0.0851307939421752,0.090018039687312,-0.1400591278640058,59800.0,0.0722428799127257,0.3333333333333333,0.3333333333333333,0.6666666666666666,1.0,-0.06975066678476619,0.047900887791389665,1.0,False,0.0,1.0
2025-06-16,-0.1250819134993447,720.0,-90.0589777195282,0.0851307939421752,0.090018039687312,-0.1510397665085735,59780.0,0.1062299936914008,0.3333333333333333,0.3333333333333333,0.6666666666666666,1.0,-0.03323220760785329,0.047900887791389665,1.0,False,0.0,1.0
2025-06-17,-0.1355086686293751,590.0,-79.95011449133135,0.0851307939421752,0.090018039687312,-0.1510397665085735,59860.0,0.1075965704550407,0.3333333333333333,0.3333333333333333,0.6666666666666666,1.0,-0.021811836298204518,0.04763076407415052,1.0,False,0.0,1.0
2025-06-18,-0.1799972636475578,570.0,-102.59844027910798,0.0851307939421752,0.090018039687312,-0.1510397665085735,59880.0,0.1036556563971728,0.3333333333333333,0.3333333333333333,0.6666666666666666,1.0,-0.01623358491739737,0.0461271734004448,1.0,False,0.0,1.0
2025-06-19,-0.1768471958893194,390.0,-68.97040639683456,0.1050940798531436,0.1101623571858088,-0.1510397665085735,60060.0,0.1235752342485471,0.3333333333333333,0.3333333333333333,0.6666666666666666,1.0,-0.017167803622365446,0.04226361726684609,1.0,False,0.0,1.0
2025-06-20,-0.2250230042104676,1500.0,-337.53450631570144,0.141773352299668,0.1472068601255203,-0.1703757752645021,58900.0,0.1720825594928603,0.3333333333333333,0.3333333333333333,0.6666666666666666,1.0,-0.05354881330736036,0.04226361726684609,1.0,False,0.0,1.0
2025-06-23,-0.2514186677102843,830.0,-208.677494199536,0.141773352299668,0.1472068601255203,-0.0532889258950874,59120.0,0.1870465065226075,0.3333333333333333,0.3333333333333333,0.6666666666666666,1.0,-0.030648634738444522,0.04226361726684609,1.0,False,0.0,1.0
2025-06-24,-0.3603304840046885,-800.0,288.2643872037508,0.141773352299668,0.1472068601255203,-0.0532889258950874,60700.0,0.1828705548862502,1.0,1.0,0.6666666666666666,1.0,0.009933856524290675,0.04226361726684609,1.0,True,0.7,1.0
2025-06-25,-0.3450254728582304,-680.0,234.61732154359663,0.141773352299668,0.1472068601255203,-0.0532889258950874,60880.0,0.1306939279881732,1.0,1.0,0.6666666666666666,1.0,-0.0006568144735306159,0.04226361726684609,1.0,True,0.7,1.0
2025-06-26,-0.3327228687895078,-900.0,299.45058191055705,0.1607396870554764,0.1661591996520226,-0.0532889258950874,61500.0,0.2206037433649715,1.0,1.0,0.6666666666666666,1.0,0.018379250533779378,0.040166848117480745,1.0,True,0.7,0.7
2025-06-27,-0.3507850312832015,-2150.0,754.1878172588832,0.1268124280782507,0.1319059107358262,-0.0537052456286427,63300.0,0.2406202716214602,1.0,1.0,0.6666666666666666,1.0,0.07272358634480387,0.04242865510265504,1.0,True,0.7,0.7
2025-06-30,-0.3236691873150611,-960.0,310.7224198224587,0.1268124280782507,0.1319059107358262,-0.0517313308302043,62260.0,0.1607827621324324,1.0,1.0,0.6666666666666666,1.0,0.04031350405687601,0.04242865510265504,1.0,True,0.7,0.7
2025-07-01,-0.3131119561637273,-1480.0,463.4056951223165,0.1268124280782507,0.1319059107358262,-0.0517313308302043,62780.0,0.1207872615008252,1.0,1.0,0.6666666666666666,1.0,0.04629248952529038,0.046424491965033884,1.0,True,0.7,0.7
2025-07-02,-0.3072532201667612,-2310.0,709.7549385852185,0.1268124280782507,0.1319059107358262,-0.0517313308302043,63960.0,0.0987722565334428,1.0,1.0,0.6666666666666666,1.0,0.04607340761532188,0.046424491965033884,1.0,True,0.7,0.7
2025-07-03,-0.3133459379970589,-1980.0,620.4249572341766,0.0309346204475648,0.0373189857478106,-0.0517313308302043,64080.0,0.0634845951661361,1.0,1.0,0.6666666666666666,1.0,0.06412246121894191,0.04763076407415052,1.0,True,0.7,0.7
2025-07-04,-0.3684589750517878,-980.0,361.08979555075206,0.0309346204475648,0.0373189857478106,-0.035820895522388,63280.0,0.0853770882003304,0.3333333333333333,0.3333333333333333,0.6666666666666666,1.0,0.04591818605485954,0.04763076407415052,1.0,False,0.0,0.7
2025-07-07,-0.5303300220417283,-1110.0,588.6663244663184,0.0309346204475648,0.0373189857478106,-0.035820895522388,63660.0,0.0793899898057821,0.3333333333333333,0.3333333333333333,0.6666666666666666,1.0,0.047612723788494196,0.047630952953342375,1.0,False,0.0,0.7
2025-07-08,-0.6158982608431723,-980.0,603.5802956263088,0.0309346204475648,0.0373189857478106,-0.035820895522388,63880.0,0.0601456681368359,1.0,1.0,0.6666666666666666,1.0,0.05007464561923958,0.047900887791389665,1.0,True,0.7,0.7
2025-07-09,-0.5955477053323994,-1100.0,655.1024758656393,0.0309346204475648,0.0373189857478106,-0.035820895522388,64400.0,0.0779382492729849,1.0,1.0,0.6666666666666666,1.0,0.04218161403629467,0.047900887791389665,1.0,True,0.7,0.7
2025-07-10,-0.5926566408300651,-530.0,314.10801963993447,0.037851554239797,0.0378440999613836,-0.035820895522388,64180.0,0.1191324934830082,1.0,1.0,0.6666666666666666,1.0,0.05937890381043319,0.04897582964492563,1.0,True,0.7,0.7
2025-07-11,-0.638738402142101,-530.0,338.5313531353135,0.037851554239797,0.0378440999613836,-0.0313708637730983,64280.0,0.1800372654881392,0.3333333333333333,0.3333333333333333,0.6666666666666666,1.0,0.07224287991272578,0.05100507143835888,1.0,False,0.0,0.7
2025-07-14,-0.6503448491090098,-1830.0,1190.131073869488,0.037851554239797,0.0378440999613836,-0.0313708637730983,66480.0,0.197548004125246,0.3333333333333333,0.3333333333333333,0.6666666666666666,1.0,0.10622999369140086,0.05954727501048725,1.0,False,0.0,0.7
2025-07-15,-0.6467379308170151,-1760.0,1138.2587582379467,0.037851554239797,0.0378440999613836,-0.0313708637730983,66660.0,0.2134356153234574,0.3333333333333333,0.3333333333333333,0.6666666666666666,1.0,0.10759657045504079,0.06118404718202791,1.0,False,0.0,0.0
2025-07-16,-0.6444422197750859,-1470.0,947.3300630693764,0.037851554239797,0.0378440999613836,-0.0313708637730983,66420.0,0.2478288196307279,0.3333333333333333,0.3333333333333333,0.6666666666666666,1.0,0.10365565639717285,0.06246148269125724,1.0,False,0.0,0.0
2025-07-17,-0.6582101011449745,-3010.0,1981.212404446373,0.0292774086378737,0.0353699490846062,-0.0313708637730983,67960.0,0.2272551576939021,0.3333333333333333,0.3333333333333333,0.6666666666666666,1.0,0.12357523424854715,0.06422222848534537,1.0,False,0.0,0.0
2025-07-18,-0.631597884359371,-3310.0,2090.588997229518,0.0292774086378737,0.0353699490846062,-0.0127528583992964,69960.0,0.216834382120945,0.3333333333333333,0.3333333333333333,0.6666666666666666,1.0,0.1720825594928603,0.06574381437286206,1.0,False,0.0,0.0
2025-07-21,-0.6277306844915792,-3280.0,2058.95664513238,0.0292774086378737,0.0353699490846062,-0.0127528583992964,71280.0,0.2247135864017778,0.3333333333333333,0.3333333333333333,0.6666666666666666,1.0,0.18704650652260757,0.0714455328949214,1.0,False,0.0,0.0
2025-07-22,-0.549094972067039,-3780.0,2075.578994413408,0.0292774086378737,0.0353699490846062,-0.0127528583992964,72880.0,0.1832815788110463,0.3333333333333333,0.3333333333333333,0.6666666666666666,1.0,0.18287055488625029,0.07229095055593358,1.0,False,0.0,0.0
2025-07-23,-0.5192668752793921,1070.0,-555.6155565489495,0.0292774086378737,0.0353699490846062,-0.0127528583992964,69380.0,0.1546035690624113,-0.3333333333333333,0.3333333333333333,0.6666666666666666,1.0,0.13069392798817323,0.07427629651946,-1.0,False,0.0,0.0
2025-07-24,-0.484108012394865,-6130.0,2967.5821159805223,-0.0073529411764705,-0.0073000479565193,-0.0127528583992964,76680.0,0.0763039346998986,0.3333333333333333,0.3333333333333333,0.6666666666666666,1.0,0.22060374336497157,0.08886598912229536,1.0,False,0.0,0.0
2025-07-25,-0.454677697972543,-7620.0,3464.6440585507776,-0.0073529411764705,-0.0073000479565193,-0.0021997360316762,80520.0,-0.0195642056463645,0.3333333333333333,0.3333333333333333,0.6666666666666666,1.0,0.24062027162146027,0.09489784406224483,1.0,False,0.0,0.0
2025-07-28,-0.4574863001590949,780.0,-356.8393141240941,-0.0073529411764705,-0.0073000479565193,-0.0021997360316762,73120.0,0.0821445202090246,-0.3333333333333333,0.3333333333333333,0.6666666666666666,1.0,0.16078276213243245,0.09944817534886648,-1.0,False,0.0,0.0
2025-07-29,-0.4648648648648649,2310.0,-1073.837837837838,-0.0073529411764705,-0.0073000479565193,-0.0021997360316762,70840.0,0.1092771720686119,-0.3333333333333333,0.3333333333333333,0.6666666666666666,1.0,0.12078726150082521,0.1005381538429084,-1.0,False,0.0,0.0
2025-07-30,-0.4335202761000862,2350.0,-1018.7726488352027,-0.0073529411764705,-0.0073000479565193,-0.0021997360316762,70600.0,0.1106439839502846,-0.3333333333333333,0.3333333333333333,0.6666666666666666,1.0,0.09877225653344288,0.1005381538429084,-1.0,False,0.0,0.0
2025-07-31,-0.7576486013986015,3720.0,-2818.452797202797,-0.0470312832517557,-0.047177619599404,-0.0021997360316762,68280.0,0.1348851917006846,-0.3333333333333333,0.3333333333333333,0.6666666666666666,1.0,0.06348459516613612,0.1005381538429084,-1.0,False,0.0,0.0
2025-08-01,-0.6860144514166191,2430.0,-1667.0151169423843,-0.0470312832517557,-0.047177619599404,-0.0017691287041131,68920.0,0.1131939444497437,-0.3333333333333333,0.3333333333333333,0.6666666666666666,1.0,0.08537708820033044,0.1005381538429084,-1.0,False,0.0,0.0
2025-08-04,-0.189778206364513,2430.0,-461.1610414657667,-0.0470312832517557,-0.047177619599404,-0.0017691287041131,68920.0,0.0919806309735799,-0.3333333333333333,0.3333333333333333,0.6666666666666666,1.0,0.07938998980578214,0.1005381538429084,-1.0,False,0.0,0.0
2025-08-05,0.1412880284472539,3360.0,474.72777558277335,-0.0470312832517557,-0.047177619599404,-0.0017691287041131,67840.0,0.0680883745025421,-0.3333333333333333,0.3333333333333333,0.6666666666666666,1.0,0.06014566813683592,0.1005381538429084,-1.0,False,0.0,0.0
2025-08-06,0.1311648219260597,1330.0,174.44921316165943,-0.0470312832517557,-0.047177619599404,-0.0017691287041131,69620.0,0.0319461795320653,-0.3333333333333333,0.3333333333333333,0.6666666666666666,1.0,0.0779382492729849,0.09944817534886648,-1.0,False,0.0,0.0
2025-08-07,0.2465317261769388,-1200.0,-295.83807141232666,0.0395273023634883,0.0394939669377558,-0.0017691287041131,72300.0,0.0153722489039691,-1.0,1.0,0.6666666666666666,1.0,0.11913249348300822,0.09969158890147553,-1.0,True,0.7,-0.7
2025-08-08,0.6227699732827716,-5060.0,-3151.2160648108243,0.0395273023634883,0.0394939669377558,0.0155279503105589,76960.0,-0.0357133576085169,-1.0,1.0,0.6666666666666666,1.0,0.18003726548813923,0.09969158890147553,-1.0,True,0.7,-0.7
2025-08-11,0.7305426633345233,-6500.0,-4748.527311674402,0.0395273023634883,0.0394939669377558,0.0155279503105589,81000.0,-0.0796312696920071,-1.0,1.0,0.6666666666666666,1.0,0.197548004125246,0.09969158890147553,-1.0,True,0.7,-0.7
2025-08-12,0.8592341337141838,-4520.0,-3883.7382843881114,0.0395273023634883,0.0394939669377558,0.0155279503105589,82520.0,-0.1239520491884386,-1.0,1.0,0.6666666666666666,1.0,0.21343561532345742,0.09977620515457072,-1.0,True,0.7,-0.7
2025-08-13,1.0346316283435009,-4100.0,-4241.989676208354,0.0395273023634883,0.0394939669377558,0.0155279503105589,85100.0,-0.1850986172499404,-1.0,1.0,0.6666666666666666,1.0,0.24782881963072795,0.09977620515457072,-1.0,True,0.7,-0.7
2025-08-14,1.142689715792558,-3300.0,-3770.876062115441,0.0451886221504942,0.0452524195657859,0.0155279503105589,85300.0,-0.183494577456318,-1.0,1.0,0.6666666666666666,1.0,0.22725515769390212,0.09977620515457072,-1.0,True,0.7,-0.7
2025-08-15,1.293681023537455,-4200.0,-5433.460298857311,0.0451886221504942,0.0452524195657859,0.0476614699331847,86900.0,-0.1998271694737119,-1.0,1.0,0.6666666666666666,1.0,0.21683438212094508,0.10391309012659564,-1.0,True,0.7,-0.7
2025-08-18,1.3628247567459124,-4640.0,-6323.506871301033,0.0451886221504942,0.0452524195657859,0.0476614699331847,89240.0,-0.2052631260363613,-1.0,1.0,0.6666666666666666,1.0,0.22471358640177783,0.10636665136776485,-1.0,True,0.7,-0.7
2025-08-19,1.3406680543165823,-1840.0,-2466.829219942512,0.0451886221504942,0.0452524195657859,0.0476614699331847,87540.0,-0.1791736721716885,-1.0,1.0,0.6666666666666666,1.0,0.18328157881104637,0.10875016275783746,-1.0,True,0.7,-0.7
2025-08-20,1.2359122187093177,4720.0,5833.50567230798,0.0451886221504942,0.0452524195657859,0.0476614699331847,80980.0,-0.095013854239138,-0.3333333333333333,0.3333333333333333,0.6666666666666666,1.0,0.15460356906241138,0.11929797028478992,-1.0,False,0.0,-0.7
2025-08-21,1.0868371374635315,2440.0,2651.882615411017,0.0273662551440327,0.0272678475577026,0.0476614699331847,82760.0,-0.1271305999256393,-0.3333333333333333,0.3333333333333333,0.6666666666666666,1.0,0.07630393469989863,0.11929797028478992,-1.0,False,0.0,-0.7
2025-08-22,1.083194398132711,4940.0,5350.980326775592,0.0273662551440327,0.0272678475577026,0.0515873015873016,78960.0,-0.065416988606302,-0.3333333333333333,0.3333333333333333,0.6666666666666666,1.0,-0.019564205646364553,0.11929797028478992,-1.0,False,0.0,-0.7
2025-08-25,1.0878136200716848,3120.0,3393.9784946236564,0.0273662551440327,0.0272678475577026,0.0515873015873016,79380.0,-0.078050069286231,-0.3333333333333333,0.3333333333333333,0.6666666666666666,1.0,0.08214452020902469,0.11929797028478992,-1.0,False,0.0,-0.7
2025-08-26,1.1741609644835451,2680.0,3146.751384815901,0.0273662551440327,0.0272678475577026,0.0515873015873016,79020.0,-0.0702410739663254,-0.3333333333333333,0.3333333333333333,0.6666666666666666,1.0,0.10927717206861191,0.11929797028478992,-1.0,False,0.0,-0.7
2025-08-27,1.0925291295407815,2740.0,2993.5298149417413,0.0273662551440327,0.0272678475577026,0.0515873015873016,78860.0,-0.0788598754977782,-0.3333333333333333,0.3333333333333333,0.6666666666666666,1.0,0.11064398395028467,0.11929797028478992,-1.0,False,0.0,-0.7
2025-08-28,4.222182146077548,1860.0,7853.258791704238,0.102054488610987,0.1020384526291406,0.0515873015873016,78140.0,-0.0538966019216277,-0.3333333333333333,0.3333333333333333,0.6666666666666666,1.0,0.13488519170068466,0.12106605877559738,-1.0,False,0.0,-0.7
2025-08-29,3.5249053747161243,2470.0,8706.516275548827,0.102054488610987,0.1020384526291406,0.1129818342933097,77180.0,-0.0573261031577698,-0.3333333333333333,0.3333333333333333,0.6666666666666666,1.0,0.11319394444974376,0.12106605877559738,-1.0,False,0.0,-0.7
2025-09-01,1.475363008807427,2790.0,4116.262794572721,0.102054488610987,0.1020384526291406,0.1129818342933097,75560.0,-0.02194361529988,-0.3333333333333333,0.3333333333333333,0.6666666666666666,1.0,0.09198063097357993,0.12106605877559738,-1.0,False,0.0,-0.7
2025-09-02,1.2160908398532162,4880.0,5934.523298483695,0.102054488610987,0.1020384526291406,0.1129818342933097,72620.0,0.0024755892164505,-0.3333333333333333,0.3333333333333333,0.6666666666666666,1.0,0.06808837450254214,0.12106605877559738,-1.0,False,0.0,-0.7
2025-09-03,1.271051055048925,4020.0,5109.625241296678,0.102054488610987,0.1020384526291406,0.1129818342933097,71880.0,0.0201081007278217,-0.3333333333333333,0.3333333333333333,0.6666666666666666,1.0,0.03194617953206535,0.12106605877559738,-1.0,False,0.0,0.0
2025-09-04,1.1254029070121023,1580.0,1778.136593079122,-0.0621324970599764,-0.007005522601759,0.1129818342933097,73420.0,-0.0093049385098453,-0.3333333333333333,0.3333333333333333,0.6666666666666666,1.0,0.015372248903969177,0.12106605877559738,-1.0,False,0.0,0.0
2025-09-05,0.9454564767114556,490.0,463.2736735886133,-0.0621324970599764,-0.007005522601759,0.1345565749235473,74260.0,-0.0270249830249063,-0.3333333333333333,0.3333333333333333,0.6666666666666666,1.0,-0.03571335760851698,0.12106605877559738,-1.0,False,0.0,0.0
2025-09-08,0.9315591314662954,-200.0,-186.3118262932591,-0.0621324970599764,-0.007005522601759,0.1345565749235473,74800.0,-0.0287516414524611,-1.0,1.0,0.6666666666666666,1.0,-0.07963126969200716,0.12106605877559738,-1.0,True,0.7,-0.7
2025-09-09,0.829228479523741,1700.0,1409.6884151903598,-0.0621324970599764,-0.007005522601759,0.1345565749235473,72900.0,0.0005485463659215,-0.3333333333333333,0.3333333333333333,0.6666666666666666,1.0,-0.12395204918843866,0.12106605877559738,-1.0,False,0.0,-0.7
2025-09-10,0.7575072650952535,2730.0,2067.994833710042,-0.0621324970599764,-0.007005522601759,0.1345565749235473,70720.0,0.05982579338892,-0.3333333333333333,0.3333333333333333,0.6666666666666666,1.0,-0.18509861724994045,0.12106605877559738,-1.0,False,0.0,-0.7
2025-09-11,0.7498974429098866,1850.0,1387.3102693832902,-0.050569388149006,-0.0008508508508509,0.1345565749235473,71000.0,0.0651545285491394,-0.3333333333333333,0.3333333333333333,0.6666666666666666,1.0,-0.18349457745631803,0.12106605877559738,-1.0,False,0.0,-0.7
2025-09-12,0.6446668086012348,1290.0,831.6201830955929,-0.050569388149006,-0.0008508508508509,0.1050170068027209,71160.0,0.0650126920060219,-0.3333333333333333,0.3333333333333333,0.6666666666666666,1.0,-0.19982716947371199,0.12106605877559738,-1.0,False,0.0,-0.7
2025-09-15,0.6541286351093185,-230.0,-150.44958607514326,-0.050569388149006,-0.0008508508508509,0.1050170068027209,72680.0,0.044403904231509,-1.0,1.0,0.6666666666666666,1.0,-0.20526312603636135,0.12106605877559738,-1.0,True,0.7,-0.7
2025-09-16,0.6440398052085539,-330.0,-212.5331357188228,-0.050569388149006,-0.0008508508508509,0.1050170068027209,73180.0,0.0524404907112293,-1.0,1.0,0.6666666666666666,1.0,-0.17917367217168859,0.12106605877559738,-1.0,True,0.7,-0.7
2025-09-17,0.6316905801621959,-490.0,-309.52838427947603,-0.050569388149006,-0.0008508508508509,0.1050170068027209,73640.0,0.0820879969183002,-1.0,1.0,0.6666666666666666,1.0,-0.095013854239138,0.12106605877559738,-1.0,True,0.7,-0.7
2025-09-18,0.6181743421052632,570.0,352.35937500000006,0.0048067294211897,0.0640087783467446,0.1050170068027209,72880.0,0.0871943093966157,-0.3333333333333333,0.3333333333333333,0.6666666666666666,1.0,-0.12713059992563935,0.12106605877559738,-1.0,False,0.0,-0.7
2025-09-19,0.5799919967987195,-460.0,-266.79631852741096,0.0048067294211897,0.0640087783467446,0.090566037735849,73960.0,0.1019745843400997,-1.0,1.0,0.6666666666666666,1.0,-0.06541698860630205,0.12106605877559738,-1.0,True,0.7,-0.7
2025-09-22,0.5181037846273897,430.0,222.7846273897776,0.0048067294211897,0.0640087783467446,0.090566037735849,73420.0,0.1061229598729558,-0.3333333333333333,0.3333333333333333,0.6666666666666666,1.0,-0.07805006928623104,0.12106605877559738,-1.0,False,0.0,-0.7
2025-09-23,0.4780442113150993,190.0,90.82840014986888,0.0048067294211897,0.0640087783467446,0.090566037735849,73660.0,0.1181751511243299,-0.3333333333333333,0.3333333333333333,0.6666666666666666,1.0,-0.07024107396632541,0.12106605877559738,-1.0,False,0.0,-0.7
2025-09-24,0.4466280889471195,970.0,433.2292462787059,0.0048067294211897,0.0640087783467446,0.090566037735849,72880.0,0.1348340564129981,-0.3333333333333333,0.3333333333333333,0.6666666666666666,1.0,-0.0788598754977782,0.12106605877559738,-1.0,False,0.0,-0.7
2025-09-25,0.3920295610733155,-290.0,-113.68857271126151,0.0243161094224924,0.0780872306883868,0.090566037735849,74040.0,0.08712392242997,-1.0,1.0,0.7333333333333389,1.0,-0.05389660192162778,0.12106605877559738,-1.0,True,0.7,-0.7
2025-09-26,0.3493826747415265,720.0,251.5555258138991,0.0243161094224924,0.0780872306883868,0.0597133757961783,72880.0,0.1213138118330535,-0.3333333333333333,0.3333333333333333,0.7333333333333389,1.0,-0.0573261031577698,0.12106605877559738,-1.0,False,0.0,-0.7
2025-09-29,0.3180434016091291,-370.0,-117.67605859537778,0.0243161094224924,0.0780872306883868,0.0597133757961783,73920.0,0.0608792367127817,-1.0,1.0,1.0,1.0,-0.021943615299880075,0.12106605877559738,-1.0,False,0.0,-0.7
2025-09-30,0.3031211922391976,750.0,227.34089417939825,0.0243161094224924,0.0780872306883868,0.0597133757961783,72800.0,0.0835024807546378,-0.3333333333333333,0.3333333333333333,1.0,1.0,0.0024755892164505405,0.12106605877559738,-1.0,False,0.0,-0.7
2025-10-09,0.2421302538249603,210.0,50.84735330324167,-0.0026342451874367,0.0843405149763532,0.0597133757961783,73340.0,0.0931510217813376,-1.0,1.0,1.0,1.0,0.020108100727821727,0.12106605877559738,-1.0,False,0.0,-0.7
2025-10-10,0.2209282362366944,810.0,178.9518713517225,0.0286311389759665,0.0626190844018743,0.1118630573248407,72740.0,0.123479668124181,-0.3333333333333333,0.3333333333333333,1.0,1.0,-0.009304938509845309,0.12106605877559738,-1.0,False,0.0,-0.7
2025-10-13,0.0023750375365128,820.0,1.9475307799404984,0.0286311389759665,0.0626190844018743,0.0754716981132075,72280.0,0.1881154756094005,-1.0,1.0,1.0,1.0,-0.0270249830249063,0.12106605877559738,-1.0,False,0.0,0.0
2025-10-14,-0.0606392352674161,320.0,-19.404555285573156,0.0286311389759665,0.0626190844018743,0.0754716981132075,72680.0,0.1745404912687682,-1.0,1.0,1.0,1.0,-0.028751641452461105,0.12106605877559738,-1.0,False,0.0,0.0
2025-10-15,-0.1318863021967927,60.0,-7.913178131807566,0.0286311389759665,0.0626190844018743,0.0754716981132075,72940.0,0.1714316566333003,-0.3333333333333333,0.3333333333333333,1.0,1.0,0.0005485463659215941,0.12106605877559738,-1.0,False,0.0,0.0
2025-10-16,-0.2006509015511404,-2080.0,417.35387522637205,0.0501567398119122,0.0848138421133941,0.0754716981132075,75080.0,0.1569627660429124,0.3333333333333333,0.3333333333333333,1.0,1.0,0.05982579338892008,0.12106605877559738,1.0,False,0.0,0.0
2025-10-17,-0.200698080279232,-2430.0,487.69633507853393,0.0215490953445822,0.0552522166007112,0.0885637273777435,75780.0,0.1422031064061401,0.3333333333333333,0.3333333333333333,1.0,1.0,0.0651545285491394,0.12106605877559738,1.0,False,0.0,0.0
2025-10-20,-0.2050485436893203,-1940.0,397.7941747572815,0.0215490953445822,0.0552522166007112,0.0877260484801847,75940.0,0.2260363869936633,0.3333333333333333,0.3333333333333333,1.0,1.0,0.06501269200602192,0.12106605877559738,1.0,False,0.0,0.0
2025-10-21,-0.232810615199035,-1880.0,437.6839565741858,0.0215490953445822,0.0552522166007112,0.0877260484801847,75980.0,0.2077051694043334,0.3333333333333333,0.3333333333333333,1.0,1.0,0.044403904231509,0.12106605877559738,1.0,False,0.0,0.0
2025-10-22,-0.2525499690912837,-2770.0,699.5634143828559,0.0215490953445822,0.0552522166007112,0.0877260484801847,77120.0,0.2527829207488368,0.3333333333333333,0.3333333333333333,1.0,1.0,0.052440490711229366,0.12106605877559738,1.0,False,0.0,0.0
2025-10-23,-0.2669878166896059,-5140.0,1372.3173777845743,0.0333401097784102,0.0673746430897159,0.0877260484801847,79940.0,0.2136414562405625,0.3333333333333333,0.3333333333333333,1.0,1.0,0.08208799691830027,0.12106605877559738,1.0,False,0.0,0.0
2025-10-24,-0.2707475733089394,-4120.0,1115.4800020328305,0.013155272074945,0.0464077002406324,0.0961908426317814,79520.0,0.1350707002401772,0.3333333333333333,0.3333333333333333,1.0,1.0,0.08719430939661577,0.12106605877559738,1.0,False,0.0,0.0
2025-10-27,-0.2974622631952183,-5350.0,1591.4231080944178,0.013155272074945,0.0464077002406324,0.095347943098808,81900.0,0.0996298409488413,0.3333333333333333,0.3333333333333333,1.0,1.0,0.1019745843400997,0.12106605877559738,1.0,False,0.0,0.0
2025-10-28,-0.2974633118301678,-3140.0,934.034799146727,0.013155272074945,0.0464077002406324,0.095347943098808,81640.0,0.1557592405125968,0.3333333333333333,0.3333333333333333,1.0,1.0,0.10612295987295581,0.12106605877559738,1.0,False,0.0,0.0
2025-10-29,-0.3022636822226165,-3750.0,1133.488808334812,0.013155272074945,0.0464077002406324,0.095347943098808,82900.0,0.1502485390608254,0.3333333333333333,0.3333333333333333,1.0,1.0,0.11817515112432997,0.12106605877559738,1.0,False,0.0,0.0
2025-10-30,-0.3046114367657048,-3400.0,1035.6788850033963,0.0023918676499898,0.0352109217698768,0.095347943098808,83400.0,0.1388231220902751,0.3333333333333333,0.3333333333333333,1.0,1.0,0.13483405641299817,0.12428710362250972,1.0,False,0.0,0.0
2025-10-31,-0.3147684140018358,-230.0,72.39673522042224,-0.0051434223541048,0.027490738935465,0.1414840445982315,80780.0,0.1769842388422094,-0.3333333333333333,0.3333333333333333,1.0,1.0,0.08712392242997001,0.12428710362250972,-1.0,False,0.0,0.0
2025-11-03,-0.3233157281360808,-1280.0,413.8441320141834,-0.0051434223541048,0.027490738935465,0.1153268219383922,82280.0,0.1639641656324735,0.3333333333333333,0.3333333333333333,1.0,1.0,0.12131381183305351,0.12428710362250972,1.0,False,0.0,0.0
2025-11-04,-0.3557722707264281,2340.0,-832.5071134998418,-0.0051434223541048,0.027490738935465,0.1153268219383922,78560.0,0.2063019127430656,-0.3333333333333333,0.3333333333333333,1.0,1.0,0.06087923671278177,0.12428710362250972,-1.0,False,0.0,0.0
2025-11-05,-0.3567335587043564,1360.0,-485.1576398379247,-0.0051434223541048,0.027490738935465,0.1153268219383922,79140.0,0.1684527677981175,-0.3333333333333333,0.3333333333333333,1.0,1.0,0.08350248075463787,0.12428710362250972,-1.0,False,0.0,0.0
2025-11-06,-0.3765780221336039,-100.0,37.65780221336039,0.0367736692401463,0.0435667555124787,0.1153268219383922,80500.0,0.1518410048198587,-0.3333333333333333,0.3333333333333333,1.0,1.0,0.09315102178133766,0.12428710362250972,-1.0,False,0.0,0.0
2025-11-07,-0.3594412805549696,-1900.0,682.9384330544423,0.0367736692401463,0.0435667555124787,0.0708915145005371,82300.0,0.1131550892645569,0.3333333333333333,0.3333333333333333,1.0,1.0,0.12347966812418108,0.12428710362250972,1.0,False,0.0,0.0
2025-11-10,-0.251293643444632,-6490.0,1630.8957459556618,0.0367736692401463,0.0435667555124787,0.0708915145005371,87240.0,0.0835283198637764,0.3333333333333333,0.3333333333333333,1.0,1.0,0.18811547560940053,0.1311079408306557,1.0,False,0.0,0.0
2025-11-11,-0.2012791358726549,-4240.0,853.4235361000567,0.0367736692401463,0.0435667555124787,0.0708915145005371,86540.0,0.0698399049954162,0.3333333333333333,0.3333333333333333,1.0,1.0,0.17454049126876825,0.1348391699417668,1.0,False,0.0,0.0
2025-11-12,-0.1447877615189261,-3280.0,474.90385778207775,0.0367736692401463,0.0435667555124787,0.0708915145005371,86580.0,0.1030709944162649,0.3333333333333333,0.3333333333333333,1.0,1.0,0.17143165663330037,0.13685702943685724,1.0,False,0.0,0.0
2025-11-13,-0.0967953769372209,-3490.0,337.8158655109011,0.0159203980099502,0.0227380613310548,0.0708915145005371,87840.0,0.11839001594816,-0.3333333333333333,0.3333333333333333,1.0,1.0,0.15696276604291245,0.15483948876046147,-1.0,False,0.0,0.0
2025-11-14,-0.1145799387342761,-2210.0,253.2216646027504,0.0159203980099502,0.0227380613310548,0.0558896356561726,87360.0,0.1120687343929448,0.3333333333333333,0.3333333333333333,1.0,1.0,0.14220310640614017,0.15483948876046147,1.0,False,0.0,0.0
2025-11-17,-0.1221950822341638,-9050.0,1105.865494219183,0.0159203980099502,0.0227380613310548,0.0558896356561726,95200.0,0.0597344580664429,0.3333333333333333,0.3333333333333333,1.0,1.0,0.22603638699366332,0.15734476565186442,1.0,False,0.0,0.0
2025-11-18,-0.1097618091797136,-6120.0,671.7422721798476,0.0159203980099502,0.0227380613310548,0.0558896356561726,93520.0,0.0729769405018258,0.3333333333333333,0.3333333333333333,1.0,1.0,0.20770516940433345,0.16184765158251918,1.0,False,0.0,0.0
2025-11-19,-0.0776387883800269,-10400.0,807.4433991522799,0.0159203980099502,0.0227380613310548,0.0558896356561726,99300.0,0.0897099815555723,0.3333333333333333,0.3333333333333333,1.0,1.0,0.2527829207488368,0.17149674691925637,1.0,False,0.0,0.0
2025-11-20,-0.0640842866580896,-7680.0,492.1673215341284,0.0316742081447962,0.0385770602590576,0.0558896356561726,98980.0,0.070029580500212,0.3333333333333333,0.3333333333333333,1.0,1.0,0.21364145624056258,0.17232835267045107,1.0,False,0.0,0.0
2025-11-21,-0.0644970208021185,1280.0,-82.55618662671168,0.0316742081447962,0.0385770602590576,0.0175500175500176,91020.0,0.2020480649046878,-0.3333333333333333,0.3333333333333333,1.0,1.0,0.13507070024017728,0.17232835267045107,-1.0,False,0.0,0.0
2025-11-24,-0.0443058509679512,1670.0,-73.9907711164786,0.0316742081447962,0.0385770602590576,0.0175500175500176,90480.0,0.2343974066793051,-0.3333333333333333,0.3333333333333333,1.0,1.0,0.09962984094884134,0.17232835267045107,-1.0,False,0.0,0.0
2025-11-25,-0.0263398573257728,-3350.0,88.23852204133894,0.0316742081447962,0.0385770602590576,0.0175500175500176,95400.0,0.2324086733076036,-0.3333333333333333,0.3333333333333333,1.0,1.0,0.1557592405125968,0.17232835267045107,-1.0,False,0.0,0.0
2025-11-26,-0.0172570390554042,-3540.0,61.08991825613091,0.0316742081447962,0.0385770602590576,0.0175500175500176,96340.0,0.2581876235474464,-0.3333333333333333,0.3333333333333333,1.0,1.0,0.15024853906082544,0.17232835267045107,-1.0,False,0.0,0.0
2025-11-27,-0.0311132014037118,-2520.0,78.40526753735392,0.0302246967587991,0.0372390891840608,0.0175500175500176,95820.0,0.25393165482149,-0.3333333333333333,0.3333333333333333,1.0,1.0,0.1388231220902751,0.17232835267045107,-1.0,False,0.0,0.0
2025-11-28,-0.8030122008616633,-2670.0,2144.042576300641,0.0302246967587991,0.0372390891840608,-0.0006736274840013,96420.0,0.3028128227476436,1.0,1.0,1.0,1.0,0.17698423884220946,0.17478486602611235,1.0,False,0.0,0.0
2025-12-01,-0.698717478930011,-2590.0,1809.6782704287289,0.0302246967587991,0.0372390891840608,-0.0006736274840013,96940.0,0.2035175125103655,1.0,1.0,1.0,1.0,0.16396416563247357,0.17478486602611235,1.0,False,0.0,0.0
2025-12-02,-0.6605511513778785,-2160.0,1426.7904869762174,0.0302246967587991,0.0372390891840608,-0.0006736274840013,96560.0,0.2304079055313004,1.0,1.0,1.0,1.0,0.20630191274306564,0.17728954150680243,1.0,False,0.0,0.0
2025-12-03,-0.6402534476332464,690.0,-441.77487886694,0.0302246967587991,0.0372390891840608,-0.0006736274840013,93660.0,0.2609012785651808,0.3333333333333333,0.3333333333333333,1.0,1.0,0.16845276779811752,0.17728954150680243,1.0,False,0.0,0.0
2025-12-04,-0.6055261165783498,300.0,-181.6578349735049,0.0023515579071133,0.0188074672610754,-0.0006736274840013,93700.0,0.3272824032218263,0.3333333333333333,0.3333333333333333,1.0,1.0,0.15184100481985874,0.17728954150680243,1.0,False,0.0,0.0
2025-12-05,-0.6003951412264013,1090.0,-654.4307039367774,0.0023515579071133,0.0188074672610754,-0.0013373453694416,92160.0,0.4032926110555641,0.3333333333333333,0.3333333333333333,1.0,1.0,0.11315508926455699,0.17728954150680243,1.0,False,0.0,0.0
2025-12-08,-0.5227529009494016,-2090.0,1092.5535629842493,0.0023515579071133,0.0188074672610754,-0.0013373453694416,94840.0,0.405746243898602,1.0,1.0,1.0,1.0,0.08352831986377646,0.17728954150680243,1.0,False,0.0,0.0
2025-12-09,-0.5401971600412826,-50.0,27.00985800206413,0.0023515579071133,0.0188074672610754,-0.0013373453694416,92800.0,0.4462871026284195,0.3333333333333333,0.3333333333333333,1.0,1.0,0.0698399049954162,0.17728954150680243,1.0,False,0.0,0.0
2025-12-10,-0.5163856188355075,-3280.0,1693.744829780465,0.0023515579071133,0.0188074672610754,-0.0013373453694416,95980.0,0.4016375520243293,1.0,1.0,1.0,1.0,0.10307099441626491,0.17728954150680243,1.0,False,0.0,0.0
2025-12-11,-0.4637923513159808,-5380.0,2495.202850079977,0.0047012732615083,0.0210257600371315,-0.0013373453694416,98880.0,0.4563335549792345,1.0,1.0,1.0,1.0,0.11839001594816007,0.17728954150680243,1.0,False,0.0,0.0
2025-12-12,-0.4460802355539197,-3220.0,1436.3783584836217,0.0047012732615083,0.0210257600371315,-0.0023450586264657,97720.0,0.5357677983763147,1.0,1.0,1.0,1.0,0.11206873439294483,0.17728954150680243,1.0,False,0.0,0.0
2025-12-15,-0.4338292583385894,-5910.0,2563.9309167810634,0.0047012732615083,0.0210257600371315,-0.0023450586264657,101060.0,0.4715114963942058,1.0,1.0,1.0,1.0,0.0597344580664429,0.17728954150680243,1.0,False,0.0,0.0
2025-12-16,-0.4255758896696855,-4750.0,2021.4854759310065,0.0047012732615083,0.0210257600371315,-0.0023450586264657,100600.0,0.4839467263754579,1.0,1.0,1.0,1.0,0.07297694050182582,0.17728954150680243,1.0,False,0.0,0.0
2025-12-17,-0.4158260479713068,-11570.0,4811.10737502802,0.0047012732615083,0.0210257600371315,-0.0023450586264657,108620.0,0.2971199947089789,1.0,1.0,1.0,1.0,0.08970998155557239,0.17728954150680243,1.0,False,0.0,0.0
2025-12-18,-0.4190815871600535,-8610.0,3608.2924654480607,-0.0198321891685735,-0.0038409399005874,-0.0023450586264657,106160.0,0.3272523419166188,1.0,1.0,1.0,1.0,0.07002958050021207,0.17728954150680243,1.0,False,0.0,0.0
2025-12-19,-0.4222660905840286,-13750.0,5806.158745530393,-0.0198321891685735,-0.0038409399005874,0.012073128665057,111400.0,0.3651666150768869,1.0,1.0,1.0,1.0,0.20204806490468782,0.18032059442795031,1.0,False,0.0,0.0
2025-12-22,-0.3809505846850245,-15380.0,5859.019992455677,-0.0198321891685735,-0.0038409399005874,0.012073128665057,114380.0,0.3769094744952972,1.0,1.0,1.0,1.0,0.23439740667930514,0.1829116572787299,1.0,False,0.0,0.0
2025-12-23,-0.3743753522449746,-20860.0,7809.469847830171,-0.0198321891685735,-0.0038409399005874,0.012073128665057,120360.0,0.338108839967976,1.0,1.0,1.0,1.0,0.2324086733076036,0.18365807158220246,1.0,False,0.0,0.0
2025-12-24,-0.3678003696857671,-23220.0,8540.324584103513,-0.0198321891685735,-0.0038409399005874,0.012073128665057,124720.0,0.3752946157220652,1.0,1.0,1.0,1.0,0.2581876235474464,0.18715340343128686,1.0,False,0.0,0.0
2025-12-25,-0.3614502819162839,-18620.0,6730.204249281207,-0.00270218104613,0.0135376171964327,0.0079337702656088,123520.0,0.2936551308108627,1.0,1.0,1.0,1.0,0.25393165482149,0.18905872846098504,1.0,False,0.0,0.0
2025-12-26,2.2826686270906085,-18620.0,-42503.28983642713,-0.00270218104613,0.0135376171964327,-0.0151668351870577,130520.0,0.3192056841429794,-0.3333333333333333,0.3333333333333333,1.0,1.0,0.30281282274764365,0.19799801020319016,-1.0,False,0.0,0.0
2025-12-29,1.212478715640963,-820.0,-994.23254682559,-0.00270218104613,0.0135376171964327,-0.0151668351870577,118820.0,0.3360633714568413,-0.3333333333333333,0.3333333333333333,1.0,1.0,0.20351751251036554,0.20219500966525558,-1.0,False,0.0,0.0
2025-12-30,1.167593416370107,-3580.0,-4179.984430604983,-0.00270218104613,0.0135376171964327,-0.0151668351870577,121580.0,0.3042814870146611,-0.3333333333333333,0.3333333333333333,1.0,1.0,0.2304079055313004,0.20379595253363553,-1.0,False,0.0,0.0
2025-12-31,1.1012225445503523,-3080.0,-3391.765437215085,0.008878594865856,0.0253830322433112,-0.0242669362992923,121580.0,0.19799023054141,-0.3333333333333333,0.3333333333333333,1.0,1.0,0.2609012785651808,0.2064422384091924,-1.0,False,0.0,0.0
2026-01-05,0.9459796584148916,-10480.0,-9913.866820188065,0.0218963831867058,0.0219244268198186,-0.0242669362992923,129980.0,0.0187491202128426,-0.3333333333333333,0.3333333333333333,1.0,1.0,0.3272824032218263,0.20827821399624583,-1.0,False,0.0,0.0
2026-01-06,1.1187511444790332,-10440.0,-11679.761948361109,0.0218963831867058,0.0219244268198186,-0.0308001339136257,137940.0,0.0710689132706079,-0.3333333333333333,0.3333333333333333,1.0,1.0,0.40329261105556413,0.21345619941516794,-1.0,False,0.0,0.0
2026-01-07,0.9192073170731708,-8800.0,-8089.024390243902,0.0218963831867058,0.0219244268198186,-0.0308001339136257,142300.0,0.0339905615347532,-0.3333333333333333,0.3333333333333333,1.0,1.0,0.405746243898602,0.2139607488286008,-1.0,False,0.0,0.0
2026-01-08,0.9945820433436532,-6500.0,-6464.783281733746,0.0111436950146628,0.0271662336478417,-0.0308001339136257,145000.0,-0.0880401191295611,-0.3333333333333333,0.3333333333333333,1.0,1.0,0.44628710262841953,0.2172113182453477,-1.0,False,0.0,0.0
2026-01-09,0.8538011695906433,-3420.0,-2920.0,0.0111436950146628,0.0271662336478417,-0.0575828590559089,143420.0,-0.0760299449680352,-0.3333333333333333,0.3333333333333333,1.0,1.0,0.4016375520243293,0.22101472766865218,-1.0,False,0.0,0.0
2026-01-12,0.7606779661016949,-4060.0,-3088.352542372881,0.0083837005264184,0.0244113101191016,-0.0575828590559089,156060.0,-0.1302596228604903,-0.3333333333333333,0.3333333333333333,1.0,1.0,0.4563335549792345,0.22484586646096638,-1.0,False,0.0,0.0
2026-01-13,0.7872425249169435,-7480.0,-5888.574086378737,0.0083837005264184,0.0244113101191016,-0.0547347212894561,166980.0,-0.195414441573324,-0.3333333333333333,0.3333333333333333,1.0,1.0,0.5357677983763147,0.2261582640636872,-1.0,False,0.0,0.0
2026-01-14,0.7796854521625163,1060.0,826.4665792922673,0.0083837005264184,0.0244113101191016,-0.0547347212894561,161940.0,-0.0748587693169537,0.3333333333333333,0.3333333333333333,1.0,1.0,0.4715114963942058,0.22757043247764192,1.0,False,0.0,0.0
2026-01-15,0.7797330891011383,-4220.0,-3290.473636006804,0.027490738935465,0.0275934175834167,-0.0547347212894561,163220.0,-0.0883378514934416,-0.3333333333333333,0.3333333333333333,1.0,1.0,0.48394672637545794,0.2306079823089307,-1.0,False,0.0,0.0
2026-01-16,0.7560757226912254,11800.0,8921.693527756459,0.027490738935465,0.0275934175834167,-0.0832773673606447,146200.0,0.0431066603842983,0.3333333333333333,0.3333333333333333,1.0,1.0,0.29711999470897893,0.23260754664477373,1.0,False,0.0,0.0
2026-01-19,0.7714249168585317,3740.0,2885.1291890509083,0.0252918287937744,0.0254025856203221,-0.0832773673606447,147260.0,0.1083981356334145,0.3333333333333333,0.3333333333333333,1.0,1.0,0.3272523419166188,0.23501969317352062,1.0,False,0.0,0.0
2026-01-20,0.7846044742440847,-8000.0,-6276.835793952678,0.0252918287937744,0.0254025856203221,-0.0695296523517382,160500.0,0.0365812395153083,-0.3333333333333333,0.3333333333333333,1.0,1.0,0.36516661507688697,0.241341126422387,-1.0,False,0.0,0.0
2026-01-21,0.7461458777649137,-8240.0,-6148.242032782889,0.0252918287937744,0.0254025856203221,-0.0695296523517382,166740.0,0.0406636516500318,-0.3333333333333333,0.3333333333333333,1.0,1.0,0.3769094744952972,0.24832422974253882,-1.0,False,0.0,0.0
2026-01-22,0.7347907032610654,-4280.0,-3144.90420995736,-0.007976653696498,0.0078022227262417,-0.0695296523517382,168780.0,0.0421151502130702,-0.3333333333333333,0.3333333333333333,1.0,1.0,0.338108839967976,0.2528977941561021,-1.0,False,0.0,0.0
2026-01-23,0.6464534237763873,-10520.0,-6800.690018127594,-0.007976653696498,0.0078022227262417,-0.0967961826857531,181520.0,-0.0537550913482528,-0.3333333333333333,0.3333333333333333,1.0,1.0,0.37529461572206524,0.25435725169408563,-1.0,False,0.0,0.0
2026-01-26,0.6751067189053273,15820.0,10680.188293082278,-0.0131604412618541,0.002526961779703,-0.0930869267624914,165680.0,-0.0937059626618438,0.3333333333333333,0.3333333333333333,1.0,1.0,0.29365513081086275,0.2584589890492198,1.0,False,0.0,0.0
2026-01-27,0.632943284250602,-7100.0,-4493.897318179274,-0.0131604412618541,0.002526961779703,-0.0930869267624914,179600.0,-0.1599021544863241,-0.3333333333333333,0.3333333333333333,1.0,1.0,0.3192056841429794,0.2641766637897488,-1.0,False,0.0,0.0
2026-01-28,0.6472981144522016,5720.0,3702.5452146665934,-0.0131604412618541,0.002526961779703,-0.0930869267624914,166280.0,-0.0647149459690218,0.3333333333333333,0.3333333333333333,1.0,1.0,0.3360633714568413,0.29400161720067436,1.0,False,0.0,0.0
2026-01-29,0.5499974347134575,3180.0,1748.991842388795,-0.0419972904973873,-0.0267135959568611,-0.0930869267624914,164820.0,-0.0539728466704551,0.3333333333333333,0.3333333333333333,1.0,1.0,0.3042814870146611,0.29768927751284535,1.0,False,0.0,0.0
2026-01-30,0.5103298653912529,12300.0,6277.057344312411,-0.0529940692557873,-0.037957181088314,-0.0880829015544041,148200.0,0.0832142535054123,0.3333333333333333,0.3333333333333333,1.0,1.0,0.19799023054141007,0.29768927751284535,1.0,False,0.0,0.0
2026-02-02,0.5897145111187811,23060.0,13598.816626399092,-0.0529940692557873,-0.037957181088314,-0.0880829015544041,132440.0,0.2076204881277167,0.3333333333333333,0.3333333333333333,1.0,1.0,0.01874912021284265,0.29768927751284535,1.0,False,0.0,0.0
2026-02-03,0.4296702821831382,5400.0,2320.2195237889464,-0.0529940692557873,-0.037957181088314,-0.0880829015544041,148100.0,0.0457954268687029,0.3333333333333333,0.3333333333333333,1.0,1.0,0.07106891327060796,0.29768927751284535,1.0,False,0.0,0.0
2026-02-04,0.3548054011119936,5780.0,2050.775218427323,-0.0529940692557873,-0.037957181088314,-0.0880829015544041,147220.0,0.0641903420681077,0.3333333333333333,0.3333333333333333,1.0,1.0,0.03399056153475328,0.29768927751284535,1.0,False,0.0,0.0
2026-02-05,0.3110981761738456,11220.0,3490.521536670548,-0.0856535189481825,-0.0794763700909696,-0.0880829015544041,132780.0,0.1357130748891605,0.3333333333333333,0.3333333333333333,1.0,1.0,-0.08804011912956113,0.29768927751284535,1.0,False,0.0,0.0
2026-02-06,0.3319006309148264,1580.0,524.4029968454258,-0.0856535189481825,-0.0794763700909696,-0.0515097690941385,132920.0,0.1830485469614693,0.3333333333333333,0.3333333333333333,1.0,1.0,-0.07602994496803524,0.29768927751284535,1.0,False,0.0,0.0
2026-02-09,0.3321909896033885,-1500.0,-498.2864844050828,-0.0856535189481825,-0.0794763700909696,-0.0515097690941385,137000.0,0.1255065790353416,-0.3333333333333333,0.3333333333333333,1.0,1.0,-0.1302596228604903,0.29768927751284535,-1.0,False,0.0,0.0
2026-02-10,0.3211762956353632,-1340.0,-430.3762361513867,-0.0856535189481825,-0.0794763700909696,-0.0515097690941385,137340.0,0.0889753710742896,-0.3333333333333333,0.3333333333333333,1.0,1.0,-0.19541444157332402,0.29768927751284535,-1.0,False,0.0,0.0
2026-02-11,0.3081596582958981,-12260.0,-3778.0374107077114,-0.0856535189481825,-0.0794763700909696,-0.0515097690941385,150260.0,-0.052323618960819,-0.3333333333333333,0.3333333333333333,1.0,1.0,-0.07485876931695379,0.29768927751284535,-1.0,False,0.0,0.0
2026-02-12,0.3704098511303069,-6920.0,-2563.236169821724,-0.1267552182163187,-0.1071001990710019,-0.0515097690941385,149420.0,-0.037920528108445,-0.3333333333333333,0.3333333333333333,1.0,1.0,-0.08833785149344169,0.29768927751284535,-1.0,False,0.0,0.0
2026-02-13,0.4115740403525385,-8890.0,-3658.893218734067,-0.1267552182163187,-0.1071001990710019,-0.0402930402930403,152640.0,-0.0238674814066434,-0.3333333333333333,0.3333333333333333,1.0,1.0,0.04310666038429836,0.29768927751284535,-1.0,False,0.0,0.0
2026-02-24,0.4028088670662142,-12120.0,-4882.043468842517,-0.1267552182163187,-0.1071001990710019,-0.0402930402930403,164120.0,-0.0705521799579062,-0.3333333333333333,0.3333333333333333,1.0,1.0,0.10839813563341456,0.29768927751284535,-1.0,False,0.0,0.0
2026-02-25,0.3917488530038655,-4730.0,-1852.972074708284,-0.1267552182163187,-0.1071001990710019,-0.0402930402930403,166480.0,-0.0452165475396622,-0.3333333333333333,0.3333333333333333,1.0,1.0,0.03658123951530836,0.29768927751284535,-1.0,False,0.0,0.0
2026-02-26,0.3418132328308207,-660.0,-225.5967336683417,-0.055977229601518,-0.0346383543463835,-0.0402930402930403,173660.0,-0.0995804846373929,-0.3333333333333333,0.3333333333333333,1.0,1.0,0.0406636516500318,0.29768927751284535,-1.0,False,0.0,0.0
2026-02-27,0.3314754552378314,-4040.0,-1339.1608391608388,-0.0243184938223181,-0.0177791781068551,-0.0476190476190476,176040.0,-0.0441316386491636,-0.3333333333333333,0.3333333333333333,1.0,1.0,0.04211515021307023,0.29768927751284535,-1.0,False,0.0,0.0
2026-03-02,0.3565847421508736,480.0,171.16067623241935,-0.0243184938223181,-0.0177791781068551,-0.0188679245283018,172020.0,-0.0023280187443585,-0.3333333333333333,0.3333333333333333,1.0,1.0,-0.053755091348252806,0.29768927751284535,-1.0,False,0.0,0.0
2026-03-03,0.3179850589960205,10140.0,3224.368498219648,-0.0243184938223181,-0.0177791781068551,-0.0188679245283018,150860.0,0.0411666255696213,0.3333333333333333,0.3333333333333333,1.0,1.0,-0.09370596266184386,0.29768927751284535,1.0,False,0.0,0.0
2026-03-04,0.2739148323390248,940.0,257.4799423986833,-0.0243184938223181,-0.0177791781068551,-0.0188679245283018,153060.0,0.0356814032733986,-0.3333333333333333,0.3333333333333333,1.0,1.0,-0.15990215448632414,0.29768927751284535,-1.0,False,0.0,0.0
2026-03-05,0.2293933124207434,140.0,32.115063738904084,0.0100019611688566,0.0167889454021694,-0.0188679245283018,155860.0,0.0208261495339739,-0.3333333333333333,0.3333333333333333,1.0,1.0,-0.06471494596902182,0.29768927751284535,-1.0,False,0.0,0.0
2026-03-06,0.2025421204197146,-910.0,-184.31332958194037,0.0404040404040404,0.0473364550975938,0.0433962264150942,156160.0,0.010827441615474,-1.0,1.0,1.0,1.0,-0.053972846670455106,0.29768927751284535,-1.0,False,0.0,0.0
2026-03-09,0.2033887238418594,-6310.0,-1283.3828474421332,0.0404040404040404,0.0473364550975938,0.0473484848484848,161060.0,-0.0012425448914758,-1.0,1.0,1.0,1.0,0.08321425350541235,0.29768927751284535,-1.0,False,0.0,0.0
2026-03-10,0.1481963958934276,-4500.0,-666.8837815204241,0.0404040404040404,0.0473364550975938,0.0473484848484848,163000.0,-0.0209542103588994,-1.0,1.0,1.0,1.0,0.20762048812771675,0.29768927751284535,-1.0,False,0.0,0.0
2026-03-11,0.1104763631967113,3960.0,437.4863982589771,0.0404040404040404,0.0473364550975938,0.0473484848484848,155040.0,-0.0095917780098591,-0.3333333333333333,0.3333333333333333,1.0,1.0,0.04579542686870292,0.29768927751284535,-1.0,False,0.0,0.0
2026-03-12,0.0686228527877117,1020.0,69.99530984346598,0.0789898989898989,0.0860957856182484,0.0473484848484848,156980.0,0.003941768725111,-1.0,1.0,1.0,1.0,0.06419034206810771,0.29768927751284535,-1.0,False,0.0,0.0
2026-03-13,0.077426229022997,6920.0,535.7895048391392,0.1294142524846691,0.1292903972232935,0.0416666666666667,152080.0,0.0905886112403248,-0.3333333333333333,0.3333333333333333,1.0,1.0,0.1357130748891605,0.29768927751284535,-1.0,False,0.0,0.0
2026-03-16,0.0774491517896793,-3120.0,-241.64135358379963,0.1294142524846691,0.1292903972232935,0.0299625468164794,159620.0,0.0442392788808816,-1.0,1.0,1.0,1.0,0.1830485469614693,0.29768927751284535,-1.0,False,0.0,0.0
2026-03-17,0.0539931207908199,2680.0,144.7015637193975,0.1294142524846691,0.1292903972232935,0.0299625468164794,155320.0,0.082397349283029,-0.3333333333333333,0.3333333333333333,1.0,1.0,0.12550657903534168,0.29768927751284535,-1.0,False,0.0,0.0
2026-03-18,0.0065284070124096,5380.0,35.122829726763875,0.1294142524846691,0.1292903972232935,0.0299625468164794,150120.0,0.1590490207713316,-0.3333333333333333,0.3333333333333333,1.0,1.0,0.08897537107428968,0.29768927751284535,-1.0,False,0.0,0.0
2026-03-19,-0.0221521659582852,9900.0,-219.30644298702435,0.1659970395432437,0.1659274971075974,0.0299625468164794,142600.0,0.2192650719856389,-0.3333333333333333,0.3333333333333333,1.0,1.0,-0.05232361896081902,0.29768927751284535,-1.0,False,0.0,0.0
2026-03-20,-0.0795021726302237,5140.0,-408.64116731935,0.1981747066492829,0.1982758620689655,0.0985018726591759,143860.0,0.2252267407350273,-0.3333333333333333,0.3333333333333333,1.0,1.0,-0.037920528108445,0.29768927751284535,-1.0,False,0.0,0.0
2026-03-23,-0.1347299981939678,-2540.0,342.21419541267824,0.1981747066492829,0.1982758620689655,0.1194656488549616,149040.0,0.1563337105098078,0.3333333333333333,0.3333333333333333,1.0,1.0,-0.02386748140664343,0.29768927751284535,1.0,False,0.0,0.0
2026-03-24,-0.1744177068588341,-5440.0,948.832325312058,0.1981747066492829,0.1982758620689655,0.1194656488549616,152940.0,0.1361107753296187,0.3333333333333333,0.3333333333333333,1.0,1.0,-0.07055217995790627,0.29768927751284535,1.0,False,0.0,0.0
2026-03-25,-0.1833874107722258,-6620.0,1214.024659312135,0.1981747066492829,0.1982758620689655,0.1194656488549616,159120.0,0.1119001713921243,0.3333333333333333,0.3333333333333333,1.0,1.0,-0.04521654753966225,0.29768927751284535,1.0,False,0.0,0.0
2026-03-26,-0.2002548698343346,-700.0,140.1784088840342,0.1370854271356785,0.1371093391989735,0.1194656488549616,157200.0,0.1237027146766832,-0.3333333333333333,0.3333333333333333,1.0,1.0,-0.09958048463739291,0.29768927751284535,-1.0,False,0.0,0.0
2026-03-27,-0.2171030394425521,-10440.0,2266.5557317802445,0.1370854271356785,0.1371093391989735,0.1596153846153845,168440.0,0.0694835292155532,0.3333333333333333,0.3333333333333333,1.0,1.0,-0.044131638649163654,0.29768927751284535,1.0,False,0.0,0.0
2026-03-30,-0.186721122630642,-7120.0,1329.454393130171,0.1370854271356785,0.1371093391989735,0.1596153846153845,171620.0,0.039977913876765,0.3333333333333333,0.3333333333333333,1.0,1.0,-0.0023280187443585633,0.29768927751284535,1.0,False,0.0,0.0
2026-03-31,-0.7002251357436101,5800.0,-4061.3057873129383,0.1370854271356785,0.1371093391989735,0.1596153846153845,157200.0,0.156764490942921,-0.3333333333333333,0.3333333333333333,1.0,1.0,0.04116662556962133,0.29768927751284535,-1.0,False,0.0,0.0
2026-04-01,-0.5247476786435203,2880.0,-1511.2733144933386,0.1370854271356785,0.1371093391989735,0.1596153846153845,158620.0,0.175658801269862,-0.3333333333333333,0.3333333333333333,1.0,1.0,0.03568140327339864,0.29768927751284535,-1.0,False,0.0,0.0
2026-04-02,-0.4777958740499457,360.0,-172.00651465798046,0.0976699029126213,0.1230633023461709,0.1596153846153845,159140.0,0.2255285395783492,-0.3333333333333333,0.3333333333333333,1.0,1.0,0.02082614953397391,0.29768927751284535,-1.0,False,0.0,0.0
2026-04-03,-0.4154142581888247,640.0,-265.8651252408478,0.0976699029126213,0.1230633023461709,0.0922242314647379,157860.0,0.231897722537661,-0.3333333333333333,0.3333333333333333,1.0,1.0,0.01082744161547408,0.29768927751284535,-1.0,False,0.0,0.0
2026-04-07,-0.4165106752394129,-1860.0,774.7098559453079,0.0976699029126213,0.1230633023461709,0.0922242314647379,160860.0,0.2004333067370008,0.3333333333333333,0.3333333333333333,1.0,1.0,-0.0012425448914758568,0.29768927751284535,1.0,False,0.0,0.0
2026-04-08,-0.361030822010319,-1120.0,404.35452065155727,0.0976699029126213,0.1230633023461709,0.0922242314647379,159620.0,0.2503115449073926,0.3333333333333333,0.3333333333333333,1.0,1.0,-0.020954210358899456,0.29768927751284535,1.0,False,0.0,0.0
2026-04-09,-0.3286698059283051,2190.0,-719.7868749829881,0.1087378640776699,0.13444001770695,0.0922242314647379,153560.0,0.2901860980849714,-0.3333333333333333,0.3333333333333333,1.0,1.0,-0.00959177800985918,0.29768927751284535,-1.0,False,0.0,0.0
2026-04-10,-0.3017967357015498,-2050.0,618.6833081881772,0.0690881857330087,0.0939554341330146,0.108499095840868,157600.0,0.2480094805669361,0.3333333333333333,0.3333333333333333,1.0,1.0,0.003941768725111069,0.29768927751284535,1.0,False,0.0,0.0
2026-04-13,-0.2801966870862291,-9500.0,2661.868527319177,0.0690881857330087,0.0939554341330146,0.1145454545454545,166500.0,0.1412492807056304,0.3333333333333333,0.3333333333333333,1.0,1.0,0.09058861124032482,0.29768927751284535,1.0,False,0.0,0.0
2026-04-14,-0.2437281894869892,-5340.0,1301.508531860523,0.0690881857330087,0.0939554341330146,0.1145454545454545,166840.0,0.1236529843826557,0.3333333333333333,0.3333333333333333,1.0,1.0,0.04423927888088168,0.29768927751284535,1.0,False,0.0,0.0
2026-04-15,-0.2216371863430687,-2660.0,589.5549156725629,0.0690881857330087,0.0939554341330146,0.1145454545454545,168660.0,0.1305475787026263,0.3333333333333333,0.3333333333333333,1.0,1.0,0.082397349283029,0.29768927751284535,1.0,False,0.0,0.0
2026-04-16,-0.1774161983840756,-8500.0,1508.0376862646428,0.0726455719902641,0.097626568769743,0.1145454545454545,176000.0,0.0466233160843415,0.3333333333333333,0.3333333333333333,1.0,1.0,0.15904902077133165,0.29768927751284535,1.0,False,0.0,0.0
2026-04-17,-0.1357800805987334,-8060.0,1094.3874496257918,0.0389916575988393,0.0631356983378814,0.1109090909090908,177560.0,0.0307238717146305,0.3333333333333333,0.3333333333333333,1.0,1.0,0.2192650719856389,0.29768927751284535,1.0,False,0.0,0.0
2026-04-20,-0.1057753948365289,-7700.0,814.4705402412732,0.0389916575988393,0.0631356983378814,0.0415956358677123,180200.0,-0.0145335146161677,0.3333333333333333,0.3333333333333333,1.0,1.0,0.2252267407350273,0.29768927751284535,1.0,False,0.0,0.0
2026-04-21,-0.0378388049020484,-2260.0,85.5156990786296,0.0389916575988393,0.0631356983378814,0.0415956358677123,174260.0,0.0568842010044321,0.3333333333333333,0.3333333333333333,1.0,1.0,0.15633371050980782,0.29768927751284535,1.0,False,0.0,0.0
2026-04-22,0.0180809277386371,-4240.0,-76.6631336118214,0.0389916575988393,0.0631356983378814,0.0415956358677123,175240.0,0.0334449306631812,0.3333333333333333,0.3333333333333333,1.0,1.0,0.1361107753296187,0.29768927751284535,1.0,False,0.0,0.0
2026-04-23,0.0603623649078195,-4960.0,-299.3973299427849,0.0484221980413492,0.0728107169436864,0.0415956358677123,177960.0,-0.0113021094573219,0.3333333333333333,0.3333333333333333,1.0,1.0,0.1119001713921243,0.29768927751284535,1.0,False,0.0,0.0
2026-04-24,0.1153458424116289,-4900.0,-565.1946278169818,0.0219197454481174,0.0456597082292253,0.0637572451414933,177900.0,-0.0279300001740104,-1.0,1.0,1.0,1.0,0.12370271467668326,0.29768927751284535,-1.0,False,0.0,0.0
2026-04-27,0.1732257314602636,-4560.0,-789.9093354588023,0.0219197454481174,0.0456597082292253,0.0348258706467661,180560.0,-0.0094597555912452,-0.3333333333333333,0.3333333333333333,1.0,1.0,0.06948352921555326,0.29768927751284535,-1.0,False,0.0,0.0
2026-04-28,0.1715168684007211,-4120.0,-706.649497810971,0.0219197454481174,0.0456597082292253,0.0348258706467661,178620.0,0.0062507179744874,-0.3333333333333333,0.3333333333333333,1.0,1.0,0.039977913876765095,0.29768927751284535,-1.0,False,0.0,0.0
2026-04-29,2.265771337692172,-9380.0,-21252.935147552573,0.0219197454481174,0.0456597082292253,0.0348258706467661,183880.0,-0.0274563804233537,-0.3333333333333333,0.3333333333333333,1.0,1.0,0.15676449094292105,0.29768927751284535,-1.0,False,0.0,0.0
2026-04-30,1.1526786725563485,-12080.0,-13924.358364480688,0.0251016439809086,0.048923994519223,0.0530679933665008,189080.0,-0.0889942250466698,-1.0,1.0,1.0,1.0,0.17565880126986202,0.29768927751284535,-1.0,False,0.0,0.0
2026-05-06,1.029368957272066,-11900.0,-12249.490591537584,0.0258269945161861,0.0259361450532125,0.0530679933665008,199400.0,-0.1787572045151417,-1.0,1.0,1.0,1.0,0.22552853957834926,0.29768927751284535,-1.0,False,0.0,0.0
2026-05-07,1.0072982390055565,-8560.0,-8622.472925887561,0.0012382805589952,0.0206543161214032,0.0513245033112583,199060.0,-0.2138181340333451,-1.0,1.0,1.0,1.0,0.23189772253766106,0.29768927751284535,-1.0,False,0.0,0.0
2026-05-08,1.0424958155105075,-2560.0,-2668.7892877069,0.0012382805589952,0.0206543161214032,0.0794701986754966,196560.0,-0.1789085841977147,-1.0,1.0,1.0,1.0,0.20043330673700083,0.29768927751284535,-1.0,False,0.0,0.0
2026-05-11,0.8550773653504693,-9770.0,-8354.105859474084,0.0012382805589952,0.0206543161214032,0.0794701986754966,205020.0,-0.2272736174251258,-1.0,1.0,1.0,1.0,0.25031154490739266,0.29768927751284535,-1.0,False,0.0,0.0
2026-05-12,0.8632014271813169,-5260.0,-4540.439506973727,-0.0087565674255691,0.0104186990283685,0.0794701986754966,205260.0,-0.1975791353303506,-1.0,1.0,1.0,1.0,0.2901860980849714,0.29768927751284535,-1.0,False,0.0,0.0
2026-05-13,0.8748281145640986,-1460.0,-1277.249047263584,-0.0087565674255691,0.0104186990283685,0.0636215334420882,201960.0,-0.18768349993534,-1.0,1.0,1.0,1.0,0.24800948056693614,0.29768927751284535,-1.0,False,0.0,0.0
2026-05-14,0.8818455901995954,3240.0,2857.179712246689,0.0152364273204903,0.0151793030787841,0.0636215334420882,191760.0,-0.093746946720627,-0.3333333333333333,0.3333333333333333,1.0,1.0,0.1412492807056304,0.29768927751284535,-1.0,False,0.0,0.0
2026-05-15,0.8398793736147949,3200.0,2687.613995567344,0.0152364273204903,0.0151793030787841,0.0668841761827081,188800.0,-0.0741894617842115,-0.3333333333333333,0.3333333333333333,1.0,1.0,0.12365298438265573,0.29768927751284535,-1.0,False,0.0,0.0
2026-05-18,0.8251770425959202,-680.0,-561.1203889652257,0.0152364273204903,0.0151793030787841,0.0668841761827081,192180.0,-0.096851589874556,-1.0,1.0,1.0,1.0,0.13054757870262634,0.29768927751284535,-1.0,False,0.0,0.0
2026-05-19,0.787003364714679,2100.0,1652.707065900826,0.0118694362017803,0.0117839225294598,0.0668841761827081,184400.0,-0.0814265280520132,-0.3333333333333333,0.3333333333333333,1.0,1.0,0.046623316084341566,0.29768927751284535,-1.0,False,0.0,0.0
2026-05-20,0.7680778070146221,-4100.0,-3149.1190087599507,0.0118694362017803,0.0117839225294598,0.0703764320785598,183100.0,-0.0666160463503907,-1.0,1.0,1.0,1.0,0.03072387171463055,0.29768927751284535,-1.0,False,0.0,0.0
2026-05-21,0.7054549009384776,4400.0,3104.0015641293016,-0.0122185372665385,0.0070003500175008,0.0703764320785598,177600.0,-0.1012398879879991,-0.3333333333333333,0.3333333333333333,1.0,1.0,-0.014533514616167795,0.29768927751284535,-1.0,False,0.0,0.0
2026-05-22,0.6439506631957357,-6460.0,-4159.921284244452,-0.0122185372665385,0.0070003500175008,0.0720130932896889,184460.0,-0.1314425301398967,-1.0,1.0,1.0,1.0,0.0568842010044321,0.29768927751284535,-1.0,False,0.0,0.0
2026-05-25,0.5966378835201176,2050.0,1223.107661216241,-0.0122185372665385,0.0070003500175008,0.0720130932896889,181200.0,-0.1419552952432685,-0.3333333333333333,0.3333333333333333,1.0,1.0,0.03344493066318123,0.29768927751284535,-1.0,False,0.0,0.0
2026-05-26,0.6116490302467101,4040.0,2471.062082196709,-0.021103615291472,-0.0020811654526534,0.0720130932896889,175960.0,-0.0781028612120078,-0.3333333333333333,0.3333333333333333,1.0,1.0,-0.011302109457321992,0.29768927751284535,-1.0,False,0.0,0.0
2026-05-27,0.5816957256982915,4000.0,2326.782902793166,-0.021103615291472,-0.0020811654526534,0.0496794871794872,173000.0,-0.1370719221076226,0.3333333333333333,0.3333333333333333,1.0,1.0,-0.027930000174010473,0.29768927751284535,1.0,False,0.0,0.0
2026-05-28,0.5295100065106009,-3360.0,-1779.153621875619,-0.0340771492821311,-0.0154160403900258,0.0496794871794872,178860.0,-0.1745024906601693,-0.3333333333333333,0.3333333333333333,1.0,1.0,-0.0094597555912452,0.29768927751284535,-1.0,False,0.0,0.0
2026-05-29,0.4892009232798417,-2240.0,-1095.8100681468457,-0.0340771492821311,-0.0154160403900258,0.046474358974359,179740.0,-0.1550783753128309,-0.3333333333333333,0.3333333333333333,1.0,1.0,0.006250717974487457,0.29768927751284535,-1.0,False,0.0,0.0
2026-06-01,0.4938315026243169,100.0,49.3831502624317,-0.0340771492821311,-0.0154160403900258,0.046474358974359,178900.0,-0.090870636098318,-0.3333333333333333,0.3333333333333333,1.0,1.0,-0.027456380423353757,0.29768927751284535,-1.0,False,0.0,0.0
2026-06-02,0.4729559086604229,2770.0,1310.0878669893714,-0.0370753578203137,-0.018480098355617,0.0283464566929132,172980.0,-0.049900735533664,0.3333333333333333,0.3333333333333333,1.0,1.0,-0.08899422504666982,0.29768927751284535,1.0,False,0.0,0.0
2026-06-03,0.4355421223841602,3740.0,1628.9275377167594,-0.0370753578203137,-0.018480098355617,0.0283464566929132,166760.0,-0.0164453524887376,0.3333333333333333,0.3333333333333333,1.0,1.0,-0.17875720451514174,0.29768927751284535,1.0,False,0.0,0.0
2026-06-04,0.3276488939973259,7510.0,2460.6431939199174,-0.0019434628975264,0.0173785432918822,0.0283464566929132,160740.0,0.0488079389452481,0.3333333333333333,0.3333333333333333,1.0,1.0,-0.2138181340333451,0.29768927751284535,1.0,False,0.0,0.0
2026-06-05,0.2676303209651718,-1360.0,-363.9772365126337,-0.0019434628975264,0.0173785432918822,0.00920245398773,164360.0,0.0012161013294927,-0.3333333333333333,0.3333333333333333,1.0,1.0,-0.1789085841977147,0.29768927751284535,-1.0,False,0.0,0.0
2026-06-08,0.2748404740200547,410.0,112.68459434822245,-0.0019434628975264,0.0173785432918822,0.00920245398773,163340.0,0.0001224364862258,-0.3333333333333333,0.3333333333333333,1.0,1.0,-0.22727361742512586,0.29768927751284535,-1.0,False,0.0,0.0
2026-06-09,0.2086869478173825,-4710.0,-982.9155242198716,-0.0019434628975264,0.0173785432918822,0.00920245398773,168460.0,-0.0613223601335017,-0.3333333333333333,0.3333333333333333,1.0,1.0,-0.19757913533035068,0.29768927751284535,-1.0,False,0.0,0.0
2026-06-10,0.164731768650461,-1650.0,-271.8074182732607,-0.0019434628975264,0.0173785432918822,0.00920245398773,167400.0,-0.0898175262516691,0.3333333333333333,0.3333333333333333,1.0,1.0,-0.18768349993534003,0.29768927751284535,1.0,False,0.0,0.0
2026-06-11,0.1089636990468465,-8100.0,-882.6059622794571,0.0158702777298602,0.0158748462484625,0.00920245398773,174600.0,-0.1412521701972305,0.3333333333333333,0.3333333333333333,1.0,1.0,-0.09374694672062704,0.29768927751284535,1.0,False,0.0,0.0
2026-06-12,0.0621655245956673,-4800.0,-298.3945180592034,0.0158702777298602,0.0158748462484625,0.0107033639143729,175300.0,-0.1410405689392948,0.3333333333333333,0.3333333333333333,1.0,1.0,-0.0741894617842115,0.29768927751284535,1.0,False,0.0,0.0
2026-06-15,0.0401706431935757,-3940.0,-158.27233418268855,0.0158702777298602,0.0158748462484625,0.0107033639143729,174440.0,-0.1299671424931183,0.3333333333333333,0.3333333333333333,1.0,1.0,-0.09685158987455605,0.29768927751284535,1.0,False,0.0,0.0
2026-06-16,0.0134274139865726,-980.0,-13.158865706841205,0.0158702777298602,0.0158748462484625,0.0107033639143729,169980.0,-0.1301250347175231,0.3333333333333333,0.3333333333333333,1.0,1.0,-0.08142652805201325,0.29768927751284535,1.0,False,0.0,0.0
2026-06-17,-0.0074976922932011,-1800.0,13.495846127762135,0.0158702777298602,0.0158748462484625,0.0107033639143729,171300.0,-0.1217752320572847,0.3333333333333333,0.3333333333333333,1.0,1.0,-0.06661604635039078,0.29768927751284535,1.0,False,0.0,0.0
2026-06-18,-0.0069167128417754,6750.0,-46.68781168198407,0.0003534193320373,0.0195419611478004,0.0229357798165137,160500.0,-0.0667257504252142,0.3333333333333333,0.3333333333333333,1.0,1.0,-0.10123988798799913,0.29768927751284535,1.0,False,0.0,0.0
2026-06-22,-0.0496163779290063,-4740.0,235.1816313834899,0.0003534193320373,0.0195419611478004,0.0213740458015267,161740.0,-0.1168714937743539,1.0,1.0,1.0,1.0,-0.13144253013989673,0.29768927751284535,1.0,False,0.0,0.0
2026-06-23,-0.0322766238996605,1280.0,-41.31407859156553,0.0003534193320373,0.0195419611478004,0.0213740458015267,157220.0,-0.1044986841419825,0.3333333333333333,0.3333333333333333,1.0,1.0,-0.14195529524326858,0.29768927751284535,1.0,False,0.0,0.0
2026-06-24,-0.0864535089187731,-5240.0,453.0163867343712,0.0003534193320373,0.0195419611478004,0.0213740458015267,162740.0,-0.127213500434385,1.0,1.0,1.0,1.0,-0.07810286121200781,0.29768927751284535,1.0,False,0.0,0.0
2026-06-25,-0.096628509281277,6160.0,-595.2316171726668,0.0095423219650114,0.028926736955934,0.0213740458015267,150840.0,-0.0394859299695819,0.3333333333333333,0.3333333333333333,1.0,1.0,-0.13707192210762265,0.29768927751284535,1.0,False,0.0,0.0
2026-06-26,-0.1015860677733977,2280.0,-231.61623452334683,0.0231017191977076,0.0428621755979174,0.0229007633587785,150220.0,-0.0403450302225274,0.3333333333333333,0.3333333333333333,1.0,1.0,-0.17450249066016932,0.29768927751284535,1.0,False,0.0,0.0
2026-06-29,-0.1052864655411015,-2170.0,228.4716302241904,0.0231017191977076,0.0428621755979174,0.0260336906584992,153920.0,-0.0445049202868364,1.0,1.0,1.0,1.0,-0.15507837531283097,0.29768927751284535,1.0,False,0.0,0.0
2026-06-30,-0.117431857285158,-6860.0,805.5825409761841,0.0231017191977076,0.0428621755979174,0.0260336906584992,163360.0,-0.1297607017522736,1.0,1.0,1.0,1.0,-0.09087063609831804,0.29768927751284535,1.0,False,0.0,0.0
2026-07-01,-0.1189319521343097,-4560.0,542.3297017324523,0.0231017191977076,0.0428621755979174,0.0260336906584992,164560.0,-0.1067388756279476,1.0,1.0,1.0,1.0,-0.04990073553366406,0.29768927751284535,1.0,False,0.0,0.0
2026-07-02,-0.1332322241056294,-1540.0,205.17762512266927,-0.0318767908309455,0.0065761146122831,0.0260336906584992,164040.0,-0.1509249687438253,1.0,1.0,1.0,1.0,-0.016445352488737658,0.29768927751284535,1.0,False,0.0,0.0
2026-07-03,-0.1482888390254244,-3530.0,523.4596017597482,-0.0430164630908125,-0.0238764044943819,0.0627871362940277,168780.0,-0.2030830510503998,0.3333333333333333,0.3333333333333333,1.0,1.0,0.048807938945248125,0.29768927751284535,1.0,False,0.0,0.0
2026-07-06,-0.1612405049652522,690.0,-111.25594842602403,-0.0430164630908125,-0.0238764044943819,0.054711246200608,164560.0,-0.1695209955844036,-0.3333333333333333,0.3333333333333333,1.0,1.0,0.0012161013294927094,0.29768927751284535,-1.0,False,0.0,0.0
2026-07-07,-0.1761708973900607,1140.0,-200.83482302466925,-0.0430164630908125,-0.0238764044943819,0.054711246200608,163360.0,-0.1587523384059826,-0.3333333333333333,0.3333333333333333,1.0,1.0,0.00012243648622583817,0.29768927751284535,-1.0,False,0.0,0.0
2026-07-08,-0.2143165778481924,5560.0,-1191.6001728359502,-0.0430164630908125,-0.0238764044943819,0.054711246200608,158440.0,-0.1009940631749222,-0.3333333333333333,0.3333333333333333,1.0,1.0,-0.06132236013350171,0.29768927751284535,-1.0,False,0.0,0.0
2026-07-09,-0.2080027347474856,5480.0,-1139.8549864162214,-0.0564701717118074,-0.0565214090494989,0.054711246200608,153020.0,-0.078551640195862,-0.3333333333333333,0.3333333333333333,1.0,1.0,-0.08981752625166915,0.29768927751284535,-1.0,False,0.0,0.0
2026-07-10,-0.2307115556937257,3400.0,-784.4192893586674,-0.0949227373068433,-0.0595557909871732,0.0972644376899696,151600.0,-0.0796030505989669,-0.3333333333333333,0.3333333333333333,1.0,1.0,-0.14125217019723052,0.29768927751284535,-1.0,False,0.0,0.0
2026-07-13,-0.2115938795619759,1760.0,-372.4052280290777,-0.0949227373068433,-0.0595557909871732,0.0922844175491681,152240.0,-0.0393888828368879,-0.3333333333333333,0.3333333333333333,1.0,1.0,-0.1410405689392948,0.29768927751284535,-1.0,False,0.0,0.0
2026-07-14,-0.2038043982555442,820.0,-167.11960656954625,-0.0949227373068433,-0.0595557909871732,0.0922844175491681,153180.0,-0.0489664429253604,-0.3333333333333333,0.3333333333333333,1.0,1.0,-0.1299671424931183,0.29768927751284535,-1.0,False,0.0,0.0
2026-07-15,-0.2039035375809327,4760.0,-970.5808388852396,-0.0949227373068433,-0.0595557909871732,0.0922844175491681,149240.0,0.0030775430726256,-0.3333333333333333,0.3333333333333333,1.0,1.0,-0.1301250347175231,0.29768927751284535,-1.0,False,0.0,0.0
2026-07-16,-0.2174053335864098,-660.0,143.48752016703045,-0.1236203090507725,-0.0711718188353702,0.0922844175491681,151660.0,0.0030285097872693,0.3333333333333333,0.3333333333333333,1.0,1.0,-0.12177523205728472,0.29768927751284535,1.0,False,0.0,0.0
2026-07-17,-0.2237614237614237,1860.0,-416.1962481962481,-0.0883236177353824,-0.0701162922837986,0.1360239162929744,150140.0,0.0334041143558493,-0.3333333333333333,0.3333333333333333,1.0,1.0,-0.06672575042521428,0.29768927751284535,-1.0,False,0.0,0.0
2026-07-20,-0.179629078647228,7600.0,-1365.1809977189328,-0.0883236177353824,-0.0701162922837986,0.1360239162929744,143900.0,0.0645819531339297,-0.3333333333333333,0.3333333333333333,1.0,1.0,-0.11687149377435394,0.29768927751284535,-1.0,False,0.0,0.0
2026-07-21,-0.1870194213238208,2380.0,-445.1062227506937,-0.0883236177353824,-0.0701162922837986,0.1360239162929744,141620.0,0.0928550237099191,-0.3333333333333333,0.3333333333333333,1.0,1.0,-0.10449868414198259,0.29768927751284535,-1.0,False,0.0,0.0
2026-07-22,-0.167973124300112,-300.0,50.3919372900336,-0.0883236177353824,-0.0701162922837986,0.1360239162929744,143300.0,0.0500853075634224,-0.3333333333333333,0.3333333333333333,1.0,1.0,-0.12721350043438506,0.29768927751284535,-1.0,False,0.0,0.0
2026-07-23,-0.1769747178974432,1500.0,-265.46207684616485,-0.1041484333975144,-0.1041213122137977,0.1360239162929744,145000.0,0.0481988563765058,-0.3333333333333333,0.3333333333333333,1.0,1.0,-0.03948592996958195,0.29768927751284535,-1.0,False,0.0,0.0
2026-07-24,-0.1784978576137112,1220.0,-217.76738628872775,-0.1041484333975144,-0.1041213122137977,0.1880597014925371,144280.0,0.095133739610791,-0.3333333333333333,0.3333333333333333,1.0,1.0,-0.040345030222527466,0.29768927751284535,-1.0,False,0.0,0.0
2026-07-27,-0.2076965909793974,-720.0,149.54154550516614,-0.1041484333975144,-0.1041213122137977,0.1880597014925371,147220.0,0.076095244574426,0.3333333333333333,0.3333333333333333,1.0,1.0,-0.04450492028683644,0.29768927751284535,1.0,False,0.0,0.0
2026-07-28,-0.2145041144240832,2020.0,-433.2983111366481,-0.1041484333975144,-0.1041213122137977,0.1880597014925371,143480.0,0.0463045680416863,-0.3333333333333333,0.3333333333333333,1.0,1.0,-0.12976070175227367,0.29768927751284535,-1.0,False,0.0,0.0
2026-07-29,-0.2030366301108835,-1900.0,385.7695972106788,-0.1041484333975144,-0.1041213122137977,0.1880597014925371,147900.0,0.0283962290803261,0.3333333333333333,0.3333333333333333,1.0,1.0,-0.10673887562794768,0.29768927751284535,1.0,False,0.0,0.0
2026-07-30,-0.1975585656058298,4940.0,-975.9393140927996,-0.1117277099519052,-0.1117635621232743,0.1880597014925371,141060.0,0.0748267593578612,-0.3333333333333333,0.3333333333333333,1.0,1.0,-0.15092496874382538,0.29768927751284535,-1.0,False,0.0,0.0
2026-07-31,-0.4805210969588848,,,-0.1117277099519052,-0.1117635621232743,0.1469740634005762,137760.0,0.1471576443362876,0.0,0.0,1.0,1.0,-0.20308305105039984,0.29768927751284535,0.0,False,0.0,0.0
2026-08-03,-0.4315320715937313,,,-0.1117277099519052,-0.1117635621232743,0.1469740634005762,138900.0,0.147650115224165,0.0,0.0,1.0,1.0,-0.16952099558440362,0.29768927751284535,0.0,False,0.0,0.0
2026-08-04,-0.3999566019312141,,,-0.1117277099519052,-0.1117635621232743,0.1469740634005762,139380.0,0.1245045482698836,0.0,0.0,1.0,1.0,-0.1587523384059826,0.29768927751284535,0.0,False,0.0,0.0
2026-08-05,-0.3555682859761686,,,-0.1117277099519052,-0.1117635621232743,0.1469740634005762,143220.0,0.0776228442635193,0.0,0.0,1.0,1.0,-0.1009940631749222,0.29768927751284535,0.0,False,0.0,0.0
2026-08-06,-0.3536347114947751,,,-0.0990619136960598,-0.0810299738483202,0.1469740634005762,141460.0,0.0578179823176426,0.0,0.0,1.0,1.0,-0.078551640195862,0.29768927751284535,0.0,False,0.0,0.0
2026-08-07,-0.2898709201987306,,,-0.0990619136960598,-0.0810299738483202,0.1024930747922436,140000.0,0.0137620104875324,0.0,0.0,1.0,1.0,-0.07960305059896695,0.29768927751284535,0.0,False,0.0,0.0
2026-08-10,-0.2543272178465311,,,-0.0990619136960598,-0.0810299738483202,0.1024930747922436,146360.0,-0.0288348227818655,0.0,0.0,1.0,1.0,-0.03938888283688795,0.29768927751284535,0.0,False,0.0,0.0
2026-08-11,-0.2412884879845231,,,-0.0990619136960598,-0.0810299738483202,0.1024930747922436,145860.0,,0.0,0.0,1.0,1.0,-0.04896644292536041,0.29768927751284535,0.0,False,0.0,0.0
2026-08-12,-0.1725365393682225,,,-0.0990619136960598,-0.0810299738483202,0.1024930747922436,149700.0,,0.0,0.0,1.0,1.0,0.003077543072625679,0.29768927751284535,0.0,False,0.0,0.0
2026-08-13,-0.1388033275933157,,,-0.0695601627591551,-0.0695372331758188,0.1024930747922436,152120.0,,0.0,0.0,1.0,1.0,0.0030285097872693573,0.29768927751284535,0.0,False,0.0,0.0
2026-08-14,-0.1052670715082414,,,-0.0695601627591551,-0.0695372331758188,0.0473684210526315,155240.0,,0.0,0.0,1.0,1.0,0.033404114355849356,0.29768927751284535,0.0,False,0.0,0.0
2026-08-17,-0.1129137551681617,,,-0.0695601627591551,-0.0695372331758188,0.0473684210526315,153500.0,,0.0,0.0,1.0,1.0,0.06458195313392971,0.29768927751284535,0.0,False,0.0,0.0
2026-08-18,-0.0890719840089705,,,-0.0695601627591551,-0.0695372331758188,0.0473684210526315,155400.0,,0.0,0.0,1.0,1.0,0.09285502370991912,0.29768927751284535,0.0,False,0.0,0.0
2026-08-19,-0.0552306374648231,,,-0.0695601627591551,-0.0695372331758188,0.0473684210526315,150660.0,,0.0,0.0,1.0,1.0,0.05008530756342241,0.29768927751284535,0.0,False,0.0,0.0
2026-08-20,-0.0248177716070808,,,-0.0617428683079327,-0.0430283224400871,0.0473684210526315,152160.0,,0.0,0.0,1.0,1.0,0.04819885637650586,0.29768927751284535,0.0,False,0.0,0.0
2026-08-21,-0.0068958599764287,,,-0.0617428683079327,-0.0430283224400871,0.0,158680.0,,0.0,0.0,1.0,1.0,0.09513373961079108,0.29768927751284535,0.0,False,0.0,0.0
2026-08-24,0.0747566244989328,,,-0.0617428683079327,-0.0430283224400871,0.0,158860.0,,0.0,0.0,1.0,1.0,0.07609524457442605,0.29768927751284535,0.0,False,0.0,0.0
2026-08-25,0.0956685302262396,,,-0.0617428683079327,-0.0430283224400871,0.0,150280.0,,0.0,0.0,1.0,1.0,0.04630456804168637,0.29768927751284535,0.0,False,0.0,0.0
2026-08-26,0.0962736868879563,,,-0.0617428683079327,-0.0430283224400871,0.0,152160.0,,0.0,0.0,1.0,1.0,0.028396229080326154,0.29768927751284535,0.0,False,0.0,0.0
2026-08-27,0.113106385162002,,,0.0,0.0,0.0,152020.0,,0.0,0.0,0.466666666666678,1.0,0.0748267593578612,0.29768927751284535,0.0,False,0.0,0.0
2026-08-28,0.7580065489976839,,,0.0,0.0,0.0,159600.0,,0.0,0.0,0.3333333333333333,1.0,0.14715764433628764,0.29768927751284535,0.0,False,0.0,0.0
2026-08-31,0.7182886411569749,,,0.0,0.0,0.0,161000.0,,0.0,0.0,0.3333333333333333,1.0,0.147650115224165,0.29768927751284535,0.0,False,0.0,0.0
2026-09-01,0.6576501645391097,,,0.0,0.0,0.0,157860.0,,0.0,0.0,0.3333333333333333,1.0,0.12450454826988364,0.29768927751284535,0.0,False,0.0,0.0
2026-09-02,0.6139458805959535,,,0.0,0.0,0.0,154780.0,,0.0,0.0,0.3333333333333333,1.0,0.0776228442635193,0.29768927751284535,0.0,False,0.0,0.0
2026-09-03,0.6482620461814219,,,0.0,0.0,0.0,149880.0,,0.0,0.0,0.3333333333333333,1.0,0.057817982317642645,0.29768927751284535,0.0,False,0.0,0.0
2026-09-04,0.579955143440565,,,0.0,0.0,0.0,141940.0,,0.0,0.0,0.3333333333333333,1.0,0.013762010487532492,0.29768927751284535,0.0,False,0.0,0.0
2026-09-07,0.5175990639132222,,,0.0,0.0,0.0,142200.0,,0.0,0.0,0.3333333333333333,1.0,-0.028834822781865565,0.29768927751284535,0.0,False,0.0,0.0
